URL,Etiology,Symptoms
https://www.orthobullets.com/shoulder-and-elbow/3132/luxatio-erecta-inferior-glenohumeral-joint-dislocation,"Pathophysiology
pathoanatomy
typically a high-energy injury
hyperabduction force applied to arm, levering the proximal humerus onto the acromion, injuring inferior capsule/labrum, which subsequently allows for disengagement of HH inferiorly from glenoid
commonly involves variable sized tearing of static glenohumeral ligaments
Associated conditions (common)
neurovascular injury
has greatest incidence of neurovascular injury of all types of shoulder dislocations
brachial plexopathy
axillary artery injuries
proximal humerus fractures
especially greater tuberosity
rotator cuff tears
anterior capsule and labral tears","shoulder pain
inability to move shoulder - arm is in fixed, abducted, overhead position
neurovascular injury
neurologic injury up to 60%
vascular injury up to 39%"
https://www.orthobullets.com/anatomy/10015/teres-minor,,
https://www.orthobullets.com/recon/422808/arthroplasty-preoperative-medical-optimization,,
https://www.orthobullets.com/knee-and-sports/3002/patellofemoral-joint,,
https://www.orthobullets.com/anatomy/12318/virtual-curriculum-question-bank,,
https://www.orthobullets.com/pediatrics/4098/kniest-dysplasia,"Genetics
autosomal dominant
defect in COL2A1 (missense, splice or deletion)
defect leads to abnormal
Type II collagen, chondrocyte degeneration, cytoplasmic inclusions
Associated conditions
orthopaedic manifestations
short stature
disproportionate short-trunk dwarfism
joint stiffness / contractures
dumbell-shaped femora
hypoplastic pelvis and spine
scoliosis & kyphosis
early osteoarthritis
medical conditions
respiratory problems
cleft palate
retinal detachment and myopia
otitis media with hearing loss",
https://www.orthobullets.com/hand/6041/scapholunate-ligament-injury-and-disi,"Pathophysiology
mechanism of injury
sudden impact force applied to the hand and wrist causing SLIL injury and scapholunate dissociation
injury occurs most commonly with wrist positioned in extension, ulnar deviation and carpal supination
pathoanatomy
osseous
SLIL tearing will position the scaphoid in flexion and lunate extension
ligamentous
diastasis of the scapholunate complex occurs with complete SLIL tears and capsule disruption.
Associated injuries
DISI (dorsal intercalated segmental instability)
scapholunate dissociation causes the scaphoid to flex palmar and the lunate to dorsiflex
if left untreated the DISI deformity can progress into a
SLAC wrist
DISI deformity may also develop secondary to distal pole of the scaphoid excision for treatment of STT arthritis
DISI is a form of carpal instability dissociative","usually
dorsal and radial-sided wrist pain
pain increased with loading across the wrist (e.g. push up position)
clicking or catching in the wrist
may be associated with wrist instability or weakness"
https://www.orthobullets.com/pediatrics/4044/hemihypertrophy,"Pathophysiology
most common causes are
idiopathic (non-syndromic)
syndromic
neurofibromatosis
Beckwith-Wiedemann syndrome
Klippel-Trenauney syndrome
Proteus syndrome
Associated conditions
orthopaedic manifestations
scoliosis (compensatory)
peripheral nerve entrapment (rare)
medical conditions & comorbidities
malignant intra-abdominal tumors
Wilm's tumor
(most common)
perform serial abdominal ultrasounds (every 3 months) until age 7 to rule out Wilm's tumor
then physical exam every 6 months until skeletal maturity
adrenal carcinoma
hepatoblastoma
genitourinary abnormalities
medullary sponge kidneys
polycystic kidney
inguinal hernias",
https://www.orthobullets.com/pediatrics/4080/overlapping-toe,"Pathophysiology
pathoanatomy
due to contraction of the extensor digitorum longus
Genetics
often familial",may cause problems with shoe wear
https://www.orthobullets.com/anatomy/10006/scalene,,
https://www.orthobullets.com/knee-and-sports/3107/popliteal-artery-entrapment-syndrome,"Mechanism
typically due to underlying anatomic abnormality
Pathophysiology
decreased blood flow distal to the popliteal fossa leading to signs and symptoms consistent with compartment syndrome","swelling
patients often report limb swelling as primary complaint
paresthesias
foot numbness and paresthesias also common
tingling sensation of toes following vigorous exercise
cramping
calf cramping following even light exercise as the condition worsens
limbs can occasionally be asymptomatic"
https://www.orthobullets.com/foot-and-ankle/7016/synovitis-of-2nd-mtp,"Pathoanatomy
synovitis causes the capsuloligamentous apparatus of the MTP joint to become stretched
stretching leads to instability
instability leads to deformity
attenuation of plantar plate
extension of MTP joint
sagittal plane deformity
associated with cross-over toe deformity
MTP instability can lead to
dorsal dislocation of MTP joint
predisposition to
hammer toe
deformity","pain
warm joint
fullness of joint"
https://www.orthobullets.com/anatomy/10011/coracobrachialis,,
https://www.orthobullets.com/pathology/8061/plantar-fibromatosis-ledderhose-disease,"Pathophysiology
occurs in 3 phases
proliferative phase
characterized by increased fibroblast activity and cell proliferation
involutional/active phase
characterized by nodule formation
residual/resting phase
characterized by decreased fibroblast activity, collagen maturation, and scar/contracture formation
Genetics
unlike Dupuytren's disease, the genetic basis of plantar fibromatosis is unclear
Associated conditions
Dupuytren's disease
occurs in 25% with Dupuytren's
Peyronie's disease","usually asymptomatic
may become painful"
https://www.orthobullets.com/anatomy/12307/aaos-sae-questions,,
https://www.orthobullets.com/hand/6069/congenital-radial-head-dislocation,"Pathoanatomy
almost always
posterior dislocation of radial head
often combined with
bowing of the radius
the radius often
appears too long compared to the ulna
Associated conditions
may have concurrent congenital anomalies","patients often
asymptomatic
limited elbow ROM"
https://www.orthobullets.com/hand/6101/paronychia,"Pathophysiology
organism
acute infection
adults - usually caused by
S
taphylococcus aureus
children - usually mixed oropharyngeal flora
diabetics - mixed bacterial infection
chronic infection
C
andida albicans
(more common in diabetics)
often unresponsive to antibiotics","acute paronychia
pain and
nail fold tenderness
erythema
swelling
chronic paronychia
recurrent
bouts of low-grade inflammation (less severe than acute paronychia)"
https://www.orthobullets.com/recon/5035/knee-arthrodesis,,
https://www.orthobullets.com/pediatrics/4059/femoral-anteversion,"Femoral anteversion is characterized by
increased anteversion of the femoral neck
relative to the femur
compensatory internal rotation of the femur
lower extremity intoeing
There are three main causes of intoeing including
femoral anteversion
(this topic)
metatarsus adductus
(infants)
internal tibial torsion
(toddlers)
Pathophysiology
a packaging disorders caused by intra-uterine positioning
most spontaneously resolve by age 10
Associated conditions
can be seen in association with other packaging disorders
DDH
metatarsus adductus
congenital muscular torticollis","parents complain of an intoeing gait in early childhood
child classically sits in the
W position (see above image)
knee pain when associated with tibial torsion
awkward running style
when extreme in an older child occasional functional limitations in sports and activities of daily living can occur
difficulty with tripping during walking or running activities
can be more symptomatic in those with neuromuscular diseases and brace-dependent walkers
secondary to lever-arm dysfunction and decreased compensatory mechanisms"
https://www.orthobullets.com/pediatrics/4005/humeral-shaft-fracture--pediatric,"Pathophysiology
mechanism of injury
typically associated with trauma
pathomechanics
neonates
hyper-extension or rotational injury during birth
adolescents
usually direct trauma
pathophysiology
consider a
pathologic
process if fracture is a result of a low energy mechanism
may be associated with
child abuse
if age <3 and fracture pattern is spiral
Associated conditions
radial nerve palsy
associated with up to 5% of humeral shaft fractures","pain
arm deformity"
https://www.orthobullets.com/pediatrics/4041/developmental-coxa-vara,"Pathophysiology
proximal femoral cartilaginous physis
or
ossification center defects lead to
decreased proximal femoral neck-shaft angle
vertical position of the proximal femoral physis and varus
pathomechanics
coxa vara and vertical physis increases
physeal sheering forces
inferior medial neck compressive forces
Genetics
no clear inheritance pattern
Associated conditions
femoral neck
stress fractures
decreased limb length
early hip osteoarthritis","usually painless
gait abnormality
waddling or limp (trendelenburg gait)
caused by abductor weakness from tension abnormality"
https://www.orthobullets.com/hand/322143/wrist-trauma-radiographic-evaluation,,
https://www.orthobullets.com/basic-science/9090/platelet-rich-plasma,,
https://www.orthobullets.com/hand/6087/epidermal-inclusion-cyst,"Pathophysiology
results from a
penetrating injury
that drives
keratinizing epithelium
into subcutaneous tissues or bone
cells grow slowly to produce an
epithelial cell-lined cyst filled with keratin","painless mass, most commonly occurring in the fingertip
although less common, erythematous, painful lesions have been reported"
https://www.orthobullets.com/hand/6033/flexor-carpi-radialis-tendinitis,"Pathoanatomy
primary stenosing tenosynovitis within the fibroosseous tunnel (see Anatomy)
secondary tendinitis associated with
scaphoid fracture
scaphoid cysts
distal radius fracture
scaphoid-trapezium-trapezoid joint arthritis
thumb CMC joint arthritis",volar radial aspect of the wrist
https://www.orthobullets.com/spine/2075/king-classification-of-ais,,
https://www.orthobullets.com/shoulder-and-elbow/12111/partial-elbow-arthroplasty,,
https://www.orthobullets.com/pediatrics/322103/pediatric-knee-trauma-radiographic-evaluation,,
https://www.orthobullets.com/anatomy/10092/abductor-hallucis,,
https://www.orthobullets.com/foot-and-ankle/7043/deep-peroneal-nerve-entrapment,"Pathophysiology
site of compression
anterior leg/ankle/foot from 1 cm proximal to ankle joint proximally to talonavicular joint distally
position of compression
ankle inversion and plantar flexion (when traumatic)
pathoanatomy
intrinsic impingement
dorsal osteophytes over tibiotalar or talonavicular joints
other bony deformity (pes cavus, post-fracture)
ganglion cyst
tumor
tendinitis or hypertrophic muscle belly of EHL, EDL or TA
peripheral edema
extrinsic impingement
tight laces or ski boots
high heels (induces plantar flexion)
trauma (including recurrent ankle instability)
Associated conditions
pes cavus
fracture
navicular nonunion
talonavicular arthritis
systemic conditions causing peripheral edema","dysesthesia and paresthesias on dorsal foot
lateral hallux, medial second toe and first web space are most common locations
vague pain on dorsum of foot"
https://www.orthobullets.com/hand/6080/macrodactyly-local-gigantism,"Pathophysiology
etiology unknown
no genetic correlations known to date
affected digits correspond with
neurologic innervation
the median nerve being the most common
Associated conditions
lipfibromatous hamartoma of the median nerve is the adult homolog
has been associated with:
Proteus syndrome
Banayan-Riley-Ruvalcabe's disease
Maffucci syndrome
Ollier’s disease
Milroy’s disease","pain
inability to use digits
complaints of cosmetic issues"
https://www.orthobullets.com/anatomy/10086/soleus,,
https://www.orthobullets.com/shoulder-and-elbow/3041/subacromial-impingement,"Pathophysiology
subacromial impingement is thought to be a combination of
extrinsic compression
of the rotator cuff between the humeral head and
anterior acromion
coracoacromial ligaments
acromioclavicular joint
intrinsic degeneration
supraspinatus
attrition of the supraspinatus leads to inability to balance the humeral head on the glenoid causing superior migration and narrowing of the subacromial space
inflammatory process
inflammation of the subacromial bursa
due to abutement between the humerus and rotator cuff, and acromion and associated ligaments
Subacromial impingement
is the first stage of rotator cuff disease which is a continuum of disease from
impingement and bursitis
partial to full-thickness tear
massive rotator cuff tears
rotator cuff tear arthropathy
Associated conditions
hook-shaped acromion
os acromiale
posterior capsular contracture
scapular dyskinesia
tuberosity fracture malunion
instability","pain
insidious onset
exacerbated by overhead activities and lifting objects away from body
night pain
poor indicator of successful nonoperative management"
https://www.orthobullets.com/pediatrics/12781/epiphyseal-bracket,"Pathophysiology
incomplete development of primary ossification centers
aberrant physeal cartilage
extending along the diaphysis interferes with the normal
the growth of the abnormal epiphysis leads to a short, wide,
triangular or trapezoidal phalanx
growth disturbance due to longitudinally oriented cartilaginous bracket
growth follows a ""C-shaped"" curve
Genetics
autosomal dominant when present in hand
otherwise sporadic
Associated conditions
Rubinstein -Taybi syndrome
fibrodysplasia ossificans progressiva
hallux varus
in feet
clindodactyly and polydactyly in hands
Apert's syndrome",
https://www.orthobullets.com/hand/6085/congenital-clasped-thumb,"Pathophysiology
genetics
autosomal dominance inheritance of variable expressivity
may be
sporadic
pathoanatomy
attenuation or deficiency of EPB (more common, in mild cases) or EPL, or both
associated with 1st web contracture
contracture of adductor pollicis or first dorsal interosseous muscle
global instability of first MP joint
abnormal articular cartilage of first MP joint
Orthopedic considerations
common manifestations associated with disease
lower limb anomalies
congenital vertical talus
congenital talipes equinovarus (bilateral)
upper limb anomalies
flexion deformities of the four fingers
Associated conditions
arthrogryphosis
(congenital joint contractures affect two or more areas in the body)
digitotalar dysmorphisms
Freeman-Sheldon syndrome
X-linked MASA syndrome","pain usually with a contracture
associated with other musculo-skeletal deformities"
https://www.orthobullets.com/hand/6039/digital-collateral-ligament-injury,"Mechanism
depends on the joint involved
usually the result of a ""jammed finger""
doral or volar dislocation events can tear one or both of the collateral ligaments","pain at involved joint
instabilty with pinch once pain resolved"
https://www.orthobullets.com/anatomy/10097/flexor-hallucis-brevis,,
https://www.orthobullets.com/hand/6016/quadriga-effect,"Mechanism
most commonly caused by a
functional shortening
of the FDP tendon due to
over-advancement of the FDP
during tendon repair
>1 cm advancement
associated with quadriga
adhesions
retraction of the tendon
""
over-the-top
"" FDP repair of the distal phalanx after amputation
Pathoanatomy
FDP tendons of long, ring, and little fingers share a common muscle belly
therefore excursion of the combined tendons is equal to the shortest tendon
improper shortening of a tendon during repair results in inability to fully flex adjacent fingers","inability to fully flex the fingers of the hand adjacent to the injured finger
patient may complain of ""weak grip"""
https://www.orthobullets.com/anatomy/10018/brachialis,,
https://www.orthobullets.com/trauma/4003/neonatal-forearm-compartment-syndrome,"Pathophysiology
mechanism       of injury
possible        birth trauma (see below)
idiopathic       is most common
pathophysiology
exact        mechanism unknown, although both extrinsic and intrinsic factors are believed        to be involved
extrinsic
(mechanical
compression
with forearm being trapped between structures)
fetal         posture
oligohydramnios
umbilical         cord loops
amniotic         band constriction
direct         birth trauma
intrinsic
(
clotting
)
hypercoagulable         state producing arterial/venous compression","common symptoms
all patients present with skin lesion
(wide spectrum)
bullae
erythema
ulcerative
distal digital/hand edema
eschar
fingertip gangrene
duration
presents at birth"
https://www.orthobullets.com/trauma/1036/femoral-head-fractures,"Pathophysiology
mechanism of injury
impaction, avulsion or shear forces involved
unrestrained passenger MVA (knee against dashboard)
falls from height
sports injury
industrial accidents
pathoanatomy
the location and size of the fracture fragment and degree of comminution depend on the
position of the hip
at the time of dislocation
5-15% of posterior hip dislocations
are associated with a femoral head fracture because of
contact between femoral head and posterior rim of acetabulum
anterior hip dislocations are associated with
impaction/indentation fractures of the femoral head
Associated conditions
femoral neck fracture (see Pipkin Classification below)
acetabular fracture (see Pipkin Classification below)
sciatic nerve neuropraxia
femoral head AVN
ipsilateral knee ligamentous instability (knee vs dashboard)","localized hip pain
unable to bear weight
other symptoms associated with impact"
https://www.orthobullets.com/hand/6044/carpal-instability-nondissociative-cind,"Pathophysiology
radiocarpal instability (""inferior arc injury"")
high-energy injury
ulnar translation signifies global rupture of extrinsic ligaments
distal radius malunion is the most common cause
may be purely ligamentous or have associated ulnar and radial styloid fractures
Associated conditions
intracarpal injury (scapholunate or lunotriquetral ligament)
acute carpal tunnel syndrome
compartment syndrome","subluxation that may or may not be painful
complain of wrist giving way
irritating clunking sign
""clunk"" when wrist is moved ulnarly from flexion to extension with an axial load"
https://www.orthobullets.com/basic-science/9034/scurvy,"Pathophysiology
humans are unable to synthesize L-ascorbic acid because the enzyme L-gluconolactone oxidase is nonfunctional
Vitamin C deficiency leads to decrease in
chondroitin sulfate and collagen
synthesis and repair
impaired intracellular
hydroxylation
of collagen peptides
net effect is altered bone formatin with the greatest effect occuring in the
metaphysis
defect in
spongiosa
of the metaphysis at the growth plate
because the demand for type I collagen is greatest during new bone formation","malaise and fatigue
pain
bone pain
myalgia, because of reduced carnitine production
bleeding
gum bleeding and loosening of teeth
hematuria
hematemesis
hemorrhage
iron deficiency"
https://www.orthobullets.com/basic-science/9000/lead-toxicity,,
https://www.orthobullets.com/knee-and-sports/3030/sinding-larsen-johansson-syndrome,"Pathophysiology
chronic injury
similar pathogenesis to Osgood-Schlatter
similar to Osgood-Schlatter disease which is at the distal attachment of the patella tendon
overuse causes a traction apophysitis",
https://www.orthobullets.com/anatomy/10112/obturator-nerve,,
https://www.orthobullets.com/anatomy/10068/gracilis,,
https://www.orthobullets.com/recon/9065/knee-biomechanics,,
https://www.orthobullets.com/pathology/8081/neuroblastoma,"Metastasis
metastasis to the bone are common and a
poor prognostic sign","fever, malaise, weight loss, diarrhea
if the adrenal glands are affected, the child may present with significant tachycardia
abdominal mass"
https://www.orthobullets.com/knee-and-sports/3018/prepatellar-bursitis-housemaids-knee,"Pathophysiology
may be septic or aseptic
20% are septic","pain
swelling"
https://www.orthobullets.com/anatomy/10091/flexor-hallucis-longus,,
https://www.orthobullets.com/knee-and-sports/3117/heat-illness-and-stroke,,consist of profuse sweating and nausea/vomiting
https://www.orthobullets.com/anatomy/10070/semimembranosus,,
https://www.orthobullets.com/anatomy/10035/supinator,,
https://www.orthobullets.com/pathology/8079/focal-fibrocartilaginous-dysplasia,"Pathophysiology
etiology and the pathogenesis of the deformity are unknown
Associated conditions
infantile tibia vara
important to recognize this variation of infantile tibia vara as it can resolve without surgery",
https://www.orthobullets.com/spine/2024/thoracolumbar-fracture-dislocation,"Pathophysiology
mechanism of injury
acceleration/deceleration injuries
resultng in hyperflexion, rotation
and shearing
of the spinal column
associated injury
neurologic deficits
head injury
concomitant injuries in thorax and abdomen
Classification Systems
Thoracolumbar Injury Classification System
(TLICS)
categorizes injuries based on
morphology of injury
neurologic injury
posterior ligamentous complex integrity
treatment recommendation based on total score
nonsurgical = 3 or lower
indeterminate = 4
surgical = 5 or higher",
https://www.orthobullets.com/knee-and-sports/3094/thigh-nerve-entrapment-syndromes,,chronic medial thigh pain
https://www.orthobullets.com/recon/12304/tha-aseptic-loosening,"Steps in the process
prosthesis micromotion
particulate debris formation
macrophage activated osteolysis
See wear and osteolysis basic science for full description","pain
location
groin pain
thigh pain
knee pain
aggrevating factors
often activity related"
https://www.orthobullets.com/basic-science/422815/pulmonary-embolism,,
https://www.orthobullets.com/recon/422974/adult-limb-deformity-and-correction,"Pathophysiology
mechanism of injury
related to associated injury or orthopedic condition that contributes to bony limb deformity
pathoanatomy
in most cases, the anatomic axis of bone is altered for some reason (malunion/nonunion, metabolic bone disease, etc) to the point where there is significant mechanical axis deviation (MAD), leading to altered joint contact pressures and ligamentous stability, which further contributes to joint degeneration and worsening of mechanical alignment over time
Associated conditions
orthopaedic conditions
malunion
nonunion
previous osteotomies
genu valgum/genu varum
advanced arthritis with deformity
bony tumors
childhood abnormalities
blount's disease
focal fibrocartilaginous dysplasia
proximal tibial physeal injury
cozen's phenomenon
skeletal dysplasia
spondyloepiphyseal dysplasia (SED)
metaphyseal dysplasia (MED)
femoral anteversion
limb length discrepancy (LLD)
medical conditions
metabolic bone disorders
renal osteodystrophy
rickets
vitamin D deficient
hypophosphatemic rickets
osteogenesis imperfecta
neuromuscular disorders
cerebral palsy
neurofibromatosis","common symptoms
pain with location based on deformity
varus deformity = medial knee pain
valgus deformity = lateral knee pain
subtle to obvious deformity
complaints of abnormal gait or loss of function"
https://www.orthobullets.com/basic-science/9007/intramembranous-bone-formation,,
https://www.orthobullets.com/spine/2072/spinal-cord-tumors,,
https://www.orthobullets.com/spine/2029/cervical-spondylosis,,
https://www.orthobullets.com/hand/6062/thumb-reconstruction,,
https://www.orthobullets.com/pediatrics/4082/brachymetatarsia,"Pathophysiology
cellular biology
due to premature epiphyseal closure of the metatarsals
Associated conditions
Down’s Syndrome
Turner’s Syndrome
Larsen’s Syndrome
Albright’s Syndrome
Diastrophic Dwarfism",discomfort with shoe wearing
https://www.orthobullets.com/shoulder-and-elbow/3134/scapulothoracic-dyskinesis,"Pathophysiology
causes are multifactorial including
neurologic injury
pathologic thoracic spine kyphosis
periscapular muscle fatigue
poor throwing mechanics
secondary to pain (shoulder, neck)
pathoanatomy
scapulothoracic power imbalance leads to
protraction of scapula
leads to alteration of mechanics at glenohumeral joint
excessive stress placed on anterior capsule of shoulder and posterosuperior labrum
athletes have increased risk of injuring
labrum
rotator cuff
capsule","shoulder pain and dysfunction
worse with arm elevation
loss of throwing velocity"
https://www.orthobullets.com/hand/6103/dog-and-cat-bites,"Pathophysiology
mechanism
dog
bites
cause crush, puncture, avulsion, tears and abrasions
large dogs' jaws exert >450lbs/ square inch
more likely to cause
structural damage
to nerves, vessels, joints
cat
bites
penetrate bones and joints, and cause septic arthritis and osteomyelitis
small,
sharp
teeth cause puncture wounds that seal immediately
penetrate joints and flexor tendons
higher risk for infection
than dog bites
microbiology
most infections are polymicrobial, with > 1 anerobe
most common isolate from both cats and dogs is Pasteurella sp.
gram-negative, facultative, anaerobic, pleomorphic coccobacillus
inform lab about potential for Pasteurella
cultures require appropriate growth media and take 1wk to grow
dog bites
Pasteurella (50% of dog bite infections)
Pasteurella canis
Staphylococcus aureus
Streptococcus alpha-hemolytic
Corynebacterium
anerobes (e.g. Bacteroides)
Capnocytophaga canimorsus
rare, potentially fatal (in splenectomy patients)
causes cellulitis, sepsis, endocarditis, meningitis, DIC, ARDS and death
highest mortality in immunocompromised (30-60%)
cat bites
Pasteurella
(
most common
, 70-80% of cat bite infections)
Pasteurella multocida
and
Pasteurella septica
causes intense pain, swelling in 48h
other organisms similar to dog bites
Associated conditions
secondary bacterial infection
most bites do not become infected
risk factors for infection
bite to hand, foot, or major joint
puncture wounds or crush injuries
treatment delay >12h
age >50y
preexisting host disease
immune suppression (steroids, asplenism)
chronic alcoholism
diabetes mellitus
vascular disease
existing edema of extremity
rabies
caused by a rhabdovirus
common animal carriers include dogs, raccoons, bats, foxes
increased risk with open wounds, scratches/abrasions, mucous membranes","pain and swelling
bleeding
signs of local or systemic sepsis"
https://www.orthobullets.com/spine/2057/cerebral-palsy--spinal-disorders,"See
Cerebral Palsy General
Pathophysiology
muscle weakness and truncal imbalance has been implicated as primary etiology (little evidence to support)
pelvic obliquity
leads to deforming forces on spine and scoliosis
Associated conditions
Scoliosis in patients with cerebral palsy
differs from idiopathic scoliosis
in that
curves are
more likely to progress
(scoliosis progresses 1° to 2° per month starting at age 8 to 10 years)
curve begins at earlier age
curve is a long, stiff C-shaped curve
left sided curves are not uncommon
curve has greater sagittal plane deformity (kyphotic or lordotic)
associated with pelvic obliquity,
skeletal maturity is delayed in CP
bracing is less effective
longer fusions to the pelvis are often necessary
patients are more medically fragile and a multi-disciplinary approach is often necessary",
https://www.orthobullets.com/basic-science/9004/bone-marrow,,
https://www.orthobullets.com/anatomy/10009/teres-major,,
https://www.orthobullets.com/shoulder-and-elbow/422742/shoulder-periprosthetic-fracture,"Pathophysiology
intraoperative fractures occur most often during revision total shoulder arthroplasty
greater exposure
required during these procedures
increased scarring in the subacromial space and around the rotator cuff
increased soft-tissue retraction and greater torque placed on humerus
removing previous implant (up to 81% of intraoperative fractures)
metaphyseal filling implants -> increased risk of greater tuberosity fractures
bone loss from cement removal
bone loss from disengagement of the bone-implant interface
diaphyseal-engaging stems -> greater tuberosity fractures
stress shielding of the metaphysis
methods to prevent:
clearing soft-tissue from lateral portion of implant
use of implant specific removal instruments
controlled corticotomy
other mechanisms of intraoperative fractures:
reaming or broaching (up to 31% of intraoperative fracture)
implant trialing or insertion (up to 19% of cases)
during exposure (up to 15% of cases)
forceful retractor placement
primary total shoulder arthroplasty has a lower risk for intraoperative fracture
factors associated with primary intraoperative fractures
endosteal notching from reaming
excessive humeral external rotation
during exposure
cortical breaching during reaming or broaching
especially in ostepenic bone
post-operative fractures can occur as a result of a fall or fatigue fracture through a stress riser
fall on outstretched hand
tip of prosthesis acts as a stress riser
most postoperative fractrues as a result occur at or adjacent the tip of the prosthesis stem
atraumatic due to prosthetic loosening
cortical weakening from implant ""rattling"" inside medullary canal
high risk of nonunion
prosthesis
disrupts endosteal blood supply
impairing fracture revascularization and healing
prosthetic
stem distracts the two fragments
preventing end-to-end healing
Associated conditions
nonunion
osteoporosis
RA
female sex
displacement >2 mm
presence of
cement at fracture site","common symptoms
acute pain in the upper arm
prodromal pain maybe present in patients with mechanically loose implants
gross deformity"
https://www.orthobullets.com/recon/12768/pelvis-anatomy,,
https://www.orthobullets.com/hand/6010/intrinsic-minus-hand-claw-hand,"Pathophysiology
ulnar nerve palsy
cubital tunnel syndrome
ulnar tunnel syndrome
median nerve palsy
Volkmann's ischemic contracture
leprosy (Hansen's disease)
failure to splint the hand in an intrinsic-plus posture following a crush injury
Charcot-Marie-Tooth disease (hereditary motor-sensory neuropathy)
compartment syndrome of the hand",decreased hand function
https://www.orthobullets.com/pathology/8060/calcifying-aponeurotic-fibroma,,painless slow growing mass in hands and feet
https://www.orthobullets.com/hand/6111/hook-nail-deformity,"Pathophysiology
can be caused by
tight closure of the fingertip during treatment fo distal tip amputation
loss of bony support under the nail bed causing volar sloping of the nail bed","common symptoms
painless
complaint is typically cosmetic in nature
can become painful if it becomes in-grown"
https://www.orthobullets.com/hand/6006/extensor-tendon-compartments,,
https://www.orthobullets.com/anatomy/10098/adductor-hallucis,,
https://www.orthobullets.com/anatomy/10023/palmaris-longus,,
https://www.orthobullets.com/anatomy/10019/brachioradialis,,
https://www.orthobullets.com/pediatrics/4039/congenital-pseudoarthrosis-of-clavicle,"Pathophysiology
postulated to be due to extrinsic compression by the subclavian artery
Genetics
no clear genetic involvement",usually asymptomatic
https://www.orthobullets.com/anatomy/10022/flexor-carpi-radialis,,
https://www.orthobullets.com/recon/12749/tka-patellar-prosthesis-loosening,"Cause
subclinical infection
maltracking or overstuffing, leading to high shear
Risks
obesity
lateral release
joint-line elevation
postoperative flexion >100°
poor bone stock
asymmetric patellar resection
inadequate implant fixation (small pegs)
secondary osteonecrosis and osteolysis
performance of a medial arthrotomy and lateral retinacular release can disrupt up to 75% of patellar perfusion",persistnent knee pain
https://www.orthobullets.com/pediatrics/4079/oligodactyly,"Pathophysiology
pathoanatomy
due to improper differentiation of the apical ectodermal ridge during 1st trimester of pregnancy
thought to be caused by
teratogenic insults
impaired blood flow
amniotic bands
Genetics
positive family history in some cases
sporadic in others
Associated conditions
orthopaedic
fibular hemimelia
tarsal coalition
hand & foot abnormalities
polydactyly
syndactyly
constriction rings
brachdactyly
medical
associated with a number of syndromes including
VACTERL
Fanconi","usually painless
may present with discomfort during shoe wear"
https://www.orthobullets.com/anatomy/10100/plantar-interossei,,
https://www.orthobullets.com/trauma/1067/gas-gangrene,"Pathophysiology
Clostridial species
Clostridium perfringens (most common),
Clostridium novyi, Clostridium septicum
found in soil and gut flora
gram-positive obligate anaerobic spore-forming rods that produce
exotoxins
(e.g. C. perfringens alpha toxin)
causes muscle necrosis and vessel thrombosis
can cause hemolysis and shock
incubation period <24h
gas
produced by fermentation of glucose
main component is nitrogen
other bacteria include
E. coli, Pseudomonas aeruginosa, Proteus species, Klebsiella pneumoniae","triad
sudden progressive
pain
out of proportion to injury
from thrombotic occlusion of large vessels
tachycardia
not explained by fever
feeling of
impending doom"
https://www.orthobullets.com/hand/6092/giant-cell-tumor-of-tendon-sheath,,"enlarging mass
pain, worse with activity (or wearing shoes, for foot lesions)"
https://www.orthobullets.com/anatomy/10032/extensor-digitorum-communis,,
https://www.orthobullets.com/pathology/8034/hemangioendothelioma-hemangiosarcoma,"Pathophysiology
pathoanatomy
arise from the
lining of blood vessels
cellular biology
distinct histologically and molecularly from benign hemangioma and high-grade angiosarcoma
stratified into two groups based on size of tumor and mitotic activity
classic
malignant","local pain
not usually associated with swelling"
https://www.orthobullets.com/anatomy/10085/gastrocnemius,,
https://www.orthobullets.com/pediatrics/4120/patella-sleeve-fracture,"Pathophysiology
mechanism of injury
indirect injury caused by powerful contraction of the quadriceps muscle applied to a flexed knee
pathoanatomy
separation between the cartilage ""sleeve"" and main part of the patella and ossific nucleus","severe knee pain
inability to bear weight"
https://www.orthobullets.com/shoulder-and-elbow/3036/os-acromiale,"Associated conditions
shoulder impingement
rotator cuff disease
meso-acromion is associated with rotator cuff tendonitis and full thickness tears (in 50%)",
https://www.orthobullets.com/anatomy/10053/psoas,,
https://www.orthobullets.com/anatomy/10136/axillary-nerve,,
https://www.orthobullets.com/anatomy/10128/quadrangular-space-triangular-space-triangular-interval,,
https://www.orthobullets.com/anatomy/10072/biceps-femoris-short-head,,
https://www.orthobullets.com/spine/2074/closed-cervical-traction,,
https://www.orthobullets.com/anatomy/10066/adductor-brevis,,
https://www.orthobullets.com/pathology/8028/histiocytoma-benign-fibrous-histiocytoma,,pain and swelling
https://www.orthobullets.com/anatomy/10075/obturator-internus,,
https://www.orthobullets.com/spine/2049/atlantoaxial-instability,,"symptomatic
neck pain
neurologic symptoms"
https://www.orthobullets.com/anatomy/10062/gluteus-medius,,
https://www.orthobullets.com/knee-and-sports/3095/piriformis-muscles-syndrome,"Pathophysiology
pathoanatomy
sciatic nerve entrapment occurs
anterior to piriformis muscle
or posterior to obturator internus/gemelli complex
at
level of ischial tuberosity
anatomic anomalies
may contribute to compression including
bipartite piriformis
variations of sciatic nerve path
tumors
aneurysm of inferior gluteal artery
Associated conditions
femoroacetabular impingement
decreased internal rotation may contribute to contractures of short external rotators and compression on sciatic nerve","pain in the posterior gluteal region and migrating down the back of the leg
pain may be burning or aching in nature similar to sciatica symptoms"
https://www.orthobullets.com/spine/12297/sacral-insufficiency-fracture,"Pathophysiology
mechanism of injury
low energy trauma (i.e. ground level fall)
Associated conditions
other fragility fractures
(i.e. distal radius, vertebral, hip)","pain
groin, low back, buttock
worse with weightbearing"
https://www.orthobullets.com/anatomy/10104/posterior-interosseous-nerve,,
https://www.orthobullets.com/trauma/1065/foot-compartment-syndrome,"Pathophysiology
local trauma and soft tissue destruction
>
bleeding and edema
>
increased interstitial pressure
>
vascular occlusion
>
myoneural ischemia
Causes
trauma
fractures (69% of cases)
5-17% of calcaneus fractures result in compartment syndrome
crush injuries
severe ankle sprains
gunshot wounds
tight casts, dressings, or external wrappings
burns
postischemic swelling
bleeding disorders
vascular injury",pain out of proportion to injury
https://www.orthobullets.com/shoulder-and-elbow/3128/shoulder-arthrodesis,,"specific to the underlying condition
necessitating arthrodesis
symptomatic dysfunction of the glenohumeral joint"
https://www.orthobullets.com/hand/6013/swan-neck-deformity,"Mechanism
Pathophysiology
lax volar plate
imbalance of muscle forces on PIP
(extension force > flexion force)
Causes
Seen in
rheumatoid arthritis
Injuries include
MCP joint volar subluxation (rheumatoid arthritis)
mallet finger
FDS laceration
intrinsic contracture",snapping and locking of the fingers
https://www.orthobullets.com/pediatrics/4088/arthrogryposis,"Mechanism
symmetry of contractures due to immobilization in utero
neurogenic (90%)
myopathic (10%)
Pathophysiology
exact mechanism unknown
some mothers have serum antibodies inhibiting the fetal acetylcholine receptors leading to a decreased number of anterior horn cells
Associated conditions
orthopaedic manifestations
upper extremity deformity
teratologic hip subluxation and dislocation
knee contractures
foot conditions
clubfoot
vertical talus
neuromuscular C-shaped scoliosis (33%)
fractures (25%)",
https://www.orthobullets.com/anatomy/10027/flexor-pollicis-longus,,
https://www.orthobullets.com/anatomy/10051/lumbrical-muscles,,
https://www.orthobullets.com/knee-and-sports/3122/pulmonary-conditions-in-athletes,,
https://www.orthobullets.com/anatomy/10080/extensor-digitorum-longus,,
https://www.orthobullets.com/anatomy/10038/extensor-pollicis-brevis,,
https://www.orthobullets.com/anatomy/10042/abductor-pollicis-brevis,,
https://www.orthobullets.com/pediatrics/4083/local-gigantism,"Pathophysiology
congenital causes:
neurofibromatosis
proteus syndrome
klippel-Trenaunay-Weber
acquired causes:
amyloidosis
elephantiasis (filariasis)
av malformation
tumor
acromegaly
Physiology
unknown",pain
https://www.orthobullets.com/anatomy/10064/tensor-fascia-lata,,
https://www.orthobullets.com/anatomy/10077/inferior-gemellus,,
https://www.orthobullets.com/pathology/8019/periosteal-chondromas,,"many are
painful
secondary to irritation                                 of tendons"
https://www.orthobullets.com/anatomy/10060/vastus-medialis,,
https://www.orthobullets.com/recon/12750/tka-heterotopic-ossification,"Pathophysiology
any bone formation in the soft tissues (other than periosteum) that develops after surgery with or without a precipitating event
distinct from myositis ossificans, which evelops after traumatic muscle injury and inflammation",
https://www.orthobullets.com/hand/6051/preisers-disease-scaphoid-avn,,dorsoradial wrist pain
https://www.orthobullets.com/anatomy/10114/inferior-gluteal-nerve,,
https://www.orthobullets.com/anatomy/10008/pectoralis-major,,
https://www.orthobullets.com/anatomy/10055/sartorius,,
https://www.orthobullets.com/hand/6003/ligaments-of-the-fingers,,
https://www.orthobullets.com/hand/6104/human-bite,"Pathophyiology
mechanism
most often result of direct clenched-fist trauma (from tooth) after punching another individual in the mouth
can also result from direct bite (i.e. child biting another child)
pathoanatomy
tooth penetrates capsule of MCP joint
flora (bacteria) from mouth enter joint
bacteria become trapped within joint as fist is released from clenched position
bacteria now caught under extensor tendon and/or capsule
microbiology
typically polymicrobial
most common organisms
alpha-hemolytic streptococcus (S. viridans)
and
staphylococcus aureus
eikonella corrodens
in 7-29%
other gram negative organisms
Associated conditions
extensor tendon lacerations
can be missed due to proximal tendon retraction","progressive development of pain, swelling, erythema, and drainage over wound"
https://www.orthobullets.com/spine/2028/disk-space-infection--pediatric,"Pathophysiology
pathoanatomy
in children blood vessels extend from the cartilaginous end plate into the nucleus pulposus
this allows direct inoculation of the disc
infection may spread from the end plate to the disc space and vertebral body
in adult patients, blood vessels extend only to the annulus fibrosis
this limits the incidence of isolated disc space infections in adults
microbiology
staphylococcus aureus
is most common causative organism (>80%)
tuberculosis
always consider as organism, especially if patient is not improving with first line antibiotics
salmonella
in sickle cell anemia patients, salmonella may be the causative organism",
https://www.orthobullets.com/pathology/8031/fibrosarcoma-of-bone,,pain and swelling
https://www.orthobullets.com/pediatrics/322137/pediatric-pelvis-trauma-radiographic-evaluation,,
https://www.orthobullets.com/hand/6052/gymnasts-wrist-distal-radial-physeal-stress-syndrome,"Pathophysiology
wrist undergoes supraphysiological loads due to use as a weight bearing joint.
repetitive stress causes inflammation at growth plate of distal radius.
microtrauma can lead to premature closure of distal radial physis resulting in secondary overgrowth of ulna.
Associated conditions
orthopaedic
distal ulnar overgrowth
positive ulnar variance","wrist pain
usually radial sided
may be chronic in nature"
https://www.orthobullets.com/trauma/422820/morel-lavallee-lesion,"Pathophysiology
divided into 4 stages:
shearing forces to soft-tissue envelope lead to separation of the dermis from the underlying fascia
injured lymphatics and vasculature from the injured subdermal plexus produce
these components are then replaced by serosanguinous fluid as the lesion enlarges
finally, if left untreated during the acute stage, local inflammation leads to pseudocapsule formation and lesion maturation as the body attempts to sequester the space
bacterial colonization of the fluid occurs in up to 46% of lesions
Associated conditions
orthopaedic conditions
pelvic and acetabular fractures
proximal femur fractures","often minimally symptomatic or marginalized due to underlying distracting injuries or patient body habitus
up to
33% of lesions are missed
at the time of index evaluation
chronic lesions may lead to cosmetic issues"
https://www.orthobullets.com/trauma/322133/adult-ankle-radiographs,,
https://www.orthobullets.com/basic-science/322121/scleroderma,"Pathophysiology
multifactorial
includes genetic predisposition and environmental triggers
pathophysiology
triad
collagen deposition with fibrosis
excessive deposition of collagen and other elements of the extracellular matrix in skin and internal organs
noninflammatory vasculopathy
due to
fibroproliferation of microvasculature
autoimmunity
chronic inflammation with alterations of humoral and cellular immunity
increased release of inflammatory cells help initiate and propagate the fibrotic process
Genetics
inheritance pattern
usually sporadic
mutations
HLA
STAT4
associated with
limited scleroderma
IRF5
associated with
diffuse scleroderma
Associated conditions
other autoimmune diseases
esophageal dysmotility
atrophy of smooth muscles in  esophagus can cause decreased lower esophageal  sphincter pressure and  dysmotility, leading to increased dysphagia and  acid reflux","skin
diffuse pruritus
Raynaud phenomenon
decreased blood flow to skin due to vasospams from either cold temperatures or stress
color of affected area, commonly the digits, change from white (ischemia) to blue (hypoxia) to red (reperfusion)
musculoskeletal
mylagias
arthralgias
osteolysis (especially calcaneal)
gastrointestinal
acid reflux
respiratory
progressive dyspnea
dry cough
due to restrictive lung disease
cardiac
palpitations or irregular heart beats
renal
hypertension"
https://www.orthobullets.com/spine/2062/diastematomyelia,"Pathoanatomy
a congenital anomaly believed to be caused by
persistence of neuroenteric canal
present during 3rd and 4th week of gestation
leads to sagittal division of the spinal cord or cauda equina
if the cord does not reunite distally to the spur, it is considered a diplomyelia (true duplication of the cord)
Associated conditions
congenital scoliosis
as high as 79% in some series
tethering of cord","muscle atrophy
weakness
bladder or bowel incontinence"
https://www.orthobullets.com/anatomy/10069/semitendinosus,,
https://www.orthobullets.com/pediatrics/4096/spondyloepiphyseal-dysplasia-sed,"Pathophysiology
caused by abnormal synthesis of
Type II collagen
primarily affects the vertebrae and epiphysis of bone
Genetics
inheritance pattern
autosomal dominant (SED congenita)
X linked recessive (SED tarda)
random mutation (50% of cases)
mutations
COL2A1
on chromosome 12
Associated conditions
atlantoaxial instability
frequent cause of myelopathy in spondyloepiphyseal dysplasia congenita
nephrotic syndrome (SED tarda)","cervical myelopathy
due to atlantoaxial instability
respiratory difficulty
due to respiratory insufficiency secondary to thoracic dysplasia
problems with vision
due to myopia or retinal detachment
hip pain
due to coxa varus
decreased walking distance
due to poor muscular endurance and skeletal deformities"
https://www.orthobullets.com/spine/2070/thoracic-spine-anatomy,,
https://www.orthobullets.com/anatomy/10061/gluteus-maximus,,
https://www.orthobullets.com/pediatrics/12120/cerebral-palsy--foot-conditions,"See Cerebral Palsy General
Foot deformities are common in cerebral palsy and may take several forms including
Equinus
Hallux Valgus
EquinoPlanoValgus
EquinoCavovarus",
https://www.orthobullets.com/foot-and-ankle/7015/mallet-toe,"Pathoanatomy
contracture (or spasm) of FDL because of pressure of toe against the end of shoe
> 70% of patients have a longer digit
rupture of EDL at DIP joint
Deformity may be
flexible or fixed
Congenital mallet toe
associated with
flexion and lateral deviation
of the DIP joint",
https://www.orthobullets.com/anatomy/10050/palmar-interossei,,
https://www.orthobullets.com/anatomy/10083/peroneus-longus,,
https://www.orthobullets.com/recon/5034/hip-arthrodesis,,
https://www.orthobullets.com/shoulder-and-elbow/3038/shoulder-imaging,,
https://www.orthobullets.com/anatomy/10133/compartments-of-leg,,
https://www.orthobullets.com/hand/6061/ring-avulsion-injuries,"Mechanism of injury
patients catch their wedding band or other finger ring on moving machinery or protruding object
skin, nerves, vessels
are often damaged
long segment
of macro- and microscopic
vascular
injury from crushing, shearing and avulsion","pain
bleeding
lack of sensation at tip"
https://www.orthobullets.com/pathology/8013/osteoblastoma,"Genetics
Rearrangements of FOS (Chr 14) and FOSB (Chr 19) are reported
Associated conditions
oncogenic osteomalacia
secondary ABC
10%-40% associated with secondary ABC","pain
slowly progressive dull aching pain
night pain is not typical
partial response to NSAIDs
may see
neurologic symptoms
with spine involvement"
https://www.orthobullets.com/anatomy/10059/vastus-intermedius,,
https://www.orthobullets.com/pediatrics/4073/iselins-disease,"Pathophysiology
due to repetitive traction of peroneus brevis tendon at the site of its attachment","pain in lateral foot
worse with activity and improves with rest"
https://www.orthobullets.com/spine/12284/clay-shoveler-fracture-cervical-spinous-process-fractures,"Associated conditions
usually occurs in isolation
other orthopaedic injuries to consider
lamina fracture
facet dislocations","sudden onset of pain between the shoulder blades or base of neck
reduced head/neck ROM"
https://www.orthobullets.com/hand/6094/vascular-evaluation-of-the-hand,,
https://www.orthobullets.com/shoulder-and-elbow/3064/thoracic-outlet-syndrome,"Type
neurogenic
is most common (95%)
vascular may be venous (4%) or arterial (< 1%)
more common in athletic males compared to athletic females
Pathophysiology
most cases are thought to stem from
anatomic predisposition
with
superimposed neck trauma
(acute or chronic repetitive stress)
anatomically, can be organized into
soft tissue (70%)
and
osseous (30%)
abnormalities
soft tissue
scalene muscle abnormalities
hypertrophy of anterior scalene
passage of the brachial plexus through the anterior scalene muscle
rather than posterior within the interscalene triangle
variable origin and insertion
anterior insertion of the middle scalene muscle on the 1st rib
scalenus minimus
accessory muscle found in 30-50% of patients with TOS
originates from cervical transverse process and inserts onto 1st rib between the subclavian artery and T1 root
anomalous ligaments or bands
fibromuscular bands
increase stiffness and decrease compliance of the thoracic outlet
costoclavicular ligament
abnormal insertion implicated in Paget-Schroetter syndrome
soft tissue tumors
Pancoast tumor
tumor of the pulmonary apex
1-3% of lung cancer cases
generally lack typical symptoms of lung cancer (cough, hemopytsis and dyspnea)
neuroblastomas
schwannoma of the brachial plexus
abnormal pectoralis minor
osseous
cervical rib
occur in < 1% of the population
arise from the 7th cervical vertebra
four types
type 1: complete rib that articulates with the first rib or manubrium
type 2: incomplete rib with a free distal bulbous tip
type 3: incomplete rib with distal attachment via fibrous band
type 4: short bar of bone (millimeters) extending beyond the C7 transverse process
prominent C7 transverse process
abnormal
clavicle
or
first rib
acute fracture displacement
hypertrophic fracture callus formation
fracture malunion
acromioclavicular (AC) or sternoclavicular (SC) joint injury or dislocation
osseous tumors
bone metastasis to first rib
breast, prostate, kidney
osteoid osteoma
chronic overuse
repetitive shoulder use
frequent lifting above the level of the shoulder
extreme arm positions, including hyperabduction
athletes at risk
weight lifting
rowing
swimming
vascular
repetitive compression over time can result vessel damage
aneursym formation
thrombosis
embolic events
limb-threatening ischemia
Associated conditions
Paget-Schroetter syndrome
type of venous thoracic outlet syndrome seen in well-developed young athletes
intermittent obstruction of the subclavian vein in the costoclavicular space by
abnormal costoclavicular ligament
anterior scalene muscle hypertrophy
results in upper extremity deep vein thrombosis",
https://www.orthobullets.com/basic-science/9028/hypoparathyroidism,"Findings
decreased plasma calcium levels
increased plasma phosphate levels
decreased 1,25(OH)2 Vitamin D levels
Etiology
iatrogenic
thyroidectomy
most common cause
Pathophysiology
decreased PTH levels cause
decreased urinary excretion of phosphate at kidneys
serum phosphate levels increase
decreased conversion of inactive form of vitamin D to active form
1,25(OH)2-vitamin levels decrease","hypocalcemia
more common in
hypoparathyroidism
neuromuscular irritability
Chvostek's sign
seizures
tetany
cataracts
fungal infections of the nail
hair loss
skin changes
vitiligo
blotchiness of skin"
https://www.orthobullets.com/spine/12102/extension-teardrop-fracture-cervical-spine,"Pathophysiology
extension mechanism causes disruption of the anterior longitudinal ligament (ALL)
represents a true avulsion often of an anterior osteophyte
distinguish from a flexion teardrop fracture
larger fragment produced by compression
extension teardrop fractures are stable in flexion, and unstable in extension
not considered as severe as flexion teardrop fractures
Associated conditions
central cord syndrome
buckling of the ligamentum flavum into canal during hyperextension phase of injury
risk factors
elderly
anterior osteophytes and posterior infolded ligamentum flavum
can be seen in diving accidents
not usually associated with spinal cord injuries",neck pain
https://www.orthobullets.com/spine/2027/spinal-tuberculosis,"Pathoanatomy
early infection
begins in the metaphysis of the vertebral body
spreads under the anterior longitudinal ligament and leads to
contiguous multilevel involvement
skip lesion or noncontiguous segments (15%)
paraspinal abscess formation (50%)
usually anterior and can be quite large (much more common in TB than pyogenic infections)
initially does not involve the disc space (distinguishes from pyogenic osteomyelitis, but can be misdiagnosed as a neoplastic lesion)
chronic infection
severe
kyphosis
mean deformity in nonoperative cases is 15°
in 5% of patients, deformity is >60°
higher rate of progression of kyphosis when involvement of the vertebral body and posterior elements
infection is often diagnosed late, there is often much more severe kyphosis in granulomatous spinal infections compared to pyogenic infections
in adults
kyphosis stays static after healing of disease
in children
kyphosis progresses in 40% of cases because of growth spurt
classification of progression (Rajasekaran)
Type-I, increase in deformity until cessation of growth
should be treated with surgery
Type-II, decreasing progression with growth
Type-III, minimal change during either active / healed phases.","onset of symptoms of tuberculous spondylitis is typically more insidious than pyogenic infection
constitutional symptoms
chronic illness
malaise
night sweats
weight loss
back pain
often a late symptom that only occurs after significant boney destruction and deformity."
https://www.orthobullets.com/anatomy/10101/dorsal-interossei-lpn,,
https://www.orthobullets.com/hand/6008/physical-exam-of-the-hand,,
https://www.orthobullets.com/trauma/12770/clavicle-fractures--distal,"Pathophysiology
mechanism
similar mechanism to midshaft clavicle fractures
usually occurs after a direct compressive force is applied to the shoulder, i.e. after a fall or trauma
pathoanatomy
fracture displacement corresponds to
fracture
location
(e.g. extra-articular vs. intra-articular)
fracture
pattern
(e.g. simple vs. comminuted)
integrity of the
coracoclavicular ligments
conoid (medial) and trapezoid (lateral) provide primary resistance to superior displacement of the lateral clavicle
age
(e.g. pediatric patients usually have an intact periosteal sleeve)
deforming forces include
Associated conditions
rare but may include
floating shoulder
scapulothoracic dissociation
should be considered with significantly distracted or widened fractures
rib fracture
pneumothorax
neurovascular injury",anterior shoulder pain
https://www.orthobullets.com/anatomy/10089/tibialis-posterior,,
https://www.orthobullets.com/recon/12769/hip-anatomy,,
https://www.orthobullets.com/foot-and-ankle/12278/orthotics,,
https://www.orthobullets.com/pediatrics/4065/equinovalgus-foot,"Pathophysiology
primary deformities
midfoot abduction
hindfoot valgus
equinus contracture
secondary deformity
forefoot supination
muscle imbalances
spasticity and/or overpull of
peroneals
gastoc-soleus complex
weakness of
posterior tibialis
anterior tibialis
pathomechanics
results in
lever arm dysfunction
during gait
due to shortened lever arm and non-rigid lever
patient is bearing weight on the medial border of the foot and possibly the talar head
external rotation of the foot creates
instability during push off
external foot progression","pain
difficulty with brace and/or shoe wear
painful callus over talar head
secondary to weightbearing"
https://www.orthobullets.com/foot-and-ankle/7003/layers-of-the-plantar-foot,,
https://www.orthobullets.com/spine/2068/pediatric-spinal-cord-injury,"Pathophysiology
mechanism of injury includes:
motor vehicle accidents (most common)
falls from height
sport-related injuries
child abuse
sledding and ATV (high risk for thoracolumbar spine injury)
Orthopedic considerations
pattern of injury
cervical spine
occipitoatlantal, atlantoaxial dislocation
atlantoaxial rotatory fixation
odontoid fracture
subaxial ligamentous injuries
spinal cord injury without radiographic abnormality
(SCIWORA)
thoracolumbar spine
compression fracture (most common)
burst fracture
flexion-distraction injury
combined fracture-dislocation
Associated conditions
head injuries (>30%)
intra-thoracic injuries
intra-abdominal injuries",
https://www.orthobullets.com/anatomy/10039/extensor-pollicis-longus,,
https://www.orthobullets.com/knee-and-sports/3092/athletic-pubalgia-and-adductor-strain,"Pathophysiology
mechanism of injury
may be caused by acute trauma or microtrauma caused by overuse
thought to be caused by abdominal hyperextension and thigh abduction
specific injury to the common aponeurosis between the rectus abdominis and adductor longus is thought to be source of pain",lower abdominal pain and inguinal pain at extremes of exertion
https://www.orthobullets.com/recon/12755/knee-physical-exam--adult,,
https://www.orthobullets.com/anatomy/10109/lateral-antebrachial-cut-nerve,,
https://www.orthobullets.com/anatomy/10004/rhomboid-minor-and-major,,
https://www.orthobullets.com/anatomy/10106/median-nerve,,
https://www.orthobullets.com/recon/422991/emerging-technologies-in-arthroplasty,,
https://www.orthobullets.com/shoulder-and-elbow/3049/ac-arthritis,"Pathophysiology
AC joint arthritis is caused by transmission of axial
large loads through a small contact area
resulting in
repetitive microtrauma (same mechanism as distal clavicle osteolysis)","activity related
superior shoulder pain
with overhead activity
with cross body arm adduction
with O'Brien's active compression test (at 90 degrees forward flexion)
exacerbated with pressing motion (i.e. bench press, push-up) and leaning on affected side (i.e. while sleeping)"
https://www.orthobullets.com/anatomy/10016/subscapularis,,
https://www.orthobullets.com/anatomy/10056/pectineus,,
https://www.orthobullets.com/anatomy/10093/flexor-digitorum-brevis,,
https://www.orthobullets.com/pathology/12761/basal-cell-carcinoma,,"typically
asymptomatic
, but may be tender if ulcerated
slow-growing"
https://www.orthobullets.com/pathology/8026/leukemia,"Forms include
acute lymphocytic leukemia (ALL)
neoplastic proliferation of lymphocytes
actue myeloblastic leukemia (AML)
neoplastic proliferation of myeloblasts
chronic myelocytic leukemia (CML)
neoplastic mature myeloid cells (granulocytes)
chronic lymphocytic leukemia (CLL)
neoplastic proliferation of naive B cells","recurrent infections
bleeding
fatigue
lymphadenopathy (more common in CLL)"
https://www.orthobullets.com/anatomy/10058/vastus-lateralis,,
https://www.orthobullets.com/hand/6064/skin-grafting,,
https://www.orthobullets.com/trauma/1063/thigh-compartment-syndrome,"Pathophysiology
local trauma and soft tissue destruction
>
bleeding and edema
>
increased interstitial pressure
>
vascular occlusion
>
myoneural ischemia
Causes
trauma (most common)
ipsilateral femur fractures
increased incidence with
open fractures
crush injuries
contusions
gunshot wounds
tight casts, dressings, or external wrappings
extravasation of IV infusion
burns
postischemic swelling
bleeding disorders
arterial injury","pain out of proportion to clinical situation is usually first symptom
may be absent in cases of nerve damage
pain is difficult to assess in a
polytrauma patient
and impossible to assess in a
sedated patient
difficult to assess in children (unable to verbalize)"
https://www.orthobullets.com/hand/6075/clinodactyly,"Pathoanatomy
middle phalanx of small finger most commonly affected
Genetics
autosomal dominant inheritance",
https://www.orthobullets.com/pediatrics/4076/congenital-hallux-varus-atavistic-great-toe,"Pathophysiology
deformity at metatarsophalangeal joint due to
imbalance between the great toe abductor and adductors
pathoanatomy
firm, fibrous, band-like
abductor hallucis muscle
short, thick first metatarsal
longitudinal bracket epiphysis of the 1st metatarsal
underlying skeletal dysplasia (diastrophic dwarfism)
do not confuse with metatarus primus varus
varus deformity of the 1st metatarsal (no deformity at MTP joint)
Associated conditions
often associated with
polydactyly","cosmetic deformity
difficult to put on shoes
usually painless"
https://www.orthobullets.com/anatomy/10135/long-thoracic-nerve,,
https://www.orthobullets.com/trauma/423122/military-orthopaedics,,
https://www.orthobullets.com/trauma/1026/radioulnar-synostosis,,"pain with incomplete synostosis
no pain with complete synostosis"
https://www.orthobullets.com/trauma/322136/adult-pelvis-radiographs,,
https://www.orthobullets.com/anatomy/10057/rectus-femoris,,
https://www.orthobullets.com/pediatrics/10132/gaucher-disease,"Mechanism
deficiency in B
-glucocerebrosidase
Pathophysiology
cell biology
enzyme deficency leads to disturbances in cell metabolism with
accumulation of sphingolipids in the
liver
spleen
bone marrow
Genetics
inheritance pattern
autosomal recessive
classification
Type 1 (B-glucocerebrosidase deficency) is
most common
Type 2
Type 3 (with CNS involvement)",
https://www.orthobullets.com/pediatrics/4067/calcaneovalgus-foot,"Pathophysiology
usually a positional deformity of the foot caused by
intrauterine ""packaging""",
https://www.orthobullets.com/shoulder-and-elbow/3061/scapulothoracic-crepitus,"Pathophysiology
predisposing abnormal anatomy
6% of scapulae have some superomedial hooking
malunion of scapula or rib fractures
history of resection of 1st rib for thoracic outlet syndrome
overuse
with normal anatomy
inflammation from overuse results in
chronic inflammation
, causing bursal fibrosis,
bursitis
, snapping
bony or soft tissue masses
osteochondroma
elastofibroma dorsi
a benign soft tissue tumor
scapular chondrosarcoma
Associated conditions
Scoliosis, kyphosis
scapulothoracic dyskinesis","patient complains of ""popping"" of scapula
painful crepitus
with elevation of arm
pain relieved with stabilization of scapula"
https://www.orthobullets.com/basic-science/9027/hypocalcemia,,
https://www.orthobullets.com/spine/2013/occipital-condyle-fractures,,"high cervical pain
neck stiffness
double vision
upper and lower extremity weakness"
https://www.orthobullets.com/foot-and-ankle/7010/sesamoid-injuries-of-the-hallux,"Specific injuries
fracture (caused by hyperextension and axial loading)
dislocation
sprain ""
turf toe
""
sesamoiditis (trauma or infection)
chondromalacia
osteochondritis dissecans
FHB tendonitis","generalized big toe pain
worse in terminal part of stance phase"
https://www.orthobullets.com/hand/6025/wartenbergs-syndrome,"Pathoanatomy
SRN compressed by scissoring action of
brachioradialis
and
ECRL tendons
during
forearm pronation
also by
fascial bands
at its exit site in the subcutaneous plane
Associated conditions
associated with De Quervain's disease in 20-50%","ill-defined pain over dorsoradial hand
(does not like to wear watch)
paresthesias over dorsoradial hand
numbness
symptom aggravation by motions involving
repetitive wrist flexion and ulnar deviation
no motor weakness"
https://www.orthobullets.com/trauma/322086/adult-knee-radiographic-views,,
https://www.orthobullets.com/anatomy/10090/flexor-digitorum-longus,,
https://www.orthobullets.com/hand/6024/radial-tunnel-syndrome,"Pathophysiology
involves same sites of compression as PIN syndrome
include (from proximal to distal)
fibrous bands anterior to radiocapitellar joint
radial recurrent vessels
(leash of Henry
)
medial edge of ECRB
proximal
aponeurotic/tendinous edge of the supinator (
arcade of Frohse
)
most frequent site of entrapment of the PIN
normal radial tunnel pressure 50mmHg
with supinator stretch (forced wrist flexion) pressure increases to 250mmHg
distal
edge of the superficial layer of the supinator
risks
constant prono-supination with 1kg force and elbow in 0°-45° flexion
Associated conditions
lateral epicondylitis
RTS is difficult to distinguish from lateral epicondylitis and
coexists in 5%
of patients","deep aching pain in dorsoradial proximal forearm
from lateral elbow to wrist
increases during forearm rotation and lifting activities
muscle weakness
because of
pain
and not muscle denervation"
https://www.orthobullets.com/shoulder-and-elbow/3037/shoulder-exam,,
https://www.orthobullets.com/basic-science/9051/hemophilic-arthropathy,"Pathophysiology
mechanism of injury
persistent minor trauma
root bleeding disorder may be
hemophilia A
X-linked recessive
decrease factor VIII
hemophilia B - Christmas disease
X-linked recessive
decreased factor IX
von Willebrand's disease
rare cause of joint bleeds
more commonly mucosal bleeding
autosomal dominant
abnormal factor VIII with platelet dysfunction
pathoanatomy
synovitis -> cartilage destruction (enzyme based) -> joint deformity
Associated conditions
orthopaedic manifestations
hemarthrosis
intramuscular hematoma
(pseudotumor)
may lead to nerve compression
femoral nerve palsy
may be caused by iliacus hematomas
leg length discrepancy
due to epiphyseal overgrowth
fractures
due to generalized osteopenia
normal healing chronology
medical conditions and comorbidities
HIV
prevalence up to 90% in hemophiliacs","painful range of motion of joints
hemarthrosis
the knee is most commonly affected
acute
presentation will show a
painful
and
tense joint effusion
subacute
occurs
after two prior bleeds
chronic
presentation will
demonstrate contractures
or
arthritis
paresthesias
in the L4 distribution
caused by
iliacus hematoma
that compress femoral nerve"
https://www.orthobullets.com/pathology/8066/dermatofibrosarcoma-protuberans,"Variants
Bednar tumor
pigmented variant that is 7.5x more common in African Americans
fibrosarcomatous
more aggressive variant with poor prognosis
Genetics
mutations
associated with
t(17;22)
encodes for PDGF-beta chain (PDGFB)/collagen type I alpha 1 (COL1A1) fusion protein","Presentation
usually an slowly enlarging painless mass
composed of firm irregular nodules
may have dark red or blue discoloration"
https://www.orthobullets.com/basic-science/9029/pseudohypoparathyroidism,"Mechanism
PTH resistance
decreased target cell response to PTH",
https://www.orthobullets.com/pathology/8004/radiation-therapy,,
https://www.orthobullets.com/anatomy/10047/flexor-digiti-minimi-brevis,,
https://www.orthobullets.com/pathology/8070/angiosarcoma,,"Symptoms
pain
symptoms often insidious
Physical exam
hallmarked with
overlying skin changes"
https://www.orthobullets.com/anatomy/10096/lumbricals,,
https://www.orthobullets.com/trauma/1033/ilium-fractures,,
https://www.orthobullets.com/trauma/1020/coronoid-fractures,"Types
isolated coronoid fracture
less common than previously thought
coronoid fracture + associated injuries
commonly occur with elbow dislocation
associated with recurrent instability after dislocation
Mechanism
traumatic
shear injury
typically occurs as distal humerus is driven against coronoid with an episode of severe varus stress or posterior subluxation
not an avulsion injury as nothing inserts on tip
Pathoanatomy
fractures at the coronoid base can amplify elbow instability given that
anterior bundle of the medial ulnar collateral ligament attaches to the sublime tubercle 18 mm distal to tip
anterior capsule attaches 6 mm distal to the tip of the coronoid
Associated conditions
posteromedial rotatory instability
coronoid anteromedial facet fracture and LCL disruption
results from a varus deforming force
posterolateral rotatory instability
coronoid tip fracture, radial head fracture, and LCL injury
olecranon fracture-dislocation
usually associated with a large coronoid fracture
terrible triad of elbow
coronoid fracture (transverse fracture pattern), radial head fracture, and elbow dislocation","elbow deformity & swelling
elbow pain
forearm or wrist pain may be a sign of associated injuries"
https://www.orthobullets.com/anatomy/10028/pronator-quadratus,,
https://www.orthobullets.com/shoulder-and-elbow/3072/latissimus-dorsi-rupture,"Mechanism
felt to be
eccentric overload
during the follow-through of the throwing motion",
https://www.orthobullets.com/pediatrics/4099/metaphyseal-chondrodysplasia,"Pathophysiology
metaphyseal dysplasia involving the
proliferative
and
hypertrophic
zone of the physis (epiphysis is normal)
Genetics
three main subtypes
Jansen (rare, most severe form)
autosomal dominant
genetic defect in
parathryoid hormone-related peptide (PTHrP)
Schmid (more common, less severe form)
autosomal dominant
genetic defect in type X collagen
McKusick
autosomal recessive
most commonly occurs in Amish and Finnish populations
cartilage-hair dysplasia (hypoplasia of cartilage and small diameter of hair)
Associated conditions
birth defects
can be mimicked by teratogenic
rickets
Schmid type often confused for rickets",
https://www.orthobullets.com/basic-science/12288/stroke,"Two forms
diminished blood flow
(ischemic stroke)
hemorrhage (
hemorrhagic stroke
)
Pathophysiology
etiology include
35% - atherosclerosis of the extracranial vessels (carotid atheroma)
30% -
cardiac and fat emboli, endocarditis
15% -
lacunar
occur in areas supplied by small perforating vessels and result from
atherosclerosis
hypertension
diabetes
10% - parenchymal hemorrhage
10% - subarachnoid hemorrhage
Watershed occurs at areas at border of two arterial supplies
often follow
prolonged hypotension
TIA is charcaterized by transient neurologic deficits for
less than 24 hours
(usually less than 1 hr.)",
https://www.orthobullets.com/knee-and-sports/3025/osteonecrosis-of-the-knee,"Pathophysiology
spontaneous osteonecrosis
appears to represent a subchondral insufficiency fracture
another hypothesis is an association with a meniscal root tear","pain with weightbearing, especially sitting to standing"
https://www.orthobullets.com/shoulder-and-elbow/3074/shoulder-hemiarthroplasty,,
https://www.orthobullets.com/pediatrics/4016/galeazzi-fracture--pediatric,"Pathophysiology
DRUJ disruption
disruption of the DRUJ in a pediatric patient can consist of
DRUJ dislocation
a displaced ulnar physeal injury (Galeazzi-equivalent)
most common
pathoanatomy
axial loading in combination with extremes of forearm rotation (pronation or supination)
pronation produces an apex dorsal radial fracture with the distal ulna displaced dorsally
supination produces an apex volar radial fracture with the distal ulna displaced volarly
Associated injuries
nerve injuries are rare","wrist and forearm pain
radial deformity
limitation of wrist motion
ulnar head prominence or deformity can sometimes be seen"
https://www.orthobullets.com/foot-and-ankle/7000/acquired-spastic-equinovarus-deformity,"Pathophysiology
equinus
secondary to overactivity of the gastrocnemius-soleus complex
varus
due to relative overactivity of the tibialis anterior, with lesser contributions from the FHL, FDL, and tibialis posterior.
Etiology
cerebrovascular accident
(CVA)
traumatic brain injury
(TBI)
Associated conditions
joint contractures
hyperextension of knee in stance phase",deformity and difficulty with gait
https://www.orthobullets.com/anatomy/10017/biceps-brachii,,
https://www.orthobullets.com/hand/422863/radiocarpal-fracture-dislocation,"Pathophysiology
mechanism of injury
high energy shear or
rotational force to a hyperextended and pronated wrist
often due to falls from height and motor vehicle accidents
Associated conditions
orthopaedic conditions
open fractures
distal radius fractures
radial styloid avulsion fractures
attachment of the radioscaphocapitate (RSC) ligament
volar lunate facet fractures
attachment of the short radiolunate ligament
ulnar styloid fracture
carpal bone fractures (scaphoid, lunate and trapezium)
medial nerve injury > ulnar nerve injury
irreducible DRUJ with soft tissue interposition
intercarpal injury (scapholunate or lunotriquetral dissociation)","common symptoms
pain and swelling of the wrist
numbness and tingling"
https://www.orthobullets.com/pediatrics/4047/congenital-dislocation-of-patella,"Pathophysiology
pathoanatomy
osseous abnormalities
small or absent patella
hypoplastic trochlea
external tibial torsion
soft tissues abnormalities
thickened, tight lateral structures
including
iliotibial band
retinaculum
tight quadriceps
causing superiorly subluxed patella
Associated conditions
Larson syndrome
arthrogryposis
diastrophic dysplasia
nail-patella syndrome
Down syndrome
Ellis-van Creveld syndrome","delayed walking
can mimic cerebral palsy"
https://www.orthobullets.com/basic-science/9092/oncogenic-osteomalacia,"Pathophysiology
the tumor secretes a
humoral factor (""phosphatonin"")
that affects the proximal renal tubules
phosphatonins include
FGF-23 (most important), sFRP-4, and MEPE
reduces calcitriol production in the kidney and inhibits phosphate transport
leads to increased renal phosphate excretion, hypophosphatemia and osteomalacia
types of tumors that cause oncologic osteomalacia (known as phosphaturic mesenchymal tumor)
benign tumors (more common)
phosphaturic mesenchymal tumors (mixed connective tissue variant) e.g. hemangiopericytoma (commonest cause)
osteoblastoma-like tumors
ossifying fibrous tumors
nonossifying fibrous tumors
malignant causes (rare)
osteosarcoma
fibrosarcoma
Genetics
mutations
the key phosphatonin is FGF23, and this condition is linked to a mutation in the gene coding for FGF23
Associated conditions
orthopaedic manifestations
pathological fractures of long bones and vertebrae","generalized bone and muscle pain
fractures of long bones, ribs and vertebrae
proximal muscle weakness
fatigue"
https://www.orthobullets.com/anatomy/10082/peroneus-tertius,,
https://www.orthobullets.com/pediatrics/4038/sprengels-deformity,"Associated conditions
scapular winging
hypoplasia
omovertebral connection between superior medial angle of scapula and
cervical spine
(30-50%)
Pathophysiology
interruption of
embryonic
subclavian blood supply
at level of subclavian, internal thoracic or suprascapular artery
in contrast, Poland syndrome is subclavian artery interruption proximal to internal thoracic and distal to vertebral artery
associated diseases
Klippel-Feil (approximately 1/3 have Sprengel deformity)
congenital scoliosis
upper extremity anomalies
diastematomyelia
kidney disease",often referred for evaluation of scoliosis
https://www.orthobullets.com/anatomy/10079/tibialis-anterior,,
https://www.orthobullets.com/hand/6102/felon,"Pathophysiology
mechanism of injury
penetrating injury
blood glucose needlestick
splinters
local spread
may spread from paronychia
no history of injury in 50% of patients
may result from bacterial contamination of the fat pad through the eccrine sweat glands
pathophysiology
overview
swelling and pressure within micro-compartments, leading to ""compartment syndromes"" of the pulp
progression
inflammation and cellulitis leads to local vascular congetsion
if left untreated, tissue necrosis and abscess formation leads to increased microvascular impairment
increasing pressure can eventually lead to ""compartment syndrome"" and subsequent ischemia
affects the blood supply to the diaphysis more than the blood supply to the skin, causing bone necrosis and sequestration before spontaneous decompression through the skin
organisms
Staphylococcus aureus
most common organism
gram negative organisms
found in immunosuppressed patients
Eikenella corrodens
found in diabetics who bite their nails",severe throbbing pain
https://www.orthobullets.com/hand/6100/herpetic-whitlow,"Pathophysiology
viral shedding occurs while vesicles are forming bullae","intense burning pain followed by erythema
malaise"
https://www.orthobullets.com/hand/6076/syndactyly,,
https://www.orthobullets.com/spine/322194/cervical-adjacent-segment-disease,"Forms
adjacent segment degeneration
radiographic changes of degeneration at levels adjacent to a spinal fusion with or without clinical symptoms
adjacent level ossification (ALOD)
large anterior marginal osteophyte that forms adjacent to a fused construct
unclear whether this leads to adjacent segment disease
adjacent segment disease (ASD)
development of clinical radiculopathy or myelopathy correlating to a motion segment adjacent to the fusion construct
Pathophysiology
ASD
increased motion at the adjacent disc space to compensate for the rigid fused segment
supraphysiologic motion, increased stress, and shear strain leads to accelerated degeneration of the disc space
increase intradiscal pressure ensues from the compensatory increase in motion and stress
increased disc herniation, loss of disc height, osteophyte formation
results in cervical foraminal and central canal stenosis which can lead to clinical radiculopathy and myelopathy
clinical data does not entirely support this as cervical disc arthroplasty, which preserves spinal segment motion, does not reduce ASD
damage to the anterior longitudinal ligament and longus colli muscle at the time of surgery
placement of needle marker into incorrect disc space when localizing the operative level
potentially minimize
ALOD
etiology unclear, but speculated to be an inflammatory reaction that occurs from increased proximity of anterior cervical plate to the adjacent disc space
plate place within 5 mm of the adjacent disc increases ossification risk
heterotopic bone formation in the anterior longitudinal ligament","radiculopathy
pain in dermatome corresponding to adjacent motion segment to previous fusion construct
motor weakness corresponding to the root level adjacent to a previous fusion construct
myelopathy
gait instability
hand clumsiness
urinary abnormalities"
https://www.orthobullets.com/anatomy/10110/lumbosacral-plexus,,
https://www.orthobullets.com/pathology/8054/neuroma,,
https://www.orthobullets.com/recon/322085/adult-knee-radiographic-evaluation,,
https://www.orthobullets.com/pediatrics/4104/down-syndrome,"Genetics
maternal duplication of chromosome 21, yielding a
trisomy 21
chromosome 21 codes for Type VI Collagen (COL6A1, COL6A2)
critical component of skeletal muscle extracellular matrix
dysfunction may contribute to generalized joint laxity
Associated conditions
orthopaedic manifestations
generalized ligamentous laxity and hypotonia
short stature
C1-2 instability
Occipitocervical Instability
delayed motor milestones (walk at 2-3 years of age)
hip subluxation and dislocation
patellofemoral instability and dislocation
scoliosis & spondylolisthesis
pes planus
metatarsus primus varus
SCFE
medical conditions and comorbidities
mental retardation
cardiac disease (50%)
endocrine disorders (hypothyroidism)
premature aging
duodenal atresia
hypothyroidism
Alzheimer's disease",determining degree of symptoms can be difficult
https://www.orthobullets.com/recon/422739/tha-postoperative-inpatient-management,,
https://www.orthobullets.com/hand/6089/anomalous-extensor-tendon,"Mechanism
symptoms arise because of increased muscle
volume
within small muscle compartment
pain from synovitis or ischemia","usually asymptomatic
discovered
incidentally
during surgery (e.g. ganglion removal)
mass
on the dorsum of the hand
intermittent dorsal wrist pain
if muscle bellies impinge on and occupy the narrow dorsal compartments of the wrist"
https://www.orthobullets.com/shoulder-and-elbow/3046/biceps-subluxation,"Pathophysiology
most commonly associated with
subscapularis tears
most common associated pathology
disruption of the biceps sling","anterior
shoulder pain
may have sensation of clicking"
https://www.orthobullets.com/pediatrics/4033/si-joint-infection--pediatric,"Pathophysiology
microbiology
staphylococcus aureus
is the causative organism in most of these infections
mycobacterium tuberculosis
skeletal tuberculosis accounts for 3–5 % of all tuberculosis, of which approximately 10 % occurs at the SIJ
Salmonella
seen in the setting of Sickle Cell Disease","progressive
low back and buttock pain
unable to bear weight
on affected side secondary to pain
fever"
https://www.orthobullets.com/basic-science/9057/amyotrophic-lateral-sclerosis-als,"Pathologic features
lower motor neuron signs
loss of motor neurons within the anterior horns
of the spinal cord and motor cranial nerve nuclei
upper motor neuron signs
degeneration with l
oss of myelinating fibers in the corticospinal
and corticobulbar pathways
abnormal motor conduction, normal sensory conduction
Genetics
cause is mostly unknown
small percentage (~5%) of patients have familial form of the disease
some map to gene for superoxide dismutase on chromosome 21","painless weakness in one extremity that extends to the other extremities
fasciculations
impaired speech or swallowing
reduced head control
breathing difficulty
muscle cramping
urinary frequency or incontinence (late findings)
sensory remains normal"
https://www.orthobullets.com/hand/6072/cleft-hand,"Pathogenesis
theory is wedge-shaped degeneration of
central part of apical ectodermal ridge (AER)
because of loss of function of certain genes expressed in that part of the AER
Types
unilateral vs bilateral
isolated vs syndromic
Forms
typical
(central) cleft hand is characterized by
also known as lobster-claw deformity
Swanson type I failure of formation
(longitudinal arrest) of central ray, leaving
V-shaped cleft
in the center of the hand
Genetics
inheritance pattern
autosomal dominant
with reduced penetrance (70%)
inherited forms become more severe with each generation
mutations
deletions, inversions, translocations of 7q
split hand-split foot syndrome
affected families should undergo
genetic counseling
Associated conditions
Ectrodactyly-ectodermal dysplasia-cleft (EEC) syndrome
sensorineural hearing loss
syndactyly and polydactyly","aesthetic limitation
functional limitation"
https://www.orthobullets.com/knee-and-sports/3023/quadriceps-tendon-rupture,"Pathophysiology
mechanism
eccentric loading
of the knee extensor mechanism
often occurs when the foot is planted and knee is slightly bent
in younger patients the mechanism is usually direct trauma",pain
https://www.orthobullets.com/knee-and-sports/3003/history-and-physical-exam-of-the-knee,,
https://www.orthobullets.com/hand/6106/deep-space-and-collar-button-infections,,"pain
swelling"
https://www.orthobullets.com/basic-science/9061/structural-properties,,
https://www.orthobullets.com/anatomy/10117/deep-peroneal-nerve,,
https://www.orthobullets.com/pathology/8063/nodular-fasciitis,,"may be painless or painful
painful in half of patients
often rapidly enlarging mass over 1 to 2 weeks
lesions 1 to 2 cm"
https://www.orthobullets.com/knee-and-sports/12108/rib-stress-fracture,"Pathophysiology
pathoanatomy
repetitive contraction
stress placed on a rib during repetitive contraction of an attached muscle
accentuated during training because muscles strengthen more rapidly than bone
muscle fatigue
during prolonged activity
places a bone at  risk  for  fracture  by  lessening  the  ability  of  a  muscle  to absorb and dissipate opposing forces
anatomic sites of weakness
first rib stress fx
groove for subclavian artery is site of weakness due to superiorly  directed  forces  from  the scalene muscles and inferiorly directed forces from the serratus  anterior  and  intercostal  muscles","pain
insidious onset
worse with coughing, deep inspiration and overhead activities"
https://www.orthobullets.com/spine/2002/lower-extremity-spine-and-neuro-exam,,
https://www.orthobullets.com/shoulder-and-elbow/3077/shoulder-resurfacing,,
https://www.orthobullets.com/hand/6110/split-nail-deformity,"Pathophysiology
caused by scar in the germinal matrix that causes absence of nail production
can occur as a sequelae of
nail bed injuries
infections (i.e. paronychia)","common symptoms
painless
complaint is typically cosmetic in nature"
https://www.orthobullets.com/shoulder-and-elbow/3127/olecranon-stress-fracture,"Pathophysiology
mechanism of injury
three commonly accepted theories
olecranon posteriomedial impingement
triceps traction force
valgus extension overload
Associated injuries with throwing movements
ulnar collateral ligament tears
medial epicondyle avulsion fracture","posteromedial olecranon pain of the throwing arm
improves with rest
worse with throwing movements"
https://www.orthobullets.com/pediatrics/12745/goldenhar-syndrome,"Pathophysiology
results from an
error in the embryological development of
the ectoderm
leads to unilateral arrest or dysplastic development of
first and second branchial arches
first pharyngeal pouch
branchial cleft
Genetics
inheritance
multifactorial but usually sporadic
may have a genetic component
rarely inherited in an autosomal dominant pattern (1-2%)
Associated conditions
spine
thoracic scoliosis
defects of vertebral segmentation (cervical most common)
face
partially formed or absent ear (microtia)
benign growths around the eye (ocular desmoid cysts)
chin or mouth deviated to the affected side
cleft lip/palate
systemic
hearing defects
kidney defects
normal intelligence","facial asymmetry
hearing problems
dental underdevelopment
spinal deformity"
https://www.orthobullets.com/hand/6099/thromboangiitis-obliterans-buergers-disease,"Pathophysiology
inflammation and clotting of the small vessels of hands and feet
3 phases
acute
thrombus including neutrophils and giant cells
occludes the vessel lumen while sparing the wall
subacute
progressive organization of the thrombus
chronic
inflammation has subsided
organized thrombus and vascular fibrosis remain","early disease
intermittent claudication
of feet, legs, hands or arms
numbness and/or tingling in the limbs
late disease
symptoms of critical limb ischemia
rest pain"
https://www.orthobullets.com/basic-science/4037/pustulosis-palmoplantaris,"Pathophysiology
unknown
therories
activated
nicotine receptors
in the sweat glands cause an
inflammatory process
Associated conditions
orthopaedic conditions
chronic recurrent multifocal osteomyelitis
synovitis–acne–pustulosis–hyperostosis–osteomyelitis (
SAPHO
) syndrome
rare presentations of arthropathy
medical conditions & comorbidities
autoimmune diseases
gluten sensitive enteropathy (celiac disease)
thyroid disease
type 1 diabetes","pruritis, bruning sensation and occasionally pain
worsend by pressure, rubbing and friction
may have discomfort walking
significant psychologic effect"
https://www.orthobullets.com/knee-and-sports/3019/iliotibial-band-friction-syndrome,"Pathophysiology
mechanism of injury
iliotibial band is repetitively shifted forward and backwards across the lateral femoral condyle causing
friction, iliotibial band tensioning and inflammation
impingement zone = 30 degress of knee flexion
pathoanatomy
compression and irritation of the underlying connective tissues beneath the iliotibial band
may result in cysts or bursitis in the lateral synovial recess
may be associated with femoral condyle osseous edema
pathologic changes in the iliotibial band are
less common
Associated conditions
patellofemoral syndrome
may be due to tightness of ITB
medial compartment osteoarthritis
reduced medial joint space causes varus knee deformities
greater trochanteric pain syndrome
alters biomechanics of the ITB","pain predominantly localized over the
lateral femoral condyle
pain may be exacerbated by changes in running terrain or mileage
usually relieved with rest"
https://www.orthobullets.com/anatomy/10088/popliteus,,
https://www.orthobullets.com/anatomy/10113/superior-gluteal-nerve,,
https://www.orthobullets.com/anatomy/10105/superficial-radial-nerve,,
https://www.orthobullets.com/basic-science/9070/myasthenia-gravis,"Pathogenesis
autoantibodies directed against a protein of the neuromuscular junction
autoantibodies can be directed against
nicotinic acetlycholine receptor (AChR)
more common
muscle-specific receptor tyrosine kinase (MuSK)
categorized as a
type II hypersensitivity reaction
T-cells play a role as well
thought to stimulate B-cell antibody production
Associated conditions
thymoma
thymic hyperplasia","general feature
fluctuating muscle weakness
most common weakness is worse with continued use
e.g., worse at the end of the day
true muscle fatigue
secondary to decreasing contractile muscle force
ocular symptoms
most common presenting symptoms
ptosis
diplopia
bulbar symptoms
dysphagia
dysarthria
fatigable chewing
proximal muscle weakness"
https://www.orthobullets.com/anatomy/10031/extensor-carpi-radialis-brevis,,
https://www.orthobullets.com/pediatrics/4112/fetal-alcohol-syndrome,"Associated conditions
medical manifestations
growth disturbances (before and after birth)
central nervous system dysfunction
dysmorphic facies (wide-set eyes, thin philtrum)
orthopaedic manifestations
joint contractures
hip dislocation
congenital fusions of cervical spine
congenital fusions of upper extremity
congenital scoliosis
pectus excavatum
myelodysplasia","physical and mental disability
poor motor coordination
classic facial deformities"
https://www.orthobullets.com/pathology/8051/synovial-chondromatosis,"Mechanism
associated with
cartilage metaplasia
r
esults in
multiple intra-articular loose bodies
ranges from synovial tissue to firm nodules of cartilage
Genetics
occasional chromosome 6 abnormalities have been found","slow progression of symptoms
pain and swelling
pain worse with activity
mechanical symptoms including stiffness
can occur in the bursa overlying an osteochondroma"
https://www.orthobullets.com/anatomy/10024/flexor-digitorum-superficialis,,
https://www.orthobullets.com/knee-and-sports/3027/plicae,"Pathophysiology
50% present with history of blunt trauma to the anterior knee
Plica
are embryologic remnant synovial folds. Most common plicae are
ligamentum mucosum
most common plica
located in the intercondylar notch
suprapatellar plica
located in the suprapatellar space, extending from the medial wall of the knee toward the lateral wall
medial plica
extends from the infrapatellar fat pad to the medial wall of the knee
most commonly irritated from the abrading the medial femoral condyle","snapping sensations
buckling
knee pain on sitting
pain with repetitive activity"
https://www.orthobullets.com/pediatrics/322128/clavicle-shaft-fracture--pediatric,"Pathophysiology
mechanism
fall on an outstretched arm or direct trauma to lateral aspect of shoulder
birth fractures (account for 90% of obstetric fractures)
if there is no history of trauma consider congenital pseudarthrosis of clavicle (typically on right except in patients with dextrocardia)
pathoanatomy
displacing forces
medial fragment displaces posterosuperior
due to pull of the sternocleidomastoid muscle
lateral fragment displaces inferomedially
due to pull of pectoralis and weight of arm
open fractures buttonhole through platysma
Associated injuries
are rare but include
neurovascular injury
brachial plexus injury
associated topics on orthobullets
pediatric
medial clavicle physeal injury
clavicle shaft fracture - pediatric
(80%)
distal clavicle physeal injury
adolescent and adult
sternoclavicular dislocation
clavicle shaft fracture
distal third clavicle fracture",pain
https://www.orthobullets.com/basic-science/9079/multiple-sclerosis,"Pathophysiology
pathophysiology
believed to be caused by a combination of genetic, environmental and infectious factors
recent research suggests a T-cell mediated autoimmune mechanism
Associated conditions
orthopaedic
increased fracture risk
relating to increased risk of falling and decreased bone mineral density
osteoporosis
relating to physical inactivity, vitamin D deficiency, immunomodulatory medication
gait abnormalities
muscle paralysis causing foot drop, etc
muscle and joint spasticity","symptoms of disease are based on the systems involved
psych
fatigue, depression, mood disorders
central nervous system
optic neuritis
, diplopia, nystagmus
ENT
dysarthria, dysphagia
MSK
weakness, loss of balance and coordination, spasms, ataxia, falls
neuro
parasthesis, hypoesthesia,
peculiar sensory phenomena's (e.g. sensation of wetness)
GI
incontinence, diarrhea, constipation
urology
incontinence, frequency, retention"
https://www.orthobullets.com/pediatrics/4087/friedreichs-ataxia,"Genetics
autosomal recessive
repeat mutation leads to lack of
frataxin gene
frataxin is a mitochondrial protein involved in iron metabolism and oxidative stress
mutation is GAA repeat at 9q13
Associated conditions
pes cavovarus foot
scoliosis
predictors of progression
onset of disease is less than 10 years of age
onset of scoliosis is before 15 years of age
cardiomyopathy
cardiology evaluation before surgery
antioxidants (Coenzyme Q) have been shown to decrease rate of cardiac deterioration but have no effect on ataxia","ataxia
staggering
wide based gait
(spinocerebellar)"
https://www.orthobullets.com/recon/5031/tka-approaches,,
https://www.orthobullets.com/hand/6002/thumb-motion,,
https://www.orthobullets.com?contentType=1&pp=500&p=1,,
https://www.orthobullets.com/hand/12282/digital-artery-aneurysm,"Pathophysiology
traumatic
true aneurysm
blunt trauma
weakens the arterial wall causing it to dilate
appear more
uniform in shape
false aneurysm (e.g. pseudoaneurysm)
pentrating trauma
to arterial wall replaced by organized hematoma and fibrous wall
appear more
'sac-like' in shape
non-traumatic
inflammatory
atherosclerotic","slow-growing painful mass
many be sensory disturbance due to compression of adjacent digital nerve"
https://www.orthobullets.com/knee-and-sports/3106/exertional-compartment-syndrome,"Pathophysiology
biochemistry
the local metabolism of the musculature cannot go fast enough to clear the metabolic waste products
pathoanatomy
vascular, advanced imaging, and histologic experiments have not provided clear evidence of the pathoanatomy of this condition
may have lower density of capillaries compared to asymptomatic individuals
fascial
hernias
have been identified with decompression
40% of people with exertional compartment syndrome have these facial defects, only 5% of asymptomatic people have such defects
most common location is near the intramuscular septum of the anterior and lateral compartments, where the superficial peroneal nerve exits","aching or
burning pain in leg
patients can often predict how long the pain will last for after they stop exercise
paresthesias over dorsum of foot
symptoms are
reproduced by exercise
and relieved by rest
symptoms begin ~ 10 minutes into exercise and slowly resolve ~30-40 minutes after exercise"
https://www.orthobullets.com/recon/422846/hip-magnetic-resonance-imaging,,
https://www.orthobullets.com/anatomy/10084/peroneus-brevis,,
https://www.orthobullets.com/anatomy/10021/pronator-teres,,
https://www.orthobullets.com/pathology/8029/desmoplastic-fibroma,,painful lesion
https://www.orthobullets.com/anatomy/10025/flexor-carpi-ulnaris,,
https://www.orthobullets.com/trauma/1002/tscherne-classification,,
https://www.orthobullets.com/recon/5022/tka-postoperative-rehabilitation-and-outpatient-management,,
https://www.orthobullets.com/knee-and-sports/3006/meniscal-cysts,"Pathophysiology
mechanism of injury
meniscal tear functions as a one-way valve
synovial fluid extrudes and then concentrates to form gel-like material
pathoanatomy
horizontal and complex tears, usually = parameniscal cysts
radial or vertical tears, usually = perimeniscal cysts
Associated conditions
articular cartilage injury
anterior cruciate ligament tear","asymptomatic
pain
localized to medial/lateral joint line or back of knee
mechanical symptoms
locking and clicking
delayed or intermittent knee swelling
weakness or claudication (neaurovascular impingement)"
https://www.orthobullets.com/pediatrics/4091/spinal-muscular-atrophy,"Pathophysiology
caused by progressive loss of
alpha-motor neurons
in
anterior horn
of spinal cord
Genetics
inheritance
autosomal recessive
mutation
survival motor neuron (SMN) gene mutation
present
in 90% of cases of SMA
a telomeric
gene deletion
SMN critical to RNA metabolism and is a mediator of apoptosis
there are two SMN genes
all patients with SMA lack SMN-I protein
severity of disease based on number of functional copies of SMN-II
Associated conditions
orthopaedic manifestations of SMA
hip dislocation and subluxation
scoliosis
lower extremity contractures","symmetric progressive weakness
that is
more profound in lower-extremity than upper extremity
more profound proximally than distally"
https://www.orthobullets.com/recon/5018/tka-in-patella-baja-prior-hto,"Pathophysiology of acquired patella baja
common causes include
proximal tibial osteotomy
patella baja is the most common complication seen following proximal tibial opening-wedge osteotomy
may be caused by shortening of the patellar tendon during tibial osteotomy or from scarring of the patellar tendon post-operatively
tibial tubercle slide or transfer
trauma to the proximal tibia
technical error during primary total knee replacement (joint line elevation)
ACL reconstruction
Associated conditions
total knee arthroplasty
patella infera is an important consideration when performing total knee arthroplasty
improper technique may cause patella baja
special techniques must be utilized when performing TKA in patients with patella baja from congenital or acquired (tibial osteotomy, prior TKA) causes","anterior impingement knee pain
knee stiffness"
https://www.orthobullets.com/anatomy/10111/femoral-nerve,,
https://www.orthobullets.com/anatomy/10048/opponens-digiti-minimi,,
https://www.orthobullets.com/anatomy/12317/peak-skillmaster,,
https://www.orthobullets.com/pediatrics/4107/rett-syndrome,"Pathophysiology
affects the grey matter of the brain
Genetics
inheritance pattern
X-linked dominant pattern
mutation
MECP2 gene mutation
this gene encodes the methyl-CpG-binding protein-2, which methylates DNA
95% de novo mutation
mutation is on male copy of X chromosome
Associated conditions
medical conditions
development delay
seizures
80% of cases
behavioral abnormalities
screaming and crying
loss of speech
gastrointestinal
constipation
orthopaedic
spasticity and joint contractures
ataxia
hypotonia
bruxism (grinding of teeth)
chorea (abnormal hand movement)
scoliosis with C-shaped curve
develops at the age of 10
occurs in more than 50% of patients
does not respond to bracing
instrumentation must include entire scoliotic and kyphotic curve","normal development for first 6-18 months of life
when symptoms present, they range widely from mild to severe including
apraxia
loss of purposeful movements in the hands
often the first sign of the disease
mental slowing (i.e. signs of dementia)
abnormal breathing
difficulty ambulating
seizures"
https://www.orthobullets.com/spine/2001/neck-and-upper-extremity-spine-exam,,
https://www.orthobullets.com/pediatrics/4024/proximal-tibia-epiphyseal-fractures--pediatric,"Pathophysiology
mechanism of injury
high energy trauma
varus/valgus force
hyperextension
Associated conditions
fracture
may occur as a part of a Type III tibial tubercle fracture
vascular injury
most common with hyperextension injuries
tethering of popliteal artery (5%)
peroneal nerve injury
(5%)
ligamentous injury
seen in up to 40% of Salter-Harris type III and type IV injuries
compartment syndrome (3-4%)",inability to bear weight
https://www.orthobullets.com/knee-and-sports/3014/proximal-tib-fib-dislocation,"Pathophysiology
mechanism
high-energy trauma
more common with horseback riding and parachuting
fall onto a
flexed and adducted knee
Associated conditions
posterior hip dislocation (flexed knee and hip)
open tibia-fibula fractures
other fractures about the knee and ankle","lateral knee pain
symptoms can mimic a lateral meniscal tear
instability"
https://www.orthobullets.com/anatomy/10003/levator-scapulae,,
https://www.orthobullets.com/hand/6020/pronator-syndrome,"Pathoanatomy
5 potential sites of entrapment include
supracondylar process
residual osseous structure on distal humerus present in 1% of population
ligament of Struthers
travels from tip of supracondylar process to medial epicondyle
not to be confused with arcade of Struthers which is a site of ulnar compression neuropathy in cubital tunnel syndrome
bicipital aponeurosis (a.k.a. lacertus fibrosus)
between ulnar and humeral heads of pronator teres
considered the most common site of entrapment
FDS aponeurotic arch
Associated conditions
commonly associated with
medial epicondylitis","paresthesias in thumb, index, middle finger and radial half of ring finger as seen in carpal tunnel syndrome
in pronator syndrome paresthesias often made worse with repetitive
pronosupination
should have
characteristics differentiating from carpal tunnel syndrome (CTS)
aching pain
over proximal volar forearm
sensory disturbances over the
distribution of palmar cutaneous branch of the median nerve
(palm of hand)
arises 4 to 5 cm proximal to carpal tunnel
lack of night symptoms"
https://www.orthobullets.com/anatomy/10012/deltoid,,
https://www.orthobullets.com/pediatrics/4106/turners-syndrome,"Genetics
mutation
45 XO genotype
Associated condtitions
medical
sexual infantilism
malignant hyperthermia common with anethesia
orthopaedic
cubitus valgus
idiopathic scoliosis (may be exacerbated by growth hormone therapy)
genu valgum
short 4th metacarpals
congenital hip dislocation
web neck
osteoporosis","amenorrhea
short stature
webbed neck"
https://www.orthobullets.com/pediatrics/4043/proximal-femoral-focal-deficiency,"Pathophysiology
defect in the primary ossification center (cartilage anlage)
Spectrum
spectrum of disease includes
absent hip
femoral neck pseudoarthrosis
absent femur
shortened femur
Genetics
primarily sporadic etiology, but rare autosomal dominant form exists
associated with
sonic hedge-hog gene
(limb bud)
Associated conditions
orthopaedic manifestations
fibular hemimelia
(50%)
ACL deficiency
coxa vara
knee contractures
nonorthopaedic manifestations
dysmorphic facies found in rare autosomal dominant type",
https://www.orthobullets.com/anatomy/10102/musculocutaneous-nerve,,
https://www.orthobullets.com/basic-science/9043/hemochromatosis,"Pathophysiology
increased dietary iron absorption and/or increased iron release from cell
leading to inappropriate levels of iron into organs and tissues
Genetics
inheritance
autosomal recessive
mutations
C282Y allele
is most common","classically presents with non-specific symptoms
fatigue
lethargy
joint or muscle pain
may present with systemic symptoms
impotence
diabetes
skin hyperpigmentation"
https://www.orthobullets.com/shoulder-and-elbow/3034/sternoclavicular-joint,,
https://www.orthobullets.com/anatomy/10002/serratus,,
https://www.orthobullets.com/knee-and-sports/3108/tibial-stress-syndrome-shin-splints,"Pathophysiology
caused by a traction periostitis
anterolateral
traction periostitis of tibialis anterior on tibia and interosseous membrane
posteromedial
traction periostitis of tibialis posterior and soleus
Associated conditions
female athlete triad
critical to diagnose and treat
tibial stress fractures
females have 1.5-3.5 increased risk of progression to stress fractures","vague, diffuse pain along middle-distal tibia that
decreases
with running (early stage)
differentiate from exertional compartment syndrome, for which pain increases with running
earlier onset of pain with more frequent training (later stages)"
https://www.orthobullets.com/knee-and-sports/3097/hip-labral-tear,"Pathophysiology
femoroacetabular impingement
hip dysplasia
floppy labrum more susceptible to tearing
trauma
hip dislocations/subluxations are a common cause
capsular laxity
increased translational forces across labrum due to joint hypermobility
joint degeneration
causes acetabular edge loading","mechanical hip
pain
and
snapping
may have vague groin pain
may be associated with a sensation of
locking"
https://www.orthobullets.com/spine/2040/sacroiliitis,"Pathophysiology
can stem from traumatic event or infection
pregnancy may lead to increased incidence in some females
often stems from chronic inflammation of SI joints
can lead to fibrosis and ossification within SI joint
Associated conditions
ankylosing spodyliitis
associated with HLA-B27
1-2% of all individuals will have HLA-B27
Reiter's syndrome
oligoarticular arthritis, conjunctivitis and urethritis
joint arthritis","pain with prolonged standing
difficulty climbing stairs
generalized low back pain
weakness from hip musculature on affected side
morning stiffness"
https://www.orthobullets.com/foot-and-ankle/12114/blood-supply-to-the-foot,,
https://www.orthobullets.com/anatomy/10044/adductor-pollicis,,
https://www.orthobullets.com/anatomy/10030/extensor-carpi-radialis-longus,,
https://www.orthobullets.com/spine/2076/lenke-classification-of-ais,,
https://www.orthobullets.com/recon/422741/tha-vascular-injury-and-bleeding,,"syncopal
dyspnea
chest pain"
https://www.orthobullets.com/trauma/322055/head-trauma,"Conditions include
epidural hematoma
(below)
subdural hematoma
(below)
subarachnoid hemorrhage
(below)
intraparenchymal hemorrhage
(below)
stroke
transient ischemic attack
concussion (mild traumatic brain injury)",
https://www.orthobullets.com/anatomy/10087/plantaris,,
https://www.orthobullets.com/anatomy/10040/extensor-indicis-proprius,,
https://www.orthobullets.com/shoulder-and-elbow/3040/subcoracoid-impingement,"Pathoanatomy
mechanism
position of maximal impingement is arm
adduction
,
flexion
, and
internal rotation
risk factors
patients with a
long or excessively lateral coracoid process
prior surgery that caused
posterior capsular tightening
and loss of internal rotation
Associated conditions
combined subscapularis, supraspinatus, and infraspinatus tears","pain in anterior shoulder worsened by various degrees of flexion, adduction, and rotation"
https://www.orthobullets.com/anatomy/10067/adductor-magnus,,
https://www.orthobullets.com/anatomy/10073/piriformis,,
https://www.orthobullets.com/spine/2056/neuromuscular-scoliosis,,
https://www.orthobullets.com/anatomy/10095/quadratus-plantae,,
https://www.orthobullets.com/knee-and-sports/3104/rectus-femoris-strain,"Pathophysiology
mechanism
sudden, forceful eccentric contraction of the muscle
sprinting from standing position
kicking soccer ball with great force
pathoanatomy
acute injuries
usually more distal on the thigh
chronic injuries
usually occur closer to the muscle origin
Associated conditions
avulsion of anterior inferior iliac spine
(AIIS)
adolescent athletes may have proximal bony avulsion of anterior inferior iliac spine (AIIS)
occurs at insertion site of direct head of rectus femoris","pain in the anterior aspect of the hip
strain or avulsion at insertion on AIIS
pain midthigh
strain in muscle fibers
pain distally
most common finding"
https://www.orthobullets.com/spine/2017/traumatic-spondylolisthesis-of-axis-hangmans-fracture,"Mechanism
hyperextension
leads to fracture of pars
secondary flexion
tears PLL and disc allowing subluxation
Associated injuries
30% have concomitant c-spine fx",neck pain
https://www.orthobullets.com/trauma/1006/adult-respiratory-distress-syndrome,"Pathophysiology
acute
endothelial damage resulting from
aspiration
infection
pancreatitis
multiple blood transfusions
lung injury
sepsis or shock
major trauma
large surface area burns
fat emboli
thromboembolism
multi-system organ failure
pathoanatomy
injury cascade leads to
non-cardiogenic pulmonary edema
respiratory distress
refractory hypoxemia
decreased lung compliance","acute onset (12-48 hours) of
dyspnea
fever
mottled or cyanotic skin"
https://www.orthobullets.com/anatomy/10010/latissimus-dorsi,,
https://www.orthobullets.com/recon/12303/tka-templating,,
https://www.orthobullets.com/hand/6056/wrist-arthritis,"Mechanism
degenerative
primary OA
posttraumatic
leads to SLAC/SNAC/DRUJ
inflammatory
Rheumatoid arthritis
congenital
may be secondary to Madelung's deformity
idiopathic
may secondary to Kienbock's or Preiser's disease
Pathoanatomy
SLAC
Injury to SL ligament --> palmar rotary subluxation of scaphoid --> incongruency of joint surfaces --> arthrosis of radiocarpal joint --> arthrosis of capitolunate joint
radiolunate typically spared
SNAC
proximal portion of scaphoid remains attached to lunate while distal scaphoid flexes
leads to early arthritis between radial styloid and distal scaphoid
like SLAC, radiolunate typically spared
Rheumatoid arthritis
wrist becomes supinated, palmarly dislocated, radially deviated, and ulnarly translocated
early disruption of DRUJ leads to dorsal subluxation of ulna (Caput-ulna)",
https://www.orthobullets.com/anatomy/10026/flexor-digitorum-profundus,,
https://www.orthobullets.com/recon/12753/tka-metal-hypersensitivity,"Pathophysiology
Type IV - delayed-type cell mediated hypersensitivity
mediated by T cells
reaction to
nickel
found in cobalt-chromium alloys
metal ions
deposit in local tissue, must react with proteins to initiate hypersensitivity
biggest link may be metal ions/hypersensitivity as a causative initiator of early implant loosening","vague persistent pain
persistent, unremitting effusion/swelling
stiffness"
https://www.orthobullets.com/anatomy/10046/abductor-digiti-minimi,,
https://www.orthobullets.com/foot-and-ankle/7048/poliomyelitis,"Associated conditions
Postpolio syndrome
an aging phenomenon where more nerve cells become inactive with time
it does not represent reactivation of the virus
occurs after middle age
occurs in up to 50% of polio cases
leads to increasing difficulty performing activities of daily living
patients should exercise at sub-exhaustion levels to tone affected muscle groups without causing muscle breakdown",
https://www.orthobullets.com/pediatrics/4077/syndactyly-of-the-toes,"Pathophysiology
cellular biology
due to incomplete or absent apoptosis during gestation
Genetics
inheritance pattern
most are autosomal dominant
Associated conditions
Familial Syndactyly
Down`s Syndrome
Klippel-Feil Syndrome
Smith-Lemli-Opitz Syndrome",usually painless with cosmetic concerns only
https://www.orthobullets.com/recon/12751/tka-vascular-injury-and-bleeding,"Causes
direct laceration
sharp dissection in posterior compartment of knee
blunt trauma
posterior retractor placement
stay medial with single-prong retractor (do not go lateral to PCL)
popliteal artery is a
lateral
structure at the level of the joint line
do not insert retractor more >1cm into posterior soft tissues
hyperflexion
displaces artery and can avoid injury
excessive
hyperextension brings the artery closer to the knee
increases likelihood of injury during bone cuts
thrombosis",
https://www.orthobullets.com/pediatrics/4125/bladder-exstrophy,"Pathology
abnormal anterior rupture of the
cloacal membrane
early in the embryonic period
mesenchymal ingrowth into the abdominal wall is also inhibited
altered migration of sclerotomes
that comprise the anterior elements (pubis)
Associated conditions
family history should be sought out as often associated with other conditions","a thorough history and a complete examination are essential
urinary system infection(s)"
https://www.orthobullets.com/pediatrics/322134/pediatric-ankle-trauma-radiographic-evaluation,,
https://www.orthobullets.com/pathology/8022/chondromyxoid-fibroma,"Pathophysiology
may arise from physeal remnants
Genetics
mutations
a genetic rearrangement may affect
chromosome 6
(
postion q13)",pain and mild swelling
https://www.orthobullets.com/pediatrics/422805/congenital-popliteal-webbing,"Genetics
inheritance pattern
autosomal dominant
can also be sporadic
associated with advanced paternal age
mutations
results from a mutation in the
IRF6 gene
encodes a
transcription factor
that is active in cells that give rise to tissues in the head and face
also involved in the  development of the skin and genitalia
Associated conditions
cleft lip/palate
syndactyly
criptorchidism
bifid scrotum
hypoplasia of the labia majora
congnitive delays
spina bifida",
https://www.orthobullets.com/pathology/8030/pleomorphic-sarcoma-of-bone-malignant-fibrous-histiocytoma,"Genetics
mutations of the tumor suppressor gene p53 have been implicated in tumorgenesis of secondary MFH of bone","pain
constitutional symptoms
fevers, chills, night sweats and weight loss"
https://www.orthobullets.com/shoulder-and-elbow/322184/humeral-avulsion-glenohumeral-ligament-hagl,"Pathophysiology
mechanism of injury
hyperabduction and external rotation is the main mechanism
diving, Football, Basketball, Volleyball, Surfing, skiing, MVC
Associated conditions
orthopedic conditions
labral tears - 25%
rotator Cuff tears - 23%
Hill-Sachs Deformity - 17%
bony Bankart","severe persistent pain after instability event
recurrent instability"
https://www.orthobullets.com/spine/2048/pseudosubluxation-of-the-cervical-spine,"Pathophysiology
caused by the
horizontal nature of the facet joints
at younger ages
facet joints become more vertical with age",
https://www.orthobullets.com/hand/423154/mcp-joint-arthritis,"Pathophysiology
trauma
intra-articular fractures without anatomic reduction leading to incongruent joint space
rheumatoid and inflammatory arthritides
joint destruction and cartilage loss
cell biology
rheumatoid arthritis (RA)
egress of
neutrophils
which migrate to synovial fluid and produce proteases and reactive oxygen species causing cartilage destruction
diffuse, polyarticular
synovial
hypertrophy
that results in capsular and ligamentous laxity, degenerative arthritis, and tendon rupture
Gout
deposition of
monosodium urate crystals
triggers an increase in IL-1
β and IL-1 receptor activation leading to transcription of pro-inflammatory cytokines driving joint destruction
Calcium Pyrophosphate Deposition Disease (CPPD)
deposition of
calcium pyrophosphate
within the synovium which up-regulates the inflammatory cascade
Systemic Lupus Erythematosus (SLE)
significant up-regulation of pro-inflammatory
interferon-inducible genes
which down-regulate extracellular matrix homeostasis leading to decreased tissue repair and increased cartilage destruction
Hemochromatosis
intra-articular
iron
deposition increases IL-1 receptor activity leading to up-regulation of the inflammatory cascade and subsequent joint destruction","common symptoms of OA
pain
deformity
common symptoms of inflammatory arthritis
intermittent inflammatory episodes
waxing and waning clinical course
other joint involvement"
https://www.orthobullets.com/pediatrics/4110/beckwith-wiedemann-syndrome,"An overgrowth syndrome characterized by spectrum of clinical manisfestations, highlighted by:
major criteria:
overgrowth
abdominal wall defects, incl. omphalocele
macroglossia or large tongue
minor criteria
hemihypertrophy (10-20%)
ear anomalies
neonatal hypoglycemia
nephromegaly
Pathophysiology
pancreatic islet cell hypertrophy causes repeated bouts of infantile hypoglycemia resulting in spasticity
Genetics
inheritance
sporadic in 85% of cases
autosomal dominant with incomplete penetrance in remaining 15%
mutation
chromosome 11p15.5
Associated conditions
orthopaedic manifestations
hemihypertrophy
medical conditions
patients have a predisposition for embryonal tumors, i.e. Wilm's tumor, and should be screened with US every 3-6 months until 5-8 years of age",
https://www.orthobullets.com/basic-science/9049/reiters-syndrome,"Diagnostic criteria
urethritis
conjunctivitis or uveitis
arthritis
Pathophysiology
associated infections
mycoplasma
yersinia
salmonella
shigella
chlamydia
campylobacter
Genetics
may be genetic component making certain individuals more susceptible","urinary discomfort or pain
usually appears within days or weeks of infection
inflammation or dryness of the eye
joint pain
may develop within weeks of initial infection and urinary symptoms
other non-specific pain symptoms including
heel pain (Achilles tendon pain)
low back pain"
https://www.orthobullets.com/pediatrics/4061/metatarsus-adductus,"Mechanism
thought to be related to packaging disorder caused by intra-uterine positioning","parents complain of intoeing, usually in first year of life"
https://www.orthobullets.com/hand/6049/ulnar-styloid-impaction-syndrome,"Pathophysiology
pathoanatomy
impaction between ulnar styloid tip and triquetrum that is seen in patients with excessively long ulnar styloids or ulna positive wrists
Associated conditions
radial malunion
congenitally short radius
premature radial physeal closure","ulnar side wrist pain
pain with pronation or grip"
https://www.orthobullets.com/trauma/1014/scapulothoracic-dissociation,"Mechanism
usually caused by a
lateral traction injury
to the shoulder girdle
involves significant trauma to heart, chest wall and lungs
Associated conditions
orthopaedic
scapula fractures
clavicle fractures
AC dislocation/separation
sternoclavicular dislocation
flail extremity
(52%)
complete loss of motor and sensory function rendering the extremity non-functional
vascular injury
subclavian artery
most commonly injured
axillary artery
neurologic injury (up to 90%)
ipsilateral brachial plexus injury (often complete)
neurologic injuries more common than vascular injuries","pain in involved upper extremity (UE)
numbness/tingling in involved UE"
https://www.orthobullets.com/knee-and-sports/3119/pre-participation-physical-exam-in-athlete,,
https://www.orthobullets.com/anatomy/10107/anterior-interosseous-nerve,,
https://www.orthobullets.com/pediatrics/4058/tibial-deficiency,"Genetics
autosomal dominant inheritance pattern
obtain genetic counseling
Associated conditions
musculoskeletal conditions present in 75% of patients
ectrodactyly
preaxial polydactyly
ulnar aplasia",
https://www.orthobullets.com/knee-and-sports/3098/trochanteric-bursitis,"Pathophysiology
pathoanatomy
repetitive trauma caused by
iliotibial band tracking over trochanteric bursa
can irritate the bursa causing inflammation","lateral sided
hip pain
, although hip joint is not involved"
https://www.orthobullets.com/hand/6047/triangular-fibrocartilage-complex-tfcc-injury,"Mechanism of TFCC injury
Type 1 traumatic injury
mechanism
most common is fall on
extended wrist with forearm pronation
traction injury to ulnar side of wrist
traction injury to ulnar wrist
Type 2 degenerative injury
associated with
positive ulnar variance
associated with ulnocarpal impaction","wrist pain
turning a door key often painful"
https://www.orthobullets.com/basic-science/9018/synovium-and-synovial-fluid,,
https://www.orthobullets.com/anatomy/10013/supraspinatus,,
https://www.orthobullets.com/hand/6107/atypical-mycobacterium-infections,"Pathophysiology
incubation
average incubation period is two weeks, but can be up to six months
average time to diagnosis and appropriate treatment is more than 1 year
organisms
widely encountered in the environment, but rarely cause human pathology
M. marinum
most common atypical mycobacterium infection
more common in stagnant fresh or salt water (aquariums)
M kansasii
found in soil
M terrae
found in soil
M. avium intracellulare
most common in terminal AIDS patients, but can occur in non-HIV patients",cutaneous rash with discomfort
https://www.orthobullets.com/anatomy/10115/sciatic-nerve,,
https://www.orthobullets.com/anatomy/10041/opponens-pollicis,,
https://www.orthobullets.com/anatomy/10137/superficial-peroneal-nerve,,
https://www.orthobullets.com/anatomy/10014/infraspinatus,,
https://www.orthobullets.com/trauma/1053/wound-and-hardware-infection,"Pathophysiology
mechanisms
seeding
disruption of soft tissue envelope, blood vessels, and periosteum allow bacteria to avoid host defenses
direct seeding of implant and/or anatomical structure
hematogenous seeding
biofilm formation
dependent on exopolysaccharide glycocalyx","pain at previous fracture site
may indicate infected non-union
fevers, chills, and night sweats may be present"
https://www.orthobullets.com/spine/12737/spine-surgical-site-infections,"Pathophysiology
pathophysiology
instrumentation
the use of instrumentation has an important role in the development of postoperative infections
can cause local soft tissue irritation leading to inflammation and seroma formation that subsequently provides a fertile breeding ground for microorganisms to grow
adherence of bacteria to the surface of implants is promoted by a polysaccharide biofilm called glycocalyx that acts as barrier against host defense mechanisms and antibiotics
metallosis from micromotion of the instrumentation leads to granuloma formation and provides yet another medium for bacterial colonization
microbiology
staphylococcus aureus
73%
most frequent microorganism found in spinal SSI is Staphylococcus aureus
5-18% can me
methicillin resistant
staphylococcus aureus (MRSA)
staphylococcus epidermidis
increasing frequency in postoperative infections
enterococcus coli & enterococcus faecalis
patients with incontinence / faecal contamination
propio acnes (low virulence microorganisms)
patients with compromised immune system could present with surgical wound infected by low virulence microorganisms
late hardware infection
gram-negative rods
generally uncommon cause of SSI
trauma patients
severe neurologic injury
those in an immunocompromised state (injury severity score >18)
higher incidence seen with neuromuscular scoliosis patients (cerebral palsy, Duchenne's muscular dystrophy, etc.)
higher risk of soiling wound due to poor bowel and bladder control compounded with lack of baseline mobility
polymicrobial
almost exclusivley a result of direct wound contamination during the post-operative period
fecal or urinary contamination of the wound in neuromuscular patients","wound drainage
most common presentation
increasing pain
increase with time
post-op pain should improve with time
constitutional symptoms
fever
is the most common generalized finding with infection
temperature >39°C is worrisome for a bacterial deep wound infection
generalized sepsis
generalized malaise
lethargy
confusion
hypotension
organ failure is an indication for emergent surgical débridement
condition usually presents as generalized malaise, lethargy, and even confusion"
https://www.orthobullets.com/pediatrics/12779/psoas-abscess--pediatric,"Pathophysiology
may spread to hip joint
causing septic arthritis because of
indirect passage via psoas bursa
lies between hip joint and psoas
connects psoas directly to hip joint in 15%
of cadavers
direct passage between the iliofemoral and iliopubic ligaments
Microbiology
Staph aureus
most common organism
Associated conditions
septic hip - pediatric
tuberculous spondylitis","presents like hip septic arthritis
fever
hip pain
limp or refusal to bear weight"
https://www.orthobullets.com/pediatrics/4064/equinovarus-foot,"Pathophysiology
pathomechanics
imabalance of invertors and evertors (
invertors overpower the evertors
)
relative overpull of
tibialis posterior and/or
tibialis anterior
gastoc-soleus complex
example: in cerebral palsy
the causative muscles for the varus are the
anterior tibialis
(AT) in 1/3 of patients
posterior tibialis
(PT) in 1/3 and
both the AT and PT in the remaining 1/3
foot deformity muscle imbalance overview","pain
painful weight bearing over the
lateral border of the foot
instability
during stance phase
results in
shortened single limb stance
poor shoe and/or brace fitting and shoe wear problems"
https://www.orthobullets.com/anatomy/10045/palmaris-brevis,,
https://www.orthobullets.com/basic-science/9045/acute-rheumatic-fever,"Pathophysiology
molecular biology
autoimmune reaction within 1-4 weeks following
G
roup A beta-hemolytic
Streptococcus pyogenes pharyngitis
molecular mimicry
antibodies to M protein of GAS causing an inflammatory response to synovium, myocardium, and basal ganglia cells","rash
joint pain and refusal to bear weight"
https://www.orthobullets.com/trauma/322135/adult-hindfoot-radiographs,,
https://www.orthobullets.com/anatomy/10007/pectoralis-minor,,
https://www.orthobullets.com/anatomy/10033/extensor-digiti-minimi,,
https://www.orthobullets.com/anatomy/10116/tibial-nerve,,
https://www.orthobullets.com/spine/2003/spine-biomechanics,,
https://www.orthobullets.com/spine/12785/vertebral-artery-injury,"Pathophysiology
blunt traumatic injury
pathoanatomy
highest injury risk at point of entry into C6 transverse foramen
second highest risk at C1-2 articulation
iatrogenic injury during elective surgery
safe zone
C1: avoid dissection cephalad to the C1 posterior arch >1.5 cm lateral to midline
C1 lateral mass screw should be placed in a 10
°
medial and 22
°
cephalad trajectory","variable in presentation and time of onset
vertebrobasilar insufficiency manifests with:
dizziness
vertigo
nausea
diplopia
blindness
ataxia
bilateral weakness
oropharyngeal dysfunction"
https://www.orthobullets.com/recon/5037/hip-physical-exam--adult,,
https://www.orthobullets.com/knee-and-sports/3016/quadriceps-tendonitis,"Pathophysiology
mechanism of injury
occurs as the result of repetitive eccentric contractions of the extensor mechanism
pathoanatomy
microtears of the tendon most commonly at the bone-tendon interface
Associated conditions
Jumper's knee
patellar tendonitis
more commonly affects the insertion of the patella tendon at the patella.
less commonly the insertion at the tibial tubercle
Quadriceps tendinosis
chronic quad tendon degeneration with no inflammation","pain localized to the
superior borde
r of patella
worse with activity
associated swelling"
https://www.orthobullets.com/recon/9036/idiopathic-transient-osteoporosis-of-the-hip-itoh,"Pathogenesis
local hyperemia and impaired venous return with marrow edema and increased intramedullary pressure
also referred to as
bone marrow edema syndrome
regional migratory osteoporosis
migratory osteolysis","progressive, atraumatic hip and groin pain over several weeks
may be unable to bear weight"
https://www.orthobullets.com/hand/6017/lumbrical-plus-finger,"Pathophysiology
mechanism
FDP disruption distal to the origin of the lumbicals
(most common)
can be due to
FDP transection
FDP avulsion
DIP amputation
amputation through middle phalanx shaft
""too long"" tendon graft
pathoanatomy
lumbricals originate from FDP
with FDP laceration, FDP contraction leads to pull on lumbricals
lumbricals pull on lateral bands leading to PIP and DIP extension of involved digit
with the middle finger, when the FDP is cut distally, the FDP shifts ulnarly (because of the pull of the 3rd lumbrical origin)(bipennate)
this leads to tightening of the middle finger lumbrical (2nd lumbrical, unipennate), and amplifies the ""lumbrical plus"" effect","notices that when attempting to grip an object or form a fist, 1 digit sticks out or gets caught on clothes"
https://www.orthobullets.com/pathology/8073/squamous-cell-carcinoma,,pain
https://www.orthobullets.com/pediatrics/4036/chronic-recurrent-multifocal-osteomyelitis-crmo,"Pathophysiology
poorly understood
Criteria
multiple sites of apparent osteomyelitis
pathology and cultures are negative
no response to antibiotics
Associated conditions
Pustulosis palmoplantaris syndrome
a rare chronic relapsing condition causing
red patches and pustules on the soles of the feet and palms of the hands
considered a
rheumatologic condition
and no infectious agents have been identified
following the outbreak of the lesions,
desquamation occurs several days
later
associated with
CRMO
SAPHO Syndrome
CRMO associated with: synovitis, acne, pustulosis, hypersotosis, osteitis","episodic fever
malaise
localized pain, swelling"
https://www.orthobullets.com/spine/2011/syrinx-and-syringomyelia,"Pathophysiology
usually result from lesions that partially obstruct CSF flow including
craniocervical junction abnormalities
more than 50% related to Chiari malformations (CM)
herniated cerebellar tonsils act as pistons obstructing subarachnoid space at foramen magnum creating pressure wave in subarachnoid space with each heartbeat
spinal cord trauma
found in 4-10% of patients with spinal cord injury
may become apparent years after the injury
spinal cord tumors
30% of patients with a spinal cord tumor develop a syrinx
post-infectious (e.g. meningitis)
due to scarring from arachnoiditis
Associated conditions
developmental scoliosis
25% to 80% of cases of syringomyelia may have scoliosis
neural axis malformations found in 1.8% to 25% of patients initially diagnosed with idiopathic scoliosis depending on case series and referral patterns
Klippel-Feil deformity
Charcot's joints
occurs in < 5% with syringomyelia
often involves shoulder joint",
https://www.orthobullets.com/hand/10119/thumb-cmc-dislocation,"Pathophysiology
mechanism
axial force on a flexed thumb (more common)
dorsal force applied in 1
st
web space (e.g. handlebar driven into a motorcyclist’s thumb on impact) (less common)
pathoanatomy
dorsoradial ligament is torn
anterior oblique ligament is stripped/peeled off the 1
st
metacarpal base but remains continuous",pain over thenar eminence
https://www.orthobullets.com/spine/2000/cervical-lateral-mass-fracture-separation,"Pathophysiology
mechanism of injury
traffic accident, falls, heavy object landing on head
hyperextension, lateral compression and rotation
of the cervical spine
Associated conditions
instability
affect 2 levels
because of involvement of the superior facet and inferior facet on either side of the fractured articular mass
anterior translation (listhesis)
fractured vertebrae (77%)
superior adjacent vertebrae (24%)
inferior adjacent vertebrae (10%)
coronal translation (33%)
vertebral body collapse (33%)
lower in Type A Separation fracture subtypes","neurologic symptoms common (up to 66%)
radicular pain, radiculopathy or spinal cord injury/myelopathy
can be classified by Frankel grade or ASIA impairment scale"
https://www.orthobullets.com/trauma/322138/adult-hip-radiographs,,
https://www.orthobullets.com/spine/422819/blood-loss-management-in-spine-surgery,,
https://www.orthobullets.com/anatomy/10078/quadratus-femoris,,
https://www.orthobullets.com/anatomy/10065/adductor-longus,,
https://www.orthobullets.com/hand/6112/pisiform-fracture,"Pathophysiology
mechanism of injury
usually occurs by direct impact against a hard surface
fall on outstretched hand
Associated conditions
50% occur as isolated injuries
50% occur in association with other carpal fractures or distal radius fractures","ulnar sided wrist pain
after a fall
grip weakness"
https://www.orthobullets.com/shoulder-and-elbow/422873/neuropathic-charcot-joint-of-the-elbow,"Pathophysiology
syrinx formation
syrinx formation (fluid-filled cavity) in spinal cord causes damage to the decussating fibers of the lateral spinothalamic tract leading to
loss of pain and temperature sensation
loss of pain/temperature leads to dissociative anesthesia in which proprioception and motor function are preserved but pain and temperature are not
as syrinx enlarges, damage to dorsal column and anterior horn of spinal cord lead to areflexia, loss of motor strength and muscle atrophy.
joint destruction
neurotrauma
loss of peripheral sensation and proprioception leads to
repetitive microtrauma
to the joint
poor fine motor control generates unnatural pressure on certain joints leading to additional microtrauma
neurovascular
neuropathic patients have dysregulated reflexes and desensitized joints that receive significantly
greater blood flow
the resulting hyperemia leads to increased
osteoclastic resorption
of bone
Genetics
molecular biology
RANK/RANKL/OPG triad pathway is thought to be involved
Associated conditions
orthopedic conditions
ulnar neuropathy
medical conditions & comorbidities
syringomyelia
most common etiology of neuropathic arthropathy of the upper extremity
25% of Charcot joints are a result of syringomyelia
monoarticular (shoulder > elbow)
Arnold-Chiari malformation
most common cause of syringomyelia
Hansen's disease
(leprosy)
second most common cause of upper extremity neuropathic arthropathy
neurosyphilis (tabes dorsalis)
usually affects the knee
can be
polyarticular
diabetes
most common cause of foot and ankle neuropathic joints","swollen elbow
50% have pain, 50% are painless
loss of function"
https://www.orthobullets.com/anatomy/10081/extensor-hallucis-longus-l5,,
https://www.orthobullets.com/pediatrics/4030/transient-synovitis-of-hip,"Pathophysiology
pathoanatomy
non-specific inflammation and hypertrophy of the synovial lining/membrane","mild or absent fever
acute or
insidious onset of groin/thigh pain
refusal to bear weight on the affected extremity
usually improves during the day (child can walk with a limp later in the day)
muscle spasms"
https://www.orthobullets.com/pediatrics/4122/distal-clavicle-physeal-fractures,"Pathophysiology
mechanism
fall onto an outstretched extremity or onto side of the shoulder.
direct blow
child abuse (rare cause)
pathoanatomy
considered a childhood equivalent to
adult AC separation
periosteum usually remains intact with injury
clavicle displaces away from physis and periosteal sleeve
both of which remain attached to the AC and CC ligaments",pain
https://www.orthobullets.com/shoulder-and-elbow/12765/flexor-pronator-strain,"Pathophysiology
acute muscle tear
single event of a large, eccentric force during resisted wrist flexion, forearm pronation, and valgus at the elbow
chronic overuse can lead to acute flexor pronator rupture
sudden onset of pain and flexor weakness
chronic tendonitis
repetitive elbow valgus, wrist flexion, and forearm pronation
Associated conditions
ulnar collateral ligament insufficiency
should be ruled out in throwing athletes","pain
medial elbow pain distal to the medial epicondyle
chronic pain during late cocking/early acceleration"
https://www.orthobullets.com/basic-science/9047/systemic-lupus-erythematosus-sle,"Genetics
multiple genes involved
multiple HLAs involved
HLA class II, HLA class III, HLA-DR, HLA-DQ
Systemic manifestations
joint involvement is
most common feature (75%)
pancytopenia
pericarditis
kidney disease
is most common cause of mortality
hip osteonecrosis
is common in patients taking
glucocorticoids
Raynaud's phenomenon","fever
pain in multiple joints
hip pain (osteonecrosis)"
https://www.orthobullets.com/shoulder-and-elbow/3033/acromioclavicular-joint,,
https://www.orthobullets.com/hand/12110/hamate-body-fracture,"Pathophysiology
mechanism of injury
main cause for these lesions is a direct impact against a hard surface with a
clenched fist
Associated conditions
4th or 5th metacarpal base fractures or dislocations
present in ~ 15%
Hook of Hamate fractures",ulnar-sided wrist pain and swelling
https://www.orthobullets.com/anatomy/10043/flexor-pollicis-brevis,,
https://www.orthobullets.com/basic-science/9033/osteomalacia,"Mechanism
qualitative
defect as opposed to a quanitative defect like osteoporosis","generalized bone and muscle pain
fractures of long bones, ribs and vertebrae
proximal muscle weakness weakness
fatigue"
https://www.orthobullets.com/basic-science/9071/bioabsorbable-materials,,
https://www.orthobullets.com/anatomy/10052/brachial-plexus,,
https://www.orthobullets.com/anatomy/10108/ulnar-nerve,,
https://www.orthobullets.com/pathology/8033/hemangioma,,"may be asymptomatic
may present with
pain
or
pathologic fx"
https://www.orthobullets.com/pediatrics/4105/prader-willi-syndrome,"Genetics
partial chromosome 15 deletion
Associated conditions
orthopaedic
growth retardation
hip dysplasia
juvenile onset scoliosis
genu valgum
pes planus
leg length difference
medical
hypotonic
obese
intellectually impaired
insatiable appetite
hypoplastic genitalia","failure to thrive in infancy
weak cry
aggressive behavior
abnormal facial features
almond-shaped eyes
small, down-turned mouth"
https://www.orthobullets.com/knee-and-sports/3090/iliac-crest-contusion-hip-pointer,"Pathoanatomy
hematoma
occurs into area surrounding iliac wing
and can cause bleeding into hip abductor muscles
rule out
avulsion of the iliac apophysis
in adolescent patients",pain near iliac crest
https://www.orthobullets.com/pediatrics/4095/multiple-epiphyseal-dysplasia-med,"Pathophysiology
delay of epiphyseal endochondral ossification
lack of osseous support yields secondary articular cartilage deformity
most commonly affects
proximal femur and proximal humerus
Genetics
autosomal dominant is most common
mutation in COMP
(cartilage oligomeric matrix protein) gene on chromosome 19 (most common and most severe form)
mutations
t
ype IX collagen
COL9A1, COL9A2, COL9A3
causing
t
ype II collagen dysfunction
because of type IX collagen acts as a link protein for type II collagen
necessary for healthy articular cartilage
Mutation in
Matrillin 3
may also be autosomal recessive
mutation in SLC26A2 (diastrophic dysplasia
sulfate transporter
gene)
presents with at least one finding at birth
clubfoot, cleft palate, clinodactyly
up to half of patients with clinical diagnosis of MED do not have the typical genetic mutations","short-limbed, disproportionate dwarfism
joint pain
waddling gait"
https://www.orthobullets.com/hand/6108/fungal-infections,"Pathophysiology
Depends on fungus species
Candida species are responsible for chronic or recurrent paronychia and found in moist environments
Sporothrix schenckii
that is found in plants and soil.",
https://www.orthobullets.com/foot-and-ankle/7012/hallux-varus,"Pathophysiology
causes
congenital
metatarsal physeal bracket
acquired
iatogenic (overcorrection from surgery)
trauma
inflammatory (e.g. rheumatoid arthritis, ankylosis spondylitis)
neurological (e.g. Charcot-Marie-Tooth, post-polio)
pathoanatomy
loss of osseous support
excessive resection of the medial eminence
excision of fibular (lateral) sesamoid
overrelease of lateral capsular structures
overplication of medial capsule
overtranslation of intermetatarsal angle or hallux valgus interphalangeus
Orthopaedic manifestations
hallux varus usually presents with
three possible components
medial deviation of the hallux
relative to first MTP joint
supination of the phalanx
claw toe deformity","often asymptomatic
pain indicates underlying joint arthritis or trauma
may also complain of decreased ROM, instability, weakness with push-off"
https://www.orthobullets.com/knee-and-sports/3004/knee-imaging,,
https://www.orthobullets.com/basic-science/9026/hypercalcemia,,"CNS
confusion
stupor
weakness
gastrointestinal
constipation
anorexia
nausea
vomiting
kidney
polyuria
kidney stones
polydipsia"
https://www.orthobullets.com/pathology/12760/actinic-keratosis,"Associated conditions
may lead to
squamous cell carcinoma","typically asymptomatic
occasionally tender"
https://www.orthobullets.com/recon/423129/tka-kinematic-alignment,,
https://www.orthobullets.com/hand/6042/lunotriquetral-ligament-injury-and-visi,"Mechanism
LT ligament injury occurs with
wrist hyperextension or
extension and radial deviation
scaphoid induces the lunate into further flexion while triquetrum extends
VISI Deformity
stands for volar intercalated segment instability
a type of Carpal Instability Dissociative (CID)
caused by advanced injury with injury to
lunotriquetral ligament
dorsal radiotriquetral ligament
volar radiolunate ligament
VISI may occasionally be seen in uninjured wrists in patients with ligamentous laxity
this is in contrast to DISI deformity, which is always a pathologic condition",ulnar sides pain that is worse with pronation and ulnar deviation (power grip)
https://www.orthobullets.com/anatomy/10063/gluteus-minimus,,
https://www.orthobullets.com/knee-and-sports/3093/osteitis-pubis,"Pathophysiology
mechanism
repetitive microtrauma to the pubic symphysis by
sports involving repetitive kicking
sports involving hip repetitive adduction/abduction","vague, ill-defined pain
is anterior pelvic region
worse with activities involving hip adduction/abduction at the anterior pelvis
may have spasms with hip adduction"
https://www.orthobullets.com/anatomy/10074/obturator-externus,,
https://www.orthobullets.com/pediatrics/4010/olecranon-fractures--pediatric,"Pathophysiology
mechanism
fall onto outstretched arm
with
elbow in flexion (most common)
triceps and brachialis tensioning causes a transverse olecranon fracture
elbow in extension
varus/valgus bending forces through the olecranon causes longitudinal fracture lines
varus may lead to associated radial head dislocation
valgus may lead to an associated fracture of the radial neck
direct trauma (least common)
shear force creates anterior tension failure with anterior displacement of the distal fracture and intact posterior periosteum
location
metaphyseal (most common)
physeal
epiphyseal (apophyseal)
intra-articular
extra-articular
Associated conditions
osteogenesis imperfecta
olecranon avulsion fractures are highly suspicious for osteogenesis imperfecta","pain
swelling of posterior elbow
inability to extend elbow"
https://www.orthobullets.com/anatomy/10001/trapezius,,
https://www.orthobullets.com/anatomy/10049/dorsal-interossei,,
https://www.orthobullets.com/pathology/8017/telangiectatic-intramedullary-osteosarcoma,"Genetics
associated with the following mutations
tumor suppressor genes
Rb-1
p53
oncogenes
HER2/neu
c-myc
c-fos","pain
similar in ABC in presentation (must differentiate)
25% present with
pathologic fracture"
https://www.orthobullets.com/anatomy/10054/iliacus,,
https://www.orthobullets.com/basic-science/9088/prophylactic-antibiotics,,
https://www.orthobullets.com/pediatrics/4129/cerebral-palsy--upper-extremity-disorders,"See
Cerebral Palsy General
Characteristic deformities include
shoulder internal rotation contracture
forearm-pronation / elbow flexion deformity
wrist-flexion deformity
thumb-in-palm deformity
finger-flexion deformity
Treatment of upper extremity conditions can be divided into
hygienic procedures
indicated to maintain hygiene in patients with decreased mental and physical function
functional procedures
indicated in patients with voluntary control, IQ of 50-70 or higher, and better sensibility",
https://www.orthobullets.com/hand/6001/motion-of-the-fingers,,
https://www.orthobullets.com/hand/422908/trapezial-fracture,"Pathophysiology
mechanism of injury (trauma)
trapezial body
most common
can result from a variety of mechanisms (see table)
vertical fracture pattern is the most common, resulting from axial loading
May be accompanied by Bennett fracture of first metacarpal
trapezial ridge
fracture-dislocations
Associated conditions
Bennett fracture of base of first metacarpal
Associated with high energy mechanisms and vertical fractures of the trapezial body
fractures of scaphoid, trapezoid, capitate, neighboring metacarpals, and the distal radius (particularly with fracture-dislocations)",
https://www.orthobullets.com/anatomy/10020/triceps-brachii,,
https://www.orthobullets.com/hand/12119/scaphoid-nonunion-advanced-collapse-snac,"Pathophysiology
pathoanatomy
natural history of degenerative changes first occurs at the radioscaphoid area followed by pancarpal / midcarpal arthritis","weakness
reduced grip and pinch strength
stiffness
stiffness with  extension and radial deviation"
https://www.orthobullets.com/spine/2018/subaxial-cervical-vertebral-body-fractures,"Types
compression fracture
characterized by
compressive failure of anterior vertebral body without disruption of posterior body cortex and without retropulsion into canal
often associated with posterior ligamentous injury
burst fracture
characterized by
fracture extension through posterior cortex with retropulsion into the spinal canal
often associated with posterior ligamentous injury
prognosis
often associated with complete and incompete spinal cord injury
treatment
unstable and usually requires surgery
flexion teardrop fracture
characterized by
anterior column failure in flexion/compression
posterior portion of vertebra retropulsed posteriorly
posterior column failure in tension
larger anterior lip fragments may be called 'quadrangular fractures'
prognosis
associated with SCI
treatment
unstable and usually requires surgery
extension teardrop avulsion fracture
characterized by
small fleck of bone is avulsed of anterior endplate
usually occur at C2
must differentiate from a true teardrop fracture
mechanism
extension
prognosis
stable injury pattern and not associated with SCI
treatment
cervical collar",
https://www.orthobullets.com/shoulder-and-elbow/3070/deltoid-rupture,"Pathophysiology
mechanism
secondary to repeated corticosteroid injections about the shoulder
massive rotator cuff tear
proximal migration of the humeral head leads to compression/abrasion of undersurface of deltoid by greater tuberosity
iatrogenic injury
during open rotator cuff repair
trauma
sudden deltoid contracture
shoulder contusion
Associated conditions
rotator cuff tear",shoulder pain
https://www.orthobullets.com/anatomy/10094/abductor-digiti-minimi,,
https://www.orthobullets.com/knee-and-sports/3015/patellar-tendinitis,"Pathophysiology
mechanism
repetitive, forceful, eccentric contraction of the extensor mechanism
histology
degenerative
, rather than inflammatory
micro-tears of the tendinous tissue are commonly seen","insidious onset of anterior knee pain at
inferior borde
r of patella
initial phase
pain following activity
late phase
pain during activity
pain with prolonged flexion (""movie theater sign"")"
https://www.orthobullets.com/basic-science/9046/ochronosis,"Pathophysiology
excess homogentistic acid is deposited in the joints
acid polymerizes in joint and leads to early joint arthritis
Genetics
rare inborn defect in homogentisic acid oxidase enzyme system
Associated conditions
orthopaedic manifestations
ochronotic spondylitis
commonly occurs in fourth decade
progressive degenerative changes in spine
calcification
narrowing of disc spaces","may complain of
black urine
caused by polymerization of homogentistic acid"
https://www.orthobullets.com/knee-and-sports/3111/femoral-shaft-stress-fractures,"Mechanism
occurs through crack propagation in bone
repetitive loads that exceed the threshold of intrinsic bone healing
repetitive stress on normal bone is a
fatigue fracture
repetitive stress on abnormal bone is an
insufficiency fracture","often a history of
overuse
insidious onset
of pain
pain during activity is localized to the involved bone
pain improves with rest"
https://www.orthobullets.com/anatomy/10076/superior-gemellus,,
https://www.orthobullets.com/pediatrics/322139/pediatric-hip-trauma-radiographic-evaluation,,
https://www.orthobullets.com/anatomy/10099/flexor-digiti-minimi-brevis,,
https://www.orthobullets.com/anatomy/10034/extensor-carpi-ulnaris,,
https://www.orthobullets.com/hand/6068/ulnar-club-hand,"Associated conditions
medical
not associated with systemic conditions like radial club hand
orthopaedic conditions
PFFD
fibula deficiency
scoliosis
phocomelia
multiple hand abnormalities
almost all patients have absent ulnar sided digits","limited function
usually painless"
https://www.orthobullets.com/pediatrics/4017/traumatic-hip-dislocation--pediatric,"Pathophysiology
mechanism of injury
age <10
may have
low energy sports injury
, or trip and fall
age >10
mostly high energy (e.g. MVA)
Associated conditions
fractures
acetabular fractures
lower incidence of acetabular fractures compared with adults
due to cartilaginous acetabulum and ligamentous laxity
posterior wall fractures are most common
femoral head fracture
femoral neck fracture
proximal femoral physis
avascular necrosis of femoral head
increased rate if not reduced within 6 hours","pain, inability to bear weight"
https://www.orthobullets.com/anatomy/10029/anconeus,,
https://www.orthobullets.com/anatomy/10036/abductor-pollicis-longus,,
https://www.orthobullets.com/recon/5036/tha-rehabilitation,,
https://www.orthobullets.com/pathology/8055/malignant-peripheral-nerve-sheath-tumor,"Genetics
most cases associated with NF-1
4% incidence in these patients",
https://www.orthobullets.com/pediatrics/4093/facioscapulohumeral-muscular-dystrophy,"Genetics
inheritance pattern
autosomal dominant (majority)
up to 30% of mutations can be spontaneous
mutation
deletion of repeated elements of D4Z4 on chromosome 4q35
double homeobox 4 (DUX4) no longer supressed
believed to cause disease through gain-of-function mechanism
Associated Conditions
orthopaedic manifestations
scoliosis (rare)
camptocormia (bent spine syndrome)",slow muscular weakness over time
https://www.orthobullets.com/recon/12754/tka-aseptic-loosening,"Steps in the process include
particulate debris formation
macrophage activated osteolysis
prosthesis micromotion
particulate debris dissemination
Pathophysiology
factors affecting wear rate of polyethylene in TKA
sterilization method
manufacturing method (conventional vs. crosslinked)
presence of third-body debris
motion between modular tibial insert and metal tray (i.e., backside wear)
roughness of femoral component counterface
alignment and stability of the TKA
malalignment causes asymmetric loading causes early loosening
more frequent with varus rather than valgus malalignment
demand or
activity level of patient
Aseptic loosening can also occur due to disruption of the cement-implant or cement-bone interface
implant-cement interface is most common ""weak link"" compared to bone-cement interface
can be avoided by minimizing lipid contamination at cement interfaces and allowing cement to fully cure before stress testing","painless
early disease
pain
location
localized to the tissues around the loose components
aggrevating factors
weightbearing
often activity related"
https://www.orthobullets.com/anatomy/10130/posterior-approach-to-knee,,
https://www.orthobullets.com/knee-and-sports/3017/semimembranosus-tendinitis,,"pain in the posteromedial knee
may radiate into the posterior thigh or into the distal-medial calf
may be exacerbated with traversing down stairs or in deep knee flexion"
https://www.orthobullets.com/pediatrics/4081/congenital-curly-toe,"Mechanism
flexion and varus deformity of the interphalangeal joints
contracture of the flexor digitorum longus (FDL) or flexor digitorum brevis (FDB) is the most common cause",usually asymptomatic
https://www.orthobullets.com/pathology/8006/differential-groups,,
https://www.orthobullets.com/shoulder-and-elbow/3035/scapulothoracic-joint,,
https://www.orthobullets.com/pathology/8065/fibrosarcoma-of-soft-tissue,,"Presentation
usually and enlarging painless mass
usually symptoms develop after mass reaches ten cm"
https://www.orthobullets.com/recon/5030/tha-other-complications,,
https://www.orthobullets.com/pediatrics/4048/popliteal-cyst-in-children,"Pathoanatomy
popliteal cysts usually are located
between muscles of
semimembranosus
medial head of gastrocnemius
from herniated posterior knee joint capsule synovium",usually asymptomatic
https://www.orthobullets.com/basic-science/4113/hemophilia,"Two forms
Hemophilia A
decreased or absent
factor VIII
Hemophilia B
decreased or absent
factor IX
Pathophysiology
Factors VIII and IX required for the generation of thrombin in the intrinsic coagulation pathway
results in unstable clot formation and excessive bleeding
Genetics
inheritence pattern
congential hemophilia
X-linked recessive
disorder (
typically
affects males only
)
aquired hemophila
rare condition with autoimmune ethiology, with no genetic inheritence
Orthopaedic manifestations
hemophilic arthropathy
synovitis
cartilage destruction
joint deformity
pseudotumor
intramuscular hematoma
(pseudotumor)
may lead to nerve compression
iliacus hematoma
may compress femoral nerve and presentswith paresthesias in the L4 distribution
leg length discrepancy
due to epiphyseal overgrowth
fractures
due to generalized osteopenia
will heal in normal time
compartment syndrome","recurrent or severe bleeding
bleeding in unusual places (e.g. joints)
mucocutaneous bleeding (e.g. gums, nose, easy bruising)"
https://www.orthobullets.com/basic-science/9001/types-of-bone,,
https://www.orthobullets.com/hand/6065/tendon-transfer-principles,,
https://www.orthobullets.com/recon/5023/tka-other-complications,,
https://www.orthobullets.com/hand/6073/symphalangism,"Pathophysiology
failure of IP joint to differentiate during development
Genetics
inheritance pattern (hereditary type)
autosomal dominant
Associated conditions
syndactyly (nonhereditary type)
Apert's syndrome (nonhereditary type)
Poland's syndrome (nonhereditary type)
correctable hearing loss (hereditary type)",
https://www.orthobullets.com/anatomy/10134/extensor-digitorum-and-hallucis-brevis,,
https://www.orthobullets.com/pediatrics/4116/congenital-amputations,"Pathophysiology
due to failure of formation
Genetics
no clear genetic involvement
Risk factors
amniotic band constriction
Associated conditions
typically not associated with systemic conditions","usually painless
functional deficits"
https://www.orthobullets.com/pediatrics/4042/sacral-agenesis,"Pathophysiology
neurologic involvement
motor deficit corresponds to level
protective sensation is usually intact
important in that there is a lesser rate of decubiti ulcers
this differentiate from myelodysplasia
Associated conditions
caudal regression syndrome
gastrointestinal disorders (
imperforate anus
)
genitourinary disorders
cardiovascular disorders
lower extremity deformities
progressive kyphosis",clinical presentation is based on the severity of disease
https://www.orthobullets.com/anatomy/10103/radial-nerve,,
https://www.orthobullets.com/anatomy/10071/biceps-femoris-long-head,,
https://www.orthobullets.com/pathology/8058/leiomyosarcoma,,"bone pain
palpable mass
typical duration of symptoms prior to diagnosis is 6 months"
https://www.orthobullets.com/trauma/1061/flail-chest,,"pain
bruising along chest wall
respiratory difficulty"
https://www.orthobullets.com/knee-and-sports/3010/mcl-knee-injuries,"Pathophysiology
valgus stress
is the most common mechanism of injury
usually with the knee held in slight
flexion
and
external rotation
contact injury
more common than noncontact
direct blow to the lateral knee
with valgus force
more often result in high grade / complete ligament disruption than noncontact injury
rupture usually occurs at the
femoral insertion
of the MCL
proximal MCL tears
have greater healing rates
distal MCL tears have inferior healing and residual valgus laxity
noncontact injury
less common than contact but more common in
skiing
pivoting or cutting activities with valgus and external rotation force
more often result in low grade / incomplete ligament injury
Associated conditions
anterior cruciate ligament (ACL) tear
most common
associated injury
make up ~95% of injuries associated with nonisolated MCL injury
combined ACL-MCL is the most common multiligamentous knee injury
presence of hemarthrosis is highly suggestive
often associated with
high grade MCL injuries
grade III > grade II > grade I
meniscus tear
medial > lateral
up to 5% of isolated MCL injuries are associated with meniscus tears
Pellegrini-Stieda syndrome
calcification at the medial femoral insertion site
results from chronic MCL deficiency","medial joint line pain
difficulty ambulating due to pain or instability"
https://www.orthobullets.com/knee-and-sports/12736/posteromedial-corner-injury,"Pathophysiology
mechanism of injury
a valgus force to the affected knee, most commonly occurring during athletic activity
anteromedial rotatory instability (AMRI) results from an injury that includes both the medial collateral ligament (MCL) and the posterior oblique ligament (POL).
pathoanatomy
POL is the most commonly injured structure
.
may include sprains, partial tears, and complete tears and are best visualized on axial and coronal MR images.
3 major injury patterns reported
POL injury and associated injury to the capsular arm of the semimembranosus
POL injury and complete peripheral meniscal detachment, and
POL injury and disruption of the semimembranosus and peripheral meniscal detachment.
Associated conditions
high prevalence of associated knee injuries
(88%)
PMC injuries are most commonly found in association with other ligamentous knee injuries
almost all patients surgically treated for combined ACL and MCL injuries have POL tears or complete PMC ruptures","pain
medial knee pain
instability
subjective medial instability following a valgus mechanism of injury."
https://www.orthobullets.com/hand/12302/acute-subclavian-artery-thrombosis,"Pathophysiology
pathophysiology
limb pain occurs secondary to lack of blood flow to the extremity
pathoanatomy
unclear but may be secondary to nonocclusive proximal atherosclerotic plaque and/or cardiac embolization","common symptoms
arm pain
nausea
severity
paresthesias"
