URL,Etiology,Symptoms
https://www.orthobullets.com/spine/2046/ossification-posterior-longitudinal-ligament,"Pathophysiology
cause is unclear but likely multifactorial
associated factors
diabetes
obesity
high salt-low meat diet
poor calcium absorption
mechanical stress on posterior longitudinal ligament","often asymptomatic
symptoms and exam findings consistent with symptoms of myelopathy"
https://www.orthobullets.com/trauma/1018/elbow-dislocation,"Pathophysiology
mechanism for posterolateral dislocation
usually a combination of
axial loading
supination/external rotation of the forearm
valgus posterolateral force
a varus posteromedial mechanism (combined with axial load and forearm external rotation) has also been reported
posterior dislocations may involve more than one injury mechanism
pathoanatomy
associated with complete or near complete circular disruption of capsuloligamentous stabilizers
pathoanatomic cascade
progression of injury is from lateral to medial
LCL fails first
(primary lesion)
by avulsion of the lateral epicondylar origin
midsubstance LCL tears are less common but do occur
MCL fails last
depending on degree of energy
Associated injuries
shoulder and wrist injuries
concomitant shoulder and wrist injuries occur in 10-15% of elbow dislocations",pain and swelling
https://www.orthobullets.com/recon/12124/tha-templating,,
https://www.orthobullets.com/spine/2014/occipitocervical-instability,,
https://www.orthobullets.com/basic-science/9021/muscle-biology-and-physiology,,
https://www.orthobullets.com/recon/5014/tka-axial-alignment,,
https://www.orthobullets.com/hand/6028/extensor-tendon-injuries,"Mechanism
Zone I
forced flexion of extended DIP joint
Zone II
dorsal laceration or crush injury
Zone V
commonly from ""fight bite""
sagittal band rupture (""flea flicker injury"")
forced extension of flexed digit
most common in long finger",
https://www.orthobullets.com/trauma/322053/geriatric-patient-trauma,"Pathophysiology
musculoskeletal related conditions of the elderly are common
osteoarthritis
osteoporosis
2.1 million fragility fractures annually
falls
30% of persons >65 years old sustain at least 1 fall per year",
https://www.orthobullets.com/hand/6036/base-of-thumb-fractures,"Pathophysiology
mechanism of injury
most Bennett and Rolando are fractures caused by axial force applied to the thumb in flexion
pathoanatomy
imperfect reductions and above forces lead to increased joint contact pressures and subsequent predisposition to early arthritis
excessive angulation may lead to MCP joint hyperextension deformity",acute pain at the base of thumb with
https://www.orthobullets.com/spine/2016/odontoid-fracture,"Pathophysiology
mechanism
displacement may be anterior (hyperflexion) or posterior (hyperextension)
anterior displacement
is associated with transverse ligament failure and atlanto-axial instability
posterior displacement
is caused by direct impact from the anterior arch of atlas during hyperextension
biomechanics
a fracture through the base of the odontoid process severely compromises the stability of the upper cervical spine.
Associated conditions
Os odontoideum
etiology
previously thought to be due to failure of fusion at the base of the odontoid
evidence now suggests it may represent the residuals of an old traumatic process
imaging
appears like a type II odontoid fx on xray
treatment
observation","neck pain
worse with motion, especially rotation
dysphagia
may be present when associated with a large retropharyngeal hematoma"
https://www.orthobullets.com/spine/2006/spinal-cord-injuries,"Mechanism
MVA causes 50%
falls
GSW
iatrogenic
it is estimated that 3-25% of all spinal cord injuries occur after initial traumatic episode due to improper immobilization and transport
Pathophysiology
primary injury
damage to neural tissue due to direct trauma
irreversible
secondary injury
injury to adjacent tissue due to
decreased perfusion
lipid peroxidation
free radical / cytokines
cell apoptosis
methylprednisolone used to prevent secondary injury by improving perfusion, inhibiting lipid peroxidation, and decreasing the release of free radicals
Associated conditions
acute phase conditions  (see below)
spinal shock
neurogenic shock
associated injuries
closed head injuries
noncontiguous spinal fractures
vertebral artery injury
risk factors for vertebral artery injury include
atlas fractures
facet dislocations
most people with unilateral injury remain asymptomatic
imaging
magnetic resonance angiography
is the least invasive method
treatment
stenting only if patient is symptomatic from basilar arterial insufficiency",
https://www.orthobullets.com/basic-science/4108/juvenile-idiopathic-arthritis,"Genetics
HLA markers
DR4 associated with polyarticular
DR8, DR5, DR2.1 associated with pauciarticular
RF- seropositive in <15%
Diagnostic criteria
a diagnosis of exclusion
must rule out infection
one of the following must be present to make diagnosis
rash
presence of RF
iridocyclitis
C-spine involvement
pericarditis
tenosynovitis
intermittent fever
morning stiffness
Associated conditions
C-spine involvement
may lead to kyphosis, facet ankylosis, and
atlantoaxial subluxation
Ocular involvement
typically consists of iridocyclitis, a type of anterior uveitis
frequently indolent and requires immediate ophthalmologic evaluation for slit lamp examination
can lead to rapid loss of vision if untreated
increase risk with positive ANA titer
Stills disease
acute-onset JRA with multiple joint involvement, fever, rash, and splenomegaly
infection must be ruled out
male = female
usually presents at age 5-10 years","morning stiffness and joint pain
visual changes
fever"
https://www.orthobullets.com/pediatrics/4123/medial-clavicle-physeal-fracture,"Pathophysiology
mechanism
fall onto an outstretched extremity
direct blow
child abuse a rare cause
pathoanatomy
considered a childhood equivalent to
adult sternoclavicular separation
physeal sleeve and strong costoclavicular and sternoclavicular ligaments usually remain intact with injury . However, in series by Lee et al. of 40 patients treated operatively for a posterior sternoclavicular injury 50% were physeal fractures and 50% were actually sternoclavicular dislocations
anterior displacement
metaphyseal fragment may be sharp and palpable immediately beneath the skin
clavicular head of the sternocleidomastoid muscle is pulled anteriorly with the bone and spasms
patient's head may be tilted towards the affected side
posterior displacement
local swelling, tenderness, and depression of the medial end of the clavicle
innominate artery and vein, internal jugular vein, phrenic and vagus nerves, trachea, and esophagus may be injured with posterior displacement","pain
dysfunction
anterior dislocation
deformity with a palpable bump
posterior dislocations
dyspnea or
dysphagia
tachypnea and
stridor
diminution or absence of distal pulses
paresthesias or paresis"
https://www.orthobullets.com/spine/2008/incomplete-spinal-cord-injuries,,
https://www.orthobullets.com/basic-science/9031/rickets,,"listlessness
irritability
generalized weakness"
https://www.orthobullets.com/pediatrics/4102/osteogenesis-imperfecta,"Pathophysiology
can result from
decreased collagen secretion
production of abnormal collagen
leads to
insufficient osteoid production
physeal osteoblasts cannot form sufficient osteoid
periosteal osteoblasts cannot form sufficient osteoid and therefore
cannot remodel normally
Genetics
90% have an identifiable genetic mutation
COL 1A1 and COL 1A2
causes
abnormal collagen cross-linking
via a glycine substitution in the procollagen molecule
autosomal dominant
and
autosomal recessive
forms
milder autosomal dominant forms (Types I and IV)
severe autosomal dominant forms (Types II and III)
autosomal recessive forms (Type VI, VII)
CRTAP and LEPRE1 genes associated with severe, lethal forms of OI not associated with primary structural defect of type I collagen
Orthopaedic manifestations
bone fragility and fractures
fractures heal in normal fashion initially but the
bone does not remodel
can lead to progressive bowing
ligamentous laxity
short stature
scoliosis
codfish vertebrae (compression fx)
basilar invagination
olecranon apophyseal avulsion fx
most common first presenting sign
coxa vara (10%)
congenital anterolateral radial head dislocations
Non-Orthopaedic manifestations
blue sclera
dysmorphic, triangle shaped facies
hearing
loss
50% of adults with OI
may be conductive, sensorial and mixed
brownish opalescent teeth (
dentinogenesis
imperfecta)
alteration in dentin
brown/blue teeth, soft, translucent, prone to cavities
affects primary teeth > secondary teeth
wormian
skull bones (puzzle piece intrasutural skull bones)
hypermetabolism
increased risk of
malignant hyperthermia
hyperhidrosis, tachycardia, tachypnoea, heat intolerance
thin skin prone to subcutaneous hemorrhage
cardiovascular
mitral valve prolapse
aortic regurgitation","mild cases
multiple fractures
during childhood
severe cases
present with
fractures at birth and can be fatal
number of fractures typically decreases as patient ages and usually stops after puberty
basilar invagination
presents with apnea, altered consciousness, ataxia, or myelopathy
usually in third or fourth decade of life, but can be as early as teenage years"
https://www.orthobullets.com/basic-science/9008/bone-remodeling,,
https://www.orthobullets.com/foot-and-ankle/7017/bunionette-deformity,"Pathophysiology
mechanism of disease
extrinsic causes
compression of forefoot (e.g. tight shoes)
abnormal loading on the lateral aspect of the foot
intrinsic causes
congenital deformities (e.g. splayfoot, brachymetatarsia)
inflammatory arthropathies
residual malalignments from surgery
pathoanatomy
boney prominence +/- bursitis over lateral aspect of 5th metatarsal head
increased 4-5 intermetatarsal angle  (normal 6.5-8 degrees)
increased lateral deviation angle (normal 0-7 degrees)
increased width of MT head (normal <13mm)
lateral bowing of the 5th metatarsal bone
Associated conditions
varus MTP joint
pes planus","cosmetic deformity
medial deviation of 5th toe
prominence of the 5th metatarsal head
pain
lateral bunion
plantar callus
worse with constrictive shoe wear"
https://www.orthobullets.com/basic-science/9056/thromboembolism-pe-and-dvt-prophylaxis,,
https://www.orthobullets.com/hand/6031/flexor-tendon-injuries,"Pathophysiology
mechanism of injury
commonly results from volar lacerations and may have concomitant neurovascular injury
pathophysiology
tendon healing
occurs via 2 pathways
intrinsic
produced by tenocytes within the tendon
extrinsic
stimulated by surrounding synovial fluid and inflammatory cells
implicated in the formation of scarring and adhesions
occurs in 3 phases
Phases of Tendon Healing
Phase
Days
Histology
Strength
Inflammatory
0-5
Cellular proliferation
None
Fibroblastic
5-28
Fibroblastic proliferation with disorganized collagen
Increasing
Remodeling
>28 days
Linear collagen organization
Will tolerate active range of motion",loss of active flexion strength or motion of the involved digit(s)
https://www.orthobullets.com/hand/322147/triquetrum-fracture,"Pathophysiology
mechanism of injury
dorsal cortical fractures
impaction
most common mechanism
usually a fall onto wrist in
dorsiflexion and ulnar deviation
ulnar styloid can act as a chisel driven into the dorsal cortex of the triquetrum
avulsion
results from extreme palmar flexion with radial deviation
due to attachment of dorsal radiotriquetral and triquetroscaphoid ligaments
shearing force
results from shearing of proximal edge of the hamate against the distal dorsal triquetrum during wrist extension
body fractures
sagittal fractures
results from axial dislocations or anterior-posterior crush injury
medial tuberosity fractures
results from direct blow
transverse proximal pole fractures
associated with perilunate dislocations
transverse body fractures
associated with perilunate dislocations
comminuted fractures
results from high-energy trauma
palmar cortical fractures
avulsion of palmar ulnar triquetral ligament and LTIO ligament
shearing force from pisiform",
https://www.orthobullets.com/knee-and-sports/3131/anterior-inferior-iliac-spine-avulsion-aiis,"Pathophysiology
mechanism
typically occurs due to
eccentric contraction of the rectus femoris (femoral n.)
as hip extends and knee is flexed
causes avulsion of its anatomic origin off the pelvis",pain and weakness
https://www.orthobullets.com/pediatrics/4111/ehlers-danlos-syndrome,"Genetics
COL5A1 or COL5A2
mutation in 40-50%
gene for type V collagen
important in proper assembly of skin matrix collagen fibrils and basement membrane
less common mutations identified below
Associated conditions
Connective tissue disorder characterized by
hyperelastic/
fragile skin
joint hypermobility
and dislocation
generalized ligamentous laxity
poor wound healing
early onset arthritis
additional features
soft tissue and bone fragility
soft tissue calcification
mitral valve prolapse
aortic root dilatation
developmental dysplasia of the hip
clubfoot
pes planus
scoliosis
high palate
gastroparesis","double-jointedness
easily damaged, bruised, & stretchy skin
easy scarring & poor wound healing
increased joint mobility, joint popping, early arthritis
especially shoulders, patellae, ankles
chronic musculoskeletal pain (50%)"
https://www.orthobullets.com/trauma/12283/proximal-humerus-fracture-nonunion-and-malunion,"Pathophysiology
origin of malunion
initial fracture displacement
secondary displacement
after loss of reduction
failure of internal fixation
humeral head malunion
varus/valgus
impacted (>1cm displacement)
articular surface incongruity (e.g. head split)
greater tuberosity malunion
usually displaced
posterior, superior and externally rotated
lesser tuberosity malunion
usually displaced
medial
Associated conditions
rotator cuff tearing
osteonecrosis of humeral head
glenohumeral joint issues
stiffness
post-traumatic arthritis
subluxation or dislocation
subacromial impingement","pain and weakness
limitations"
https://www.orthobullets.com/trauma/1007/necrotizing-fasciitis,"Associated conditions
cellulitis
overlying cellulitis may or may not be present","early
localized abscess or cellulitis with rapid progression
minimal swelling
no trauma or discoloration
late findings
severe pain
high fever, chills and rigors
tachycardia"
https://www.orthobullets.com/pediatrics/4029/triplane-fractures,"Pathophysiology
mechanism of injury
lateral triplane fractures
results from
supination-external rotation injury
similar to tillaux fractures
medial triplane fractures
results from
adduction injury
pathoanatomy
a complex
SH IV fracture
pattern with components in all three planes
may be 2, 3, or 4 part fractures
sagittal plane - epiphysis is often fractured on the lateral aspect in the
sagittal plane
(same as tillaux fracture) and is seen on the AP radiograph
axial plane - physis is separated
coronal plane - metaphysis is fractured on the posterior aspect in the
coronal plane and is seen on the lateral radiograph
Associated conditions
fibular fractures
occurs in 50%
typically spiral fracture located proximal to the physis in children nearing skeletal maturity
remains unstable after fixation of tibia, so fixation of fibula is usually necessary
ipsilateral tibial shaft fractures","pain
inability to bear weight"
https://www.orthobullets.com/foot-and-ankle/7006/foot-anatomy-and-biomechanics,,
https://www.orthobullets.com/recon/12308/tka-instability,"Types
extension (varus-valgus) instability
flexion (anteroposterior) instability
mid-flexion instability
genu recurvatum
global, multiply-operated instability","pain, instability or both
timeline as to start of symptoms, what worsens/improves"
https://www.orthobullets.com/foot-and-ankle/7005/ankle-ligaments,,
https://www.orthobullets.com/spine/2066/synovial-facet-cyst,"Pathophysiology
possible etiologies
trauma (controversial)
microinstability of the facet leading to
extruded synovium through joint capsules
myxoid degeneration of collagen tissue
proliferation of fibroblasts with increased hyaluronic acid production
cyst composition
ganglion cysts
flavum cysts
serous contents
mucoid contents
hemorrhagic contents
Associated conditions
degenerative spondylolisthesis","mechanical back pain
radicular symptoms
(leg pain)
rapid onset or sudden deterioration suggests a facet cyst hematoma
neurogenic claudication (buttock/leg pain with walking)"
https://www.orthobullets.com/spine/2030/cervical-radiculopathy,"Pathophysiology
causes
degenerative cervical spondylosis
discosteophyte complex and loss of disc height
chondrosseous spurs of facet and uncovertebral joints
disc herniation (""soft disc"")
intraforaminal
radicular pain predominantly
posterolateral
most common
between posterior edge of uncinate and lateral edge of PLL
mostly motor symptoms
midline herniation
usually presents with myelopathic symptoms
double-crush phenomenon
combined cervical root compression and distal nerve compression
decreased axoplasmic flow from root compression predisposes downstream nerves to peripheral entrapment syndromes
rare causes
intraspinal/extraspinal tumors
trauma with nerve root avulsion
synovial cysts
meningeal cysts
dural arteriovenous fistulae
tortuous vertebral arteries
neural compression
nerve root irritation caused by
direct compression
irritation by chemical pain mediators
including
IL-1
IL-6
substance P
neuropeptide Y
calcitonin gene-relate peptide
bradykinin
TNF alpha
prostaglandins
affects the nerve root below
C6/7 disease will affect the C7 nerve root","occipital headache (
common)
trapezial or interscapular pain
neck pain
may present with insidious onset of neck pain that is worse with vertebral motion
origin may be discogenic, or mechanical due to facet arthrosis
pain may radiate to shoulders
unilateral arm pain
aching pain radiating down arm
often global and nondermatomal
unilateral dermatomal numbness & tingling
numbness/tingling in thumb (C6)
numbness/tingling in middle finger (C7)
unilateral weakness
difficulty with overhead activities (C7)
difficulty with grip strength (C7)"
https://www.orthobullets.com/foot-and-ankle/7055/anterior-tibialis-tendon-rupture,"Pathophysiology
mechanism of injury
result of either laceration of the tendon or closed rupture
may also result from strong eccentric contraction in young individual
Medical conditions & comorbidities
diabetes
inflammatory arthritis",
https://www.orthobullets.com/spine/2043/rheumatoid-cervical-spondylitis,,"symptoms and physical exam findings similar to cervical myelopathy
neck pain
neck stiffness
occipital headaches
due to lesser occipital nerve, which is branch of the C2 nerve root
gradual onset of weakness and loss of sensation"
https://www.orthobullets.com/pediatrics/4128/cerebral-palsy--gait-disorders,"Cerebral Palsy General
Pathophysiology
Divided into:
primary deviations
those caused by the primary CNS insult including
spasticity
weakness
compromised proprioceptive pathways
secondary deviations
growth-related deviations that arise due to abnormal loading in the setting of primary gait deviations, including:
anatomic shortening of muscle-tendon units (e.g., myotatic contractures)
persistent bony deformities (e.g., femoral anteversion)
joint subluxations/dislocations  (e.g., hip subluxation or equinoplanovalgus feet)
tertiary deviations
compensations related to secondary gait deviations
Etiology
both qualitative and quantitative analysis has been used to describe gait
quantitative evaluation (kinematic/kinetic/EMG analysis) have changed how we understand, classify, and treat this condition
new treatment strategies focus on understanding the
underlying pathophysiology
(deviations)
planes of deformity
(sagittal, coronal, transverse)
anatomic level
(hip, knee, ankle)",
https://www.orthobullets.com/trauma/1023/capitellum-fractures,"Pathophysiology
mechanism of injury
typically, low-energy fall on outstretched hand
direct,
axial compression with the elbow in a semi-flexed position
creates shear forces
pathoanatomy
radiocapitellar joint is an important static stabilizer of the elbow
capitellar fracture can cause
potential block to motion and instability
due to loss of the radiocapitellar articulation
Associated conditions
concomitant injuries to
radial head
and/or
LUCL
can occur up to 60% of the time","elbow pain, deformity
swelling
wrist pain may also occur"
https://www.orthobullets.com/basic-science/9030/renal-osteodystrophy,"Pathophysiology
hypocalcemia
due to the inability of the damaged kidney to convert vitamin D3 to calcitrol (the active form)
because of phosphate retention (hyperphosphatemia)
hyperparathyroidism and secondary hyperphosphatemia
caused by hypocalcemia and lack of phosphate excretion by damaged kidney
uremia related phosphate retention
is a key pathological step
Associated conditions
orthopaedic manifestations
osteomalacia (adults) and growth retardation (children)
AVN
tendinitis and tendon rupture
carpal tunnel syndrome
deposition of amyloid (?2 microglobulin)
pathologic fracture
from brown tumors (hyperparathyroidism) or amyloid deposits
osteomyelitis and septic arthritis",
https://www.orthobullets.com/basic-science/9080/clinical-trial-design,,
https://www.orthobullets.com/shoulder-and-elbow/3089/total-elbow-arthroplasty,"Forms of elbow arthroplasty
total elbow arthroplasty
hemi elbow arthroplasty
radiocapitellar
distal humeral
ulnohumeral distraction & interpositional arthroplasty
olecranon fossa debridement
radial head arthroplasty",
https://www.orthobullets.com/pediatrics/4117/obstetric-brachial-plexopathy-erbs-klumpkes-palsy,"Cause
usually a stretching injury from a difficult vaginal delivery
some rare cases reported following C-sections
Associated orthopedic conditions
glenohumeral dysplasia
increased glenoid retroversion, humeral head flattening, posterior humeral head subluxation
develops in 70% of infants with obstetric brachial plexopathy
caused by Internal rotation contracture (loss of external rotation)
elbow flexion contracture
etiology is unclear, likely due to persistent relative triceps weakness (C7) compared with biceps (C5-6)
clavicle and humerus fractures
torticollis",lack of active hand and arm motion
https://www.orthobullets.com/hand/6071/congenital-radial-ulnar-synostosis,"Pathophysiology
forearm begins as a single cartilaginous anlage and
divides from distal to proximal
into the radius and ulna in the
7th week
in utero
failure of differentiation
results in synostosis in
proximal aspect of the forearm
Genetics
familial cases with autosomal dominant inheritance
associated with chromosomal abnormalities, particularly
duplication of sex chromosomes
20% with positive family history
Associated syndromes (30%)
Apert syndrome (acrocephalosyndactyly)
Carpenter's syndrome (acropolysyndactlyly)
Arthrogryposis
Mandibulofacial dysostosis
Klinefelter's syndrome (XXY) and other sex chromosome abnormalities","painless
most commonly
asymptomatic, noticed by parents and teachers
difficulty with specific tasks
keyboard, tabletop activities - deficient pronation
eating, washing face, catching a ball - deficit supination"
https://www.orthobullets.com/pediatrics/9052/lyme-disease,"Pathophysiology
mechanism of transmission
zoonotic - transmitted from nonhuman animals to humans
mice, squirrels, shrews, and other small mammals are carriers of B burgdorferi
Ixodes tick feeds on these small animals and spirochete is carried in its gut
humans become infected when bacteria is injected into the skin as ticks attach to feed
transmission takes 48-72 hours
pathophysiology
caused by B burgdorferi
tick saliva with spirochete disrupt local immune mechanisms
create a protective environment and the bacteria replicate
spirochetes multiply and expand within the dermis, causing erythema migrans
rash caused by the host inflammatory response
the spirochete then undergoes hematogenous dissemination to multiple sites
skin
central nervous system
joints
induces an inflammatory response
synovial hypertrophy
vascular proliferation
infiltration of mononuclear cells
immune complexes accumulate in synovial fluid
pathobiology
B burgdorferi induces chondrocytes to produce matrix metalloproteinases
causes degradation of extracellular matrix proteins, collagen, and proteoglycans
may contribute to cartilage damage","fever, headache, myalgia, arthralgia, fatigue
neurologic symptoms
headache, neck stiffness, encephalitis
facial
CN VII palsy
bilateral in 50% (unlike Bell's palsy)
polyradiculoneuropathy
numbness, paresthesia, weakness, cramps
carditis (complete heart block)
acute joint pain
acute or chronic arthritis"
https://www.orthobullets.com/basic-science/9059/antibiotic-classification-and-mechanism,,
https://www.orthobullets.com/trauma/1025/radius-and-ulnar-shaft-fractures,"Pathophysiology
mechanism of injury
high energy transfer required to fracture the diaphyseal section of both bones of the forearm
direct trauma
direct blow to forearm
indirect trauma (high-energy bending moments)
motor vehicle accidents
falls from height
axial load applied to the forearm through the hand
sports injuries
low-energy diaphyseal radius and ulna fractures should raise suspicion for injuries to the wrist and elbow.
Associated conditions
elbow and DRUJ injuries
Galeazzi fractures
Monteggia fractures
Essex-Lopresti injuries
compartment syndrome
evaluate compartment pressures if concern for compartment syndrome","pain and swelling
loss of forearm and hand function"
https://www.orthobullets.com/pathology/8014/conventional-intramedullary-osteosarcoma,,"pain and swelling are the usual initial presenting symptoms
night pain and pain at rest are common
often dismissed as a sports injury
the median time of onset of symptoms to diagnosis is
4 months"
https://www.orthobullets.com/pathology/8023/chondrosarcoma,"Majority of chondrosarcomas are sporadic (primary chondrosarcomas), but they may develop from the malignant transformation of osteochondromas or enchondromas (secondary chondrosarcomas)
Primary chondrosarcoma
conventional type
account for >90% of all chondrosarcomas
can be central intramedullary (99%) or juxtacortical / periosteal (~1%)
non-conventional
dedifferentiated chondrosarcoma (<10%)
clear cell chondrosarcoma (<5%)
mesenchymal chondrosarcoma (<1%)
Secondary chondrosarcoma
arise from a pre-existing benign cartilage lesion
osteochondroma
account for the majority (>80%) of secondary chondrosarcomas
solitary osteochondromas have <1% risk of malignant transformation
multiple hereditary exostosis (5-10% risk of malignant transformation)
enchondromas (1% to 9% risk of malignant transformation)
Ollier's disease (25-30% risk of malignant transformation)
Maffucci's (>50% risk of malignant transformation)
histologically indistinguishable from conventional chondrosarcoma
Genetics
mutations of isocitrate dehydrogenase 1 and 2 (IDH1 and IDH2) identified in primary and secondary conventional chondrosarcomas and enchondromas
mesenchymal chondrosarcomas are characterized by HEY1-NCOA2 fusion protein",
https://www.orthobullets.com/pathology/8064/undifferentiated-pleomorphic-sarcoma,"Genetics
mutations
programmed cell death protein 1 (PD-1) expression in 30%","may present with fever
common symptoms
slow-growing, painless mass
location
lower > upper extremities > retroperitoneum"
https://www.orthobullets.com/hand/6048/ulnocarpal-abutment-syndrome,"Pathoanatomy
in a wrist with
+2 mm ulnar variance
approximately
40% of the load goes to the ulna
60% to the radius
in a normal
neutral wrist
approximately
20% of the load goes to the ulna
80% to the radius
Associated conditions
positive ulnar variance can be seen in the setting of:
scapholunate dissociation
TFCC tears
lunotriquetral ligament tears
radial shortening from previous Colles fracture","pain on dorsal side of DRUJ
increased pain with ulnar deviation of wrist
pain with axial loading
ulna sided wrist pain"
https://www.orthobullets.com/trauma/1011/clavicle-fractures--midshaft,"Pathophysiology
mechanism of injury
fall onto lateral aspect of shoulder (85%)
direct impact to clavicle
pathoanatomy
junction of the outer and middle third is the thinnest part of the bone
prone to fracture with axial loading
only area not protected by or reinforced with muscle and ligamentous attachments
displaced fractures
medial fragment pulled
posterosuperiorly by sternocleidomastoid muscle
lateral fragment pulled
inferomedially by pectoralis major and and weight of arm
open fractures usually result from medial fragment ""buttonholing"" through platysma
Associated conditions
medical
pneumothorax
closed head injury
orthopedic
ipsilateral scapular fracture (floating shoulder)
scapulothoracic dissociation
traction injury
significantly distracted/widened fracture fragments
widened interval between scapula and spine
brachial plexus or vascular injury
rib fracture
neurovascular injury",acute onset of anterior shoulder pain or directly over clavicle
https://www.orthobullets.com/trauma/1017/distal-humerus-fractures,"Pathophysiology
distal humerus fractures are traumatic injuries that include
supracondylar fractures
single column (condyle) fractures
bicolumnar fractures
coronal shear fractures
mechanism
low energy falls in elderly
high energy impact in younger population
pathoanatomy
elbow position affects fracture type
elbow flexed <
90°
axial load leads to transcolumnar fracture
direct posterior blow leads to olecranon fracture with or without distal humerus involvement
elbow flexed
> 90°
may lead to intercondylar fracture
Associated injuries
elbow dislocation
terrible triad injury
floating elbow
Volkmann contracture
results from missed forearm compartment syndrome",elbow pain and swelling
https://www.orthobullets.com/pediatrics/4085/myelodysplasia-myelomeningocele-spinal-bifida,"Genetics
chromosomal abnormalities
up to 10% of fetuses have a
chromosomal abnormality
trisomy 13
trisomy 18
triploidy
various single-gene mutations
Associated conditions
orthopaedic manifestations
pathologic fractures
spine deformities
scoliosis
kyphosis
hip dysplasia
hip dislocations
contractures
knee deformities
tibial torsion
contractures
foot deformities
neurosurgical manifestations
Type II Arnold-Chiari malformation
most common associated congenital abnormality
hydrocephalus
70% incidence
tethered cord
urological manifestations
neurologic bladder
Special considerations
IgE mediated latex allergy
results in profound anaphylaxis
present in 20 to 70% of patients with this disorder",
https://www.orthobullets.com/trauma/1052/amputations,"Pathophysiology
Amputations may be indicated in the following
trauma
most common reason for an upper extremity amputation
infection
tumor
vascular disease
most common reason for a lower extremity amputation
congenital anomalies",
https://www.orthobullets.com/pediatrics/4056/anterolateral-bowing-and-congenital-pseudoarthrosis-of-tibia,"Pathophysiology
pseudoarthrosis in not congenital, but in fact develops post-natally due to fracture non-union
Three types of tibial bowing exist in children
anterolateral bowing
(this topic)
posteromedial bowing
(physiologic)
anteromedial bowing
(fibular hemimelia)
Anterolateral bowing is a continuum of disease that can be divided into
anterolateral bowing of tibia
congenital pseudarthrosis of tibia
Associated conditions
neurofibromatosis type I
is found in 50-55% of patients with anterolateral bowing
only 6-10% of patients with neurofibromatosis will have anterolateral tibial bowing",majority present with bowing in the first year of life
https://www.orthobullets.com/shoulder-and-elbow/3057/posterior-labral-tear,"Pathophysiology
repetitive microtrauma
to the posterior capsulolabral complex
most common mechanism
posteriorly directed force with the arm in a flexed, internally rotated and adducted position
glenoid retroversion
patients with increased glenoid retroversion (~17°) were 6x more likely to experience posterior instability compared to those with less glenoid retroversion (~7°)
Associated injuries
Kim lesion
an
incomplete and sometimes concealed
avulsion of posteroinferior labrum","vague, nonspecific posterior shoulder pain
is the most common symptoms
worsens with provocative activities that apply a posteriorly directed force to the shoulder
ex: pushing heavy doors, bench press, push-ups
clicking
or
popping
in the shoulder with range of motion
sense of instability
less common
pain during throwing
late cocking phase"
https://www.orthobullets.com/shoulder-and-elbow/3076/reverse-shoulder-arthroplasty,,
https://www.orthobullets.com/spine/2037/lumbar-spinal-stenosis,"Mechanism
Narrowing of the lumbar spinal canal can be due to
bony structures
facet osteophytes
uncinate spur
(posterior vertebral body osteophyte)
spondylolisthesis
soft tissue structures
herniated or
bulging discs
hypertrophy or buckling of the
ligamentum flavum
synovial facet cysts
Pathophysiology
cell, water, and proteoglycan content in the nucleus pulposus decreases with age
degeneration of the intervertebral disk leads to diminished disk height and buckling/bulding of the anulus fibrosus
anterior spinal column begins to have decreased ability to absorb stress, leading to an abnormal transfer of force to the posterior elements
increased stress through the facets leads to facet joint hypertrophy, osteophyte formation, and ligamentum flavum buckling and hypertrophy
combined changes lead to a narrowing of the spinal canal and compression of the neural elements
Associated conditions
degenerative spondylolisthesis
degenerative scoliosis
cauda equina syndrome
rare","back pain
referred buttock pain
leg pain
often unilateral
neurogenic claudication
pain worse with extension (walking, standing upright)
pain relieved with flexion (sitting, leaning over shopping cart, sleeping in fetal position)
weakness
bladder disturbances
recurrent UTI present in up to 10% due to autonomic sphincter dysfunction
cauda equina syndrome (rare)"
https://www.orthobullets.com/hand/6021/cubital-tunnel-syndrome,"Pathophysiology
Cubital tunnel syndrome results from compression and traction on the ulnar nerve
Sites of entrapment
most common
between the
two heads of FCU/aponeurosis
(most common site)
within arcade of Struthers (
hiatus in medial intermuscular septum)
between Osborne's ligament and MCL
less common sites of compression include
medial head of triceps
medial intermuscular septum
medial epicondyle
fascial bands within FCU
anconeus epitrochlearis (anomalous muscle from the medial olecranon to the medial epicondyle)
aponeurosis of FDS proximal edge
external sources of compression
fractures and medial epicondyle nonunions
osteophytes
heterotopic ossification
tumors and ganglion cysts
post-traumatic
Associated conditions
cubitus varus or valgus deformities
medial epicondylitis
burns
elbow contracture release","paresthesias
of small finger, ulnar half of ring finger, and ulnar dorsal hand
exacerbating activities include
cell phone use (excessive flexion)
occupational or athletic activities requiring repetitive elbow flexion and valgus stress
night symptoms
caused by sleeping with arm in flexion"
https://www.orthobullets.com/shoulder-and-elbow/3032/glenohumeral-joint-anatomy-stabilizer-and-biomechanics,,
https://www.orthobullets.com/trauma/1001/leg-compartment-syndrome,"Pathophysiology
etiology
trauma
fractures (69% of cases)
crush injuries
contusions
gunshot wounds
tight casts, dressings, or external wrappings
extravasation of IV infusion
burns
postischemic swelling
bleeding disorders
arterial injury
pathoanatomy
cascade of events includes
local trauma and soft tissue destruction
bleeding and edema
increased interstitial pressure
vascular occlusion (decreased venous outflow relative to arterial inflow)
myoneural ischemia
Risk factors
diaphyseal fractures
young age (highest prevalence in 12-19 year olds)","pain out of proportion to the clinical situation is usually the first symptom
may be absent in cases of nerve damage
pain is difficult to assess in a polytrauma patient and impossible to assess in a sedated patient
difficult to assess in children (unable to verbalize)"
https://www.orthobullets.com/pediatrics/4001/pediatric-abuse,,"pain related to fractures
fractures are the second most common
lesion in abused children
frequency of fractures
humerus > tibia > femur
diaphyseal fractures 4 times more common than metaphyseal"
https://www.orthobullets.com/spine/2012/cervical-spine-trauma-evaluation,,
https://www.orthobullets.com/spine/422812/sacroiliac-joint-dysfunction,"Pathophysiology
idiopathic mechanism is the most common
believed to be a result of
repetitive trauma to the SI joint
can begin insidiously or acutely
pain is hypothesized to be generated from
ligamentous/capsule tension
extraneous compression or shear forces
hypomobility or hypermobility
increased levels of estrogen or relaxin during third trimester of pregnancy leading to hypermobility of the SI joint
aberrant joint mechanics
myofascial or kinetic chain imbalances
inflammation
intra-articular mechanisms
arthritis
inflammation and degeneration of the SI joint
occurs in nearly 100% of patients with spondyloarthropathies
ankyklosing spondylitis
Reiter's syndrome
results in subchondral sclerosis, subchondral cyts, osteohytes, joint space narrowing, intra-articular gas and ankylosis
infection
usually the result of hematogenous spread
typically unilateral involvement
organisms:
Staphylococcus aureus
Pseudomonas aeruginosa
Cryptococcus organisms
Mycobacterium tuberculosis
predisposing factors:
immunosuppression
endocarditis
IV drug abuse
metabolic
leads to early degeneration of the joint
diseases:
calcium pyrophosphate crystal deposition
gout
ochronosis
hyperparathyroidism
renal osteodystrophy
acromegaly
tumors
primary
very rare for SI joint
most common types:
giant cell tumor
synovial villoadenomas
chondrosarcomas
secondary (metastatic)
most common
pelvis accounts for 40% of all oseous metastasis (2nd to spine)
extra-articular mechanisms
ethesopathy
inflammation of the ligamentous attachements to the SI joint
frequently occurs with spondyloarthropathies
more frequently the posterior ligaments
insufficency fractures
osteoporotic fractures in elderly patients
repetitive trauma in athletes and military recruits
post-traumatic
more common after lateral compression pelvic ring injuries
Genetics
HLA-B27
associated with
ankylosing spondylitis
Associated conditions
orthopaedic conditions
lumbar spinal fusion
post-traumatic arthritis
metastatic tumors
medical conditions & comorbidities
anklyosing spondylitis
gout
pseudogout
infections","pain patterns
pain usually present
just inferior to the posterior superior iliac spine
frequent pain referral area of other spine pathologies
only 4% of patients will complain of pain above L5
can radiate past the knee and into the foot
wearing a tight fitting belt may improve symptoms"
https://www.orthobullets.com/hand/6109/nail-bed-injury,"Pathophysiology
mechanisms of injury include
crushing fingertip between two objects
catching finger in a closing door
saw injury
snowblower injury
direct blow from a hammer
Associated conditions
D
IP fractures or dislocations",pain
https://www.orthobullets.com/spine/12279/cervical-disc-arthroplasty,,
https://www.orthobullets.com/pathology/8059/rhabdomyosarcoma,"Four sub-types of rhabdomyosarcoma
Embryonal
occurs in infants and young children
Alveolar
occurs in adolescents and young adults
Botryoid
occurs in infants and young children, typically in the vagina
aka Sarcoma botryoides or ""bunch of grapes""
Pleomorphic
tends to occur in older patients 40-70yrs
Genetics
alveolar rhabdomyosarcoma has a common t(2;13) translocation
forms Pax3-FKHR fusion protein
associated with a high risk metastatic disease
Metastasis
nodal metastasis
are known to occur with rhabdomyosarcoma
consider sentinel lymph node biopsy as part of treatment
bone marrow biopsy
is required for staging
bone marrow metastases have been shown to portend a worse prognosis","Presentation
rapidly growing painless mass
most lesions occur in the head/neck, genitourinary system, or retroperitoneum"
https://www.orthobullets.com/hand/6019/ain-compressive-neuropathy,"Pathophysiology
pathophysiology
common causes
transient neuritis (Parsonage-Turner syndrome)
various anatomical cites of compression (see below)
pathoanatomy
potential sites of entrapment of AIN
tendinous edge of deep head of pronator teres
most common cause
fibrous arch of the FDS
thrombosed radial, ulnar or anterior interosseous artery
accessory head of FPL
(Gantzer's muscle)
accessory muscle from FDS to FDP
abberant muscles (FCRB, palmaris profundus)
patient with complete AIN palsy should have no motor function to all muscles innervated by AIN
patients with
Martin-Gruber anastomoses may also present with intrinsic weakness
this is an anomalous anatomy in 15% of population where axons of AIN may cross over and connect to ulnar nerve and innervate other muscle groups (mainly adductor pollicis and dorsal interossei)
Associated conditions
Parsonage-Turner Syndrome
bilateral AIN signs caused by viral brachial neuritis
be suspicious if motor loss is preceded by
intense shoulder pain and viral prodrome","common symptoms
motor deficits without sensory loss
may have vague complaints of deep forearm pain, but unlike other median compression neuropathies (carpal tunnel syndrome and pronator syndrome) pain can be absent
if pain present, typically last only 2-3 weeks"
https://www.orthobullets.com/spine/2031/cervical-myelopathy,"Pathophysiology
etiology
degenerative cervical spondylosis (CSM)
most common cause of cervical myelopathy
compression usually caused by:
osteophytes
discosteophyte complex
degenerative spondylolisthesis
hypertrophy of ligamentum flavum
congenital stenosis
symptoms usually begin when congenital narrowing combined with spondylotic degenerative changes in older patients
OPLL
tumor
epidural abscess
trauma
cervical kyphosis
neurologic injury
mechanism of injury
direct cord compression
ischemic injury secondary to compression of anterior spinal artery
Associated conditions
lumbar spinal stenosis
tandem stenosis occurs in lumbar and cervical spine in ~20% of patients","neck pain and stiffness
axial neck pain (often absent)
occipital headache common
extremity paresthesias
diffuse, bilateral, nondermatomal numbness and tingling
weakness and clumsiness
bilateral weakness and decreased manual dexterity (dropping object, difficulty manipulating fine objects)
gait instability
patient feels ""unstable"" on feet
weakness walking up and down stairs
gait changes are most important clinical predictor
urinary retention
rare and only appear late in disease progression
not very useful in diagnosis due to high prevalence of urinary conditions in this patient population"
https://www.orthobullets.com/basic-science/9063/orthopaedic-implants,,
https://www.orthobullets.com/hand/6114/phalanx-fractures,"Pathophysiology
mechanism of injury
depends on age
10-29 years old - sports is most common
40-69 years old - machinery is most common
>70 years old - falls are most common
Associated conditions
nail bed injuries
associated with distal phalanx fractures",
https://www.orthobullets.com/foot-and-ankle/7036/midfoot-arthritis,"Pathophysiology
etiology
idiopathic (primary)
osteoarthritis is most common form of midfoot arthritis
posttraumatic
inflammatory
pathoanatomy
large forces seen by joints that have limited motion
soft tissues that support joints see abnormally high forces over time
results in midfoot collapse",midfoot pain (and in arch) with toe off
https://www.orthobullets.com/foot-and-ankle/7022/achilles-tendonitis,,
https://www.orthobullets.com/pediatrics/4126/both-bone-forearm-fracture--pediatric,,forearm pain and refuses to use arm
https://www.orthobullets.com/recon/12310/tka-extensor-mechanism-rupture,"Causes
intraoperative
avulsion from tibial tubercle
postoperative
manipulation
impingement
trauma",knee pain and weakness
https://www.orthobullets.com/foot-and-ankle/7028/ankle-sprain,"Pathophysiology
Mechanism of injury
Inversion type ankle injury on a plantarflexed foot
Recurrent ankle sprains can lead to functional instability
Ankle sprains consist of
high ankle sprain
syndesmosis injury
1-10% of all ankle sprains
low ankle sprain
(this topic)
ATFL and CFL injury
>90% of all ankle sprains
Associated conditions
osteochondral defects
peroneal tendon injuries
subtle cavovarus foot
intraarticular pathology
anterior/anterolateral synovitis (most common)
osteochondral defects of the talus
anterior ankle impingement
deltoid ligament injury (isolated deltoid ligament injuries are very rare)
superficial deltoid: limits talar abduction
deep deltoid: limits external rotation
initally treated conservatively, but may require reconstruction if patient continues to have instability
complex regional pain syndrome
fractures
5th metatarsal base
anterior process of calcaneus
lateral or posterior process of the talus","pain with weight bearing (may or may not be able to bear weight)
swelling and ecchymosis
recurrent instability
catching or popping sensation may occur following recurrent sprains"
https://www.orthobullets.com/pathology/8076/epithelioid-sarcoma,"Genetics
unknown
Malignancy
regional
lymph node metastases
common
systemic metastasis to lungs can occur","Symptoms
small, firm, painless, slow-growing mass commonly occurring in the upper extremity
Physical exam
3-6 cm firm, painless mass
may have skin ulceration"
https://www.orthobullets.com/spine/2041/adult-spinal-deformity,"Types
coronal plane imbalance
defined as lateral deviation of the normal vertical line of the spine > 10 degrees
sagittal plane imbalance
defined as radiographic sagittal imbalance of >5cm
Pathoanatomy
degenerative scoliosis results from the asymmetric degeneration of disc space and/or facet joints in the spine.
may occur in the coronal plane (scoliosis) or the sagittal plane (kyphosis/lordosis)
factors contributing to loss of sagittal plane balance
osteoporosis
preexisting scoliosis
iatrogenic instability
degenerative disc disease","low back pain (40-90%)
commonest symptom is low back pain
caused by spondylosis, micro/macro instability, and discogenic pain
more severe and recurrent than general population
neurogenic claudication
pain in lower extremities and buttocks
unlike classic claudication, patients with scoliosis + stenosis
do not obtain relief with sitting / forward flexion
caused by spinal stenosis
stenosis is located on the
concave side
of the curve
radicular leg pain and weakness
caused by foraminal and lateral recess stenosis
worse in concavity of the deformity where there is vertebral body rotation and translation"
https://www.orthobullets.com/spine/2044/ankylosing-spondylitis,"Pathoanatomy
exact mechanism is unknown, but most likely due to an autoimmune reaction to an environmental pathogen in a genetically susceptible individual.
theories of relation to HLA-B27 include
HLA-B27 aggregates with peptides in the joint and leads to a degenerative cascade
cytotoxic T-cell autoimmune reaction against HLA-B27
enthesitis
entheses inflammation leads to bony erosion, surrounding soft-tissue ossification, and eventually joint ankylosis
preferentially targets sacroiliac joints, spinal apophyseal joints, symphysis pubis
this differentiates from RA, which is a synovial process
disc space involvement
inflammation of the annulus lead to bridging osteophyte formation (syndesmophytes)
Genetics
there is a genetic predisposition, but mode of inheritance is unknown
HLA-B27 is located on sixth chromosome, B locus
Diagnostic criteria
bilateral sacroiliitis
+/- uveitis
HLA-B27 positive (90% positive)
Systemic manifestations
acute anterior uveitis & iritis
heart disease (cardiac conduction abnormalities)
pulmonary fibrosis
renal amyloidosis
ascending aortic conditions (aortitis, stenosis, regurgitation)
Klebsiella pneumoniae synovitis
HLA-B27 individuals are more susceptible to Klebsiella pneumoniae synovitis
Orthopaedic manifestations
bilateral sacroiliitis
progressive spinal kyphotic deformity
cervical spine fractures
large-joint arthritis (hip and shoulder)","lumbosacral pain and stiffness
present in most patients
worse in morning
insidious onset in 3rd decade of life
neck and upper thoracic pain
occurs later in life
acute neck pain should raise suspicion for fracture
sciatic
likely originates from sciatic nerve involvement in the pelvis (piriformis spasm)
loss of horizontal gaze
shortness of breath
caused by costovertebral joint involvement, leading to reduced chest expansion"
https://www.orthobullets.com/trauma/1015/proximal-humerus-fractures,"Pathophysiology
mechanism
low-energy falls
elderly with osteoporotic bone
high-energy trauma
young individuals
concomitant soft tissue and neurovascular injuries
pathoanatomy
vascularity of articular segment is more likely to be preserved if
? 8mm of calcar
is attached to articular segment
predictors of humeral head ischemia (Hertel criteria)
<8 mm of calcar length
attached to articular segment
disrupted
medial hinge
increasing fracture complexity
displacement >10mm
angulation >45°
predictors of humeral head ischemia does not necessarily predict subsequent avascular necrosis
Associated conditions
nerve injury
axillary
nerve injury most common
arterial injury
uncommon (incidence 5-6%), higher likelihood in older patients
most often occur at level of surgical neck or with subcoracoid dislocation of the head","pain and swelling
decreased motion"
https://www.orthobullets.com/knee-and-sports/3022/idiopathic-chondromalacia-patellae,"Pathophysiology
pain generator is not clearly understood and multi-factorial
may result from roughening or damage to the undersurface cartilage of the patella
numerous factors have been proposed including
limb malaligment
muscle weakness
chondral lesions
patella maltracking
patella maltracking can create narrow contact pressure points and further attenuate pain.
elevated contact pressures between patella and femoral groove are associated with anterior knee pain
Associated conditions
miserable malalignment syndrome
a term coined for anatomic characteristics that lead to an increased Q angle and an exacerbation of patellofemoral dysplasia. They include
femoral anteversion
genu valgum
external tibial torsion / pronated feet","diffuse pain in the peripatellar or retropatellar area of the knee (major symptom)
insidious onset and typically vague in nature
aggravated by
specific daily activities including
climbing or descending stairs
prolonged sitting with knee bent (known as theatre pain)
squatting or kneeling
always consider the physical, mental and social elements of knee pain"
https://www.orthobullets.com/foot-and-ankle/7001/gait-cycle,,
https://www.orthobullets.com/knee-and-sports/3005/meniscal-tears,"Pathophysiology
medial tears
more common than lateral tears
the exception is in the setting of an acute ACL tear where
lateral tears
are more common
degenerative tears in older patients usually occur in the
posterior horn medial meniscus
lateral tears
more common in acute ACL tears","pain localizing to medial or lateral side
mechanical symptoms
(locking and clicking), especially with squatting
delayed or intermittent swelling"
https://www.orthobullets.com/pathology/6093/melanoma,"Forms
types include
acral lentiginous melanoma
subungual melanoma is a subtype of ALM
Pathophysiology
progresses through phases of growth",itching or bleeding
https://www.orthobullets.com/pediatrics/4119/legg-calve-perthes-disease,"Pathophysiology
osteonecrosis occurs secondary to disruption of blood supply to femoral head
followed by revascularization with subsequent resorption and later collapse
creeping substitution provides pathway for remodeling after collapse
proposed mechanisms
possible association with abnormal clotting factors (Protein S and Protein C deficiencies)
controversial etiology
thrombophilia has been reported to be present in 50% of patients
up to 75% of affected patients have some form of coagulopathy
repeated subclinical trauma and mechanical overload lead to bone collapse and repair (multiple-infarction theory)
damages result from epiphyseal bone resorption, collapse, and the effect of subsequent repair during the course of disease
maternal / passive smoking aggravates
Associated conditions
associated with ADHD in 33% of cases
bone age is delayed in 89% of patients","insidious onset
may cause painless limp
intermittent hip, knee
, groin or thigh pain"
https://www.orthobullets.com/basic-science/9062/material-properties,,
https://www.orthobullets.com/pathology/8052/synovial-sarcoma,"Mechanism
mesenchymal soft tissue sarcoma with unknown cellular origin
synovial sarcoma is a misnomer due to the tumor's microscopic resemblance to mature synovium
Pathophysiology
synovial sarcoma typically shows high histologic grade
metastasis
metastasis may develop in 30-60% of patients
like other sarcomas, the lung
is most common site of metastasis
synovial sarcoma has been shown to have similar rates of lymph node metastasis compared to other soft tissue sarcomas
i.e angiosarcoma, clear cell sarcoma, rhabdomyosarcoma, epithelioid sarcoma
can stage with lymph node biopsy - called sentinel lymph node biopsy
while lymph node metastasis is a poor prognostic sign, it is not as bad as lung metastasis
metastasis is more common with large, deep, and high grade sarcomas
Genetics
chromosomal translocation t(X;18)
is observed in more than 90% of cases
translocation forms the SYT-SSX1, 2, or 4 fusion protein
SYT-SSX4 is rare
fusion proteins bind to BAF complex, which displaces the tumor suppressor BAF47
new BAF complex activates Sox2, which leads to tumor formation
SYT-SSX1 vs. SYT-SSX2
SYT-SSX1
SYT-SSX2
Frequency
More common (60% of tumors)
Less common (40% of tumors)
Histology type
Biphasic (contains both spindle cells and epithelial cells)
Monophasic (contains either spindle cells OR epithelial cells)
Gender
M:F = 1:1
M:F = 1:2
Presentation
Larger, with metastases
Smaller, without metastases
Survival
Worse
Better","typically present as a slow
growing mass in proximity to a joint
may be painless or painful
most commonly occur in periarticular locations
knee, shoulder, elbow, foot
60% are found in the lower extremity"
https://www.orthobullets.com/pathology/8020/osteochondroma-and-multiple-hereditary-exostosis,"Pathophysiology
solitary osteochondromas can arise because of
Salter-Harris fracture
surgery
radiation therapy (commonest benign radiation-induced bone tumor)
pathoanatomy
hamartomatous proliferation of bone and cartilage
possibly arise from growth plate cartilage that grows through the cortex by endochondral ossification under the periosteum
perichondral node of Ranvier defect may allow growth from the physis to extend from the surface
the stalk of the lesion is cortical and cancellous bone formed from ossified cartilage
Genetics
inheritance
autosomal dominant
mutation
mutation in
EXT gene
affects prehypertrophic chondrocytes of growth plate
loss of regulation of
Indian hedgehog protein
is currently being investigated in the pathogenesis of this disease
Associated conditions
secondary chondrosarcoma
results from malignant transformation of a solitary osteochondroma or MHE
most commonly a
low-grade tumor
(90%)
epidemiology
occurs in older patients (tested ages: 50)
rare in the pediatric population (< 1%)
most common location of secondary chondrosarcoma is the
pelvis",
https://www.orthobullets.com/pediatrics/4014/distal-radius-fractures--pediatric,"Pathophysiology
mechanism
usually fall on an outstretched hand, extended at wrist
often during sports or play
remodeling
greatest closer to physis and in plane of joint (wrist) motion
sagittal plane (flexion/extension)
least for rotational deformity","pain, swelling, and deformity"
https://www.orthobullets.com/recon/5024/patellar-clunk-syndrome,"Mechanism
A painful, palpable ""clunk"" at the patellofemoral articulation of
posterior stabilized TKA
caused by a fibrous nodule of scar tissue at the posterior surface of the distal quadriceps tendon/superior patellar pole catching on the box  of the femoral component during knee extension
Pathophysiology
cause of scar tissue is unknown, but may be related to:
direct trauma to quadriceps tendon during patella resection during TKA
impingement of the quadriceps tendon on the femoral component due to an undersized patellar component
scar is entrapped within the intercondylar notch during flexion
the scar is forced out of the notch during active knee extension
the painful snap or clunk is usually felt between 30-45 degrees","patellofemoral knee pain
complaints of knee ""popping"" and ""catching"""
https://www.orthobullets.com/spine/2059/pathologic-scoliosis,"Causes
osteoid osteomas
occur in the apex of the concavity of the curve
curves are typically rigid
can occur in the vertebral body or posterior elements
demonstrate same histology as osteoid osteomas in the peripheral skeleton
osteoblastomas
larger lesion than osteoid osteoma
pain is usually less severe than osteoid osteoma
Mechanism
scoliosis is thought to develop in response to painful paraspinal muscle spasms","back pain
most commonly at night
pain relieved by anti-inflammatories
less relief reported with osteoblastomas"
https://www.orthobullets.com/shoulder-and-elbow/3066/quadrilateral-space-syndrome,"Pathophysiology
mechanism of injury
compression and reduction of quadrangular space due to
iatrogenic (tight fibrous bands, muscular hypertrophy)
paralabral cysts
(most commonly inferior labral tears)
trauma (scapular fracture, shoulder dislocation)
benign or malignant masses
pathomechanics
greatest amount of compression occurs when the arm is positioned in the late cocking phase of throwing (abduction and external rotation)","poorly localized pain of the posterior/lateral shoulder
often worse at night
worse with overhead activity or late cocking/acceleration phase of throwing
non-dermatomal distribution of paraesthesia along the lateral shoulder and arm
shoulder external rotation weakness"
https://www.orthobullets.com/foot-and-ankle/7011/turf-toe,"Pathophysiology
mechanism of injury
forefoot is fixed to the ground
hallux
MTP joint
positioned in hyper-extension
axial load
is applied to the
heel
combination of force and joint positioning causes attenuation or tearing of the plantar capsular-ligamentous complex
pathoanatomy
tear to capsular-ligamentous-seasmoid complex
tear occurs off the proximal phalanx, not the metatarsal
Associated injuries
varus, valgus injuries to hallux MTP
sesamoid fracture
proximal migration of sesamoid
cartilaginous injury or loose body in hallux MTP joint
stress fracture
of proximal phalanx
hallux rigidus (late sequelae)","primary symptoms
acute pain
stiffness
swelling
defining characteristics
i
nability to push-off
reduced agility"
https://www.orthobullets.com/foot-and-ankle/7044/leg-nerve-entrapment-syndromes,,pain inferior and medial to knee
https://www.orthobullets.com/knee-and-sports/3118/exercise-science,,"dyspnoea
wheezing"
https://www.orthobullets.com/foot-and-ankle/7052/ankle-arthrodesis,,
https://www.orthobullets.com/hand/6060/fingertip-amputations-and-finger-flaps,,
https://www.orthobullets.com/shoulder-and-elbow/3085/osteochondritis-dissecans-of-elbow,"Pathophysiology
theorized to result from repetitive compression-type injury (overhead or upper extremity weight bearing activities) of the immature capitellum causing
vascular insufficiency
repetitive microtrauma
Associated conditions
Panner's disease (osteochondrosis of the capitellum)
typically presents in first decade of life (<10 years old)
usually
benign
self-limiting course
same mechanism of injury as OCD
surgery is contraindicated for Panner disease (unlike OCD elbow)","elbow pain
insidious, activity-related onset of lateral elbow pain in dominant arm
mechanical symptoms
loss of extension
early sign
catching / locking / grinding
late signs if loose bodies present"
https://www.orthobullets.com/pediatrics/4050/infantile-blounts-disease-tibia-vara,"Best divided into two distinct disease entities
Infantile Blount's
(this topic)
pathologic genu varum in children 2 to 5 years of age
male > female
more common
bilateral in 50%
Adolescent Blount's
pathologic genu varum in children > 10 years of age
less common
less severe
more likely to be unilateral
Pathophysiology
likely multifactorial but related to
mechanical overload
in
genetically susceptible
individuals including
excessive medial pressure produces an osteochondrosis of the medial proximal tibial physis and epiphysis
osteochondrosis can progress to a physeal bar",
https://www.orthobullets.com/shoulder-and-elbow/3081/distal-biceps-avulsion,"Pathophysiology
mechanism
excessive
eccentric tension
as the arm is forced from a flexed to an extended position ""flexed elbow unacceptably challenged""
vascular watershed
mechanical attrition (abrasion during pronosupination)
Associated conditions
rarely it can lead to symptoms of
median nerve compression","weakness and pain, primarily in supination, are hallmarks of the injury."
https://www.orthobullets.com/shoulder-and-elbow/9044/neuropathic-charcot-joint-of-shoulder,"Pathophysiology
syrinx formation
syrinx formation (fluid-filled cavity) in spinal cord causes damage to the decussating fibers of the lateral spinothalamic tract leading to
loss of pain and temperature sensation
loss of pain/temperature leads to dissociative anesthesia in which proprioception and motor function are preserved but pain and temperature are not
as syrinx enlarges, damage to dorsal column and anterior horn of spinal cord lead to areflexia, loss of motor strength and muscle atrophy.
joint destruction
neurotrauma
loss of peripheral sensation and proprioception leads to
repetitive microtrauma
to the joint
poor fine motor control generates unnatural pressure on certain joints leading to additional microtrauma
neurovascular
neuropathic patients have dysregulated reflexes and desensitized joints that receive significantly
greater blood flow
the resulting hyperemia leads to increased
osteoclastic resorption
of bone
Genetics
molecular biology
RANK/RANKL/OPG triad pathway is thought to be involved
Associated conditions
shoulder
syringomyelia
most common etiology of neuropathic arthropathy of the upper extremity
25% of Charcot joints are a result of syringomyelia
monoarticular (shoulder > elbow)
cervical syringomyelia
is the cause of 75% cases of charcot shoulder
Hansen's disease
(leprosy)
second most common cause of upper extremity neuropathic arthropathy
neurosyphilis (tabes dorsalis)
usually affects the knee
can be
polyarticular
diabetes
most common cause of foot and ankle neuropathic joints
Arnold-Chiari malformation
most common cause of syringomyelia
multiple sclerosis
end-stage renal disease
adhesive arachnoiditis and TB arachnoiditis
meningomyelocele
chronic alcoholism","swollen shoulder
50% are painless
loss of function
joint instability"
https://www.orthobullets.com/knee-and-sports/3100/hip-arthroscopy,,
https://www.orthobullets.com/hand/6054/basilar-thumb-arthritis,"Pathoanatomy
theorized to be due to attenuation of
anterior oblique ligament (Beak ligament)
and
dorsoradial ligaments
leading to instability,
dorsoradial
subluxation, and arthritis of CMC joint
Associated conditions
MCP hyperextension deformity
MCP arthritis
concomitant carpal tunnel syndrome
occurs in up to
50%","pain at base of thumb
symptoms of concomitant carpal tunnel syndrome in approximately 50% of patients
function
difficulty pinching and grasping"
https://www.orthobullets.com/foot-and-ankle/7023/peroneal-tendon-tears-and-instability,"Pathophysiology
mechanism of injury
rapid forced dorsiflexion of the inverted foot will cause strain through the contracted peroneal muscles, leading to superior peroneal retinaculum (SPR) tear
most common pattern is longitudinal split tear in the PB
if superior peroneal retinaculum tears, tendons will become unstable and subluxate or completely dislocate
Associated conditions
lateral ligamentous instability (ATFL, CFL)
cavovarus hindfoot alignment
Charcot-Marie Tooth
low-lying muscle belly of peroneus brevis
enlarged peroneal tubercle (29% of population)
accessory peroneus quartus or quintus (10-34% of population)
flat or concave retromalleolar sulcus (18% of population)
os peroneum
calcaneal malunion and subfibular impingement","location
lateral or posterolateral ankle pain
may be more distal towards the fibular tip
aggravating/alieving factors
active
eversion
and/or plantarflexion
passive
dorsiflexion"
https://www.orthobullets.com/trauma/1028/distal-radial-ulnar-joint-druj-injuries,"Associated conditions
ulnar styloid and distal ulna fractures
TFCC tears
ulnar impaction syndrome
Essex-Lopresti injuries
Galeazzi fractures","pain and instability
with acute DRUJ dislocation
associated with open distal radius fractures
dorsal wrist pain and
limited
pronosupination
with post-traumatic arthritis"
https://www.orthobullets.com/pediatrics/4028/tillaux-fractures,"Pathophysiology
caused by an
avulsion of the
anterior inferior tibiofibular ligament
mechanism of injury
results from supination-external rotation injury
leads to avulsion of anterolateral tibia at the site of attachment of the anterior inferior tibiofibular ligament
lack of coronal plane fracture in the posterior distal tibial metaphysis distinguishes this fracture from a triplane fracture
Associated conditions
distal fibular fracture (usually SH I or II)
ipsilateral tibial shaft fracture","pain
inability to bear weight"
https://www.orthobullets.com/spine/2071/lumbar-spine-anatomy,,
https://www.orthobullets.com/pediatrics/4094/achondroplasia,"Pathophysiology
receptors
FGFR3
3 components
extracellular ligand-binding domain
transmembrane domain
mutated in achondroplasia
intracellular domain
with a split tyrosine kinase subdomain
normal function
FGF induces dimerization of FGFR3 receptor monomers, activating cascade
Activated FGFR3 targeted by
ubiquitin to be degraded to terminate signal shortly after activation
inhibit proliferation and terminal
differentiation of chondrocytes in growth plate
abnormal function
FGFR3 dimers stabilized by mutation in transmembrane domain preventing ubiquitin degradation
persistent activation leads to continuous inhibition of chondrocyte proliferation
signaling pathways
four main pathways activated by FGFR3
STAT1
(signal transducer and activator of transcription 1)
inhibit chondrocyte proliferation
MAPK
(mitogen
activated protein kinase)
signal inhibits proliferation, terminal differentiation and post-mitotic matrix synthesis
PLC?
(phospho lipase C ?)
PI3K-AKT
(phosphatidylinositol phosphate-3-kinaseserine/threonine kinase; protein kinase B)
modulators
C-type natriuretic peptide (CNP)
binds to natriuretic peptide
receptor B (NPR-B)
increase intracellular cyclic guanosine monophosphate (cGMP)
reduces FGFR3 activtiy
mechanism of vosoritide (phase III medication)
Genetics
inheritance pattern
sporadic mutation 80%
risk increases with
advanced paternal age
autosomal dominant (AD) 20%
100% penetrance
mutation
chromosome 4P
point mutation FGFR3 (Gly1138
to Arg substitution
)
gain of function activating FGFR3
increases
inhibition of chondrocyte proliferation
in the
proliferative zone
of the physis
defect in endochondral bone formation
quantitative cartilage defect
Associated conditions
medical conditions
short stature
average terminal height for male 4'4"" and female 4'
6 to 7 standard deviations below normal
height deficit increases markedly in first two years of life then stable until puberty
obesity
hearing loss
tonsillar hypertrophy
frequent otitis media
spinal manifestations
thoracolumbar kyphosis
decreases over time for most
~87% at 1-2 years of age
~10% at 5-10 years of age
foramen magnum stenosis (FMS)
may cause periods of apnea
sudden infant death syndrome (SIDS)
lumbar stenosis
37% to 89% of patients
25% requires surgery
multifactorial
short and thicker pedicles
interpedicular distance decreases from L1-L5
hyperplastic intervertebral disc and ligamentum flavum
most likely to cause disability in 3rd or 4th decade
lumbar hyperlordosis
up to 80%
more apparent as child begin to stand and walk
compensation due to excessive anterior pelvic tilt","general
normal intelligence
short stature
delayed motor milestones
hearing impairment
recurrent ear infections
weight gain
symptoms of foramen magnum stenosis
excessive snoring or apnea
difficulty swallowing
cranial nerve dysfunction
weakness
symptoms of spinal stenosis
pseudoclaudication and standing discomfort
numbness and paresthesias
weakness"
https://www.orthobullets.com/shoulder-and-elbow/3060/avascular-necrosis-of-the-shoulder,"Pathophysiology
pathoanatomy
decreased blood supply to humeral head leading to death of cells in bony matrix.
bone is resorbed and remodeled, causing
subchondral bone collapse
and may lead to joint incongruity and arthritic changes
etiology similar to hip
Remember
ASEPTIC
mneumonic
A
lcohol,
A
IDS
Steroids (most common), Sickle
,
S
LE
E
rlenmeyer flask (Gaucher’s)
P
ancreatitis
T
rauma
I
diopathic/ Infection
C
aisson’s (the bends)
may be atraumatic
posttraumatic
four-part fracture-dislocations approach
100% AVN
displaced four-part fractures ~45% AVN
valgus impacted four-part ~11% AVN
three-part ~14% AVN","insidious onset of shoulder pain
often without a clear inciting event
pain, loss of motion, crepitus, and weakness"
https://www.orthobullets.com/trauma/1009/sternoclavicular-dislocation,"Pathophysiology
traumatic dislocation
direction
anterior (more common)
posterior (mediastinal structures at risk)
important to distinguish from
medial clavicle physeal fracture
(physis doesn't fuse until age 20-25)
mechanism
usually high energy injury (MVA, contact sports)
atraumatic subluxation
occurs with overhead elevation of the arm
affected patients are younger
many demonstrate signs of generalized ligamentous laxity
subluxation usually reduces with lowering the arm
treatment is reassurance and local symptomatic treatment","anterior dislocation
deformity with palpable bump
posterior dislocations
dyspnea or
dysphagia
tachypnea and
stridor
worse when supine"
https://www.orthobullets.com/recon/5012/tha-dislocation,"Mechanism
anterior
extension and external rotation of hip
posterior
flexion, internal rotation, adduction of hip
Risk factors
prior hip surgery (greatest risk factor)
conflicting evidence regarding patient gender
higher comorbidity burden
BMI < 20 or > 35
use of meta-on-poly or metal-on-metal bearing surfaces
use of cemented components
posterior surgical approach
repairing capsule
and r
econstructing external rotators
brings dislocation rate close to anterior approach
malpositioning of components
ideal positioning of acetabular component is
40 degrees of abduction
and
15 degrees anteversion
in general, excessive anteversion increases risk of anterior hip dislocation; excessive retroversion increases risk of posterior hip dislocation
spastic or neuromuscular disease (Parkinson's)
drug or alcohol abuse
decreased femoral offset (decreases tissue tension and stability)
decreased femoral head to neck ratio
prior spinal fusion or fixed spinopelvic alignment
polyethylene wear
common cause of late instability occuring >5 years after procedure",
https://www.orthobullets.com/trauma/1042/patella-fracture,"Pathophysiology
mechanism of injury
direct impact
due to fall, dashboard injury or other high energy mechanism
often causes
comminuted fracture
pattern with chondral damage
retinaculum may remain intact
indirect eccentric contraction
occurs from rapid knee flexion against contracted quadriceps muscle
causes failure in tension
often results in transverse fracture or inferior pole avulsion
retinacular injury is typical
patella sleeve fracture
seen in the
pediatric population (8-10-year-olds)
high index of suspicion required
Associated conditions
orthopaedic conditions
femoral neck fracture
posterior wall acetabular fracture
knee dislocation",
https://www.orthobullets.com/basic-science/9074/legal-considerations-in-orthopaedic-practice,,
https://www.orthobullets.com/recon/12747/tha-iliopsoas-impingement,"May be caused by
retained cement
malpositioned acetabular component
limb length discrepancy
excessive length of screws","groin pain
average time from index procedure to symptom onset is 20 months"
https://www.orthobullets.com/trauma/1045/tibial-shaft-fractures,"Pathophysiology
mechanism of injury
low energy (fall from standing, twisting, etc)
result of indirect, torsional injury
leads to
spiral fracture pattern with fibula fracture at a different level
high association of posterior malleolus fractures with spiral distal tibia fractures
more likely to be associated with a lower degree of soft tissue injury
high energy fx (MVA, fall from height, athletics, etc)
result of direct force
leads to wedge or short oblique fracture that may have significant comminution with fibula fracture at same level
more likely to be associated with severe soft tissue injury
Oestern and Tscherne II / III
open fractures
pathoanatomy
proximal third tibia fractures
must rule out extension into tibial plateau on plain films or CT scan
high risk for valgus/procurvatum deformity
with IM nailing
distal third tibia fracture
higher rates of ankle injury seen with distal 1/3 tibia fracture and spiral fracture pattern
posterior malleolus most common associated ankle injury which, in some cases, may affect syndesmotic stability
extension into or adjacent to tibial plafond may require separate/additional fixation and are managed differently than tibial shaft fractures
associated conditions
soft tissue injury
severity of muscle injury has highest impact on eventual need for amputation
compartment syndrome
more common in diaphyseal tibial shaft fractures than proximal or distal tibia fractures
8.1% risk in diaphyseal fractures, compared to proximal (1.6%) and distal (1.4%) fractures
can occur even in the setting of an open fracture
all four compartments must be examined. If patient is unable to participate in examination and concern is high clinically, intracompartmental compartment measurements should be performed
bone loss
ipsilateral skeletal injury
tibial plateau fractures
tibial plafond fractures
femoral shaft fractures
floating knee is an indication for antegrade tibial nailing and retrograde femoral nailing
posterior malleolar fracture
distal 1/3 and spiral tibial shaft fractures","severe leg pain
inability to bear weight
deformity"
https://www.orthobullets.com/basic-science/9076/opiates-and-analgesic-medications,,
https://www.orthobullets.com/pediatrics/4063/cavovarus-foot-in-pediatrics-and-adults,"Deformity characterized by
cavus
(elevated longitudinal arch)
plantarflexion of the 1st ray
and
forefoot pronation
hindfoot varus
forefoot adduction
Pathophysiology
neurologic
67% due to a neurologic condition
diagnosis of neurologic condition is critical to render appropriate treatment
unilateral - rule out tethered spinal cord or spinal cord tumor
bilateral - most commonly due to
Charcot-Marie-Tooth (CMT) disease
muscle imbalances
generate deformity
weak
tibialis anterior
and
peroneus brevis
overpowered by strong
peroneus longus
and
posterior tibialis
results in
plantarflexed 1st ray
and
forefoot pronation
with compensatory
hindfoot varus
with the 1st metatarsal plantflexed and forefoot pronated, the medial forefoot strikes ground first
the subtalar joint supinates to bring the lateral forefoot to the ground and maintain three-point contact, resulting in hindfoot varus
while initially flexible, hindfoot varus can become rigid with time
idiopathic
usually subtle and bilateral
traumatic
talus fracture malunion
compartment syndrome
crush injury
Associated conditions
conditions which present with cavovarus foot
Charcot-Marie-Tooth disease
Cerebral palsy
Freidreich's ataxia
Spinal cord lesions
Polio
Amnitoic band syndrome (ABS)
conditions caused by the presense of cavovarus foot
see complications below",
https://www.orthobullets.com/pediatrics/4100/cleidocranial-dysplasia-dysostosis,"Pathophysiology
caused by defect in
intramembranous ossification
leads to failure of formation of midline structures
characteristic feature is hypoplastic or absent clavicles
Genetics
autosomal dominant
RUNX2/CBFA1 mutation
transcription factor which regulates osteoblastic differentiation
Orthopaedic manifestations
proportionate dwarfism
clavicle dysplasia/aplasia
wormian bones
frontal bossing
delayed fontanelle ossification
due to delay in closure of skull sutures
coxa vara
shortened middle phalanges of 3-5 fingers
delayed ossification of pubis
dental abnormalities
delayed eruption of permanent teeth",usually asymptomatic
https://www.orthobullets.com/foot-and-ankle/7008/hallux-valgus,"Two forms exist
adult hallux valgus
adolescent & juvenile hallux valgus
Pathoanatamy
valgus deviation of phalanx promotes varus position of metatarsal
the metatarsal head displaces medially, leaving the sesamoid complex laterally translated relative to the metatarsal head
sesamoids remain within the respective head of the flexor hallucis brevis tendon and are attached to the base of the proximal phalanx via the sesamoid-phalangeal ligament
this lateral displacement can lead to transfer metatarsalgia due to shift in weight-bearing
medial MTP joint capsule becomes stretched and attenuated while the lateral capsule becomes contracted
adductor tendon becomes deforming force
inserts on fibular sesamoid and lateral aspect of proximal phalanx
lateral deviation of EHL further contributes to deformity
plantar and lateral migration of the abductor hallucis causes muscle to
plantar flex and pronate phalanx
windlass mechanism becomes less effective
leads to
transfer metatarsalgia
Associated conditions
hammer toe deformity
callosities
pes planus
associated with deformity progression
Marfan syndrome
Ehlers-Danlos syndrome
Juvenile and Adolescent Hallux valgus
factors that differentiate juvenile/adolescent hallux valgus from adults
often bilateral and familial
pain usually not primary complaint
varus of first MT with widened IMA usually present
DMAA usually increased
often associated with flexible flatfoot
complications
recurrence is most common complication (>50%)
overcorrection
hallux varus","presents with difficulty with shoe wear due to medial eminence
pain over prominence at MTP joint
transfer metatarsalgia
compression of digital nerve may cause symptoms"
https://www.orthobullets.com/trauma/1005/evaluation-resuscitation-and-dco,,
https://www.orthobullets.com/shoulder-and-elbow/3086/little-league-elbow,"Pathophysiology
consists of 3 potential sites of injury
medial epicondyle stress fractures
ulnar collateral ligament (UCL)
flexor-pronator mass strains
due to
repetitive valgus loading with throwing causing repetitive microtrauma to the immature skeleton
causes
tension overload
of the medial structures
Risk factors
Greater than 80 pitches per game
More than 8 months of competitive pitching per year
Fastball speed > 85mph
Continued pitching despite arm fatigue/pain
Participating in showcases","elbow pain in throwing arm
decreased throwing speed, accuracy, and distance"
https://www.orthobullets.com/recon/9064/hip-biomechanics,,
https://www.orthobullets.com/shoulder-and-elbow/3052/multidirectional-shoulder-instability-mdi,"Pathophysiology
mechanisms
underlying mechanism includes
microtrauma from overuse
seen with overhead throwing, volleyball players, swimmers, gymnasts
generalized ligamentous laxity
associated with connective tissue disorders: Ehlers-Danlos and Marfan's
pathoanatomy
hallmark findings of MDI
Imaging findings: patulous inferior capsule on MRI (IGHL anterior and posterior bands)
rotator interval deficiency
labral lesions or glenoid erosion can still occur from traumatic events
Bankart lesion is anteroinferior labral tear
Kim lesion is posteroinferior labral avulsion
MDI is also referred to as
AMBRI
A
traumatic
M
ultidirectional
B
ilateral (frequently)
R
ehabilitation (often responds to)
I
nferior capsular shift (best alternative to nonop)","pain
instability
weakness
paresthesias
crepitus
shoulder instability during sleep"
https://www.orthobullets.com/spine/2021/osteoporotic-vertebral-compression-fracture,"Pathoanatomy
osteoporosis
characteristics
bone is normal quality but decreased in quantity
cortices are thinned
cancellous bone has decreased trabecular continuity
bone mineral density in the lumbar spine (BMD)
peaks at
between 33 to 40 yrs in women
between 19 to 33 years in men
peak BMD is widely variable based on demographic factors and location in body
decreases with age following peak mass
correlate well with bone strength and is a good predictor of fragility fracture
definition
WHO defines osteoporosis as
T score below -2.5
Associated conditions
compromised pulmonary function
increased kyphosis can affect pulmonary function
each VCF leads up to 9% reduction in FV
increased risk of mortality from pulmonary dysfunction","pain
25% of VCF are painful enough that patients seek medical attention
pain usually localized to area of fracture
but may wrap around rib cage if dermatomal distribution"
https://www.orthobullets.com/spine/2047/pediatric-cervical-trauma-overview,"Pathophysiology
mechanism
motor vehicle accidents
most common mechanism
airbags should be turned off for children who weigh <80 lbs riding in the front passenger seat
falls
may be cause of injury in toddlers and school-aged patients
sports related injuries
may be cause of injury in adolescents
pathoanatomy
in patients younger than 8 y/o, the cervical spine is more susceptible  to injury due to:
larger head size relative to the trunk
increased physiologic motion due to:
horizontally oriented facet joints
increased ligamentous laxity
weaker muscles
Associated conditions
neurologic injury
33% of patients will present with neurologic deficits
solid organ involvement
other organs may be involved in ~40% of patients with spinal trauma",
https://www.orthobullets.com/spine/9020/intervertebral-disc,,
https://www.orthobullets.com/trauma/1016/humeral-shaft-fractures,"Pathophysiology
mechanism of injury
ground level fall (60%)
most common mechanism
motor vehicle accident (~30%)
2nd most common mechanism
pathologic fractures (4.3%)
open fractures (3%)
proximal
third humeral shaft fractures
common
in older individuals
often
results from fall onto an outstretched hand resulting in impaction fracture at
the surgical neck
middle
third humeral shaft fractures
transverse
fracture
result
of a direct blow to the arm
spiral
fracture
results
from a fall onto an outstretched hand or from torsional force
distal
third humeral shaft fractures
result
from fall onto a flexed elbow
Associated
conditions
orthopaedic
floating elbow
fracture of the humeral shaft and the proximal to middle radius and ulna
often occurs as a result of a high-energy trauma
more common in pediatric patients than in adults
ipsilateral
shoulder dislocation
uncommon injury pattern
dislocation
is most likely to be a posterior dislocation rather than an anterior
dislocation","pain
extremity weakness"
https://www.orthobullets.com/basic-science/9084/molecular-biology-basics,,
https://www.orthobullets.com/foot-and-ankle/7004/nerves-of-the-foot,,
https://www.orthobullets.com/pathology/8067/lipomas,,"Symptoms
usually a painless mass
that has been present for a long time
exception is the angiolipoma, which is painful when palpated
Physical exam
palpable, mobile, painless lesion"
https://www.orthobullets.com/knee-and-sports/3123/visceral-blunt-trauma,,
https://www.orthobullets.com/basic-science/9003/bone-matrix,,
https://www.orthobullets.com/hand/6105/pyogenic-flexor-tenosynovitis,"Pathophysiology
mechanism
penetrating trauma
to the tendon sheath
direct spread
from
felon
septic joint
deep space infection
pathoanatomy
infection travels in the synovial sheath that surrounds the flexor tendon
microbiology
Staph aureus
(40-75%)
most common
MRSA
(29%)
intravenous drug abusers
other common skin flora
staph epidermidis
beta-hemolytic streptococcus
pseudomonas aeruginosa
mixed flora and gram negative organsims
in immunocompromised patients
Eikenella
in human bites
Pasteurella multocida
in animal bites
Associated conditions
""horseshoe abscess""
may develop from spread pyogenic flexor tenosynovitis
of many individuals have a connection between the sheaths of the thumb and little fingers at the level of the wrist
infection in one finger can lead to direct infection of the sheath on the opposite side of the hand resulting a ""horseshoe abscess""","pain and swelling
typically present in delayed fashion (over last 24-48 hours)
usually localized to palmar aspect of one digit"
https://www.orthobullets.com/knee-and-sports/3020/patellar-instability,"Pathophysiology
mechanism
usually on
noncontact twisting injury
with the knee extended and foot externally rotated
patient will usually reflexively contract quadriceps thereby reducing the patella
osteochondral fractures occur most often as the patella relocates
direct blow
less common
ex. knee to knee collision in basketball, or football helmet to side of knee","complaints of instability
anterior knee pain"
https://www.orthobullets.com/basic-science/9011/bone-grafting,,
https://www.orthobullets.com/foot-and-ankle/7014/hammer-toe,"Pathoanatomy
plantar plate injury
overpull of EDL
imbalance of intrinsics
Associated conditions
painful corns at dorsal PIP joint","pain on dorsal surface with shoe wear
deformity"
https://www.orthobullets.com/shoulder-and-elbow/3053/slap-lesion,"Pathophysiology
mechanisms of injury
repetitive overhead activities (often seen in throwing athletes)
fall on outstretched arm with tensed biceps
traction on the arm
pathoanatomy
in throwers may be due to tightness of the
posterior-IGHL
which shifts the glenohumeral contact point posterosuperiorly and increases the shear force on the superior labrum
SLAP lesion
increases the strain on the anterior band of the IGHL
and thus compromises stability of shoulder
Associated conditions
internal impingement
GIRD
rotator cuff tears (usually articular sided)
instability (may be subtle)
scapular dyskinesis","location
vague deep shoulder pain
timing
often a lag between the time of injury and the onset of symptoms
mechanical symptoms of popping and clicking
weakness, easy fatigue, and decrease athletic performance"
https://www.orthobullets.com/pathology/8056/neurofibroma,"Cell types
fibroblasts (predominant cell)
nonmyelinating Schwann cells
cell of origin, arises from this cell
perineural cells
differentiate from Schwannoma, which involves Schwann cell alone
Molecular biology
arise in
nonmyelinating
Schwann cells
with
biallelic inactivation
of NF1
tumor-suppressor
gene
loss of expression of protein
neurofibromin
neurofibromin negatively
regulates
RAS-mediated
pathway
loss of neurofibromin leads to
increased RAS
activity
affects RAS-dependent MAPK activity which is essential for osteoclast function and survival
rapid hyperplasia of nonmyelinating Schwann cells into neurofibromas after NF1 inactivation
recruits perineural cells, fibroblasts, mast cells, endothelial cells","asymptomatic
stinging, itching, pain, disfiguration"
https://www.orthobullets.com/basic-science/422806/operative-blood-loss-and-transfusion,,
https://www.orthobullets.com/shoulder-and-elbow/3069/pectoralis-major-rupture,"Pathophysiology
mechanism
excessive tension on a maximally eccentrically contracted muscle
occurs during the downward portion of a bench press, with the
arm in the final 30 degrees of humeral extension
while pushing against heavy resistance
tendon fails in a predictable sequence
inferior fibers of sternocostal head fail first
then superior fibers of the sternocostal head
finally the clavicular head",pain and weakness of shoulder
https://www.orthobullets.com/hand/6023/pin-compression-syndrome,"Pathophysiology
mechanism of injury
microtrauma
from repetitive pronosupination movements
trauma
fracture/dislocation (e.g., monteggia fx, radial head fx, etc)
space filling lesions
e.g. ganglion, lipomas, etc
inflammation
e.g. rheumatoid synovitis of radiocapitellar joint
iatrogenic
(surgery)
pathoanatomy:
five potential sites of compression include
fibrous tissue anterior to the radiocapitellar joint
between the brachialis and brachioradialis
“leash of Henry”
are recurrent radial vessels that fan out across the PIN at the level of the radial neck
extensor carpi radialis brevis edge
medio-proximal edge of the extensor carpi radialis brevis
""arcade of Fröhse""
which is the proximal edge of the superficial portion of the supinator
supinator muscle edge
distal edge of the supinator muscle","insidious onset, often goes undiagnosed
defining symptoms
pain in the forearm and wrist
location depends on site of PIN compression
e.g., pain just distal to the lateral epicondyle of the elbow may be caused by compression at the arcade of Frohse
weakness with finger, wrist and thumb movements"
https://www.orthobullets.com/pediatrics/4027/ankle-fractures--pediatric,,"common symptoms
pain
inability to bear weight"
https://www.orthobullets.com/pediatrics/4045/leg-length-discrepancy-lld,"Common causes of LLD
congenital disorders
hemihypertrophy
dysplasias
PFFD
DDH
unilateral clubfoot
paralytic disorders
spasticity (cerebral palsy)
polio
physis disruption
infection
trauma
tumor
Associated conditions
back pain
increased prevalence of
back pain
osteoarthritis
decreased coverage of femoral head on long leg side leads to
osteoarthritis
84% of the time
functional scoliosis
inefficient gait
equinus contracture of ankle",usually asymptomatic
https://www.orthobullets.com/foot-and-ankle/7042/tarsal-tunnel-syndrome,"Mechanism
types of impingment
intrinsic
ganglion cyst
tendonopathy
tenosynovitis
lipoma/tumor
peri-neural fibrosis
osteophytes
extrinsic
shoes
trauma
anatomic deformity (tarsal coalition, valgus hindfoot)
post-surgical scaring
systemic inflammatory disease
edema of the lower extremity
cause of impingement able to be identified in 80% of cases","pain
pain with prolonged standing or walking
often vague and misleading medial foot pain
sharp, burning pains in the foot
numbness
intermittent paresthesias and numbness in the
plantar foot
may present as part of the ""heel pain triad""
posterior tibial tendon deficiency (adult-acquired flatfoot), plantar fasciitis, tarsal tunnel syndrome
believed to be due to loss of static and dynamic stabilizers of the medial arch and susequent traction neuropathy on the tibial nerve"
https://www.orthobullets.com/recon/422821/tha-trunnionosis,"Pathophysiology
Galvanic corrosion
corrosion caused by an electrochemical transfer of electrons between dissimilar metals
i.e. cobalt-chromium (CoCr) alloy femoral head on a titanium alloy stem
Fretting corrosion
corrosion from relative micromotion between two materials causing wear
i.e. tolerance between male and female morse taper allows for micromotion and wear
contributes to
trunniononsis
Crevice corrosion
physicochemical interaction between a metal and environment leading to altered mehcanical properties
stainless steel most prone to crevice corrosion
The adverse reaction to metal debris generation may result in an a
septic
lymphocyte-dominant vasculitis association lesion (ALVAL; also referred to as pseudotumor)
similar to that seen in metal-on-metal hips",
https://www.orthobullets.com/basic-science/9091/pth-and-vit-d-physiology,,
https://www.orthobullets.com/hand/6022/ulnar-tunnel-syndrome,"Pathoanatomy
causes of compression include
ganglion cyst (
80% of nontraumatic causes)
lipoma
repetitive trauma
ulnar artery thrombosis or aneurysm
hook of hamate fracture or nonunion
pisiform dislocation
inflammatory arthritis
fibrous band, muscle or bony anomaly
congenital bands
p
almaris brevis hypertrophy
idiopathic",
https://www.orthobullets.com/foot-and-ankle/7041/interdigital-mortons-neuroma,"Pathophysiology
mechanism of injury
not fully understood
compression/tension of the interdigital nerve around the
transverse intermetatarsal ligament
repetitive microtrauma
pathoanatomy
perineural fibrosis and entrapment of the interdigital nerve","pain
worse with weight-bearing or wearing
narrow toe box shoes
(e.g. high heels)
relief of symptoms by removing shoes and massaging foot
paresthesia
most commonly on the plantar aspect of web space"
https://www.orthobullets.com/knee-and-sports/3113/concussions-mild-traumatic-brain-injury,"Pathophysiology
direct blow to the head, face, neck or elsewhere with force transmitted to the head
complex neurometabolic cascade
resulting in the typical signs and symptoms of a concussion
abnormal neuronal ionic flux -- headache, photophobia, phonophobia
altered release of neurotransmitters (glutamate) -- impaired cognition, amnesia, slowed reaction time
energy depletion, in an effort to correct the above underlying biochemical imbalances -- vulnerable to second injury (second-hit phenomenon)
may or may not experience
loss of consciousness
not required for diagnosis of concussion
Risk factors
sports with
player-to-player contact
football, wrestling, soccer, basketball at highest risk
prior concussion
2-8x higher risk of sustaining another concussion
female
age < 18 years
mood disorders, learning disorders, history of migraines
mostly complicates diagnosis and recovery rather than predisposing to concussion
Guidelines
International Conference on Concussion in Sport
meeting held every 4 years
focuses on the prevention, diagnosis and management of sports-related concussion
generates a consensus statement summarizing the updated practice guidelines
consensus statement created at the first meeting in 2001
grading system for concussions removed in 2004
all classification systems removed in 2008
newer assessment tools and
timing of return to play
was the primary focus of the most recent meeting","somatic symptoms
headache
most common symptom
present in 70%
of concussed athletes
types
myofascial tension headache -- pain localized to posterior neck at base of skull
post-traumatic headache -- pressure localized to forehead and/or top of head
dizziness
balance problems
nausea
and/or vomiting
vision changes
sensitivity to light (
photophobia
) or sound (
phonophobia
)
cognitive symptoms
feeling ""in a fog""
or slowed down
difficulty concentrating
forgetful
emotional symptoms
lability
irritability
sadness
sleep disturbance
change in amount of sleep (more or less)
difficulty falling asleep,
insomnia
drowsiness"
https://www.orthobullets.com/pediatrics/4007/supracondylar-fracture--pediatric,"Pathophysiology
mechanism of injury
fall on outstretched extremity
Associated injuries
neuropraxia
anterior interosseous nerve (AIN) neurapraxia (branch of median n.)
the most common nerve palsy seen with supracondylar humerus fractures
radial nerve palsy
second most common neurapraxia (close second)
ulnar nerve palsy
seen with flexion-type injury patterns
nearly all cases of neurapraxia following supracondylar humerus fractures resolve spontaneously
further diagnostic studies are not indicated in the acute setting
vascular compromise (5-17%)
rich collateral circulation can maintain circulation despite vascular injury
ipsilateral distal radius fractures","pain
refusal to move the elbow"
https://www.orthobullets.com/shoulder-and-elbow/3051/posterior-shoulder-instability-and-dislocation,"Pathophysiology
mechanism
trauma (posterior dislocation)
50% of cases that present for evaluation
usually dramatic presentation
microtrauma (posterior instability)
may lead to a labral tear, incomplete labral avulsion, or erosion of the posterior labrum
may lead to gradual stretching of capsule and patulous posterior capsule
common in lineman, weight lifters, overhead athletes
usually insidious onset and presentation
seizures and electric shock
tetanic muscle contraction pulls the humeral head out
anterior instability and dislocations are still more common with seizures
however, posterior dislocations are unlikely to occur without significant trauma (ie. seizures)
biomechanical forces
flexed, adducted, and internally rotated arm is a high-risk position
Associated conditions
see table below
Lesions Associated with Posterior Instability
Avulsion of posterior band of IGHL
Associated with acute subluxations
Posterior Bankart lesions
Characterized by detachment of posterior inferior capsulolabral complex
Reverse Hill-Sachs lesions
Associated with locked and difficult to reduce dislocations
Posterior labral cyst
Associated with chronic reverse Bankart lesion
Posterior glenoid rim fracture
Associated with chronic reverse Bankart lesion
Lesser tuberosity fracture
Associated with acute posterior dislocation
Large capsular pouch
Can see with MRI with contrast, often with chronic posterior instabiltiy","pain with flexion, adduction, and internal rotation of the arm"
https://www.orthobullets.com/shoulder-and-elbow/322131/elbow-physical-exam,,
https://www.orthobullets.com/recon/5013/tha-periprosthetic-fracture,"Classification
intraoperative fractures
femur
acetabulum
postoperative fractures
femur
acetabulum
Prevention
preoperative templating
reduces risk of intraoperative fractures
adequate surgical exposure
special care when using cementless prosthesis in poor bone (RA, osteoporosis)",
https://www.orthobullets.com/trauma/1040/femoral-shaft-fractures,"Mechanism
traumatic
high-energy
most common in
younger population
often a result of high-speed motor vehicle accidents
low-energy
more common in
elderly
often a result of a fall from standing
gunshot
Fracture patterns
transverse
pure bending moment
spiral
rotational moment
oblique
uneven bending moment
segmental
4-point bending moment
comminuted
high-speed crush or torsion mechanism
Associated conditions
orthopaedic
ipsilateral femoral neck fracture
2-6% incidence
often basicervical, vertical, and nondisplaced
lack of displacement due to majority of energy dissipated through femoral shaft
missed 19-31% of time
bilateral femur fractures
significant risk of pulmonary complications
increased rate of mortality as compared to unilateral fractures
ipsilateral tibial shaft fractures
ipsilateral acetabular fracture
thoracic
pulmonary injury
early surgical treatment of femur fracture can lead to ARDS
approximately 2% of cases
treatment can proceed when patient is appropriately resuscitated
cerebral hemorrhage, subdural hemorrhage
early surgical treatment can exacerbate neurologic injury
intraoperative hypotension can decrease brain perfusion",pain in thigh
https://www.orthobullets.com/hand/6050/kienbocks-disease,"Pathophysiology
thought to be caused by
multiple factors
biomechanical factors
ulnar negative variance
leads to increased radial-lunate contact stress
decreased radial inclination
repetitive trauma
anatomic factors
geometry of lunate
vascular supply to lunate
patterns of arterial blood supply have differential incidences of AVN
disruption of venous outflow leading to increased intraosseous pressure
Blood supply to capitate is also poor and may lead to AVN.","dorsal wrist pain
usually
activity related
more often in dominant hand"
https://www.orthobullets.com/knee-and-sports/3133/articular-cartilage-defects-of-knee,"Pathophysiology
mechanism of injury
acute trauma or chronic repetitive overload
impaction resulting in cartilage softening; fissuring; flap tears; or delamination
the cause of OCD is unknown
pathomechanics
impaction forces greater than
24 MPa
will disrupt normal cartilage
cellular biology
cartilage injuries have
limited spontaneous healing and propensity to worsen over time","asymptomatic vs. localized knee pain
may complain of effusion, motion deficits, mechanical symptoms (e.g., catching, instability)"
https://www.orthobullets.com/trauma/1039/subtrochanteric-fractures,"Pathophysiology
young patients
high-energy mechanism (MVC)
elderly patients
low-energy mechanism (ground level falls)
rule out pathologic or atypical femur fracture
denosumab or bisphosphonate use, particularly alendronate, can be risk factor
Pathoanatomy
deforming forces on the proximal fragment are
abduction
gluteus medius   and gluteus minimus
flexion
iliopsoas
external rotation
short external rotators
deforming forces on distal fragment
adduction & shortening
adductors","hip and thigh pain
inability to bear weight"
https://www.orthobullets.com/trauma/1057/osteomyelitis--adult,"Pathophysiology
mechanism of spread
hematogenous
originated or transported by blood
may be due to bacterial or viral systemic illness
most common etiology in children
vertebrae are the most common hematogenous site in adults
S. aureus
is the most common organism
contiguous-spread
associated with previous surgery, trauma, wounds, or
poor vascularity
can be bacterial (most common), mycobacterial, or fungal in nature
direct-inoculation
penetrating injuries
open fractures
surgical contamination
pathobiology
planktonic stage
bacteria attach to an inert substrate and undergo apoptosis to create a matrix for biofilm
biofilm formation
biofilm is characterized by bacteria entering a no-growth, or sessile, phase, which makes them even more resistant to antibiotics that depend on replication to carry out their effect
biofilm is then made of an extracellular polymeric substance or exopolysaccharide
antibiotics are less effective due to difficulty penetrating the biofilm and bacteria lowering their metabolic rate
Associated conditions
orthopaedic manifestations
septic arthritis
abscess
medical conditions
immunosuppression
dialysis
IV drug use
diabetes
poor nutrition
vascular disease
Organism (see table below)
organism
varies by age of the patient
S. aureus
is most common in adults
Osteomyelitis Organism Table
Newborns
(younger than 4 mo)
S. aureus, Enterobacter species, group A and B Streptococcus species
Children
(aged 4 mo to 4 y)
S. aureus, group A Streptococcus species, Kingella kingae, and Enterobacter species
Children, adolescents
(aged 4 y to adult)
S. aureus (80%), group A Streptococcus species, H. influenzae, and Enterobacter species
Adult
S. aureus and occasionally Enterobacter or Streptococcus species
Unusual Osteomyelitis Organism Table
Salmonella
Sickle cell anemia patients (S. aureus is still most common)
Pseudomonas
IV drug use with AC or SC joint infection
or puncture wound through rubber soled shoes
Bartonella
HIV/AIDS patient following cat scratch or bite
Fungal osteomyelitis
Immunosuppressed, long-term IV medications, or parenteral nutrition
Tuberculosis
Manifestations include Potts disease","pain
fever
more common in acute osteomyelitis"
https://www.orthobullets.com/hand/6043/scaphoid-lunate-advanced-collapse-slac,"Pathoanatomy
chronic SL ligament injury creates a
DISI deformity
scaphoid is flexed and lunate is extended as scapholunate ligament no longer restrains this articulation
scapholunate angle > 70 degrees
lunate extended > 10 degrees past neutral
resultant scaphoid flexion and lunate extension creates
abnormal distribution of forces across midcarpal and radiocarpal joints
malalignment of concentric joint surfaces
initially affects the
radioscaphoid joint
and progresses to capitolunate joint
notably the
radiolunate joint is spared","difficulty bearing weight across wrist
patients localize pain in region of scapholunate interval
progressive weakness of affected hand
wrist stiffness"
https://www.orthobullets.com/recon/422822/tha-pseudotumor-metal-on-metal-reactions,"Pathophysiology
mechanism
two different mechanisms have been proposed for formation of pseudotumors:
hypersensitivity to metal ions
local high wear debris
variability in distribution of metal debris, degree of necrosis, and number, type, and arrangement of inflammatory cells
macrophages and lymphocytes are present in all cases with
lymphocytes
being predominant
patient's with high wear have more macrophages than those with primarily hypersensitivity to metal ions
patients with extensive infiltrates of macrophages tend to have smaller lymphocytic aggregates.","common symptoms
may be asymptomatic
groin pain
trendelenburg gait"
https://www.orthobullets.com/shoulder-and-elbow/3129/lateral-ulnar-collateral-ligament-injury-plri,"Pathophysiology
traumatic
most often discussed as a result of
elbow dislocation
combination of forearm
supination,
axial loading, valgus
(posterolateral) stress, and elbow extension causes progressive failure of the lateral collateral ligament complex and anterior capsule, resulting posterolateral subluxation of the radial head and external rotation of the semilunar notch away from trochlea
Lateral collateral ligament complex most commonly fails at humeral origin (lateral epicondyle)
common extensor origin can also be avulsed
radioulnar articulation remains intact
iatrogenic injury
from arthroscopic or open procedures of the lateral elbow that go posterior to equator of radial head (e.g. debridement of lateral epicondylitis)
arthroscopic debridement should be kept anterior to equator of the radial head
chronic attenuation
secondary to chronic cubitus
varus malunion
abnormal lateral thrust stretches out the LUCL with time
abnormal triceps vector further stretches LUCL
Associated conditions
elbow dislocations","pain
is the primary symptom
mechanical symptoms
(clicking, catching, etc.)
often with elbow extension and when pushing off from arm of chair"
https://www.orthobullets.com/shoulder-and-elbow/3054/internal-impingement,"Pathophysiology
mechanism
impingement occurs during
maximum arm abduction and external rotation
during late cocking
and
early acceleration phases of throwing
causes
""peel-back"" phenomenon of posterosuperior labrum by the biceps
pathoanatomy
caused by repetitive impingement of the posterior under-surface of the supraspinatus tendon and the posterior superior aspect of the glenoid
pathologic micromotion of the humeral head allows the rotator cuff to become impinged between the humral head and glenoid.
in contrast to
subacromial or ""external"" impingement which occurs on bursal side of rotator cuff
internal impingement covers a spectrum of injuries including
fraying of the articular side of the posterior rotator cuff (supraspinatus-infraspinatus interval)
posterior and superior labral lesions
hypertrophy and scarring of posterior capsule glenoid
(Bennett lesion)
cartilage damage at posterior glenoid
etiology
tightness of posterior band of IGHL
anterior micro-instability
Associated conditions
associated with
GIRD
SLAP tears
SICK scapula and dyskinesia","shoulder pain, sometimes loalized posteriorly
diffuse pain in
posterior shoulder
along the posterior deltoid
shoulder pain
worse
with throwing
especially during late cocking and early acceleration"
https://www.orthobullets.com/trauma/1000/other-trauma-topics,,
https://www.orthobullets.com/knee-and-sports/9019/meniscus,,
https://www.orthobullets.com/pediatrics/4054/neurofibromatosis,"Genetics
autosomal dominant (AD)
mutation in NF1 gene on chromosome 17q11.2
codes for
neurofibromin protein
negatively
regulates
Ras
signaling pathway
neurofibromin deficiency leads to increased Ras activity
affects
Ras-dependent MAPK activity
which is essential for osteoclast function and survival
neurofibromatosis is the most common genetic disorder caused by a new mutation of a single gene
Associated conditions
scoliosis
anterolateral
bowing of tibia
bowing of forearm bones with obliteration of medullary cavity
ulnar pseudoarthrosis
radius pseudoarthrosis
neoplasias",
https://www.orthobullets.com/pathology/8053/neurilemmoma,"Pathoanatomy
can affect motor or sensory nerves
Genetics
often associated with mutations affecting NF2 gene
Malignant transformation
extremely rare","usually asymptomatic
may have
paresthesia
in the distribution of the peripheral nerve"
https://www.orthobullets.com/pathology/8002/impending-fracture-and-prophylactic-fixation,,
https://www.orthobullets.com/foot-and-ankle/7035/tibiotalar-impingement,"Mechanism
repetitive overuse injuries
trauma
degenerative sequelae
can also be caused by excessive anterolateral soft tissues or posterior soft tissue or osseous abnormalities",pain in anterior ankle
https://www.orthobullets.com/trauma/1021/terrible-triad-injury-of-elbow,"Characterized by presence of
elbow dislocation
(often associated with posterolateral dislocation or LCL injury )
radial head or neck fracture
coronoid fracture
Pathophysiology
mechanism
fall on supinated forearm and extended arm that results in a combination of
valgus, axial, and posterolateral rotatory forces
produces
posterolateral dislocation
pathoanatomy
structures of elbow fail from lateral to medial
LCL disrupted first
anterior capsule injured next
possible MCL disruption","patients complain of pain, clicking and locking with elbow in extension"
https://www.orthobullets.com/hand/6009/wrist-arthroscopy,,
https://www.orthobullets.com/hand/422868/scaphoid-fracture-nonunion,"Pathophysiology
pathoantomy
lack of stability and/or biology leading to nonunion at fracture site
Associated conditions
osteonecrosis
SNAC (Scaphoid Nonunion Advanced Collapse)","common symptoms
some patients will deny any significant symptoms
wrist pain
worsened with motion
difficulty with grip"
https://www.orthobullets.com/hand/6074/camptodactyly,"Pathophysiology
typically caused by either
abnormal lumbrical insertion/origin
abnormal (adherent, hypoplastic) FDS insertion
other less common causes include
abnormal central slip
abnormal extensor hood
abnormal volar plate
skin, subcutaneous tissue, or dermis contracture
Genetics
most often sporadic
can be inherited with autosomal dominant inheritance with incomplete penetrance/variable expressivity
Associated conditons
can be associated with more widespread developmental dysmorphology syndromes","often goes unnoticed as usually only affects small finger and is very rarely associated with any significant compromise in function
typically painless and without motor/sensory deficits"
https://www.orthobullets.com/hand/6030/snapping-extensor-carpi-ulnaris-ecu,"Pathoanatomy
ECU subluxation is secondary to attenuation or
rupture of the ECU subsheath (6th dorsal compartment)
attenuation
remains intact but is stripped at ulnar/palmar attachment to produce a false pouch that the ECU tendon can subluxate/dislocate into
rupture
ulnar sided ECU subsheath tears
ECU subluxates on supination, and reduces on pronation
radial sided ECU subsheath tears
ECU subluxates on supination, and lies
on top of the torn subsheath
on pronation
subluxation and snapping can lead to ECU tendonitis","pain and snapping
over dorsal ulnar wrist"
https://www.orthobullets.com/basic-science/422816/deep-vein-thrombosis,,pain in leg
https://www.orthobullets.com/pediatrics/4018/proximal-femur-fractures--pediatric,"Pathophysiology
mechanism of injury
usually results from
high-energy trauma
(75-80%)
can result from low-energy trauma if the patient has weakened bone (i.e. tumors, metabolic bone disease)
Associated conditions
30-85% of patients will have associated traumatic injuries
head or facial trauma
splenic lacerations
retroperitoneal hemorrhage
perineal injury
pelvic ring or acetabular fractures
hip dislocation
femur fractures
associated complications
AVN
premature physeal closure","severe pain in affected hip
inability to bear weight"
https://www.orthobullets.com/pathology/8001/bone-tumor-staging-systems,,
https://www.orthobullets.com/recon/5009/tha-revision,"Pathophysiology
femoral component failure
acetabular component failure
both component failure
neither
Indications
wound healing complications
periprosthetic fracture
implant fracture
hip instability
periprosethic joint infection (PJI)
adverse local soft tissue reaction (MoM)
trunnionosis
osteolysis
aseptic loosening
limb length discrepancy (LLD)
Broad categories
revision surgery without affecting modular OR nonmodular components
revision wound closure
psoas release
heterotopic bone excision
ORIF of periprosthetic fracture
revision surgery affecting modular components only
femoral head and or polyethyelene exchange
titanium sleeve
r
evision surgery nonmodular components
acetabular component exchange
most common
reason for revision in the Charnley ""low-friction"" total hip arthroplasty
femoral component exchange
removal of both components
replaced with new components
replaced with antibiotic spacer
girdlestone","groin pain --> acetabulum
thigh pain --> femoral stem
start-up pain --> component loosening
night pain --> infection
no improvement in pain after surgery --> incorrect diagnosis"
https://www.orthobullets.com/spine/2004/spinal-cord-anatomy,,
https://www.orthobullets.com/shoulder-and-elbow/3048/distal-clavicle-osteolysis,"Pathophysiology
pathoanatomy
caused by
repetitive stress and micro-fracture
in distal clavicle which leads to osteopenia","pain
located at distal clavicle and anterior superior shoulder
insidious in onset
exacerbated by repetitive loading (ie. bench press or push-ups)"
https://www.orthobullets.com/pediatrics/4074/severs-disease,"Mechanism
exact etiology is unknown
thought to be due to traction apophysitis and repetitive microtrauma experienced during gait (similar to Osgood Schlatter's Disease)","pain in the area of the calcaneal apophysis in an immature athlete
pain increased with activity or impact
stretch of the triceps surae exacerbates heel pain
can display warmth, erythema, & swelling"
https://www.orthobullets.com/knee-and-sports/3102/hamstring-injuries,"Pathophysiology
Mechanism of injury
intramuscular and musculotendinous injuries
most often occur during
sudden takeoff phase of running
proximal hamstring avulsions
occurs as a
result of hip flexion and knee extension
eccentric contraction of hamstring at the end of swing phase when muscle fibers are at maximal elongation.
Pathobiology
satellite cell plays a role in muscle healing following muscle injury","common symptoms
posterior thigh pain
hamstring tightness
pain with sitting
proximal avulsions"
https://www.orthobullets.com/knee-and-sports/3110/femoral-neck-stress-fractures,"Pathophysiology
mechanism
repetitive loading of femoral neck exceeds elastic properties of bone causing microscopic fracture
continuous microscopic fractures exceed osteoblastic activity resulting in stress fracture
Genetics
3x higher risk with absent gene
calcitonin receptor C allele
vitamin D recepter C-A haplotype
Associated conditions
""
female athlete triad
""
amenorrhea, eating disorder, and osteoporosis
must be considered in any female athlete with stress fracture
2-4x increased risk
hormonal dysregulation of hypothalamic-pituitary-gonadal (HPG) axis
decrease in estrogen levels which is necessary for osteoblast maturation
increased osteoclast activity relative to osteoblast activity
oral-contraceptives use increases bone mineral density
FAI
associated with 50% of FNF stress fractures
42% CAM lesion
78% pincer lesion","insidious
onset of thigh or groin pain
may radiate to knee
pain increases with repetitive weight-bearing activities
pain improves with cessation of activity
completion of fracture may be associated with cracking or popping and inability to bear weight"
https://www.orthobullets.com/shoulder-and-elbow/3044/rotator-cuff-arthropathy,"Pathophysiology
cuff tear arthropathy
mechanical factors
loss of the concavity due to compression effect
decreased range of motion and shoulder function
humeral head migration
instability with possible recurrent dislocations
nutritional factors
loss of water tight joint space
decreased joint fluid
cartilage atrophy (decrease in water and glycosaminoglycan content) and subchondral collapse (disuse osteoporosis)
crystalline-induced arthropathy
degradation proteins in the synovium destroy the rotator cuff and cartilage
end-stage disease leads to calcium phosphate crystal deposits
Rotator cuff arthropathy is characterized by the combination of
rotator cuff insufficiency
glenohumeral cartilage destruction
superior migration of the humeral head
subchondral osteoporosis
humeral head collapse","pain, including night-pain
subjective weakness
subjective stiffness"
https://www.orthobullets.com/recon/3135/high-tibial-osteotomy,"Use
predominately done for
varus deformities
less common for valgus deformities
Angular deformity in the knee leads to abnormal distribution of weight bearing stresses
can
accelerate wear in medial or lateral compartments
of the knee and lead to degeneration
HTO is commonly combined with cartilage restoration procedures
to provide better mechanical environment for biologic repair",pain on medial or lateral side of knee
https://www.orthobullets.com/basic-science/9054/anticoagulation-medications,,
https://www.orthobullets.com/trauma/1055/trauma-scoring-systems,,
https://www.orthobullets.com/hand/6058/dupuytrens-disease,"Pathophysiology
cytokine-mediated transformation of normal fibroblasts into
abnormal
myofibroblasts
, turning
normal
fascial bands into pathological
cords
contractile properties are abnormal and exaggerated
differs from fibroblast as the myofibroblast has
intra
cellular
actin
filaments aligned along long axis of cell
adjacent myofibroblasts connect via
extra
cellular
fibronectin
to act together to create contracted tissue
increase in ratio of
type III
to type I collagen
increase in free radical formation
cytokines released by macrophages and lymphocytes have been implicated
TGFbeta1
, TGFbeta2, epidermal growth factor, PDGF, connective tissue growth factor
Risk factors for increased severity and recurrence after treatment
male gender
onset before age 50
bilateral disease
sibling/parent involvement
Dupuytren's Diathesis
age <50, white men, bilateral hands, family history, ectopic disease outside the palm including Ledderhose, Peyronies, Garrod pads
Associated conditions
medical
tuberculosis
chronic pulmonary disease
HIV/AIDS
tobacco use
alcohol use
diabetes
epilepsy
antiseizure medications
ectopic manifestations (Ledderhose, Peyronie's, Garrod)
Peyronie's disease (dartos fascia of penis) 2-8%
Garrod disease (knuckle pads)  40-50%
Ledderhose disease (plantar fascia) 10-30%","decreased ROM affecting ADL
painless nodules unless compressing nearby neurovasculature"
https://www.orthobullets.com/foot-and-ankle/7049/lower-extremity-os,"Definition
accessory ossicles
secondary ossification centers that remain separated from the normal bon
sesamoids
are
bones that are incorporated into tendons
and move with normal and abnormal tendon motion
Most common ossicles
os trigonum
accessory navicular (os tibiale externum)
os intermetatarseum
Most common sesamoids
os peroneum
located in the peroneus longus tendon
hallux sesamoids
located in the flexor hallucis brevis tendon at the base of the 1st metatarsal head",
https://www.orthobullets.com/hand/6004/flexor-pulley-system,,
https://www.orthobullets.com/basic-science/9078/embryology,,
https://www.orthobullets.com/pediatrics/4124/pediatric-trauma-evaluation-and-management,"Pathophysiology
falls and motor vehicle accidents most common",
https://www.orthobullets.com/hand/6026/de-quervains-tenosynovitis,"Pathophysiology
pathoanatomy
thickening and swelling of extensor retinaculum causes increased tendon friction
NOT considered an inflammatory process
may be related to accumulation of mucopolysaccharides","gradual onset
radial sided wrist pain
pain exacerbated by gripping and raising objects with wrist in neutral"
https://www.orthobullets.com/pathology/8027/non-ossifying-fibroma,"Mechanism
non-ossifying fibroma (NOF) is a benign fibrogenic lesion that is related to dysfunctional ossification
one of the
most common benign bone tumors in childhood (with osteochondroma)
other names
metaphyseal fibrous defect
nonosteogenic fibroma
cortical desmoid
fibrous cortical defect
fibromatosis
fibroxanthoma
Pathophysiology
possibly due to abnormal osteoclastic resorption at the subperiosteal level during remodeling of the metaphysis
Associated conditions
Jaffe-Campanacci syndrome
congenital syndrome of multiple non-ossifying fibromas and
cafe au lait pigmentation
mental retardation
heart, eyes, gonads involved
neurofibromatosis
familial multifocal NOF
ABC","asymptomatic
usually found incidentally
may present with pathologic fracture"
https://www.orthobullets.com/shoulder-and-elbow/3084/elbow-arthritis,"Osteoarthritis
epidemiology
incidence
clinically symptomatic primary osteoarthritis rare (2% prevalence)
demographics
men
to women 4:1
middle-aged male
laborers
can present from 20 to 70 years of age (
average 50 years
)
location
association with
dominant hand
risk factors
strenuous manual labor
pathophysiology
etiologies include
primary arthritis
secondary causes
post-traumatic arthritis
osteochondritis dissecans
synovial osteochondromatosis
MUCL or ligamentous insufficiency, valgus extension overload
pathoanatomy
osteophytosis
capsular contracture
loose bodies
periarticular osteophytes block motion
preferentially involves radiocapitellar joint, sparing ulnohumeral articulation
Post-traumatic arthritis
epidemiology
second most common etiology of arthritis (rheumatoid historically the most common)
common after nonoperatively treated radial head fractures, elbow/fracture dislocations, and traumatic instability.
more common in younger patients compared to other etiologies (inflammatory and primary arthritis)
pathoanatomy
direct articular cartilage damage
surface incongruency alters load distribution across the bearing surface
may encompass entire joint or may be isolated to specific areas of the ulnohumeral and/or radiocapitellar articulartion
degenerative changes and early onset arthritis result as a consequence of the above
may be accompanied by stiffness, chronic instability, malunion, or nonunion
Inflammatory arthritis
epidemiology
rheumatoid arthritis
most common inflammatory arthropathy in adults
most prevalent elbow arthritis
elbow affected in 20% to 50%
causes progressive bone resorption and osteopenia
other causes
psoriatic arthritis
systemic lupus erythematosius
pigmented villonodular synovitis
pathophysiology
inflammation, chronic synovitis, ligament attenuation, periarticular osteopenia, capsular contracture
pathoanatomy
fixed flexion contracture
instability
ulnar or (less commonly) radial neuropathy
articular cartilage erosion
cyst formation
deformity
joint space loss
progressive instability",
https://www.orthobullets.com/spine/2058/pediatric-spondylolysis-and-spondylolisthesis,"Pathophysiology
conditions represent a continuum of disease including
pars stress reaction
defined as sclerosis of pars without complete bone disruption
spondylolysis
defined as a complete fracture of the pars interarticularis
mechanism
defects are
not
present at birth and develop over time (seen in 4-6% if population)
usually activity related and occurs from
repetitive hyperextension
isthmic spondylolisthesis (spondylolytic spondylolithesis)
defined as forward translation of one vertebral segment over the one beneath it due to a pars defect
risks of progression
approximately
15%
of individuals with a pars interarticularis lesion have
progression to spondylolisthesis
the larger the slip the more likely it is to progress
> Myerding 2 (>50% slip)
dysplastic slips (Wiltse Type I) are more likely to progress
severity of current slip
correlates most strongly with pelvic incidence
spondyloptosis
100% translation of one vertebra over the next caudal vertebra
Genetics
possible autosomal dominant inheritance pattern","asymptomatic
many cases of spondylolysis are asymptomatic
low back pain
no association between radiologic grade and clinical presentation
symptoms include insidious onset of activity related low back pain
leg symptoms
buttock pain
hamstring tightness
(most common) and knee contracture
radicular pain (L5 nerve root)
listhetic crisis
severe back pain aggravated by extension and relieved by rest
neurologic deficit
hamstring spasm
bowel and bladder symptoms
rare
cauda equina syndrome (rare)"
https://www.orthobullets.com/spine/2064/cervical-facet-dislocations-and-fractures,"Pathoanatomy
represent spectrum of osteoligamentous pathology that includes
facet fractures
more frequently involves superior facet
may be unilateral or bilateral
decreases the threshold for facet dislocation
loss of tethering effect of interlocked facets
unilateral facet dislocation
most frequently missed cervical spine injury on plain xrays
leads to ~25% subluxation on xray
associated with monoradiculopathy that improves with traction
inferior facet of the cephalad vertebrae encrouches the neuroforamina
bilateral facet dislocation
leads to ~50% subluxation on xray
often associated with significant spinal cord injury (~80% of cases)
mechanism
flexion and distraction forces +/- an element of rotation
rotational moment associated with unilateral facet dislocation
Associated injuries
head injuries
noncontiguous spinal injuries
often occurs in the thoracolumbar, cervicothoracic, and occipitocervical junction
appendicular injuries","pain
neck pain in setting of flexion-distraction mechanism
unilateral dislocation
numbness and tingling radiating down a single arm
C5/6 presents with numbness in thumb
C6/7 presents with numbness in index and middle finger
bilateral dislocation
subjective weakness in b/l upper and lower extremeties
paresthesias and sensory changes in b/l lower extremities"
https://www.orthobullets.com/foot-and-ankle/7024/fhl-tendonitis-and-injuries,"Pathophysiology
mechanism of injury
activities involving maximal plantar-flexion
pathoanatomy
posterior to the talus
within the fibro-osseous tunnel
in chronic cases nodule formation may lead to triggering
Associated conditions
posterior ankle impingement
os trigonum (posterolateral tubercle)","posteromedial ankle pain
great toe locking with active range of motion
crepitus along the posterior medial ankle
dancers will typically endure symptoms for a longer period of time prior to seeking orthopaedic care when compared to non-dancers"
https://www.orthobullets.com/pediatrics/4046/congenital-dislocation-of-the-knee,"Spectrum of disease including
positional contractures
rigid dislocation
Structural components include
quadricep tendon contracture
anterior subluxation of hamstring tendon
absent suprapatellar pouch
tight collateral ligament
Often occurs in children with
myelomeningocele
arthrogryposis
Larsen's syndrome
Associated conditions
developmental dysplasia of the hip
50% will have hip dysplasia affect one or both hips
clubfoot
metatarsus adductus",
https://www.orthobullets.com/recon/5027/tka-periprosthetic-fracture,"Timing
intraoperative
medial femoral condyle fracture most common
postoperative
Risk factors (general)
poor bone quality
age
steroid use
rheumatoid arthritis
stress-shielding
mechanical stress-risers
screw holes
local osteolysis
stiffness
neurological disorders
epilepsy
Parkinson's disease
cerebellar ataxia
myasthenia gravis
polio
cerebral palsy",
https://www.orthobullets.com/hand/6078/apert-syndrome,"Genetics
autosomal dominant, but most new cases are sporadic
mutation of
FGFr2 gene",
https://www.orthobullets.com/pathology/8015/parosteal-osteosarcoma,,"Presentation
often presents as a
painless mass
limited joint motion can also be a presenting complaint for characteristic large posterior distal femoral lesions"
https://www.orthobullets.com/shoulder-and-elbow/3088/elbow-arthroscopy-indications-and-approach,,
https://www.orthobullets.com/recon/3105/tha-sciatic-nerve-palsy,"Causes
direct trauma
stretch
compression due to
hematoma
heat from polymethylmethacralate polymerization
unrecognized lumbar lateral recess stenosis
unknown (40%)
Risk factors
for motor nerve palsies include
developmental dysplasia of the hip
revision surgery
female gender
limb lengthening
posttraumatic arthritis
surgeon self-rated procedure as difficult
pre-existing lumbar stenosis
operative time",
https://www.orthobullets.com/pediatrics/4013/elbow-dislocation--pediatric,"Pathophysiology
mechanism of injury
fall onto an
outstretched hand
pathoanatomy
posterior dislocation
hyperextension, valgus stress, and supination
anterior dislocation
a direct posterior to anterior force on a flexed elbow
relatively small coronoid process
in children cannot resist distal and posterior displacement of ulna
Associated conditions
traumatic
avulsion of the medial epicondyle
medial epicondyle fractures are
the most common associated
fracture
incarcerated intra-articular bone fragment may block reduction
fractures of proximal radius, olecranon and coronoid process
neurovascular injury
brachial artery and median nerve
may be stretched over displaced proximal fragment
ulnar nerve
at risk with associated medial epicondyle avulsions
most common neuropraxia
congenital
dislocation of radial head","painful and swollen elbow
attempts at motion are painful and restricted"
https://www.orthobullets.com/basic-science/9013/collagen,,
https://www.orthobullets.com/pediatrics/4069/flexible-pes-planovalgus-flexible-flatfoot,"Pathoanatomy
generalized ligamentous laxity is common
25% are associated with gastrocnemius-soleus contracture","usually asymptomatic in children
may have arch pain or pretibial pain"
https://www.orthobullets.com/pediatrics/4040/slipped-capital-femoral-epiphysis-scfe,"Pathophysiology
mechanism
occurs due to axial and rotational mechanical forces which act on a susceptible physis
direction of slip/angulation
metaphysis
translates
anterior and externally rotates
epiphysis
remains in the acetabulum and lies posterior/inferior to the translated metaphysis
pathoanatomy
slippage occurs though the
hypertrophic zone
of the physis
histology sections reveal granulation tissue between the columns in the hypertrophic zone
cartilage in the hypertrophic zone acts as a weak spot
increased risk in adolescence because:
the perichondrial ring
thins and weakens
undulating mammillary processes in physis unlocks, further destabilizing the physis
physis is still vertical in this age group (160° at birth to 125° at skeletal maturity), which results in increased shearing forces
the epiphyseal tubercle can provide a rotational pivot point
this represents an anatomic structure in the posterior superior epiphysis that shrinks with skeletal maturity
similar to
Salter-Harris type I
fracture, but may differ based on
antecedent epiphysiolysis
slower displacement
periosteum remains intact (chronic SCFE)
in acute SCFE, periosteum can be partially torn anteriorly over the prominent metaphysis
Associated conditions
endocrine disorders
associated conditions
hypothyroidism
most common etiology of nonidiopathic SCFE
labs: elevated TSH
renal osteodystrophy
labs: elevated BUN and creatinine
growth hormone deficiency
panhypopituitarism
endocrine workup indicated if
child is
< 10 years old
weight is
< 50th percentile
Down syndrome","pain in hip (52%), groin (14%) and thigh (35%)
pain is most common presenting symptom
knee pain
15-50% present with knee pain
due to pain activation of the
medial obturator nerve
can lead to missed diagnosis
patients prefer to sit in a chair with affected leg crossed over the other
duration
symptoms are usually present for
weeks to several months
before diagnosis is made
88% of patients that presented with an unstable SCFE had unappreciated antecedent symptoms for ~42 days prior to diagnosis"
https://www.orthobullets.com/pediatrics/4068/tarsal-coalition,"Two types
congenital
most common
acquired
less common and caused by
trauma
degenerative
infections
Pathophysiology
embryology
failure of mesenchymal segmentation
leading to coalition between two or three tarsal bones
develops into a fibrous coalition, or undergoes metaplasia to cartilage +/-  bone
pathoanatomy
gait mechanics
subtalar joint will normally rotate 10 degrees internally during stance phase
in presence of coalition, internal rotation does not occur
deformity
flattening of longitudinal arch
abduction of forefoot
valgus hindfoot
peroneal spasticity (
also known as peroneal spastic flatfoot)
pain generator theories
ossification of previously fibrous or cartilaginous coalition
microfracture at coalition bone interface
secondary chondral damage or degenerative changes
increased stress on other hindfoot joints
Associated conditions
nonsyndromic
autosomal dominant
syndromic
fibular hemimelia
carpal coalition
FGFR-associated craniosynostosis (
FGFR-1, FGFR-2, FGFR-3
)
Apert syndrome, Pfeiffer, Crouzon, Jackson-Weiss and Muenke","asymptomatic
most coalitions are found incidentally
75% of people are
asymptomatic
pain
location of pain
sinus tarsi and inferior fibula suggests
calcaneonavicular
distal to medial malleolus or medial foot suggests talocalcaneal
pain worsened by activity
onset of symptoms correlates with
age of ossification of coalition
calf pain
secondary to peroneal spasticity"
https://www.orthobullets.com/hand/6011/intrinsic-plus-hand,"Pathophysiology
trauma
direct trauma
indirect trauma
vascular injury
compartment syndrome
rheumatoid arthritis
MCP joint dislocations and ulnar deviation lead to spastic intrinsics
neurologic pathology
traumatic brain injury
cerebral palsy
cerebrovascular accident
Parkinson's syndrome
Pathoanatomy
spastic intrinsics
leads to flexion of the MCP and extension of the IP joints
EDC weakness
fails to provide balancing extension force to MCP joint
FDS & FDP weakness
fail to provide balancing flexion force to PIP and DIP joints",difficulty gripping large objects
https://www.orthobullets.com/trauma/1064/hand-and-forearm-compartment-syndrome,"Pathophysiology
local trauma and soft tissue destruction
>
bleeding and edema
>
increased interstitial pressure
>
vascular occlusion
>
myoneural ischemia
Causes
trauma
fractures (most common)
distal radius fractures in adults
supracondylar humerus fracture in children
crush injuries
contusions
gunshot wounds
tight casts, dressings, or external wrappings
extravasation of IV infusion
burns
postischemic swelling
bleeding disorders
arterial injury","pain out of proportion
to clinical situation is usually first symptom
may be absent in cases of nerve damage
difficult to assess in
polytrauma
sedated patients
children"
https://www.orthobullets.com/recon/12306/tka-patellar-maltracking,"Causes
may be related to
prosthetic design
extensor mechanism imbalance
asymmetric patellar resection
malrotation
internal rotation of components
patellar malpositioning","complaints may include
feelings of subluxation
frank dislocation
peri-patellar pain
limited flexion"
https://www.orthobullets.com/pathology/8047/ewings-sarcoma,"Pathophysiology
cell biology
cell of origin in Ewing's Sarcoma unknown, however,
thought to be of neuroectodermal origin
Genetics
mutations
t(11:22) translocation
found in 85-95% of cases
leads to the formation of a
fusion protein (EWS-FLI1)
can be identified with PCR/FISH and useful to differentiate Ewing sarcoma from other round cell lesions
less common translocations including t(21:22) with fusion protein EWS-ERG comprise remaining 10-15%
Associated conditions
metastatic disease
lungs (50%), bone (25%), bone marrow (20%) are common sites
26-28% present with distant macrometastases
secondary malignant neoplasm
secondary to treatment with chemotherapy +/- radiation
hematologic secondary malignancy
acute myeloid leukemia
myelodysplastic syndrome
solid secondary tumors
sarcoma
carcinoma","pain
most common presenting symptom
often worsens at night
swelling, erythema
often mimics an
infection
mass
may not be palpable until it is quite large
fever (25%)
weight loss"
https://www.orthobullets.com/hand/6037/metacarpal-fractures,"Mechanism of injury
direct blow to hand or rotational injury with axial load
high energy injuries (ie. automobile) may result in multiple fractures
Associated conditions
wounds may indicate open fractures or concomitant soft tissue injury
tendon laceration
neurovascular injury
compartment syndrome
closed injuries with multiple fractures or dislocations
crush injuries",
https://www.orthobullets.com/basic-science/9010/bone-signaling-and-rankl,,
https://www.orthobullets.com/trauma/1004/open-fractures-management,"Pathophysiology
mechanism of injury
high-energy trauma
""inside-out"" open fractures
Associated conditions
often associated with additional injuries (30%)
compartment syndrome
the presence of an open wound does not preclude the occurrence of compartment syndrome in the injured limb",
https://www.orthobullets.com/hand/6067/radial-clubhand-radial-deficiency,"Genetics
likely related to
sonic hedgehog gene
most commonly result from
spontaneous mutations
Associated with
TAR
autosomal recessive condition with thrombocytopenia and absent radius
different in that
thumb is typically present
Fanconi's anemia
autosomal recessive condition with aplastic anemia
Fanconi screen and chromosomal breakage test to screen
treatment is bone marrow transplant
Holt-Oram syndrome
autosomal dominant condition characterized by cardiac defects
VACTERL Syndrome
vertebral anomalies, anal atresia, cardiac abnormalities, tracheoesophageal fistula, renal agenesis, and limb defects)
VATER Syndrome
vertebral anomalies, anal atresia, tracheoesophageal fistula, esophageal atresia, renal agenesis)",
https://www.orthobullets.com/pathology/8044/heterotopic-ossification,"Forms
usually occurs
spontaneously
or
following trauma
within 2 months of neurologic injury (brain or spinal cord)
following THA and TKA
Pathophysiology
exact cause of HO is not known but there appears to be a genetic disposition
experimental HO associated with
tissue expression of BMP
Associated conditions
orthopaedic manifestations
pathologic fractures
from decreased joint ROM and osteoporotic bone
nerve impingement
soft tissue contractures, contributing to the formation of decubitus ulcers
CRPS (more common in patients with HO)
joint ankylosis
HO after THA adversely affects outcome of THA
nonorthopaedic conditions
skin maceration and hygiene problems
Risk Factors for Heterotopic Ossification
Injury severity score (ISS)
High ISS is a risk
11%
Traumatic brain injury (TBI)
Higher incidence in the spastic limbs of the patient
11%
Spinal cord injury
Complete SCI
produces more HO than incomplete SCI.
Cervical and thoracic SCI produces more HO than lumbar SCI.
Younger age produces more HO (20-30yo).
Higher incidence in the spastic limbs of the patient.
20%
Neurologic Compromise
Prolonged coma in young patient (20-30yo), and prolonged
ventilator
use
Burns
Both locally under burn and remotely.
M
ore common with >20% body surface area
Decubitus ulcers
Worse with concomitant
decubitus ulcers
and SCI or TBI
70% (with concomitant SCI)
Antegrade femoral nail entry site
Worse with
piriformis
fossa entry point.
25%
Distal femur traction pins
HO in distal quadriceps.
Higher incidence in patients with other concomitant injuries
Higher incidence with u
se of large diameter Steinmann pins (5mm) because of hematoma, soft tissue injury from percutaneous insertion.
rare
Amputation through zone of injury
Worse with
blast
mechanism
63%
Surgical approaches
Extended iliofemoral
> Kocher-Langenbeck > ilioinguinal approach (acetabular fracture).
Anterior approach
> posterior approach for femoral head fracture fixation
25% (acetabular fracture fixation)
Total hip arthroplasty
Increased risk with
psoas
tenotomy and
cementless
components (more particulate debris and marrow spillage, muscle trauma from difficult broaching).
Smith-Petersen and Hardinge
> transtrochanteric > posterior (posterior has the lowest risk of HO).
For direct anterior approach, less HO risk with
""bikini incision""
53% (significant in only 5%)
Total knee arthroplasty
Increased risk with
notching
anterior femur, surgical trauma to
quadriceps
, distal femur exposure, and periosteal stripping, and postop
manipulation
under anesthesia, and high lumbar BMD
Other diseases
DISH
A
nkylosing spondylitis
Hy
pertrophic osteoarthritis (prominent osteophytes)","painless loss of ROM
interferes with ADL
CRPS symptoms
fever"
https://www.orthobullets.com/pediatrics/4031/osteomyelitis--pediatric,"Pathophysiology
mechanism
local trauma and bacteremia lead to increased susceptibility to bacterial seeding of the metaphysis
history of trauma is reported in 30% of patients
microbiology
Staph aureus
is the most common organism in all children
strains of community-acquired (CA) MRSA have genes encoding for Panton-Valentine leukocidin (PVL) cytotoxin
PVL-positive strains are more associated with complex infections, multifocal infections, prolonged fever, abscess, DVT, and sepsis
MRSA is associated with increased risk of DVT and septic emboli
Group B Strep
is most common organism in neonates
Kingella kingae
becoming more common in younger age groups
Pseudomonas
is associated with direct puncture wounds to the foot
H. influenza
has become much less common with the advent of the Haemophilus influenza vaccine
Mycobacteria tuberculosis
children are more likely to have extrapulmonary involvement
biopsy with stains and culture for acid-fast bacilli is diagnostic
Salmonella
more common in sickle cell patients
pathoanatomy
acute osteomyelitis
most cases are hematogenous
initial bacteremia may occur from a skin lesion, infection, or even trauma from tooth brushing
microscopic activity
sluggish blood flow in metaphyseal capillaries due to sharp turns results in venous sinusoids which give bacteria time to lodge in this region
the low pH and low oxygen tension around the growth plate assist in the bacterial growth
infection occurs after the local bone defenses have been overwhelmed by bacteria
spread through bone occurs via Haversian and Volkmann canal systems
purulence develops in conjunction with osteoblast necrosis, osteoclast activation, the release of inflammatory mediators, and blood vessel thrombosis
macroscopic activity
a subperiosteal abscess develops when the purulence breaks through the metaphyseal cortex
septic arthritis develops when the purulence breaks through an intra-articular metaphyseal cortex (hip, shoulder, elbow, and ankle)  (NOT KNEE)
Infants <1 year of age can have infection spread across the growth plate via capillaries causing osteomyelitis in the epiphysis and septic arthritis
chronic osteomyelitis
periosteal elevation deprives the underlying cortical bone of blood supply leading to necrotic bone (sequestrum)
sequestrum
the necrotic bone which has become walled off from its blood supply and can present as a nidus for chronic osteomyelitis
an outer layer of new bone is formed by the periosteum (involucrum)
involucrum
a layer of new bone growth outside existing bone seen in osteomyelitis
chronic abscesses may become surrounded by sclerotic bone and fibrous tissue leading to a
Brodie's abscess","limp or refusal to bear weight
generally not toxic appearing
+/- fever"
https://www.orthobullets.com/knee-and-sports/3120/ear-eye-mouth-injuries,,
https://www.orthobullets.com/pediatrics/4051/adolescent-blounts-disease,"Blount's disease is best divided into two distinct disease entities
Infantile Blount's
pathologic genu varum in children 2-5 years of age
more common
deformity rarely from femur
typically affects both lower extremities
Adolescent Blount's
(this topic)
pathologic genu varum in children > 10 years of age
more likely to have femoral deformity
less common
less severe
more likely to be unilateral
Pathophysiology
Blount's is thought to be caused by
a
dyschondrosis of medial physis
of proximal tibia
likely multifactorial but related to
mechanical overload
in
genetically susceptible
individuals",
https://www.orthobullets.com/spine/2033/thoracic-disc-herniation,,"pain
axial back or chest pain
is most common symptom
thoracic radicular pain
band-like chest or abdominal pain along course of intercostal nerve
arm pain (see with HNP at T2 to T5)
neurologic
numbness, paresthesias, sensory changes
myelopathy
paraparesis
bowel or bladder changes
(15% - 20% of patients)
sexual dysfunction"
https://www.orthobullets.com/hand/6032/intersection-syndrome,"Pathophysiology
mechanism is r
epetitive wrist extension
repetitive motion results in friction at the crossover junction of the 1st and 2nd dorsal compartments
friction leads to and inflammatory response and subsequent tenosynovitis",pain over dorsal forearm and wrist
https://www.orthobullets.com/knee-and-sports/3124/infectious-diseases-in-athletes,,
https://www.orthobullets.com/basic-science/4114/sickle-cell-anemia,"Two forms
sickle cell anemia
sickle cell anemia involves the presence of two abnormal hemoglobin S alleles
more severe form
sickle cell trait
sickle cell trait involves a single copy of the abnormal hemoglobin gene
usually asymptomatic
increased risk of sudden-death with exertion
due to collapse
responds early to oxygen, rest, hydration
more common
Pathophysiology
under low oxygen conditions the affected blood cells become ""sickle shaped""  and are unable to pass through vessels efficiently
Orthopaedic manifestations
sickle cell crisis (see below)
osteomyelitis
septic arthritis
osteonecrosis
of femoral and humeral heads
bone infarcts
growth retardation / skeletal immaturity
dactylitis (acute hand / foot swelling)",
https://www.orthobullets.com/shoulder-and-elbow/422838/revision-total-elbow-arthroplasty,"Pathophysiology
5 modes of TEA failure requiring revision
infection
(initially ~8% but since advent of DMARDs, rates have dropped to ~3%)
substantially
h
igher than arthroplasty of other joints
most common pathogen is
s.aureas (~40%) followed by s.epidermidus (30-35%)
worse outcomes with s.epidermidus
risk factors for TEA infection
higher prevalence in patients with rheumatoid arthritis on steroids
hypothyroidism
diabetes
decreased thickness of soft tissue envelope
prior elbow infection
prior elbow surgery
psychiatric illness
periprosthetic fracture
(5%)
intra-operative
can occur during bone preparation, reaming and implantation
post-operative
non-compliance with activities
ground-level falls
aseptic loosening
(15%)
higher rates associated with cementation and highly constrained systems
can result from anterior impingement of coronoid being driven into anterior humeral flange during maximal elbow flexion
instability
commonly due to unconstrained TEA systems
component failure
(15%)
most commonly due to bushing wear
most common in younger patients or those with significant pre-existing deformity","squeeking
elbow crepitus or ""squeaking"" sound with motion
pain
elbow pain
pain at night or rest is a red flag for infection
swelling
stiffness
decrease motion after a period of normal motion
progressive loss of motion without identifiable cause is red flag for infection"
https://www.orthobullets.com/recon/5029/tha-acetabular-screw-fixation,,
https://www.orthobullets.com/foot-and-ankle/7020/posterior-tibial-tendon-insufficiency-ptti,"Mechanism
exact etiology is
unknown
acute injury (e.g., ankle fractures caused by pronation and external rotation) vs. long-standing tendon degeneration
Pathoanatomy
early disease
early tenosynovitis progresses to PTTI
leads to loss of
medial longitudinal arch dynamic stabilization
late disease
PTTI contributes to attritional failure of
static hindfoot stabilizers
and
collapse of the medial longitudinal arch
spring ligament complex (e.g., superomedial calcaneonavicular ligament)
plantar fascia
plantar ligaments
fixed degenerative joint changes occur at late stages
foot deformity
pes planus
hindfoot valgus
forefoot varus
forefoot abduction
Associated conditions
inflammatory arthropathy
tarsal coalition
young person with rigid pes planus and/or recurrent ankle sprains","medial ankle/foot
pain and weakness
is seen early
progressive
loss of arch
lateral ankle pain due to subfibular impingement is a late symptom"
https://www.orthobullets.com/pediatrics/4052/genu-valgum-knocked-knees,"Pathophysiology
physiologic progression of coronal alignment
genu varum <2 years of age
neutral alignment around 2 years
genu valgum will peak at 3-4 years to a tibiofemoral angle of 15-20 degrees
genu valgum rarely worsens after age 7
after age 7 valgus should not be worse than 12 degrees of genu valgum
after age 7 the intermalleolar distance should be <8 cm
lateral deviation of mechanical axis
decreased growth from lateral physis relative to medial physis
patellar instability
increased Q-angle
shallow lateral femoral sulcus
lateral femoral condyle growth suppressed predisposing to lateral subluxation
Associated conditions
bilateral genu valgum
physiologic
renal osteodystrophy
(renal rickets)
skeletal dysplasia
Morquio syndrome
spondyloepiphyseal dysplasia
chondroctodermal dysplasia
unilateral genu valgum
physeal injury
from trauma, infection, or vascular insult
proximal
metaphyseal tibia fracture
Cozen Phenomenon
benign tumors
fibrous dysplasia
osteochondromas
enchondromas
fibular hemimelia",
https://www.orthobullets.com/hand/6005/wrist-ligaments-and-biomechanics,,
https://www.orthobullets.com/knee-and-sports/3126/steroids-and-stimulants,,
https://www.orthobullets.com/shoulder-and-elbow/3058/glenohumeral-arthritis-shoulder-arthritis,"Causes
primary osteoarthritis
secondary arthritis
post-traumatic
arthritis of dislocation
inflammatory/crystalline arthritis
osteonecrosis
neuropathic (Charcot Arthropathy)
rotator cuff arthropathy
Pathophysiology
primary osteoarthritis
articular cartilage
irreversible progressive loss of articular cartilage with
hypertrophic reaction of the subchondral bone
; no known cause
humeral head
thinning/absence of cartilage, flattening, osteophyte and subchondral cyst formation, posterior humeral subluxation
glenoid
posterior wear
(see: Walch glenoid classification), subchondral cyst formation
rotator cuff
rotator cuff tears incidence 5-10%, important to rule out
post-traumatic arthritis
articular surface incongruities following trauma healing can lead to joint deterioration
commonly occurs in patients with humeral fractures and chronic dislocations
cuff tear arthropathy
torn rotator cuff tendons leads to humeral head migration and subsequent abrasive contact between the humeral head and acromion which leads to articular wear
dislocation arthropathy
repeated dislocation can cause erosion of joint cartilage
higher incidence with
increased age
posterior dislocation
not associated with number of dislocations
post-capsulorraphy arthropathy
excessive tightening of soft tissues in stabilization surgeries to treat recurrent dislocation forces humeral head in one direction
causes head to wear unevenly on glenoid
inflammatory/crystalline arthritis
rheumatoid arthritis
systemic autoimmune disease causes synovial inflammation and degradation of shoulder joint
can involve all structures of shoulder including soft tissue
affects 90% of patient with RA
characterized by central glenoid wear and medialization of humeral head
calcium pyrophosphate dihydrate deposition disease (CPPD)
accumulation of calcium pyrophosphate crystals within joint space causing synovial inflammatory response and cartilage/bone damage; sometimes referred to as “pseudogout”
gout
accumulation of sodium urate crystals within joint due to hyperuricemia causing inflammatory attack within joint and cartilage/bone damage
osteonecrosis/avascular necrosis
bone cell death caused by interruption of blood supply to humeral head leads to subchondral bone collapse and morphological/arthritic changes
causes
traumatic
proximal humerus fractures
35% incidence in 3-part
90% incidence in 4-part
chronic glenohumeral dislocations
repetitive injury
rotator cuff repair
atraumatic
steroid
ETOH
hemoglobinopathies
metabolic (e.g. Gaucher’s disease
chondrolysis
occurs following shoulder arthroscopy
exact pathophysiology unknow but associated with
radiofrequency energy
continuous postop anesthetic infusion
bioabsorbable suture anchors
contrast
leads to the dissolution of articular cartilage
has less osteophytes than OA
Associated conditions
rotator cuff tears
5-10% incidence with OA
25-50% incidence with RA","shoulder pain
worse with activities involving shoulder motion
often no pain at rest
loss of range of motion
especially external rotation due to anterior capsule contraction
difficulty sleeping"
https://www.orthobullets.com/pediatrics/4089/marfan-syndrome,"Genetics
autosomal dominant
mutation in
fibrillin-1 (FBN1) gene
located on chromosome 15 (locus CH 15q21)
multiple mutations identified
Sporadic mutation may also occur (30%)
Associated conditions
orthopaedic conditions
arachnodactyly (long, slender digits)
scoliosis (50%)
protrusio acetabuli
(15-25%)
ligamentous laxity
recurrent dislocations (patella, shoulder, fingers)
pes planovalgus
dural ectasia
(>60%)
meningocele
pectus excavatum or carinatum
nonorthopaedic conditions
cardiac abnormalities
aortic root dilatation
aortic dissection
mitral valve prolapse
superior lens dislocations
(60%)
spontaneous pneumonthorax
Skin striae, recurrent hernias",asymptomatic in most cases
https://www.orthobullets.com/trauma/1062/proximal-third-tibia-fracture,"Pathophysiology
mechanism
low energy
result of
torsional injury (spiral oblique fracture)
indirect trauma
high energy
direct trauma
Associated conditions
compartment syndrome
soft tissue injury
critical to outcome
severity of muscle injury has the greatest impact on need for amputation","pain, inability to bear weight"
https://www.orthobullets.com/basic-science/9055/fat-embolism-syndrome,"Pathophysiology
fat and marrow elements are embolized into the bloodstream during
acute long bone fractures
intramedullary instrumentation
intramedullary nailing
hip & knee arthroplasty
pathophysiology
two theories regarding the causes of fat embolism include
mechanical theory
embolism is caused by droplets of bone marrow fat released into venous system
biochemical theory
lipoprotein lipase induces free fatty acid production with resultant hyperinflammatory response similar to ARDS","patient complains of feeling ""short of breath""
patient appears confused"
https://www.orthobullets.com/pediatrics/4055/fibular-deficiency-anteromedial-bowing,"Fibular deficiency
consists of shortening or entire absence of the fibula
previously known as fibular hemimelia
the
most common congenital long bone deficiency
usually involves the entire limb
Genetics
no known inheritance pattern
linked to
sonic hedge-hog gene
Associated conditions
anteromedial tibial bowing
most common cause is fibular hemimelia
ankle instability
secondary to a ball and socket ankle
talipes equinovalgus
tarsal coalition (50%)
absent lateral rays
femoral abnormalities (PFFD, coxa vara)
developmental dysplasia of the hip
cruciate ligament deficiency
genu valgum
secondary to lateral femoral condyle hypoplasia
significant leg length discrepancy
shortening of femur and/or tibia",
https://www.orthobullets.com/knee-and-sports/3130/femoroacetabular-impingement,"Pathophysiology
mechanism of injury
proximal femur abuts acetabulum with range of motion, especially during
flexion
pathoanatomy
Cam impingement
refers to
femoral based disorder
usually in
young athletic males
occurs if femoral head/neck bone is too broad, mostly on the anterolateral neck
characterized by any of the following
decreased head-to-neck ratio
aspherical femoral head
decreased femoral offset
femoral neck retroversion
this sphericity mismatch causes
shearing at the chondro-labral junction
, leading to
cartilage delamination
and
labral separation
Pincer impingement
refers to
acetabular based disorder
usually in
active middle-aged women
occurs if acetabular bone/labrum overhang is too broad, mostly at the anterosuperior quadrant
anterosuperior acetabular rim overcoverage
acetabular retroversion
acetabular protrusio
coxa profunda
the femoral neck
impinges and crushes the labrum creating
intra-substance tearing
this levers the femoral head into the postero-inferior acetabulum leading to a
contrecoup cartilaginous injury
combined Cam/Pincer impingement
can include both patient populations
refers to combinations of above (up to 80%)
SCFE deformity causes variable patterns of impingement
Associated injuries
labral degeneration and tears
cartilage damage and flap tears
secondary hip osteoarthritis","common symptoms
activity related groin or hip pain,
exacerbated by hip flexion
difficulty sitting
mechanical hip symptoms of clicking or popping
can present with gluteal or trochanteric pain
due to aberrant gait mechanics"
https://www.orthobullets.com/pediatrics/4084/cerebral-palsy--general,"Nonprogressive
upper motor neuron
disease (static encephalopathy) due to
injury to immature brain
orthopaedic manifestations
contractures (this topic)
fractures (this topic)
upper extremity deformities
hip subluxation and dislocation
spinal deformity
foot deformities
gait disorders
Pathophysiology
pathoanatomy
leads to muscle imbalance with a mixture of weakness and spasticity
the encephalopathy is static while the affected portion of the musculoskeletal system changes with growth
risk factors
prematurity
(most common)
anoxic injuries
prenatal intrauterine factors
perinatal infections
toxoplasmosis
rubella
cytomegalovirus infection
herpes simplex
ToRCH
meningitis
brain malformations
brain trauma - NAT
Associated conditions
orthopaedic manifestations characteristic of CP
primary
abnormal tone
loss of motor control
impaired balance
spasticity
(hypotonia)
(dyskenesias such as chorea and athetosis)
secondary (growth and spasticity related)
contractures
starts as dynamic contractures, become static with time (continuous muscle contraction results in shortening) and growth (growth of bones occurs at a faster longitudinal rate than muscles in spastic cerebral palsy)
upper extremity deformities
hip subluxation and dislocation
spinal deformity
foot deformities
gait disorders
fractures
often associated with non-ambulators secondary to low bone mineral density
bisphosphonates may be useful
IV pamidronate considered with >3 fractures and a DEXA z-score <2 SD",
https://www.orthobullets.com/basic-science/9075/general-and-regional-anesthesia-in-orthopaedics,,
https://www.orthobullets.com/recon/5002/tka-polyethylene-wear-and-manufacturing,"Pathophysiology
primary variables that lead to catastrophic wear include:
PE thickness
articular surface design and geometry
flat PE should be avoided as knee loads exceed yield strength of UHMWPE in a flat design
goals of PE design:
maximize contact area
minimize contact loads (force/area)
biplanar congruency is the best design
congruent in both coronal and sagittal planes
kinematics
sliding wear is bad for PE
occurs when ACL is sacrificed and PCL remains
most pronounced with CR knee design with a flat PE insert
least pronounced with PS or AS knee design with a congruent PE insert
PE sterilization
PE manufacturing
surgical technique
tight flexion gap hastens sliding wear effect
tight PCL and anterior tibial slope amplify stress",
https://www.orthobullets.com?contentType=1&pp=500&p=2,,
https://www.orthobullets.com/recon/5008/adult-dysplasia-of-the-hip,"Pathophysiology
abnormal movement of the femoral head within the acetabulum due to both osseous and soft tissue abnormalities
leads to overload of the acetabular rim leading to secodnary OA
Associated conditions
increased femoral anteversion, coxa valga, head-neck junction deformitites, femoral head asphericity, hypoplasia of the femoral intramedullary canal, posterior displacement of the greater trochanter","hip or groin pain with insidious onset
exacerbating activitis include hip flexion or external rotation in weight bearing stance
lateral hip pain and a limp or Trendelenburg gait may occur with abductor fatigue"
https://www.orthobullets.com/pediatrics/4062/clubfoot-congenital-talipes-equinovarus,"Pathophysiology
muscle contractures contribute to the characteristic deformity that includes (CAVE)
Cavus
(tight intrinsics, FHL, FDL)
Adductus of forefoot
(tight tibialis posterior)
Varus
(tight tendoachilles, tibialis posterior, tibialis anterior)
Equinus
(tight tendoachilles)
bony deformity consists of medial spin of the midfoot and forefoot relative to the hindfoot
talar neck is medially and plantarly deviated
calcaneus is in varus and rotated medially around talus
navicular and cuboid are displaced medially
table of foot deformity muscle imbalances
Genetics
genetic component is strongly suggested
unaffected parents with affected child have 2.5% - 6.5% chance of having another child with a clubfoot
familial occurrence in 25%
recent link to
PITX1,
transcription factor critical for limb development
common genetic pathway may exist with congenital vertical talus
Associated conditions
arthrogryposis
diastrophic dysplasia
myelodysplasia
tibial hemimelia
amniotic band syndrome (Streeter dysplasia)
upper extremity and hand anomalies common in this population
Pierre Robin syndrome
Opitz syndrome
Larsen syndrome
prune-belly syndrome
anterior tibial artery hypoplasia or absence is common, regardless of etiology of clubfoot",
https://www.orthobullets.com/hand/6083/thumb-hypoplasia,"Pathophysiology
exact cause during embryologic development has yet to be elucidated
Associated anomalies
greater than
80% of patients will have associated anomalies
including
VACTERL
Holt-Oram
thrombocytopenia-absent radius (TAR)
Fanconi anemia",
https://www.orthobullets.com/trauma/1027/distal-radius-fractures,"Pathophysiology
mechanism of injury
fall on outstretched hand (FOOSH) is most common in older population
higher energy mechanism more common in younger patients
Associated conditions
DRUJ injuries
radial styloid fractures
indicates higher energy mechanism
soft tissue injuries -
seen in 70%
TFCC injury (40%)
scapholunate ligament injury (30%)
lunotriquetral ligament injury (15%)","wrist pain
wrist swelling
wrist deformity"
https://www.orthobullets.com/knee-and-sports/3125/the-female-athlete,,
https://www.orthobullets.com/pathology/8039/osteofibrous-dysplasia,"Genetics
trisomy 7, 8, 12, 22 have been reported
does NOT have Gs alpha activating mutation like fibrous dysplasia has","may be asymptomatic
painless
swelling
anterior or anterolateral bowing of the tibia
pseudoarthrosis
develops in 10-30% of patients"
https://www.orthobullets.com/basic-science/9069/nonunion-and-bone-defects,,"important to discern injury mechanisms, non operative interventions, baseline metabolic, nutritional or immunologic statuses and use of NSAIDs and/or nicotine containing products
assess pain levels with axial loading of involved extremity"
https://www.orthobullets.com/foot-and-ankle/7046/diabetic-foot-ulcers,,often painless
https://www.orthobullets.com/spine/2051/klippel-feil-syndrome,"Pathophysiology
mechanism
due to
failure of normal segmentation or formation
of cervical somites at 3-8 weeks' gestation
affected levels
most common fusion levels are C2-C3 and C5-C6
Genetics
three major inheritance patterns
sporadic (most common)
often presents as isolated cervical fusion
autosomal dominant
GDF6 gene (chromosome 8)
GDF3 gene (chromosome 12)
autosomal recessive
MEOX1 gene (chromosome 17) most common
SGM1 gene (Chr 8)
Notch and Pax genes
Associated conditions
orthopedic conditions
congenital scoliosis
Sprengel's deformity
(30%)
Wildervanck syndrome (
cervico-ocular-acoustic dysplasia)
triad consists of:
Klippel-Feil syndrome
congenital ossicular anomalies; usually diffuse ossicular ankylosis and sensorineural deafness
Duane syndrome (ocular motility disturbance due to fibrosis of extraocular muscles
medical conditions & comorbidities
renal disease (aplasia in 33%)
auditory issues (deafness in 30%)
congenital heart disease/cardiovascular (15-30%)
most commonly ventricular septal defects (VSD)
brainstem abnormalities/basilar invagination
congenital cervical stenosis
MRI to rule out intraspinal cord abnormalities
atlantoaxial instability (~50%)
adjacent level disease (100%)
degeneration of adjacent segments of cervical spine that has not fused is common due to increased stress","stiff neck
neck/back pain
mean age of onset 16 years
mean age of symptom worsening 28 years"
https://www.orthobullets.com/recon/12309/tka-stiffness,,difficulty kneeling
https://www.orthobullets.com/recon/3001/ligaments-of-the-knee,,
https://www.orthobullets.com/basic-science/6095/complex-regional-pain-syndrome-crps,"Pathophysiology
aberrant inflammatory response
vasomotor dysfunction
maladaptive neuroplasticity
Genetics
thought to have a genetic predisposition
siblings of young-onset CRPS patients have an increased risk of developing CRPS
associated with polymorphisms in TNF-alpha and ACE genes
Prevention
vitamin C
500mg daily x 50 days in distal radius fractures treated conservatively
200mg daily x 50 days if impaired renal function
vitamin C also has been shown to decrease the incidence of CRPS (type I) following foot and ankle surgery
avoid tight dressings and prolonged immobilization",
https://www.orthobullets.com/hand/6015/jersey-finger,"Pathophysiology
FDP muscle belly in maximal contraction during forceful DIP extension",
https://www.orthobullets.com/shoulder-and-elbow/3079/medial-ulnar-collateral-ligament-injury,"Pathophysiology
mechanism of injury
acute trauma
often associated with elbow dislocations
overuse injury
biomechanical forces
microtrauma from repetitive valgus stress
leads to rupture of the anterior band of the medial UCL
baseball pitchers place significant valgus stress on the elbow in the
late cocking
and
early acceleration
phase of throwing
elbow valgus load increases with
poor throwing mechanics
and decreases with trunk-scapular kinesis, forearm pronation, dynamic flexor-pronator stabilization
valgus load is highest in the
late cocking/acceleration phase of throwing
iatrogenic
excessive olecranon osteophyte resection places the MCL at risk
Associated conditions
traction-related ulnar neuritis
olecranon (posteromedial) impingement
elbow arthritis","decreased throwing performance
loss of velocity
loss of control and accuracy
pain
medial or posterior elbow pain during late cocking and acceleration phases of throwing
many throwers also have posteromedial pain due to valgus extension overload felt during the deceleration phase
ulnar nerve symptoms
paresthesias down ulnar arm into ring and small fingers"
https://www.orthobullets.com/basic-science/9086/bone-growth-factors,,
https://www.orthobullets.com/pediatrics/3000/pelvis-fractures--pediatric,"Pathophysiology
mechanism of injury
pelvic ring injuries
high energy trauma
automobile accidents
motor vehicle-pedestrian injury
apophyseal avulsions
low energy trauma (apophyseal avulsions)
pathophysiology
apophyseal avulsion
avulsion injury occurs from the disruption of tendon origin on the pelvis during ""explosive"" type activities (ie. jumping, sprinting)
pathoanatomy
apophyseal avulsion
ischial avulsion
(54%)
hamstrings and adductors
AIIS avulsion (22%)
rectus femoris
ASIS avulsion (19%)
sartorius
pubic symphysis (3%)
abdominal muscles
iliac crest (1%)
abdominal muscles
lesser trochanter
iliopsoas
pelvic ring
differs from adult pelvic ring injuries
higher incidence of lateral compression injuries than adults, who are more commonly AP compression injuries
higher rate of single-bone pelvic ring fractures
increased bony elasticity
cartilage able to absorb more energy
SI joint/symphysis pubis more elastic
thick periosteum
apparent dislocations (symphyseal, SI) may have a periosteal tube that heals like a fracture
lower rate of hemorrhage secondary to
smaller vessels, which are more capable of vasoconstriction
injuries less commonly increase pelvic volume
acetabular fractures
more common after triradiate closure
differs from adult
triradiate cartilage injury may cause growth arrest and lead to deformity
fractures into triradiate cartilage occur with less force than adult acetabular fractures
transverse fracture pattern more common than both column
Associated conditions
CNS and abdominal visceral injury
high rate (> 50%) in traumatic pelvic injuries
presumed secondary to the higher energy required to create a fracture in a more elastic pelvis
femoral head fractures/dislocations
associated with acetabular fractures
GU injury
increased rate with Torode Type IV fractures
life-threatening hemorrhage","pain
inability to bear weight
hemodynamic instability"
https://www.orthobullets.com/hand/6070/madelungs-deformity,"Pathophysiology
caused by disruption of the
ulnar volar physis of the distal radius
repetitive trauma or dysplastic arrest
leads
excessive radial inclination
and
volar tilt
ulnar carpal impaction
one hypothesis is due to tethering by
Vickers ligament
Vickers ligament is a fibrous band running from the distal radius to the lunate on the volar surface of the wrist (radio-lunate ligament)
may be accompanied by anomalous palmar radiotriquetral ligament
Genetics
autosomal dominant
Associated conditions
Leri-Weill dyschondrosteosis
rare genetic disorder caused by mutation in the SHOX gene
SHOX stands for short-statute homeobox-containing gene
anatomically at the tip of the sex chromosome
causes mesomelic dwarfism (short stature)
associated Madelung's deformity of the forearm","most are
asymptomatic until adolescence
symptoms include
symptoms of ulnar impaction
median nerve irritation"
https://www.orthobullets.com/knee-and-sports/3091/anterior-superior-iliac-spine-asis-avulsion,"Mechanism
result from indirect trauma
caused by
sudden and forceful
contraction of
sartorius
and
tensor fascia lata
occurs during
hip extension
(sprinting or swinging a baseball bat)","may complain of weakness
may be confused or misdiagnosed as an acute muscle strain"
https://www.orthobullets.com/pediatrics/4023/tibial-tubercle-fracture,,"sudden onset of pain
generally occurs during the initiation of jumping or sprinting
inability to immediately ambulate
knee swelling/hemarthrosis with Type III injuries"
https://www.orthobullets.com/pathology/8032/chordoma,"Pathoanatomy
forms from malignant transformation in residual notochordal cells
resulting in midline location","Presentation
pain
insidious onset of pain
may be mistaken for low back or hip pain
neurologic
often complain of
bowel or bladder changes
sensory deficits rare due to distal nature of tumor
gastrointestinal
constipation
fecal incontinence
Physical exam
neurologic
motor deficits rare because most lesions at S1 or distal
bowel and bladder changes are common
rectal exam
more than 50% of sacral chordomas are
palpable on rectal exam"
https://www.orthobullets.com/hand/6059/extremity-flap-reconstruction,,
https://www.orthobullets.com/pediatrics/4060/internal-tibial-torsion,"Pathophysiology
exact etiology unknown
believed to be caused by intra-uterine positioning and molding",usually asymptomatic
https://www.orthobullets.com/hand/6082/constrictive-ring-syndrome-streeters-dysplasia,"Pathophysiology
no firmly established etiology
most accepted theory is that the disrupted amnion releases fibrous membranous strands which
wrap around the developing limb in a circumferential fashion
Genetics
inheritance pattern
sporadic and not hereditary
Associated conditions
orthopaedic
clubfoot
syndactyly
nonorthopaedic
cleft palate
cleft lip
craniofacial defects
cardiac defect
Encephalocele",most patient asymptomatic and diagnosed at birth
https://www.orthobullets.com/trauma/1038/intertrochanteric-fractures,"Pathophysiology
mechanism
elderly
low energy falls in osteoporotic patients
young
high energy trauma
Associated conditions
osteoporosis
recurrent falls
dementia
parkinsons
unsteady gait
visual impairment
medications","acute onset of hip pain
inability to ambulate"
https://www.orthobullets.com/knee-and-sports/3009/pcl-injury,"Pathophysiology
mechanism
direct blow to proximal tibia
with a flexed knee (dashboard injury)
noncontact
hyperflexion with a plantar-flexed foot
hyperextension injury
pathoanatomy
PCL is the primary restraint to posterior tibial translation
functions to prevent hyperflexion/sliding
isolated injuries cause the greatest instability at 90° of flexion
Associated conditions
combined PCL and posterolateral corner (PLC) injuries
multiligamentous knee injuries
knee dislocation","posterior knee pain
instability
often subtle or asymptomatic in isolated PCL injuries"
https://www.orthobullets.com/recon/5003/tha-implant-fixation,,
https://www.orthobullets.com/recon/5005/hip-osteoarthritis,"Pathophysiology
pathoanatomy
articular cartilage
increased water content
alterations in proteoglycans
eventual
decrease in amount of proteoglycans
collagen abnormalities
organization and orientation are lost
binding of proteoglycans to hyaluronic acid
synovium and capsule
early phase of OA
mild inflammatory changes in synovium
middle phase of OA
moderate inflammatory changes of synovium
synovium becomes hypervascular
late phases of OA
synovium becomes
increasingly thick and vascular
bone
subchondral bone attempts to remodel
forming lytic lesion with
sclerotic edges
(different than bone cysts in RA)
bone cysts
form in late stages
Cell biology
proteolytic enzymes
matrix metalloproteases (MMPs)
responsible for cartilage matrix digestion
examples
stromelysin
plasmin
aggrecanase-1 (ADAMTS-4)
tissue inhibitors of MMPS
(TIMPs)
control MMP activity preventing excessive degradation
imbalance between MMPs and TIMPs
has been demonstrated in OA tissues
inflammatory cytokines
secreted by synoviocytes and increase MMP synthesis
examples
IL-1
IL-6
TNF-alpha
Genetics
inheritance
non-mendilian
genes potentially linked to OA
vitamin D receptor
estrogen receptor 1
inflammatory cytokines
IL-1
leads to catabolic effect
IL-4
matrilin-3
BMP-2, BMP-5","function-limiting hip pain
effect on walking distances
pain at night or rest
hip stiffness
mechanical
instability, locking, catching sensation"
https://www.orthobullets.com/trauma/1034/acetabular-fractures,"Pathoanatomy
fracture pattern predominately determined by
force vector
position of femoral head at time of injury
bone quality (e.g., age)
Associated conditions
orthopaedic manifestations
lower extremity injury
(36%)
nerve palsy (13%)
most commonly seen in transverse + posterior wall fracture patterns
most commonly affects the peroneal division of the sciatic nerve
spine injury (4%)
systemic injuries
head injury (19%)
chest injury (18%)
abdominal injury (8%)
genitourinary injury  (6%)",
https://www.orthobullets.com/hand/6115/mcp-dislocations,"Pathophysiology
mechanism of injury
usually a fall on outstretched hand leading to
hyperextension of MCP joint
leads to avulsion of the volar plate from metacarpal neck
Associated conditions
metacarpal and phalanx fractures
fractures of the base of proximal phalanx or metacarpal head
seen in up to 50%",
https://www.orthobullets.com/pathology/8040/pagets-disease,"Pathophysiology
increased osteoclastic bone resorption is the primary cellular abnormality
cause is thought to be a slow virus infection (intra-nuclear nucleocapsid-like structure)
paramyxovirus
respiratory syncytial virus
Genetics
inheritance
most cases are spontaneous
hereditary
familial clusters have been described with ~40% autosomal dominant transmission
genetics
most important is
5q35 QTER
(ubiquitine binding protein sequestosome 1)
SQSTM1
(p62/Sequestosome)
tend to have severe Paget disease
also insertion mutation in
TNFRSF11A
for gene encoding
RANK
Orthopaedic manifestations
bone pain
long bone bowing
fractures, due to brittle bone and tend to be transverse
large joint osteoarthritis
excessive bleeding during THA
malalignment during TKA
secondary sarcoma
Associated conditions
high output heart failure","asymptomatic
frequently asymptomatic and found incidentally
pain
pain
may be the presenting symptom due to
stress fractures
increased vascularity and warmth
new intense pain and swelling
suspicious for Paget's sarcoma in a patient with history of Paget's + new intense pain and swelling
cardiac symptoms
can present with
high-output cardiac failure particularly
if large/multiple lesions & pre-existing diminished cardiac function"
https://www.orthobullets.com/trauma/1024/monteggia-fractures,"Associated injuries
may be part of complex injury pattern including
olecranon fracture-dislocation
radial head fx
coronoid fx
LCL injury
terrible triad of elbow",pain and swelling at elbow joint
https://www.orthobullets.com/pediatrics/4019/femoral-shaft-fractures--pediatric,"Pathophysiology
mechanism of injury
fall is the most common cause < 10 years old
motor vehicle accident is the most common cause > 10 years old
correlated with age due to the increased thickness of the cortical shaft during skeletal growth and maturity
Associated conditions
high suspicion for
child abuse
required
abuse must be considered if the child is < 3 years and
especially if present in a patient before walking age
femur fractures are one of the most common fractures associated with child abuse
Transverse fractures
more predictive of non-accidental trauma compared to spiral or oblique fractures
hemodynamic instability should raise suspecion for associated injuries
medical conditions and comorbidities
osteogenesis imperfecta
osteopenia secondary to neuromuscular disorders
benign or malignant bone tumors","thigh pain
inability to walk
report of deformity or instability"
https://www.orthobullets.com/shoulder-and-elbow/3071/triceps-rupture,"Pathophysiology
mechanism of injury
results from forceful eccentric contraction or FOOSH
pathoantomy
rupture most commonly occurs at the osseous insertion of the medial or lateral head
less frequently occurs through the muscle belly or at the musculotendinous junction",
https://www.orthobullets.com/knee-and-sports/3024/patellar-tendon-rupture,"Pathophysiology
mechanism of injury
tensile overload of the extensor mechanism
sudden quadriceps contraction with knee in a flexed position
(e.g., jumping sports, missing step on stairs)
most ruptures occur with knee in flexed position
greatest forces on tendon when knee flexion > 60 degrees
ratio of patellar tendon force to quads tendon force >1 at <45° and <1 at >45°
at smaller flexion angle, patellofemoral contact point is at distal pole of patella, giving quads tendon a mechanical advantage
pathoanatomy
3 patterns of injury
avulsion with or without bone from the proximal insertion/inferior pole of patella (most common)
strain at tendon-bone interface is 3-4x strain at midsubstance
midsubstance
distal avulsion from the tibial tubercle
pathobiology
rupture is usually the result of end stage or long-standing chronic tendon degeneration
Associated conditions
orthopedic conditions
tibial tubercle avulsion
patella fractures
TKA extensor mechanism rupture","infrapatellar pain
immediate swelling
difficulty weight-bearing"
https://www.orthobullets.com/pediatrics/4049/bipartite-patella,"Etiology
Normal patella variant representing a failure of fusion
often confused with
patella fractures
Pathophysiology
considered a developmental variation of ossification
painful bipartite patella following injury
direct or indirect injury results in disruption of the fibrocartilaginous zone between the main patella and accessory fragment
fibrocartilaginous zone cannot heal by bony union, resulting in persistent pain
lack of arterial penetration from patella to osteochondral fragment
vastus lateralis contributes to traction force in fragment separation and nonunion
Associated conditions
nail-patella syndrome
patella fracture
compared with patella fractures, bipartite patellas:
are located superolaterally
have smooth, rounded borders
may have similar findings on contralateral knee radiographs (50%)","most are asymptomatic and discovered incidentally
only
2%
become symptomatic
anterior knee pain from
direct trauma (e.g. fall, kick to the knee)
indirect trauma or overuse injuries (e.g. cycling, hill climbing)
aggravated by squatting, jumping, climbing stairs
giving way"
https://www.orthobullets.com/pathology/8043/melorheostosis,"Genetics
non-hereditary","pain
reduced range of motion
joint contractures"
https://www.orthobullets.com/hand/6027/trigger-finger,"Pathophysiology
mechanism
caused by stenosing tenosynovitis at the
A1 pulley
pathophysiology
fibrocartilaginous metaplasia of tendon and/or pulley
proliferation of chondrocytes
increased type III collagen
chronic hyperglycemia creates collagen cross-links
impairs collagen degradation
pathoanatomy
occasional pathologic nodule of the
flexor digitorum profundus
tendon
flexor digitorum superficialis often unaffected
trigger thumb may have a fourth pulley (
variable annular pulley
) causing stenosis in up to 75% of patients
Associated conditions
orthopaedic conditions
rheumatoid arthritis
calcific tendinitis
septic tenosynovitis
carpal tunnel syndrome
>60% of patients with trigger digits have clinical or electrodiagnostic evidence of carpal tunnel syndrome
congenital trigger thumb
medical conditions and comorbidities
diabetes
bilateral hand and multiple digit involvement is more common
amyloidosis
hypothyroidism
sarcoidosis
gout
pseudogout","common symptoms
usually progressive
pain at the level of the A1 pulley
clicking
catching
finger becoming ""locked"" in flexed position at the proximal interphalangeal (
PIP
) joint
may have referred pain to dorsal MCP/PIP region"
https://www.orthobullets.com/basic-science/9082/occupational-health,,
https://www.orthobullets.com/spine/2060/congenital-scoliosis,"Mechanism
caused by a developmental defect in the formation of the mesenchymal anlage
Causes
most cases occur spontaneously
maternal exposures
diabetes
alcohol
valproic acid
hyperthermia
Genetic
uncertain
Associated conditions
may occur in isolation or with associated conditions
with associated systemic anomalies, up to 61%
cardiac defects - 10%
genitourinary defects - 25%
spinal cord malformations
with underlying syndrome or chromosomal abnormality
VACTERL
syndrome
in 38% to 55%
characterized by vertebral malformations, anal atresia, cardiac malformations, tracheo-esophageal fistula, renal, and radial anomalies, and limb defects
Goldenhar/OculoAuricularVertebral Syndrome
hemifacial microsomia and epibulbar dermoids
Jarcho-Levin Syndrome/Spondylocostal dysostosis
short trunk dwarfism, multiple vertebral and rib defects and fusion
most commonly autosomal recessive
often associated with thoracic insufficiency syndrome
(TIS)
caused by shortening of the thorax and rib fusions
result is thorax is unable to support lung growth and respiratory decompensation
Klippel-Feil syndrome
short neck, low posterior hairline, and fusion of cervical vertebrae
Alagille syndrome
peripheral pulmonic stenosis, cholestasis, facial dysmorphism",
https://www.orthobullets.com/pediatrics/4008/medial-epicondylar-fractures--pediatric,"Pathoanatomy
avulsion mechanism
fracture occurs secondary to excess
valgus stress with contraction of flexor-pronator mass
direct trauma
Associated injuries
elbow dislocation
associated with elbow dislocations in approximately 50-60% of cases
most spontaneously reduce but fragment remains
incarcerated in joint
in ~ 15% of cases",medial elbow pain
https://www.orthobullets.com/hand/6063/replantation,"Pathophysiology
mechanism of traumatic amputation
sharp dissection
blunt dissection
avulsion
crush",
https://www.orthobullets.com/basic-science/9050/psoriatic-arthritis,"Pathophysiology
5 patterns of arthritis
asymmetric oligo/monoarticular arthritis affecting DIPJ, PIPJ, MCPJ
DIP-predominant arthritis
arthritis mutilans
symmetric, RF-negative polyarthritis
psoriatic spondyloarthropathy
Genetics
HLAB27
found in 50%",arthritic symptoms in hands
https://www.orthobullets.com/trauma/1032/sacral-fractures,,peripelvic pain
https://www.orthobullets.com/basic-science/9060/anti-inflammatory-medications,,
https://www.orthobullets.com/spine/2055/infantile-idiopathic-scoliosis,"Pathophysiology
pathoanatomy
may adversely affect growth of alveoli and normal development of the thoracic cage
Genetics
autosomal dominant with variable penetrance
Associated conditions
plagiocephaly
(skull flattening)
congenital defects
neural axis abnormalities
22% of patients with curves > 20° will be affected
80% of these patients will need neurosurgical involvement
thoracic insufficiency syndrome
characterized by decreased thoracic growth and lung volume
leads to pulmonary hypertension and cor pulmonale
pulmonary function impairment associated with curves > 60°
cardiopulmonary issues associated with curves >  90°",
https://www.orthobullets.com/pediatrics/4115/dysplasia-epiphysealis-hemimelica-trevors-disease,"Pathophysiology
caused by a defect in the
Groove of Ranvier
asymmetrical limb deformity due to localized overgrowth of cartilage
Genetic
non hereditary","asymmetrical limb deformity
joint symptoms"
https://www.orthobullets.com/knee-and-sports/3103/quadriceps-contusion,"Pathophysiology
mechanism of injury
a
direct blow
to thigh compressing the anterior thigh musculature into the femur
pathophysiology
small muscle fiber tears lead to hemorrhage and swelling into the anterior compartment
myonecrosis and hematoma forms followed by scar formation then muscle regeneration","pain
worsening severity over the first 24-48 hours
worse with dynamic movements and with knee flexion"
https://www.orthobullets.com/knee-and-sports/3026/spontaneous-osteonecrosis-of-the-knee-sonk,"Pathophysiology
may represent a subchondral insufficiency fracture
also believed to be caused by a meniscal root tear
can occur post-arthroscopically
most commonly after partial meniscectomy
thought to be related to altered joint biomechanics","sudden onset
of severe knee pain
effusion
limited range of motion secondary to pain
tenderness over medial femoral condyle"
https://www.orthobullets.com/recon/5020/unicompartmental-knee-replacement,,
https://www.orthobullets.com/spine/2023/chance-fracture-flexion-distraction-injury,"Mechanism
a flexion-distraction injury (seatbelt injury)
may be a
bony injury
may be
ligamentous injury
(flexion-distraction injury)
more difficult to heal
middle and posterior columns
fail under tension
anterior column fails under compression
Associated injuries
high rate of gastrointestinal injuries (50%)",
https://www.orthobullets.com/basic-science/9089/hyperparathyroidism,"Pathophysiology
PTH indirectly stimulates osteoclasts by binding to its receptor on osteoblasts, inducing RANK-L and M-CSF synthesis
Excessive PTH leads to
over-stimulation of bone resorption
cortical bone affected more than cancellous
Associated conditions
Brown tumor
resembles a giant cell tumor of bone relating to focal demineralization of bone in the setting of hyperparathyroidism.","often asymptomatic
weakness
kidney stones (""stones"")
bone pain (""bones"")
constipations (""groans"")
uncommon cause of secondary hypertension"
https://www.orthobullets.com/pathology/8024/multiple-myeloma,"Forms
neoplastic
plasma cells produces immunoglobulins
heavy chains: IgG (52%), IgA (21%), IgM (12%)
light chains: kappa, lambda
aka Bence Jones proteins
disease takes multiple forms that vary in treatment and prognosis and includes
multiple myeloma
(see below)
solitary plasmacytoma
osteosclerotic myeloma
Pathophysiology
results from osteoclastic stimulation by malignant cells
malignant cells bind bone marrow stromal cells to stimulate the production of receptor activator of nuclear factor-? B ligand (RANKL) and other pro-osteoclastic mediators (macrophage colony-stimulating factor (M-CSF, IL-6, IL-11, )
osteoprotegerin (OPG) synthesis is suppressed, resulting in further osteoclast activation
OPG competes with RANK to bind to RANKL as a decoy receptor
osteoblastic differentiation may also be inhibited
TNF and Dickkopf-1 (DKK-1) have been shown to down regulate osteoblast function","usually presents with
localized bone pain (usually spine or ribs)
pathologic fracture
fatigue
secondary to anemia, renal insufficiency, hypercalcemia"
https://www.orthobullets.com/basic-science/9014/cartilage,,
https://www.orthobullets.com/shoulder-and-elbow/3083/medial-epicondylitis-golfers-elbow,"Pathophysiology
risks
sports that require repetitive wrist flexion/forearm pronation during ball release
common in golfers, baseball pitchers, javelin throwers, bowlers, weight lifters, racquet sports
tennis
late ball strike (raquet head behind elbow at ball contact)
poor forehand stroke mechanics
failure to use vibration dampeners attached to strings
in athletes, may develop in response to large valgus forces on elbow
flexor-pronators reduce force seen by anterior band of medial ulnar collateral ligament (MUCL)
anterior band MUCL
primary static restraint to valgus force at elbow
lies deep to pronator teres and FCR
jobs involving lifting >20kg, forceful grip, exposure to constant vibration at elbow (plumbers, carpenters, construction workers)
can also occur post-traumatically
pathoanatomy
micro-trauma to insertion of flexor-pronator mass caused by repetitive activities
traditionally thought to affect pronator teres (PT) > flexor carpi radialis (FCR)
new studies show all muscles of common flexor tendon (CFT) affected except palmaris longus
stages
peritendinous inflamation
angiofibroblastic hyperplasia
breakdown/fibrosis/calcification
Associated conditions
ulnar neuropathy
inflammation may affect ulnar nerve
ulnar collateral ligament insufficiency
should rule this out, especially in throwing athletes
associated occupational conditions (present in 84% of occupational medial epicondylitis)
carpal tunnel syndrome
lateral epicondylitis
rotator cuff tendinitis","insidious onset pain over medial epicondyle
worse with wrist and forearm motion
worse with gripping
during late cocking/early acceleration"
https://www.orthobullets.com/trauma/1041/distal-femur-fractures,,"common symptoms
pain of distal femur that is made worse with knee movement
inability to weight-bear"
https://www.orthobullets.com/trauma/1030/pelvic-ring-fractures,"Associated injuries
orthopaedics
chest injury in up to 63%
long bone fractures in 50%
spine fractures in 25%
non-orthopaedic
urogenital
sexual dysfunction up to 50%
head and abdominal injury in 40%
Pediatric pelvic ring fractures
children with open triradiate cartilage have different fracture patterns than do children whose triradiate cartilage has closed
if triradiate cartilage is open the iliac wing is weaker than the elastic pelvic ligaments, resulting in bone failure before pelvic ring disruption
for this reason fractures usually involve the pubic rami and iliac wings and rarely require surgical treatment",pain & inability to bear weight
https://www.orthobullets.com/trauma/1008/brachial-plexus-injuries,"Mechanism
high speed vehicle accidents (mostly motorcycle)
83% of traumatic BPIs
caudally forced shoulder
predominantly affect
upper brachial plexus
with high enough energy all roots can be affected
forced arm abduction (as in grabbing onto something while falling)
predominantly affects
lower roots
Brachial Plexus injuries include
traumatic injury
(this topic)
obstetric brachial plexus injury
Erb's palsy
Klumpke palsy
burners and stingers
Parsonage-Turner Syndrome",
https://www.orthobullets.com/pathology/8041/eosinophilic-granuloma,"A spectrum of diseases of the
reticuloendothelial system with one of three general presentations
Eosinophilic granuloma
(EG)
usually a single self-limited lesion found in younger patients
Hand-Schuller-Christian disease
(HSC)
chronic, disseminated form with bone and visceral lesions
also known as Langerhans cell histiocytosis with visceral involvement
Letterer-Siwe disease
(LSD)
fatal form that occurs in
young children
Genetics
no clear genetic pattern of inheritance or locus has been determined","skeletal involvement
pain
and swelling at the region of involvement
limping can be seen with pelvic or lower extremity involvement
vertebral involvement
localized or diffuse back pain
increasingly kyphotic posture
radiculopathy can occur with more aggressive lesions
HSC
classic triad of
multiple lytic skull lesions
diabetes insipidus
increased thirst and water intake
exopthalmos
visceral involvement
diffuse or nonspecific abdominal or chest pain"
https://www.orthobullets.com/spine/2019/halo-orthosis-immobilization,,
https://www.orthobullets.com/recon/12287/knee-osteoarthritis,"Pathophysiology
pathoanatomy
articular cartilage
increased water content
alterations in proteoglycans
eventual
decrease in amount of proteoglycans
collagen abnormalities
organization and orientation are lost
binding of proteoglycans to hyaluronic acid
synovium and capsule
early phase of OA
mild inflammatory changes in synovium
middle phase of OA
moderate inflammatory changes of synovium
synovium becomes hypervascular
late phases of OA
synovium becomes
increasingly thick and vascular
bone
subchondral bone attempts to remodel
forming lytic lesion with
sclerotic edges
(different than bone cysts in RA)
bone cysts
form in late stages
osteophytes form through the pathologic activation of endochondral ossification mediated by the Indian hedgehog (Ihh) signaling molecule
Cell biology
proteolytic enzymes
matrix metalloproteases (MMPs)
responsible for cartilage matrix digestion
examples
stromelysin
plasmin
aggrecanase-1 (ADAMTS-4)
tissue inhibitors of MMPS
(TIMPs)
control MMP activity preventing excessive degradation
imbalance between MMPs and TIMPs
has been demonstrated in OA tissues
inflammatory cytokines
secreted by synoviocytes and increase MMP synthesis
examples
IL-1
IL-6
TNF-alpha
Genetics
inheritance
non-mendilian
genes potentially linked to OA
vitamin D receptor
estrogen receptor 1
inflammatory cytokines
IL-1
leads to catabolic effect
IL-4
matrilin-3
BMP-2, BMP-5","function-limiting knee pain
effect on walking distances
pain at night or rest
activity induced swelling
knee stiffness
mechanical
instability, locking, catching sensation"
https://www.orthobullets.com/trauma/1022/olecranon-fractures,"Pathophysiology
mechanism
direct blow
usually results in
comminuted
fracture
indirect blow
fall onto outstretched upper extremity
usually results in
transverse or oblique
fracture
Associated conditions
Transolecranon fracture/dislocation
severe axial load leading to potential instability of the ulnohumeral joint due to severe intra-articular comminution of the olecranon fracture
considered an anterior dislocation of the elbow (distal humerus is driven through the olecranon)
there is no disruption of
the proximal radioulnar joint",pain well localized to posterior elbow
https://www.orthobullets.com/basic-science/9009/fracture-healing,,
https://www.orthobullets.com/spine/2026/spinal-epidural-abscess,"Pathophysiology
origin
hematogenous spread ~50%
spread from diskitis ~ 33%
pathogens
staph aureus
is most common (50-65%)
gram negative infections such as E coli (18%)
pseudomonas seen in patients with IV drug use
Neurologic deficits
33% of patients with an epidural abscess will have neurologic symptoms
4-22% incidence of permanent paralysis
can be caused from direct compression or infarction of spinal cord blood flow.
Associated conditions
often associated with
vertebral osteomyelitis and discitis
(spondylodiscitis)
present in ~18% of patients with spondylodiscitis","systemic illness more profound than patients with vertebral osteomyelitis
fever present in ~50%
pain
pain is often severe and insidious in onset an occurs in 87%"
https://www.orthobullets.com/pediatrics/4025/proximal-tibia-metaphyseal-fractures--pediatric,"Pathophysiology
mechanism
typically low-energy with
valgus
force across the knee creating
incomplete
fracture of proximal tibia
can also result from torsional injury
classic mechanism is a child going down a slide in the lap of an adult with leg extended
Associated conditions
Cozen's phenomenon
a late valgus deformity
etiology is unknown
can occur regardless of treatment","pain
refusal to bear weight"
https://www.orthobullets.com/basic-science/9016/ligaments,,
https://www.orthobullets.com/basic-science/9077/immunology,,
https://www.orthobullets.com/shoulder-and-elbow/3063/suprascapular-neuropathy,,
https://www.orthobullets.com/hand/12105/frostbite,"Pathophysiology
with hypothermia (CBT <35°C) circulation shunted from periphery to maintain core body temperature (CBT)
cardiac effects
basal metabolic rate, HR and cardiac output drop
myocardial irritability (abnormal EKG)
neurological effects
disorientation, coma
shivering (anaerobic) until CBT drops below 30-32°C
below 30-32°C, shivering stops and muscle rigidity ensures (like rigor mortis)
resembles death (absent respirations, dilated pupils, muscle rigidity)
must be rewarmed before pronounced dead (“no one is dead until warm and dead”)
limbs (4 phases)
phase I (cooling and freezing)
vasoconstriction/vasospasm
followed by transient
arteriovenous shunting (hunting response)
of cycles of vasodilatation/vasoconstriction every 10min
those who do not have this response are more prone to cold injury
with persistent cold, cycles cease and temperature in tissue drops to freezing point of tissue (<-2°C)
intracellular
ice crystals destroy cell membranes
extracellular
ice crystals causes sludging/stasis and intracellular dehydration (because of osmotic gradient)
interstitial crystallization is exothermic, maintains latent heat to keep limb above freezing temperature
when crystallization is complete, limb temperature falls to ambient temperature
phase II (rewarming)
reverses freezing process
limb absorbs heat, intra/extracellular ice crystals melt
intracellular swelling occurs
endothelial cells of capillaries become
permeable
fluid extravasation leads to blisters/edema
important to prevent re-freezing (freeze-thaw has severe effects on tissues)
phase III (progressive tissue injury)
inflammation, stasis/thrombosis, tissue necrosis
diminished prostaglandin E
2
(vasodilator, antiplatelet)
elevated prostaglandin F
2
a
and thromboxane B
2
(vasoconstrictors, platelet-aggregating)
phase IV (resolution)
complete healing with no symptoms
healing with sequelae
early tissue necrosis/gangrene
cell biology
leads to movement of water from intracellular location to extracellular location
cellular
dehydration
leads to cell death
biochemistry
sensory nerve dysfunction occurs at -10°C
ice crystal formation occurs within the extracellular fluid at -2 to -15°C
Associated conditions
frostnip
mildest cold exposure injury
only affects superficial layers of skin (blanching, numbness) but no dermis damage
reversible
chilblain (pernio)
occurs in cold, nonfreezing temperatures in dry conditions
burning sensation, with pruritus, swelling, erythema
may have blisters, ulceration
resolves in 2 weeks
may leave chronic vasculitis esp in young/middle-aged women
trench foot (immersion foot)
military personnel
prolonged
wet
nonfreezing condition <10°C
frostbite
results in localized/extensive tissue necrosis
may require amputation
hypothermia
when core body temperature is affected
can be fatal",
https://www.orthobullets.com/pediatrics/4121/external-tibial-torsion,"Associated Conditions
miserable malalignment syndrome
a condition defined as external tibial torsion with femoral anteversion
Osgood-Schlatter disease
osteochondritis dessicans
early degenerative joint disease
an association between external tibial torsion and early degenerative joint disease has been found
neuromuscular conditions
may be found with neuromuscular conditions such as myelodysplasia and polio","anterior knee pain
caused by patellofemoral malalignment"
https://www.orthobullets.com/foot-and-ankle/7032/metatarsal-fractures,"Mechanism
direct crush injury
may have significant associated soft tissue injury
indirect mechanism (most common)
occurs with forefoot fixed and hindfoot or leg rotating
Associated conditions
Lisfranc injury
Lisfranc equivalent injuries seen with multiple proximal metatarsal fractures
stress fracture
consider metabolic evaluation for fragility fracture
look for associated foot deformity
seen at
base of 2nd metatarsal in ballet dancers
may have history of amenorrhea","pain, inability to bear weight"
https://www.orthobullets.com/hand/6018/carpal-tunnel-syndrome,"Pathophysiology
increased pressure on the median nerve affects intraneural blood supply
normal carpal tunnel pressure measures from 2.5mmHg at rest with the wrist in neutral to 30mmHg with wrist flexion
at
20mmHg
intraneural venous flow is impeded and edema occurs. Complete disruption of arteriolar flow occurring at
60-80mmHg
in patients with CTS, carpal tunnel pressures range from 30-110mmHg
mechanism
exposure to repetitive vibratory exposure (e.g., typing on a keyboard)
certain athletic activities
cycling
tennis
throwing
trauma (ie distal radius fractures, carpal bone fractures/dislocations)
pathoanatomy
most common causes of nerve compression
pathologic (inflamed) synovium - most common
cause of idiopathic CTS
repetitive motions in a patient with normal anatomy
space occupying lesions (e.g., gout)
Associated conditions
diabetes mellitus
hypothyroidism
rheumatoid arthritis
pregnancy
amyloidosis","numbness and tingling in radial 3-1/2 digits
clumsiness
pain and paresthesias that awaken patient at night"
https://www.orthobullets.com/shoulder-and-elbow/3059/adhesive-capsulitis-frozen-shoulder,"Pathophysiology
mechanism of injury
primary, idiopathic form
post-traumatic (following proximal humerus fracture or immobilization for other upper extremity injury)
post-surgical (following rotator cuff repair or axillary dissection for malignancy)
pathoanatomy
inflammatory process causing fibroblastic proliferation of joint capsule leading to thickening, fibrosis, and adherence of the capsule to itself and humerus
fibroblasts/myofibroblasts with abundant Type III collagen present
leads to mechanical block to motion
essential lesion involves the
coracohumeral ligament
and
rotator interval capsule
Associated conditions
diabetes (both types)
stiffness may be first manifestation of diabetes and warrants further workup
worse outcomes regardless of treatment
increased risk with older age, increased duration of DM, autonomic neuropathy, history of MI
thyroid disorders
(autoimmune etiology)
dupuytren's disease
atherosclerotic disease
cervical disc disease","common symptoms
often
insidious
onset of general shoulder pain preceding any noticeable loss of motion
variable character and severity of pain, loss of motion dependent on the stage of disease at presentation
freezing- insidious onset of pain at rest and with movement, difficulty sleeping
frozen- pain lessens but significant motion limitations affecting ADLs
thawing- pain is gone and motion improves but less than normal"
https://www.orthobullets.com/spine/2025/adult-pyogenic-vertebral-osteomyelitis,"Pathophysiology
pathogens
bacterial
staph aureus
most common
(50-65%)
staph epidermidis
is second most common cause
gram negative
infections
increasing over last decade and often associated with gram negative infections of the GU and respiratory tract
pseudomonas
seen in patients with IV drug use
salmonella
seen in patients with sickle cell disease
fungal
tuberculosis
inoculation
hematogenous seeding
generally agreed that inoculation likely occurs through hematogenous seeding (arterial or venous) of the
endplates and intervertebral discs
endplates contain area of low-flow vascular anastomosis that may provide an environment suited for inoculation
involvement of one endplate leads to direct extension into intervertebral discs, followed by direct extension into the second endplate
direct inoculation
can occur after penetrating trauma, open fractures, and following surgical procedure
contiguous spread from local infection
most commonly associated with retropharyngeal and retroperitoneal abscesses
neurologic involvement
neurologic deficits present in 10-20%
results from
direct infectious involvement
of neural elements
compression from an
epidural abscess
compression from
instability of the spine
Associated conditions
epidural abscess
defined as a collection of pus or inflammatory granulation tissue between dura mater and surrounding adipose tissue
epidemiology
usually associated with vertebral osteomyelitis
present in ~18% of patients with spondylodiskitis
50% of patients with an epidural abscess will have neurologic symptoms
psoas abscess","fever is only present in 1/3
of patients
pain
pain is often severe and
insidious
in onset
pain is usually worse with activity and unrelenting in nature
pain that awakens patients at night should raise concern for malignancy and infection
neurologic symptoms present in 10-20%
radiculopathy
myelopathy"
https://www.orthobullets.com/recon/5016/tka-sagittal-plane-balancing,,
https://www.orthobullets.com/pathology/8012/osteoid-osteoma,"Pathophysiology
pathoanatomy
nidus
characterized by a central nodule of woven bone and osteoid with osteoblastic rimming
reactive zone
area of thickened bone and fibrovascular tissue
cellular biology
pain
attributed to increased local concentration of
prostaglandin E2
and COX1 & 2 expression
explains why pain improved with NSAIDS
increased number and size of unmyelinated nerve fibers within the nidus
Associated conditions
orthopedic manifestations
scoliosis with lesion on concave side of the curve
thought to result from marked
paravertebral muscle spasm
growth disturbance
epiphyseal involvement could result in elongation of affected limb and resultant limb length discrepancy
flexion contractures","pain
constant and progressive
worse at night and with drinking ETOH
relieved by NSAIDS
location may be adjacent to joint and mimic arthritis or within posterior spinal elements and cause scoliosis
swelling
hand lesions may present with painless swelling"
https://www.orthobullets.com/pathology/8018/enchondromas,"Pathophysiology
invole IDH-1 & IDH-2 gene
enchondromas represent incomplete endochondral ossification
chondroblasts and fragments of epiphyseal cartilage
escape from the physis, displace into the metaphysis and proliferate there
malignant transformation in <1% to chondrosarcoma
Associated conditions
Ollier's disease
(multiple enchondromatosis)
sporadic inheritance with no genetic predisposition
skeletal dysplasia with failure of normal endochondral ossification
enchondromas throughout the
metaphyses
and
diaphyses
of long bones
involved bones are dysplastic, with shortening and bowing
risk of malignant transformation <30%
Maffucci's syndrome
sporadic inheritance with no genetic predisposition
distinguished by soft-tissue angiomas
Marked expansion of lesion on radiographs, with angiomas are seen as small, round
calcified phleboliths
i
ncreased risk of
visceral malignancies
(astrocytoma, GI malignancy)
overall risk of developing any malignancy up to
100%","asymptomatic,
discovered
incidentally on radiographs
usually true for enchondromas in long bones and foot
pathologic fracture
often seen with enchondromas in the hand
pain
pain is uncommon
more likely in hand and feet secondary to pathologic fractures
differentiates from
chondrosarcomas (non-mechanical pain rest pain and nocturnal pain)"
https://www.orthobullets.com/basic-science/9015/tendons,,
https://www.orthobullets.com/knee-and-sports/3007/discoid-meniscus,"Pathophysiology
failure of apoptosis in utero","pain, clicking,
mechanical
locking
often becomes symptomatic in adolescence"
https://www.orthobullets.com/foot-and-ankle/7029/high-ankle-sprain-and-syndesmosis-injury,"Pathophysiology
mechanism of injury
most commonly associated with
external rotation injuries
pathoanatomy
external rotation
forces the talus to rotate laterally and push the fibula away from tibia
may lead to
increased compressive stresses seen by the tibia
increased likelihood of lateral subluxation of the distal fibula
incongruence of the ankle joint articulation
Associated injuries
osteochondral defects (15% to 25%)
peroneal tendon injuries (up to 25%)
fractures
ankle
Weber C
Weber B
other
5th metatarsal base
anterior process of calcaneus
lateral or posterior process of talus
deltoid ligament injury
loose bodies","anterolateral ankle pain
proximal to AITFL
may have medial sided ankle tenderness/swelling
difficulty bearing weight
lateral ankle sprains are often able to bear weight"
https://www.orthobullets.com/shoulder-and-elbow/12064/shoulder-arthroscopy-indications-and-approach,,
https://www.orthobullets.com/pediatrics/4032/hip-septic-arthritis--pediatric,"Mechanism
direct inoculation
from trauma or surgery (skin penetration)
hematogenous seeding
upper respiratory infection precedes about 80% of the cases
extension from adjacent bone (osteomyelitis)
can develop from contiguous spread of osteomyelitis
often from metaphysis
common in neonates who have transphyseal vessels that allow spread into the joint
joints with intra-articular metaphysis include
hip
shoulder
elbow
ankle
(NOT the knee)
Pathophysiology
enzymatic destruction
release of
proteolytic enzymes (matrix metalloproteinases)
from inflammatory and synovial cells, cartilage, and bacteria which may cause articular surface damage within 8 hours
increased joint pressure
may cause femoral head osteonecrosis if not relieved promptly
Microbiology
in up to 55% of cases, no organism is identified
organisms vary with age (see chart)
Microbiology by Organism
Group B streptococcus
most common in
neonates
with community-acquired infection
exposed during transvaginal delivery
Staph aureus
gram-positive cocci in clusters
most common in nosocomial infections of neonates
Neisseria gonorrhoeae
still the most common organism in
adolescents
gram negative diplococci, negative Gram stain a majority of the time
patients usually have a preceding migratory polyarthralgia, multiple joint involvement, and small red papules
may treat with large doses of penicillin alone and usually does not require surgical debridement.
Group A beta-hemolytic streptococcus
most common organism following
varicella infection
HACEK organisms
Kingella noted to be the most common organism in children of all ages (
best isolated on blood culture media)
Haemophilus, Actinobacillus, Cardiobacterium, Eikenella, and Kingella
fastidious
incidence of septic arthritis caused by H influenzae has markedly decreased since the advent of its vaccine","acute onset of pain
presents more acutely than osteomyelitis
systemic symptoms
often associated with fever and other systemic symptoms causing
toxic appearance
limp or refusal to bear weight"
https://www.orthobullets.com/trauma/1029/galeazzi-fractures,"Mechanism
direct wrist trauma
typically dorsolateral aspect
fall onto outstretched hand with forearm in pronation","pain, swelling, deformity"
https://www.orthobullets.com/knee-and-sports/3101/adductor-strain,,pain is immediate and severe in the groin region.
https://www.orthobullets.com/trauma/1048/talar-neck-fractures,"Mechanism
a high-energy injury
is
forced dorsiflexion
with
axial load
Associated conditions
ipsilateral lower extremity fractures common",
https://www.orthobullets.com/pathology/8036/aneurysmal-bone-cyst,"Pathophysiology
primary and secondary forms
primary ABC
driven by upregulation of the
ubiquitin-specific protease
USP6
(TRE17-USP6when combined by a translocation with a promoter pairing
most commonly described translocation TRE17-USP6
secondary ABC
not considered a neoplasm because no known translocation has been identified
Associated conditions
associated with other tumors
30% of time
giant cell tumor
chondroblastoma
fibrous dysplasia
chondromyxoid fibroma
NOF","pain
and
swelling
may present with pathologic fracture"
https://www.orthobullets.com/spine/2015/atlas-fractures-and-transverse-ligament-injuries,,"neck pain
cervical spinal muscle spasms
limited neck motion
C2 nerualgia/palsy
occipital neuralgia
occipital numbess
occipital alopecia (rare)
vertebral artery dissection
loss of consciousness
double vision
vertigo"
https://www.orthobullets.com/hand/6038/phalanx-dislocations,"Mechanism of injury
Generally due to direct blow
Fracture dislocations due to
avulsion
impaction shear
Associated conditions
swan neck deformity
nail bed injuries
usually associated with distal phalanx fractures",
https://www.orthobullets.com/recon/5006/hip-osteonecrosis,"Pathophysiology
idiopathic AVN
intravascular coagulation
is the final common idiopathic pathway
pathoanatomic cascade
coagulation of the intraosseous microcirculation ?
venous thrombosis ?
retrograde arterial occlusion ?
intraosseous hypertension ?
decreased blood flow to femoral head ?
AVN of femoral head ?
chondral fracture and collapse
AVN associated with trauma
due to injury of femoral head blood supply (
medial femoral circumflex
)
Associated conditions
AVN rates of specific traumatic injuries
femoral head fracture: 75-100%
basicervical fracture: 50%
cervicotrochanteric fracture: 25%
hip dislocation: 2-40% (2-10% if reduced within 6 hours of injury)
intertrochanteric fracture: rare
higher risk of AVN with greater initial displacement and poor reduction
decompression of intracapsular hematoma may reduce risk
quicker time to reduction may reduce risk","insidious onset of pain
pain with stairs, inclines, and impact
pain common in anterior hip"
https://www.orthobullets.com/trauma/1051/calcaneus-fractures,"Pathophysiology
mechanism
intra-articular fractures
traumatic
axial loading
is the primary mechanism of injury
fall from height
motor-vehicle accidents
calcaneal tuberosity fractures
poor bone quality/osteoporosis
violent contaction of the triceps surae with forced dorsiflexion
strong concentric contaction of the triceps surae with knee in full extension
intrinsic tightness of the gastrocnemius and achilles tendon
peripheral neuropathy leading to decreased pain sensation and proprioception resulting in recurrent microtrauma
calcaneal stress fractures
increased physical activity in the setting of relative energy deficiency
anterior process fractures
twisting injury mechanism
avulsion injury of the bifurcate ligament
pathoanatomy
intra-articular fractures
primary fracture line results from oblique shear and leads to the following
two primary fragments
superomedial fragment
(
constant fragment
)
includes the sustentaculum tali and is stabilized by strong ligamentous and capsular attachments
superolateral fragment
includes an
intra-articular
aspect through the posterior facet
secondary fracture lines
dictate whether there is joint depression or tongue-type fracture
extra-articular fractures
strong contraction of gastrocnemius-soleus with concomitant avulsion at its insertion site on calcaneus
more common in osteopenic/osteoporotic bone
anterior process fractures
inversion and plantar flexion of the foot cause avulsion of the bifurcate ligament
Associated injuries
orthopaedic
extension into the calcaneocuboid joint
occurs in
63%
vertebral injuries
in
10%
contralateral calcaneus in
10%","pain
swelling
inability to bear weight
gross deformity
open fracture"
https://www.orthobullets.com/basic-science/9072/rehab-and-prosthetics,,
https://www.orthobullets.com/foot-and-ankle/12133/total-ankle-arthroplasty,,
https://www.orthobullets.com/pediatrics/4066/congenital-vertical-talus,"Pathoanatomy
rigid foot deformity
irreducible dorsolateral navicular dislocation
vertically oriented talus
calcaneal eversion with attenuated spring ligament
soft tissue contractures
displacement of peroneal longus and posterior tibilais tendon so they function as dorsiflexors rather than plantar flexors
contracture of the Achilles tendon
Genetics
a positive family history is present in up to 20% of patients
HOXD10 gene mutation (transcription factor)
Associated conditions
50% associated with neuromuscular disease or chromosomal aberrations
Myelomeningocele
Arthrogryposis
Diastematomyelia
congenital dislocation of the hip
cerebral palsy
spinal muscular atrophy",
https://www.orthobullets.com/trauma/1047/ankle-fractures,"Pathophysiology
mechanism of injury
twisting injury
Associated conditions
orthopedic
open fractures (2%)
syndesmotic injury (10%)
chondral injury
peroneal tendon tears (4%)","severe ankle pain
difficulty or inability to ambulate"
https://www.orthobullets.com/trauma/1031/si-dislocation-and-crescent-fractures,,pelvic pain
https://www.orthobullets.com/spine/2050/atlantoaxial-rotatory-displacement-aard,"Mechanism
spectrum of disease that ranges from mild subluxation to fixed facet dislocation
Pathophysiology
common causes include
infection (~35%)
may have history of pharyngitis or otitis media
Grisel's disease is the condition of AARD following a respiratory infection or retropharyngeal abscess
thought to be linked to lymphatic edema in area of cervical spine
trauma (~24%)
recent head or neck surgery (~20%)
idiopathic
associated conditions
Down's syndrome
rheumatoid arthritis
tumors
congenital anomalies
pathoanatomy
mechanism is thought to be related to ligamentous laxity
transverse ligament integrity
transverse ligament is intact
spinal canal stenosis can only occur with severe rotation and facet dislocation
transverse ligament is ruptured
and there is a component of anterolithesis (> 5mm), then spinal canal stenosis can occur with less rotation (45 degrees)
vertebral arteries may also be at risk","tilted head
neck pain
headache"
https://www.orthobullets.com/pediatrics/4092/duchenne-muscular-dystrophy,"Pathophysiology
dystrophin
expressed in striated and cardiac muscle, brain, and retina
large cytoskeletal protein
critical component of dystrophin-glycoprotein complex (DGC), important for structural units of muscle
dystrophin absence leads to
loss of DGC leading to excessive membrane fragility and permeability
dysregulation of calcium homeostasis
oxidative damage
poor muscle fiber regeneration
repeated cycles of necrosis and regeneration
regenerative capacity diminishes with age
progressive replacement of muscle tissue with fibrous and fatty tissue
skeletal and cardiac muscle lose elasticity and strength
Genetics
X-linked recessive
Xp21.2
dystrophin gene
defect due to point deletion and nonsense mutation
one third of cases result from spontaneous mutations
carrier females typically unaffected, however 2.5-20% of female carriers may still show symptoms
Lyon hypothesis
normal X chromosome inactivated, X chromosome with mutation is expressed
Associated conditions
orthopaedic manifestations
calf pseudohypertrophy
scoliosis
equinovarus foot deformity
joint contractures
nonorthopaedic conditions
cardiomyopathy
static encephalopathy","early development
typically normal within first few years
delayed milestones
slower growth velocity
may present with mild hypotonia or poor head control
progressive weakness
affecting proximal muscles first (begins with
gluteal
muscle weakness)
gait abnormalities begin around age 2 to 3 years
delayed walking
toe walking
clumsy, waddling gait
difficulty climbing stairs, hopping, or jumping
decreased motor skills
mild intellectual impairment
pharyngeal weakness
aspiration, nasal regurgitation of liquids, and nasal quality of voice
less common presentations
incontinence of urine and stool (late manifestation)
malignant hyperthermia"
https://www.orthobullets.com/hand/6098/raynauds-syndrome,"Pathophysiology
periodic digital ischemia due vasoconstriction induced by
cold temperature
or
sympathetic stimuli
including pain or
emotional stress
t
riphasic color change
(white-blue-red progression)
digits turn white from vasospasm and interruption of blood flow
blue discoloration follows from cyanosis and venous stasis
finally digits turn red as a result of rebound hyperemia
dysesthesias often follow color changes","asymmetric findings
rapid progression"
https://www.orthobullets.com/shoulder-and-elbow/3050/traumatic-anterior-shoulder-instability-tubs,"Pathophysiology
mechanism of injury
anteriorly directed force on the arm when the
shoulder is abducted and externally rotated
pathoanatomy
""on-track"" versus ""off-track"" concept of Hill-Sachs lesion (instability as a bipolar concept)
Hill-Sachs defect is ""off-track"" and will ""engage"" on the glenoid if the size of the Hill-Sachs defect > glenoid articular track (HSI > GT)
conversely, the Hill-Sachs defect is ""on track"" and will NOT ""engage"" if the size of the Hill-Sachs defect < glenoid articular track (HSI < GT)
Glenoid Track (GT) = 0.83D-d (D = diameter of inferior glenoid, d = width of anterior glenoid bone loss)
Hill-Sachs Interval (HSI) = HS+BB (HS = width of the Hill-Sachs, BB = width of bony bridge)
may have implications regarding surgical management
goal is to convert on off-track lesion into an on-track lesion
Associated injuries
orthopaedic
labrum & cartilage Injuries
bankart lesion
is an avulsion of the anterior labrum and anterior band of the IGHL from the anterior inferior glenoid.
is present in 80-90% of patients with TUBS
humeral avulsion of the glenohumeral ligament (HAGL)
occurs in patients slightly older than those with Bankart lesions
also found in female collegiate athletes
associated with a higher recurrence rate if not recognized and repaired
an indication for possible open surgical repair
glenoid labral articular defect (GLAD)
is a sheared off portion of articular cartilage along with the labrum
presence is a
risk factor for failure
following arthroscopic stabilization procedures
anterior labral periosteal sleeve avulsion (ALPSA)
can cause torn labrum to heal medially along the medial glenoid neck
associated with higher failure rates following arthroscopic repair
common finding in patients with recurrent instability managed nonoperatively
97% of patients with recurrent instability have either a Bankart or ALPSA lesion
fractures & bone Defects
bony bankart lesion
is a fracture of the anterior inferior glenoid
present in up to 49% of patients with recurrent dislocations
higher risk of failure of arthroscopic treatment if not addressed
defect >20-25% is considered ""critical bone loss"" and is biomechanically highly unstable
stability cannot be restored with soft tissue stabilization alone (unacceptable >2/3 failure rate)
requires bony procedure to restore bone loss (Latarjet-Bristow, other sources of autograft or allograft)
recent studies
suggest critical bone loss may be as low as 13.5%
each dislocation event causes, on average, 6.8% bone loss
glenoid takes on an inverted-pear appearance as bone loss increases
89% failure rate following arthroscopic repair in patients with this glenoid morphology
Hill-Sachs defect
is a chondral impaction injury in the posterosuperior humeral head secondary to contact with the glenoid rim.
is present in 80%-100% of traumatic dislocations and 25% of traumatic subluxations
is not clinically significant unless it engages the glenoid
greater tuberosity fracture
is associated with anterior dislocation in patients > 50 years of age
increases risk of recurrence
lesser tuberosity fracture
is associated with posterior dislocations
nerve injuries
axillary nerve injury
is most often a transient neurapraxia of the axillary nerve
present in up to 5% of patients
rotator cuff tears
30% of TUBS patients > 40 years of age
80% of TUBS patients > 60 years of age
medical
global hyperlaxity (i.e. Ehlers-Danlos Syndrome, collagen disorders)
often associated with atraumatic instability
global hyperlaxity confers an odds ratio (OR) of 2.68 for the development of anterior shoulder instability
individuals with global hyperlaxity have a 3x higher rate of recurrent instability
patients with global hyperlaxity are less likely to develop capsulolabral lesions","traumatic event causing dislocation
feeling of instability
shoulder pain complaints
caused by subluxation and excessive translation of the humeral head on the glenoid"
https://www.orthobullets.com/knee-and-sports/3029/osgood-schlatters-disease-tibial-tubercle-apophysitis,"Pathophysiology
stress from extensor mechanism","pain
on anterior aspect of knee
exacerbated by kneeling"
https://www.orthobullets.com/basic-science/9081/level-of-evidence,,
https://www.orthobullets.com/trauma/12293/femoral-neck-fracture-nonunion,"Pathophysiology
mechanism of injury
initial femoral neck fracture occurs due to high energy trauma in the younger population, and ground-level falls in the elderly
nonunion occurs after fracture displacement and/or hardware failure before bony consolidation
pathoanatomy
femoral neck fractures are intracapsular, placing them at higher risk for nonunion than other hip fractures
lack periosteal or extraosseous blood supply
bathed in synovial fluid which deters fracture healing
healing is intra-osseous only (no callus formation)
achieving and maintaining anatomic reduction is essential
Associated conditions
orthopaedic conditions
avascular necrosis (AVN)
femoral neck malunion
hardware failure
surgical site infection leading to septic nonunion
medical conditions or comorbidities
low bone mineral density","persistent groin/buttock pain
pain with weight bearing
pain with hip extension
pain may radiate down medial thigh/knee"
https://www.orthobullets.com/pediatrics/4011/radial-head-and-neck-fractures--pediatric,"Pathophysiology
mechanism
usually associated with an
extension and
valgus loading injury
of the elbow
elbow dislocation
Associated conditions
elbow dislocation
olecranon fracture
medial epicondyle fracture
forearm compartment syndrome","elbow pain
refusal to move"
https://www.orthobullets.com/pediatrics/4002/physeal-considerations,,
https://www.orthobullets.com/spine/9023/spinal-cord-monitoring,,
https://www.orthobullets.com/trauma/422969/isolated-ulnar-shaft-fracture,"Pathophysiology
mechanism of injury
direct trauma
direct blow to forearm (""nightstick"" fracture)
indirect trauma
motor vehicle accidents
falls from height
axial load applied to the forearm through the hand
Associated conditions
elbow and DRUJ injuries
Monteggia fractures
Essex-Lopresti injuries
compartment syndrome
evaluate compartment pressures if concern for compartment syndrome","pain and swelling
loss of forearm and hand function"
https://www.orthobullets.com/pathology/8075/glomus-tumor,"Forms
may involve either the soft tissue and/or bone
Frequently associated with a delay in diagnosis",
https://www.orthobullets.com/trauma/1050/subtalar-dislocations,,
https://www.orthobullets.com/hand/6045/lunate-dislocation-perilunate-dissociation,"Mechanism of injury
traumatic, high energy
occurs when wrist extended and ulnarly deviated
leads to intercarpal supination
Pathoanatomy
sequence of events
scapholunate ligament disrupted -->
disruption of capitolunate articulation -->
disruption of lunotriquetral articulation -->
failure of dorsal radiocarpal ligament -->
lunate rotates and dislocates,
usually into carpal tunnel
dislocation can course through
greater arc
ligamentous disruptions with associated fractures of the radius, ulnar, or carpal bones
lesser arc
purely ligamentous
Categories
perilunate dislocation
lunate stays in position while carpus dislocates
4 types
transcaphoid-perilunate
perilunate
transradial-styloid
transcaphoid-trans-capitate-perilunar
lunate dislocation
lunate forced volar or dorsal while carpus remains aligned","acute wrist swelling and pain
median nerve symptoms may occur in ~25% of patients
most common in Mayfield stage IV where the lunate dislocates into the carpal tunnel"
https://www.orthobullets.com/trauma/1049/talus-fracture-other-than-neck,"Mechanism
talar body
injuries often result from high energy trauma, with the hindfoot either in supination or pronation
lateral process of talus
injuries result from forced dorsiflexion, axial loading, and eversion with external rotation
often seen in snowboarders","pain
lateral process fractures often misdiagnosed as ankle sprains"
https://www.orthobullets.com/pediatrics/4118/developmental-dysplasia-of-the-hip-ddh,"DDH encompasses a spectrum of disease that includes
dysplasia
shallow or underdeveloped acetabulum
subluxation
displacement of the joint with some contact remaining between the articular surfaces
dislocation
complete displacement of the joint with no contact between the original articular surfaces
teratologic hip
dislocated in utero and irreducible on neonatal exam
presents with a
pseudoacetabulum
associated with neuromuscular conditions and genetic disorders
commonly seen with arthrogryposis, myelomeningocele, Larsen's syndrome, Ehlers-Danlos
late (adolescent) dysplasia
mechanically stable and reduced but dysplastic
Pathophysiology
etiology
initial instability thought to be caused by maternal and fetal laxity, genetic laxity, and intrauterine and postnatal malpositioning
pathoanatomy
initial instability leads to dysplasia
typical deficiency is anterior or anterolateral acetabulum
in spastic cerebral palsy, acetabular deficiency is posterosuperior
dysplasia leads to subluxation and gradual dislocation
repetitive subluxation of the femoral head leads to the formation of a ridge of thickened articular cartilage called the
limbus
chronic dislocation leads to
development of secondary barriers to reduction
pulvinar thickens
ligamentum teres thickens and elongates
transverse acetabular ligament hypertrophies
hip capsule and iliopsoas form hourgass configuration
anatomic changes
increased femoral anteversion
flattening of the femoral head
increased acetabular anteversion
increased obliquity and decreased concavity of the acetabular roof
thickening of the medial acetabular wall
Associated conditions
associated with ""packaging"" deformities which include
congenital muscular torticollis
(20%)
metatarsus adductus
(10%)
congenital knee dislocation
conditions characterized by increased amounts of type III collagen",
https://www.orthobullets.com/basic-science/9025/genetic-pearls,,
https://www.orthobullets.com/knee-and-sports/3115/burners-and-stingers,"Pathoanatomy
neurapraxias are caused by different mechanisms including
traction injury
occurs by downward displacement of arm and bending of neck away from side of injury
compression injury
occurs by lateral head turning toward affected side
direct blow
can cause injury with blow at Erb's point superior to the clavicle","unilateral
tingling
in arm not typically isolated to a single dermatome
usually resolve quickly in 1-2 minutes"
https://www.orthobullets.com/shoulder-and-elbow/3062/scapular-winging,,
https://www.orthobullets.com/spine/2038/adult-isthmic-spondylolisthesis,"Pathophysiology
foraminal stenosis
adult isthmic spondylolisthesis at L5/S1 often leads to radicular symptoms caused by compression of the exiting L5 nerve root in the L5-S1 foramen
compression can be caused by
hypertrophic fibrous repair tissue of the pars defect
uncinate spur formation of the posterior L5 body
bulging of the L5/S1 disc
lateral recess stenosis
caused by facet arthrosis and hypertrophic ligamentum flavum
c
entral stenosis
rare due to fact that these slips are usually only Grade I or II","axial back pain
most common presentation
pain usually has a long history with periodic episodes that vary in intensity and duration
leg pain
usually a L5 radiculopathy usually caused by foraminal stenosis at the L5-S1 level
neurogenic claudication
caused by spinal stenosis
characterized by buttock and leg pain worse with walking
symptoms of neurogenic claudication rare because these slips rarely progress beyond Grade II
cauda equina syndrome
rare because these slips rarely progress beyond Grade II"
https://www.orthobullets.com/shoulder-and-elbow/3065/brachial-neuritis-parsonage-turner-syndrome,"Two clinical types
idiopathic neuralgic amyotrophy (INA) (this topic)
hereditary neuralgic amyotrophy (HNA) (see associated conditions)
Various eponyms for this syndrome include:
scapular winging (when long thoracic nerve involved)
n
euralgic amyotrophy
(NA) or idiopathic neuralgic amyotrophy (INA)
Parsonage-Turner syndrome
(PTS)
acute brachial neuropathy / neuritis / plexopathy / plexitis
idiopathic brachial plexus neuropathy / neuritis
Pathophysiology
pathoanatomy
any nerve or branch within the brachial plexus can be involved
nerves outside the brachial plexus are affected in 17% of cases
nerves most commonly affected
long thoracic nerve - can cause scapular winging
suprascapular nerve
axillary nerve
musculocutaneous nerve
radial nerve
other: cervical roots, anterior interosseous nerve (AIN), posterior interosseous nerve (PIN), lateral antebrachial cutaneous nerve (LABC)
pathophysiology
unclear etiology for idiopathic type, likely multifactorial with autoimmune, genetic, infectious, environmental and biomechanial processes all playing a role
autoimmune
increased blastogenic activity of lymphocytes
transform to larger more active lymphocytes when in contact with brachial plexus tissue
increased complement-fixing antibodies to peripheral nerve myelin
biomechanical
mobility of the upper trunk predisposes to
wear-and-tear on the blood-nerve barrier
in this region
repetitive mobilization of the upper extremity (strenuous exercise, heavy manual labor) may disrupt the blood-nerve barrier that normally prevents immune factors from contacting the peripheral nerve system
ultimately, a constellation of processes results in an
inflammatory response involving the brachial plexus
and its branches
risk factors
infection
viral infections
(25-55%)
Ebstein-Barr (EBV), varicella-zoster, Coxsackie B, parvovirus B19, cytomegalovirus (CMV), mumps, smallpox, HIV
bacterial infections
Leptospira, TB, Yersinia, Salmonella, Borrelia burgdorferi
immunizations
(15%)
Tetanus, hepatitis B
stress
perioperative
and
peripartum
(14%)
strenuous exercise
(8%)
burns
drugs
abacavir, streptokinase,
heroin
, infliximab,
interferon
iatrogenic
interscalene block, surgery, lumbar punctures, irradiation
Associated conditions
hereditary neuralgic amyotrophy (HNA)
very rare
~200 families worldwide
autosomal dominant
mutations in the gene
septin 9
on chromosome
17q24
cytoskeleton protein highly expressed in glial cells in neuronal tissue
differs from idiopathic form by
dysmorphic features
short stature, hypotelorism, cleft palate, facial asymmetry, unusual skin folds
higher incidence of
recurrent episodes
precipitated similarly to those with INA
younger age
of onset
childhood and adolescent (average age 28)
frequent involvement of nerves outside the brachial plexus (56%)
most commonly
lower cranial nerves
(CN VII, IX, X, XI and XII)
other: lumbosacral plexus, phrenic and recurrent laryngeal nerves
more
severe paresis
worse functional outcome",
https://www.orthobullets.com/shoulder-and-elbow/3042/calcific-tendonitis,"Pathophysiology
unknown etiology
pathoanatomy
three stages of calcification
precalcific
fibrocartilaginous metaplasia of the tendon
clinically this stage is pain-free
calcific
subdivided into three phases
formative phase
characterized by cell-mediated calcific deposits
+/- pain
resting phase
lacks inflammation or vascular infiltration
+/- pain
resorptive phase
characterized by a phagocytic resorption and vascular infiltration
clinically this phase is
most
painful
postcalcific
cellular biochemistry
calcium hydroxyapatite
crystals are deposited
key molecular pathways involved
osteopontin
cathepsin K
transglutaminase 2","atraumatic pain
(most severe in resorptive phase)
catching, crepitus
mechanical block"
https://www.orthobullets.com/pediatrics/4090/larsens-syndrome,"Genetics
autosomal dominant (AD) and recessive (AR) inheritance patterns
AD linked to a mutation of the gene encoding
filamin B
AR linked to
carbohydrate sulfotransferase 3
deficiency
Associated conditions
orthopaedic manisfestations
hand deformities
dislocations
hips
knees (usually bilateral)
shoulders
elbows (radial head)
scoliosis
clubfeet
cervical kyphosis
may present with extremity weakness secondary to myelopathy
caused by hypoplasia of the cervical vertebrae",patients have normal intelligence
https://www.orthobullets.com/hand/6046/ulnar-variance,"Pathophysiology
congenital
Madelung deformity (positive UV)
reverse Madelung deformity (negative UV)
trauma/mechanical
distal radius/ulnar fracture with shortening
growth arrest (previous Salter-Harris fracture)
DRUJ injuries (Galeazzi and Essex-Lopresti)
iatrogenic
joint leveling procedures (radial or ulnar shortening/lengthening)
radial head resection (positive UV)
Associated conditions
positive ulnar variance
ulnar abutment syndrome
SLD
TFCC tears
arthrosis
ulnar head
lunate
triquetrum
lunotriquetral ligament tears
negative ulnar variance
Kienbock's disease
ulnar impingement syndrome
ulna impinges on the radius proximal to the sigmoid notch",
https://www.orthobullets.com/pediatrics/4078/polydactyly-of-foot,"Pathophysiology
failure of differentiation in the apical ectodermal ridge during first trimester of pregnancy
Genetics
usually transmitted as autosomal dominant (positive family history)
Associated conditions
orthopaedics manifestations
may involve extra phalanges or even duplicated rays",
https://www.orthobullets.com/basic-science/9017/articular-cartilage,,
https://www.orthobullets.com/pathology/8035/unicameral-bone-cyst,"Pathophysiology
reactive bone lesion that arises in the
metaphysis adjacent to physis
and progresses toward the diaphysis with bone growth
forms due to venous stasis in cancellous bone leading to bone resorption
increased pressure and inflammatory proteins within cyst fluid
increased levels of lysosomal enzymes versus serum levels
resolution of the cyst typically occurs after losing connection with the physis
Genetics
no known genetic associations","most asymptomatic (~80%) unless fracture occurs (usually with minor trauma)
presents with localized pain from a pathologic fracture in ~50-75% of cases
most common cause of pathologic fracture in children
swelling"
https://www.orthobullets.com/pediatrics/4006/distal-humerus-physeal-separation--pediatric,"Mechanism
vaginal delivery (birth fracture)
from force of labor or obstetric maneuvers
shoulder dystocia and traumatic delivery are at higher risk
cesarean section
from excessive traction
nonaccidental trauma
rotational force / twisting
fall on outstretched hand with elbow extended
Pathoanatomy
physis is biomechanically the weakest location in distal humerus
it is also referred to as a
transphyseal distal humerus fracture
Associated conditions
abuse or
battered child syndrome (up to 50%)",
https://www.orthobullets.com/spine/2036/discogenic-back-pain,"Mechanism
disc characteristics modified by bone morphogenic proteins","axial low back pain without radicular symptoms
pain exacerbated by
bending
sitting
axial loading"
https://www.orthobullets.com/foot-and-ankle/7047/diabetic-charcot-neuropathy,"Mechanism and pathophysiology
theories
neurotraumatic
insensate joints subjected to
repetitive microtrauma
body unable to adopt protective mechanisms to compensate for microtrauma due to abnormal sensation
neurovascular
autonomic dysfunction
increases blood flow
through AV shunting
leads to bone resorption and weakening
molecular biology
inflammatory cytokines may cause destruction
IL-1 and TNF-alpha lead to increased production of
transcription factor-kB
RANK/RANKL/OPG triad pathway
Associated conditions
orthopaedic manifestations
foot ulcerations","swollen foot and ankle
pain in 50%, painless in 50%
loss of function"
https://www.orthobullets.com/foot-and-ankle/7026/foot-puncture-wounds,"Pathophysiology
mechanism of injury
usually stepping on a nail or stick through a sock/sole of foot
microbiology
most common cause of soft tissue infection is Staph aureus
most common cause of osteomyelitis is pseudomonas",
https://www.orthobullets.com/hand/6079/polydactyly-of-hand,"Forms
preaxial polydactlyly
thumb duplication
postaxial polydactlyly
small finger duplication
central polydactlyly",
https://www.orthobullets.com/recon/12115/tha-leg-length-discrepancy,"Mechanism
contracture leads to pelvic obliquity
ABDuction contracture causes involved hemipelvis to be lower, creating apparent LONG leg
ADDuction contracture causes involved hemipelvis to be higher, creating apparent SHORT leg
weakness
weak abductors may provide the sensation of a long leg in the absence of true LLD
usually resolve within 3-6 months post-operatively
Prevention
pre-operative planning reduces incidence of post-operative discrepancies",patient may feel perceived LLD  despite anatomic equality
https://www.orthobullets.com/spine/2039/degenerative-spondylolisthesis,"Pathoanatomy
forward subluxation (intersegmental instability) of vertebral body is allowed by
facet joint degeneration
facet joint sagittal orientation
intervertebral disc degeneration
ligamentous laxity
(possibly from hormonal changes)
degenerative cascade involves
disc degeneration leads to facet capsule degeneration and instability
microinstability which leads to further degeneration and eventual macroinstability and anterolithesis
instability is worsening with sagittally oriented facets (congenital) that allow forward subluxation
neurologic symptoms caused by
central and lateral recess stenosis
a degenerative slip at L4/5 will affect the
descending
L5 nerve root in the lateral recess
caused by slippage, hypertrophy of ligamentum flavum, and encroachment into the spinal canal of osteophytes from facet arthrosis
foraminal stenosis
a degenerative slip at L4/5 will affect the
L4 nerve root
as it is compressed in the foramen
vertical foraminal stenosis (loss of height of foramen) caused by
loss of disk height
osteophytes from posterolateral corner of vertebral body pushing the nerve root up against the inferior surface of the pedicle
anteroposterior foraminal stenosis (loss of anterior to posterior area) caused by
degenerative changes of the superior articular facet and posterior vertebral body","mechanical/ back pain
most common presenting symptom
usually relieved with rest and sitting
neurogenic claudication & leg pain
second most common symptoms
defined as buttock and leg pain/discomfort caused by upright walking
relieved by sitting
not relieved by standing in one place (as is vascular claudication)
may be unilateral or bilateral
same symptoms found with spinal stenosis
cauda equina syndrome (very rare)"
https://www.orthobullets.com/basic-science/9024/inheritance-patterns-of-orthopaedic-syndromes,,
https://www.orthobullets.com/basic-science/9032/osteopenia-and-osteoporosis,"Pathophysiology
quantitative
(not qualitative) disorder of bone mineralization
factors
failure to build peak bone mass as a young adult
bone loss in later life
decreased loading stress (e.g non-weight-bearing after fracture)
Genetics
Polymorphisms in the genes for the calcitonin receptor, estrogen receptor-1, type I collagen alpha-1 chain, or the vitamin D receptor have been shown to be associated with osteoporosis
Associated conditions
fragility fractures
direct relationship between degree of bone loss and fractures
kyphotic deformity
can arise from vertebral body fractures
pelvic ring insufficiency
fractures most often treated with bed rest and analgesia
total hip arthroplasty with
constrained components
are a risk factor for fragility fractures
Associated with 20% increase in mortality
men have higher mortality rates following hip fractures than women
Associated with increased morbidity
reduced quality of life
only one-third of patients with hip fractures return to their previous level of function
History of 1 hip fracture results in up to 10 fold increased risk of 2nd hip fracture",
https://www.orthobullets.com/pathology/8003/chemotherapy,,
https://www.orthobullets.com/spine/2034/low-back-pain--introduction,"Mechanism
muscle strain
most common cause of low back pain
most common degenerative disorders
lumbar spinal stenosis
lumbar disc herniation
discogenic back pain
Risk factors
obesity, smoking, gender
lifting, vibration, prolonged sitting
job dissatisfaction
Red flags
infection (IV drug user, h/o of fever and chills)
tumor (h/o or cancer)
trauma (h/o car accident or fall)
cauda equina syndrome (bowel/bladder changes)
Outcomes
90% of low back pain resolves within one year","axial pain
musculogenic
most common cause of back pain
associated with activity
characterized by stiffness and difficulty bending
discogenic pain
controversial
confirmed by discogram
mechanical pain
caused by
facet degeneration
micro and macro instability
worse with activity such as lifting objects and prolonged standing
sacroiliac symptoms
pain originating from sacroiliac joint
peripheral / neurogenic
radicular pain
unilateral leg pain
usually dermatomal
referred pain
buttocks
posterior thighs
inguinal region (think L5-S1)
neurogenic claudication
pain in buttock and legs that is worse with prolonged standing
fairly specific for spinal stenosis
myelopathy
clumsiness in hands
gait instability
due to injury of spinal cord (~ L1 or above)
conus medullaris syndrome
cauda equina syndrome
bilateral leg pain
LE weakness
saddle anesthesia
bowel/bladder symptoms
spinal cord injury
incomplete
complete"
https://www.orthobullets.com/recon/5021/tka-revision,"Most common causes of failure
infection
should always be ruled out prior to any revision
considered the most common reason for revision TKA overall based on national database epidemiology studies
when categorized further, infection is the most common cause of early (<2 years from primary) failure
aseptic component loosening
aseptic loosening is the second most common reason for revision TKA overall based on national database epidemiology studies
when categorized further, aseptic loosening is the most common cause of late (>2 years from primary) failure
tibial loosening more common than femoral
femoral loosening more difficult to detect due to obscured view of posterior femoral condyles where lesions typically occur
oblique radiographs may help identify
detected on
serial radiographs
osteolytic wear
most common in uncemented technique
motion between modular tibial insert and metal tray
(backside wear)
newer studies show decreased aseptic revision with modern cementless TKA components in morbidly obese patients
ligament/flexion instability (~8%)
MCL/LCL incompetence can to lead to laxity
flexion instability
PCL attenuation (in CR knees)
unbalanced flexion gap
excessive posterior slope
undersized femoral component
femoral component placed in excessive extension
periprosthetic fracture (~5%)
most commonly supracondylar femur region
need for revision due to combination of excessive comminution/bone loss with loose component
arthrofibrosis (~5%)
patellofemoral maltracking
most commonly caused by
component malpositioning
abnormal joint line problems
patellar clunk
fibrotic scar tissue that 'clunks' as the knee moves from flexion into extension and patella jumps the femoral notch
arthroscopic treatment to remove fibrotic tissue
metal hypersensitivity","temporal course is crucial:
pain
persistent since index procedure or new onset pain (may indicate potential acute vs. chronic infection)
pain with weight bearing indicates likely mechanical etiology
stiffness
instability
environment of instability (i.e. stairs, level ground, rising from chair)"
https://www.orthobullets.com/basic-science/9002/bone-cells,,
https://www.orthobullets.com/pathology/8021/chondroblastoma,"Pathophysiology
bengin proliferation of immature cartilage cells (chondroblasts) that are locally destructive
thought to arise from cartilaginous epiphyseal plate, but histogenesis is controversial
chondroblasts produce areas of chondroid matrix, but
hyaline cartilage is rarely produced
Recurrent chondroblastomas can show cellular atypia, but this is usually not equivalent to malignant transformation
Genetics
no principally defining mutations
mutations in histone H3.3 are described
abnormalities on chromosomes 5 and 8 are common
Associated conditions
pulmonary metastasis
<1% develop ""benign"" pulmonary metastasis
similar to giant cell tumor in this regard
treatment may be observation or surgical resection
secondary Aneurysmal Bone Cyst (ABC)
up to 1/3 of chondroblastomas have areas of secondary ABC","pain
progressive pain
at tumor site
joint stiffness
limp"
https://www.orthobullets.com/knee-and-sports/3096/snapping-hip-coxa-saltans,"Mechanism
3 types of snapping hip exist with different causes
external snapping hip
most common form
caused by iliotibial tract sliding over greater trochanter
internal snapping hip
caused by iliopsoas tendon sliding over
femoral head
prominent iliopectineal ridge
exostoses of lesser trochanter
iliopsoas bursa
intra-articular snapping hip
caused by
loose bodies in the hip
may be seen with synovial chondromatosis
labral tears","snapping sensation
in and around hip joint
may be
painful or painless
patient often able to reproduce snapping
aggravated by activity
clicking or locking sensation
more indicative of
intra-articular pathology"
https://www.orthobullets.com/trauma/1037/femoral-neck-fractures,"Pathophysiology
healing potential
femoral neck is intracapsular, bathed in synovial fluid
lacks periosteal layer
callus formation limited, which affects healing
Mechanism
high energy in young patients
low energy falls in older patients
Associated injuries
femoral shaft fractures
6-9% associated with femoral neck fractures
treat femoral neck first followed by shaft","impacted and stress fractures
slight pain in the groin or pain referred along the medial side of the thigh and knee
displaced fractures
pain in the entire hip region"
https://www.orthobullets.com/basic-science/9058/bisphosphonates,,
https://www.orthobullets.com/pediatrics/4020/distal-femoral-physeal-fractures--pediatric,,"pain with inability to bend knee
unable to bear weight"
https://www.orthobullets.com/shoulder-and-elbow/3043/rotator-cuff-tears,"Pathophysiology
mechanisms of tear includes
chronic degenerative tear (
intrinsic degeneration is the primary etiology)
usually seen in older patients
usually involves the SIT (supraspinatus, infraspinatus, teres minor) muscles but may extend anteriorly to involve the superior margin of subscapularis tendon in larger tears
chronic impingement
typically starts on the bursal surface or within the tendon
acute avulsion injuries
acute subscapularis tears seen in younger patients following a fall
acute SIT (supraspinatus, infraspinatus, teres minor) tears seen in patients > 40 yrs with a shoulder dislocation
full thickness rotator cuff tears need to be repaired in throwing athletes
iatrogenic injuries
due to failure of surgical repair
often seen in repair failure of the subscapularis tendon following open anterior shoulder surgery.
Impingement and rotator cuff disease are a continuum of disease including
subacromial impingement
subcoracoid impingement
calcific tendonitis
rotator cuff tears
(this topic)
rotator cuff arthropathy
Associated conditions
AC joint pathology
proximal biceps subluxation
proximal biceps tendonitis
internal impingement
seen in overhead throwing athletes
associated with partial thickness rotator cuff tears
deceleration phase of throwing leads to tensile forces and potential for rotator cuff tears","pain
typically insidious onset of pain exacerbated by
overhead activities
pain located in deltoid region
night pain,
which is a
poor indicator for nonoperative management
can have acute pain and weakness with an traumatic tear
weakness
loss of active ROM with greater or intact passive ROM"
https://www.orthobullets.com/trauma/1019/radial-head-fractures,"Pathophysiology
mechanism of injury
fall on an outstretched hand
elbow in extension
and
forearm in pronation
leads to most force transmitted from wrist to radial head
higher energy trauma may result in associated injuries
Associated conditions
incidence
30% have associated soft tissue or skeletal injuries
types
ligamentous/ interosseous injuries
lateral collateral ligament (LCL) injury
most common (up to 80% on MRI)
medial collateral ligament (MCL) injury
Essex-Lopresti injury
radial head fracture
distal radioulnar joint (DRUJ) injury
interosseus membrane injury
elbow fractures & dislocations
coronoid fracture
olecranon fracture
Monteggia fracture/dislocation
terrible triad
posterolateral elbow dislocation
radial head fracture
coronoid fracture
carpal fractures
scaphoid fracture","common symptoms
pain
pain and tenderness along lateral aspect of elbow
ipsilateral wrist, forearm, and shoulder pain with associated injuries
limited elbow or forearm motion
particularly supination/pronation"
https://www.orthobullets.com/shoulder-and-elbow/3047/acromioclavicular-joint-injury,"Pathophysiology
mechanism
direct blow to the shoulder
often sustained while falling onto the shoulder","pain
usually over AC joint
can also be referred to the trapezius"
https://www.orthobullets.com/spine/2065/cauda-equina-syndrome,,"common
back pain
(most common)
may be initial presenting symptom alone
unilateral or bilateral leg pain
(2nd most common)
saddle anesthesia
while less common, more specific for CES, and if present should initiate surgery emergency protocol.
bladder dysfunction
disruption of bladder contraction and sensation leads to
urinary retention
and eventually to
overflow incontinence
important to
document presence of bladder dysfunction
prior to surgery
unilateral or bilateral sensory changes in legs
unilateral or bilateral motor weakness in legs
rare
sexual dysfunction (impotence in men)
bowel dysfunction"
https://www.orthobullets.com/shoulder-and-elbow/3087/elbow-stiffness-and-contractures,"Pathophysiology
causes of elbow stiffness and contractures include
osteoarthritis
trauma
(fractures)
surgery
cerebral palsy
traumatic brain injury
burns
prolonged immobilization
congenital conditions
arthrogryposis
congenital radial head dislocation
pathoanatomy
intrinsic causes
joint incongruity
synovitis
loose bodies
intra-articular fractures
malunions
osteochondritis dissecans
post-traumatic arthritis
coronoid osteophytes
olecranon tip osteophytes
radiocapitellar joint space narrowing
extrinsic causes
formation of eschar following a burn
heterotopic ossification
adhesions/contraction of the capsule
ligament contractures
scarring of
posterior oblique portion of medial ulnar collateral ligament
mixed (intrinsic + extrinsic)
late effects of intrinsic conditions can lead to extrinsic stiffness","pain
pain in mid-arc of motion may indicate intra-articular pathology
extrinsic soft tissue contractures typically painful at the extremes of flexion and extension where bone impingement and soft tissue stretching may occur
decreased motion
often
l
imits activities of daily living"
https://www.orthobullets.com/recon/5032/hip-resurfacing,,
https://www.orthobullets.com/recon/5019/tka-prosthesis-design,,
https://www.orthobullets.com/pathology/8038/fibrous-dysplasia,"Pathophysiology
failure of primitive
        bone to remodel to mature lamellar bone and reorganize
results in an isolated
        area of immature trabecular bone in dysplastic fibrous tissue that does
        not mineralize normally or remodel
in response to mechanical stress
due to GNAS mutation
lesions typically are
        active and expand during childhood before becoming inactive upon
        skeletal maturity
monostotic lesions
         grow in proportion to skeletal growth
polyostotic lesions
         grow in proportion to the extent of disease severity
Genetics
inheritance pattern
spontaneous missense mutation
results in somatic mosaicism
no risk of vertical transmission
the time of mutation is associated with the extent and severity of the disease
associated with an activating
GNAS missense mutation
Gs
?-
protein (chromosome 20q13) activating
mutation causes upregulation of WNT/B-catenin pathway
increased WNT/B-catenin proteins
inhibits maturation/differentiation of osteoprogenitor cells
upregulation of NF-kB and IL-6 from mutated osteoclastic
         cells increases bone resorption and production of disorganized collagenous
         matrix
increases FGF-23 leading to renal phosphate
          wasting, hypophosphatemia, and osteomalacia
this leads to bone marrow stromal cells with impaired ability
         to terminally differentiate into mature osteoblasts and hematopoietic
         supporting stroma
Associated conditions
orthopedic manifestations
McCune Albright syndrome
condition defined by the presence of:
café-
au-lait
lesions
jagged and irregularly bordered macules found most commonly on the trunk/back
""coast of Maine"" pattern
typically respect and do not cross the midline
endocrine abnormalities
precocious puberty
most common presenting symptom in females
85% of females with McCune Albright Syndrome
recurrent ovarian cysts
autonomous testosterone production
excess growth hormone
thyroid abnormalities
66% of patients with McCune Albright Syndrome
neonatal hypercortisolism
polyostotic fibrous dysplasia
obtain
spine radiographs
to look for scoliosis
60%
will have spinal involvement, most commonly in the posterior elements
Mazabraud syndrome
polyostotic fibrous dysplasia
soft-tissue intramuscular myxomas
Jaffe-Lichenstein syndrome
polyostotic
fibrous dysplasia
café-au-lait lesions
distinguished from McCune Albright syndrome by lack of endocrinopathies
Osteofibrous dysplasia
rare form that primarily affects the tibia and is confined to the cortices
non-orthopedic manifestations
severe
cranial deformities leading to cosmetic deformities, blindness, hearing loss,
and airway obstruction","usually asymptomatic and discovered as an incidental finding
may have swelling or deformity
primarily
        in setting of pathologic fracture
localized pain
more common in lesions
        in high-stress areas
female patients can have increased pain during pregnancy and their menstrual cycle due to estrogen receptors within the fibrous dysplasia"
https://www.orthobullets.com/pediatrics/4009/lateral-condyle-fracture--pediatric,"Pathophysiology
mechanism of injury
pull-off theory
avulsion fracture of the lateral condyle that results from the pull of the common extensor musculature
push-off theory
fall onto an outstretched hand causes impaction of the radial head into the lateral condyle causing fracture
pathoanatomy
fractures originate proximally at the posterior aspect of the distal humerus metaphysis and extend distally and anteriorly across the physis and epiphysis into the elbow joint
fracture may extend medially into the trochlear groove, making the elbow unstable and prone to dislocation
posteromedial elbow dislocation
result of FOOSH with slight elbow flexion and adduction force
rare concomitant injury pattern","location
lateral elbow pain and swelling
severity
may be subtle if fracture is minimally displaced"
https://www.orthobullets.com/trauma/1035/hip-dislocation,"Pathophysiology
mechanism is usually young patients with high energy trauma
Pathoanatomy
Hip joint inherently stable due to
bony anatomy
soft tissue constraints including
labrum
capsule
ligamentum teres","acute pain, inability to bear weight, deformity"
https://www.orthobullets.com/pediatrics/4097/diastrophic-dysplasia,"Genetics
autosomal recessive
mutation in
DTDST gene
(SLC26A2) on chromosome 5
encodes for
sulfate transporter protein
mutation is present in 1 in 70 Finnish citizens
leads to undersulfation of cartilage proteoglycan",
https://www.orthobullets.com/foot-and-ankle/7030/lisfranc-injury,,"severe midfoot pain
inability to bear weight"
https://www.orthobullets.com/hand/6086/ganglion-cysts,"Mechanism
trauma
mucoid degeneration
synovial herniation
Pathophysiology
filled with fluid from tendon sheath or joint
no true epithelial lining
Associated conditions
median or ulnar nerve compression
may be caused by volar ganglion
hand ischemia due to vascular occlusion
may be caused by volar ganglion","usually asymptomatic
may cause issues with cosmesis"
https://www.orthobullets.com/foot-and-ankle/7033/tarsal-navicular-fractures,"Navicular fractures can be
traumatic
navicular avulsion fractures
mechanism is plantarflexion or eversion/inversion
can involve talonavicular or naviculocuneiform ligaments
navicular tuberosity fractures
mechanism is eversion with simultaneous contraction of PTT
may represent an acute widening/diastasis of an accessory navicular
navicular body fractures
mechanism is axial loading
stress fracture
mechanism of injury is usually due to chronic overuse
often seen in athletes running on hard surfaces
also common in baseball players
considered a high risk injury due to
risk of AVN
most common complications include delayed union and non-union
Spontaneous navicular AVN (Mueller-Weiss syndrome)
Spontaenous navicular AVN is a rare disease that and can be seen in middle aged adults with chronic midfoot pain",vague midfoot pain and swelling
https://www.orthobullets.com/trauma/1003/gustilo-classification,,
https://www.orthobullets.com/shoulder-and-elbow/3078/elbow-anatomy-and-biomechanics,,
https://www.orthobullets.com/trauma/1060/domestic-and-elder-abuse,"associated injuries
long bone fractures
rib fractures
bruises caused from abuse are
commonly over 5cm in size
located on the face, neck or back",
https://www.orthobullets.com/pediatrics/4022/tibial-eminence-fracture,"Pathophysiology
traumatic mechanism
rapid deceleration or hyperextension/rotation of the knee, as in sports
same mechanism that would cause
ACL tear in adult
fall from bike or motorcycle (typically resulting in hyperextension)
Associated conditions
occur in
40% of eminence fractures
meniscal injury
collateral ligament injury
capsular damage
osteochondral fracture","severe swelling and pain in the knee
inability to bear weight"
https://www.orthobullets.com/pediatrics/4057/posteromedial-tibial-bowing,"Genetics
no known genetic association
Associated conditions
calcaneovalgus foot
posteromedial bowing is often confused with calcaneovalgus foot, another condition caused by intrauterine positioning
the two conditions may occur together or independently of each other",presents at birth
https://www.orthobullets.com/pathology/8062/extra-abdominal-desmoid-tumor,"Genetics
patient's with
familial adenomatous polyposis
(FAP) have increased risk for development of desmoid tumors
15% of tumors have adenomatous polyposis coli (APC) gene mutation (gene controls beta catenin)
elevated levels of
beta catenin
in all tumors
trisomy in
chromosome 8 or 20
Associated conditions
Dupuytren contractures
Ledderhose disease
familial adenomatous polyposis (FAP)
Gardner syndrome","Presentation
usually an enlarging mass
nerve compression
numbness, tingling, motor weakness, stabbing pain
Physical exam
has a distinctive ""rock hard"" feel on palpation
because tumor is fixed to surrounding tissues
poorly circumscribed
may be painful and limit motion around joint"
https://www.orthobullets.com/foot-and-ankle/7054/foot-muscle-forces-and-deformities,,
https://www.orthobullets.com/spine/2061/scheuermanns-kyphosis,"Pathoanatomy
exact pathophysiology is unknown but several theories
osteonecrosis of anterior apophyseal ring
herniation of disc material leading to loss of anterior disc height
relative osteoporosis leading to compression deformity
altered biomechanics leading to anterior wedging and subsequent growth arrest
most widely accepted theory suggests that the kyphosis and vertebral wedging are caused by a developmental error in collagen aggregation which results in an abnormal end plate
Genetics
autosomal dominant
inheritance pattern now accepted
Associated conditions
orthopaedic manifestations
Lumbar hyperlordosis
spondylolysis in lumbar region (33%)
scoliosis (33%)
dural cysts
compensatory tightness of anterior shoulder, hamstrings, and iliopsoas muscle
non-orthopaedic manifestations
pulmonary issues in curves exceeding 100 degrees","may complain of thoracic or lumbar pain
cosmetic concerns"
https://www.orthobullets.com/pathology/8080/intramuscular-myxomas,"Mechanism
likely develop from premature mesenchymal stem cells which differentiate into benign fibroblasts which loose their capacity to secrete collagen
Associated conditions
Mazabraud's syndrome
a syndrome characterized by multiple intramuscular myxomas associated with monostotic or polyostotic fibrous dysplasia
myxoid liposarcomas
important to differentiate from a myxoid liposarcomas, which occurs in an intermuscular location","slowly growing mass
may or may not be painful
pain in soft tissue sarcomas is often based on compression of surrounding tissues like vessels or nerves"
https://www.orthobullets.com/recon/5001/wear-and-osteolysis-basic-science,,
https://www.orthobullets.com/trauma/1013/scapula-fractures,"Pathophysiology
mechanism of injury
high-energy trauma (80-90%)
motor vehicle collisions
account for >70% of scapula fractures
indirect trauma through fall on outstretched hand
glenohumeral dislocation
anterior dislocation
leads to
anterior rim fracture
posterior dislocation
leads to
posterior rim fracture
seizure
electric shock
Associated injuries (in 80-95%)
medical
thoracic injury (80%)
hemothorax/pneumothorax (>30%)
pulmonary contusion (>40%)
head injury (35-50%)
orthopaedic
rib fractures (53%)
ipsilateral extremity injury (50%)
ipsilateral clavicle fractures (25%)
spine fracture (26-30%)
pelvic ring/acetabular fractures (15%)
scapula fracture is important predictor
upper extremity vascular injury (11%)
subclavian and axillary arteries at risk
higher risk with scapulothoracic dissociation
brachial plexus injury (5-13%)
75% of brachial plexus injuries resolve
complete brachial plexus injuries less likely to resolve","diffuse, severe shoulder pain
systemic symptoms
shortness of breath
chest wall pain"
https://www.orthobullets.com/pathology/8048/adamantinoma,"Pathophysiology
unknown
Associated conditions
osteofibrous dysplasia
historically, it was thought that osteofibrous dysplasia (OFD) was a precursor to this adamantinoma, however current studies have cast doubt on this theory","pain
of months to years duration"
https://www.orthobullets.com/hand/6029/sagittal-band-rupture,"Mechanism
traumatic
forceful resisted
flexion
or
extension
laceration
of extensor hood
direct blow to MCP joint
atraumatic
inflammatory (e.g. rheumatoid arthritis)
spontaneously during routine activities
Associated conditions
MCP joint collateral ligament injuries","pain
MCP soreness
swelling
focal MCP swelling or tenderness
snapping senstion with extension"
https://www.orthobullets.com/basic-science/322148/clinical-billing,,
https://www.orthobullets.com/spine/2053/adolescent-idiopathic-scoliosis,"Pathophysiology
unknown
potential causes
multifactorial
hormonal (
melatonin
)
brain stem
proprioception disorder
platelet
calmodulin
abnormal development of
neurocentral synchodrosis (NCS)
cartilaginous plate that forms between the centrum and posterior neural arches
closure occurs in characteristic order
cervical NCS
by 5-6 years old
lumbar NCS
by 11-12 years old
thoracic NCS
by 14-17 years old
most have a
positive family history
Curve Progression
risk factors for progression (at presentation)
curve magnitude
before skeletal maturity
> 25° before skeletal maturity will continue to progress
after skeletal maturity
> 50° thoracic curve will progress 1-2° / year
> 40° lumbar curve will progress 1-2° / year
remaining skeletal growth
younger age
< 12 years at presentation
Tanner stage (< 3 for females)
Risser Stage (0-1)
Risser 0 covers the first 2/3rd of the pubertal growth spurt
correlates with the greatest velocity of skeletal linear growth
open triradiate cartilage
peak growth velocity
is the best predictor of curve progression
in females it occurs just
before menarche and before Risser 1 (
girls usually reach skeletal maturity 1.5 yrs after menarche)
most closely correlates with the
Tanner-Whitehouse III RUS method
of skeletal maturity determination
if curve is >30° before peak height velocity there is a strong likelihood of the need for surgery
curve type
thoracic more likely to progress than lumber
double curves more likely to progress than single curves",
https://www.orthobullets.com/knee-and-sports/3112/tibial-shaft-stress-fractures,"Mechanism
linear microfractures in trabecular bone from repetitive loading
Pathophysiology
callus formation
woven bone
endochondral bone formation","onset of symptoms often insidious
symptoms initially worse with running, then may develop symptoms with daily activities"
https://www.orthobullets.com/pathology/2009/metastatic-disease-of-spine,"Pathophysiology
mechanism of bone destruction (osteolysis)
osteolytic bone lesions are
caused by tumor-induced activation of osteoclasts
occurs through the RANK, RANK ligand (RANKL), osteoprotegerin pathway
PTHrP positive breast cancer cells activate osteoblastic RANKL production
osteoblastic bone metastases are due to tumor-secreted endothelin 1
Associated conditions
metastatic hypercalcemia
occurs in 10-30% of patients
most common in lung and breast cancer
a medical emergency
symptoms include
confusion
muscle weakness
polyuria & polydipsia
nausea/vomiting
dehydration
treatment
hydration (volume expansion)
loop diuretics
bisphosphonates
anemia
common
thromboembolic disease
increased risk due to hypercoagulable state","History
unexplained rest pain or mechanical back/neck pain in cancer patients
constitutional symptoms (weight loss, fatigue, malaise)
risk factors of common cancers (smoking, hematuria, shortness of breath, breast mass, goiter)
current and prior chemotherapy treatment
can cause peripheral neuropathy
Symptoms
pain
axial night pain
may be mechanical pain due to bone destruction or tumorigenic pain which often occurs at night
metastatic hypercalcemia
Physical exam
neurologic deficits
caused by compression of the spinal cord with metastatic disease to the spine
important to differentiate between root level and cord level injury
gait abnormalities
hyperreflexia"
https://www.orthobullets.com/basic-science/9087/outcome-measure-tools,,
https://www.orthobullets.com/pediatrics/4071/kohlers-disease,"Pathophysiology
the blood supply of the
central one third of the navicular is a watershed zone
accounts for the susceptibility to avascular necrosis and stress fractures
the navicular is the last bone to ossify
increases its vulnerability to mechanical compression and injury
Associated conditions
infection
Kohler's disease is often misdiagnosed as infection","pain in dorsomedial midfoot
may have swelling, warmth, and redness
point tenderness over the navicular"
https://www.orthobullets.com/recon/5007/tha-stability-techniques,,
https://www.orthobullets.com/hand/12104/high-pressure-injection-injuries,"Pathophysiology
mechanism of injury
injection force delievered from 3,000 to 10,000 PSI and up to 400 MPH
100 PSI is enough force to break the skin
pathophysiology
4 main components
initial injury
chemical irritation
inflammation
secondary infection
pathoanatomy
leads to dissection along planes of least resistance (along neurovascular bundles)
vascular occlusion may lead to local soft tissue necrosis","minimal or no pain at injection site
pain and paresthesias eventually occur"
https://www.orthobullets.com/basic-science/9085/rheumatoid-arthritis,"Pathophysiology
immunology
cell-mediated (
T cell-MHC type II
) immune response against soft tissues (early), cartilage (later), and bone (later)
rheumatoid factor
an IgM antibody against native IgG antibodies
immune complex is then deposited in end tissues like the kidney as part of the pathophysiology
mononuclear cells
are the primary cellular mediator of tissue destruction in RA
IL-1, TNF-alpha
are part of cascade that leads to joint damage
immune response thought be related to
infectious etiology or
HLA locus
pathoanatomy
cascade of events includes
antigen-antibody and antibody-antibody reactions
>
microvascular proliferation and obstruction
>
synovial pannus formation (histology shows
prominent intimal hyperplasia
)
>
joint subluxation, chondrocyte death/joint destruction, and deformity
>
tendon tenosynovitis and rupture
Genetics
associated with specific HLA loci (HLA-DR4 & HLA DW4)
~15% rate of concordance amongst monozygotic twins
Associated conditions
orthopaedic manifestations
see below
medical conditions & comorbidities
rheumatoid vasculitis
pericarditis
pulmonary disease
Felty's syndrome (RA with splenomegaly and leukopenia)
Still's disease (acute onset RA with fever, rash and splenomegaly)
Sjogren's syndrome (autoimmune condition affecting exocrine glands)
Decreased secretions from salivary and tear duct glands
Lymphoid tissue proliferation","insidious onset of
morning stiffness
and
polyarthropathy
usually affects hands and feet
DIP joint of hand is usually spared
may also affect knees, cervical spine, elbows, ankle and shoulder"
https://www.orthobullets.com/pediatrics/4130/cerebral-palsy--hip-conditions,"Cerebral Palsy General
Pathoanatomy
subluxation
strong tone in hip adductor and flexors lead to scissoring and predisposes to hip subluxation and dislocation
dislocation
dislocation is typically posterior and superior (>95%)
degeneration
in time, dysplastic and erosive changes in the cartilage of the femoral head can develop and lead to
pain","hip and/or groin pain
difficulty with sitting
difficulty with perineal care/hygiene"
https://www.orthobullets.com/pediatrics/4103/osteopetrosis,"Pathophysiology
pathoanatomy
osteoclast dysfunction
leads to dense bone and obliterated medullary canals
caused by osteoclast inability to acidify Howship's lacuna
due to defective
carbonic anhydrase II
or chloride channel dysfunction
leads to predisposition to fracture
lower extremity > upper extremity > axial skeleton
lifelong prevalence of fracture ~ 40-50%
Associated conditions
head
cranial nerve palsies
from overgrowth of skull foramina
optic n. > auditory n.  > trigeminal n. > facial n.
osteomyelitis
due to lack of marrow vascularity and impaired WBC function
caffey disease
infantile cortical hyperostosis affecting mandible in addition to clavicle, ribs, and scapulae
spine
lower lumbar pain
increased prevalence of spondylolysis
pelvis
coxa vara
commonly due to femoral neck fracture nonunion or repeated stress fractures
increased risk of degenerative joint arthritis
extremities
increased tendency for long bone fractures
often low energy
transverse
increased risk of delayed union and malunion
carpal tunnel syndrome",
https://www.orthobullets.com/knee-and-sports/3008/acl-tear,"Pathophysiology
pathoantomy
non-contact pivoting injury
tibia translates anteriorly while knee is in slight flexion and valgus
blow to the
lateral aspect of the knee
common activities are soccer, basketball, skiing, and football
pre-ponderance for females due to landing biomechanics and neuromuscular activation patterns (quadriceps dominant) play the biggest role
Associated conditions
m
eniscal tears
lateral meniscal tears in 54% of acute ACL tears, medial in chronic cases
PCL, LCL/PLC injuries
chronic ACL deficient knees associated with
chondral injuries
complex, unrepairable meniscal tears and bucket handle medial meniscus tears","generalized knee pain
feelings of instability preventing return to sport
difficulty weightbearing"
https://www.orthobullets.com/pediatrics/4026/tibial-shaft-fractures--pediatric,"Pathophysiology
mechanism of injury
adolescents
most commonly due to pedestrian vs vehicle (50%)
direct blow
toddlers
low energy twisting or falls
torsional forces result in a spiral or oblique fracture pattern or a ""toddler's fracture""
Associated conditions
orthopedic manifestations
30% are associated with a fibula fracture
second most common fractured bone following nonaccidental trauma","pain
bruising
limping or
refusal to bear weight"
https://www.orthobullets.com/shoulder-and-elbow/3075/total-shoulder-arthroplasty,,
https://www.orthobullets.com/pathology/8078/bone-infarct,"Mechanism
interruption of blood supply by intrinsic or extrinsic factors","usually asymptomatic
often found when imaging the extremities for other reasons"
https://www.orthobullets.com/foot-and-ankle/7025/plantar-fasciitis,"Pathophysiology
pathoanatomy
chronic overuse leads to microtears in the origin of the plantar fascia
repetitive trauma leads to recurrent inflammation and periostitis
abductor hallucis, flexor digitorum brevis, and quadratus plantae
share the origin on medial calcaneal tubercle and may be inflamed as well
Associated conditions
calcaneal apophysitis
gastrocnemius-soleus contracture
heel pain triad
plantar fasciitis
posterior tibial tendon dysfunction
tarsal tunnel syndrome
anatomic variations
femoral anteversion
pes cavus
pes planus","sharp heel pain
insidious onset of heel pain, often when first getting out of bed
may prefer to walk on toes initially
worse at the end of the day after prolonged standing
relieved by ambulation
common to have symptoms bilaterally"
https://www.orthobullets.com/foot-and-ankle/7018/freibergs-disease,"Pathophysiology
thought to be related to a disruption in the blood supply due to
microtrauma or osteonecrosis and stress overloading
leads to eventual collapse of 2nd MT head","forefoot pain, swelling and stiffness localized to head of the second MT
worse with weight bearing activities"
https://www.orthobullets.com/hand/6097/hypothenar-hammer-syndrome,"Pathophysiology
mechanism
single or
repetitive blunt impact
on hypothenar eminence leads to ulnar artery thrombosis or aneurysm
hook of hamate functions as an
anvil
, causing thrombosis
distal embolisation leads to ulceration, gangrene","pain
over hypothenar eminence and
ring
finger
may involve small, middle and index fingers
cold sensitivity
paresthesia"
https://www.orthobullets.com/spine/2054/juvenile-idiopathic-scoliosis,"Associated conditions
high incidence of neural axis abnormalities (18-25%)
syringomyelia
cyst or tubular cavity within spinal cord
can be seen in a scoliotic curve without rotation
can manifest as an asymmetric umbilicus reflex
Arnold-Chiari syndrome
cerebellar tonsil are elongated and protruding through the opening of the base of the skull and blocking CSF flow)
tethered cord
dysraphism
spinal cord tumor",
https://www.orthobullets.com/shoulder-and-elbow/3055/glenohumeral-internal-rotation-deficit-gird,"Pathophysiology
mechanism
caused by repetitive throwing
thought to occur during the late cocking and early acceleration phase
pathoanatomy
tightening of posterior capsule or posteroinferior capsule leads to translation of humeral head (
capsular constraint mechanism)
translation of humeral head is in the OPPOSITE direction from area of capsular tightening
posterior capsular tightness  leads to anterosuperior translation of humeral head in flexion
posterorinferior capsular tightness leads to
posterosuperior
translation of humeral head in ABER
anterior capsule is stretched
Associated conditions
glenohumeral instability
internal impingement
abutment of the greater tuberosity against the posterosuperior glenoid during abduction and external rotation leads to pinching of posterosuperior rotator cuff
articular-sided partial rotator cuff tears
tensile failure in excessive rotation
internal impingement
SLAP lesion
throwers with GIRD are 25% more likely to have a SLAP lesion
peel-back mechanism (biceps anchor and postero superior labrum peels back) during late cocking
because of posterosuperior translation of humeral head and change in biceps vector force posteriorly","vague shoulder pain
sometimes painless
may report a decrease in throwing performance"
https://www.orthobullets.com/basic-science/9083/hypophosphatasia,"Pathophysiology
low levels of alkaline phosphate result in decreased synthesis of inorganic phosphate necessary for bone matrix formation
osteoid that forms in the hypertrophic zone of the growth plate fails to mineralize
the zone of provisional calcification never forms and growth is inhibited
Genetics
inheritance pattern
autosomal recessive
caused by a mutation in the tissue-nonspecific isoenzyme of alkaline phosphatase (TNSALP)
Associated conditions
orthopaedic manifestations
similar to rickets
bow legs
short stature
non-orthopaedic manifestations
abnormal tooth formation
loss of teeth",
https://www.orthobullets.com/basic-science/422975/informed-consent-and-time-out,,
https://www.orthobullets.com/pediatrics/4004/proximal-humerus-fracture--pediatric,"Pathophysiology
mechanism of injury
blunt trauma
indirect trauma
pathoanatomy of physeal fractures
proximal fragment (epiphysis) displacement
abducted and externally rotated due to rotator cuff muscles
distal fragment (shaft) displacement
anterior, adducted and shortened due to pectoralis major and deltoid muscles","shoulder pain
deformity
ecchymosis"
https://www.orthobullets.com/knee-and-sports/3011/lcl-injury-of-the-knee,"Pathophysiology
traumatic
direct blow or force to the medial side of the knee
excessive varus stress, external tibial rotation, and/or hyperextension
Associated conditions
injuries to other components of PLC
ACL injuries
PCL injuries","common symptoms
instability near full knee extension
difficulty ascending and descending stairs
difficulty with cutting or pivoting activities
lateral joint line pain and swelling"
https://www.orthobullets.com/knee-and-sports/3021/lateral-patellar-compression-syndrome,"Mechanism
Caused by
tight lateral retinaculum
leads to excessive
lateral tilt
without excessive patellar mobility
Associated conditions
Miserable Triad
is a term coined for anatomic characteristics that lead to an increased Q angle and an exacerbation of patellofemoral dysplasia. They include:
femoral anteversion
genu valgum
external tibial torsion / pronated feet",
https://www.orthobullets.com/basic-science/9012/normal-bone-metabolism,,
https://www.orthobullets.com/hand/6084/congenital-trigger-thumb,"Pathophysiology
pathoanatomy
fl
exor pollicis longus (FPL) tendon is thickened
due to abnormal collagen degeneration and synovial proliferation
increased FPL tendon diameter, compared to the A1 pulley, causes disruption of normal tendon gliding
Genetics
most commonly an
acquired condition
some reports suggest autosomal dominance with variable penetration
term congenital trigger thumb is now considered a misnomer","usually painless
may be bilateral"
https://www.orthobullets.com/shoulder-and-elbow/3056/little-leaguers-shoulder,"Pathophysiology
mechanism
repetitive torsional and distractive stresses at the physis (Saltar Harris 1 injury)
pitching
phases
late cocking
shoulder is maximally externally rotated, leading to extreme rotatory torque through the growth plate, approximately 400% greater than the fragile physeal cartilage can tolerate
deceleration
opposing forces of forward arm motion and rotator cuff results in excessive eccentric physeal stress
breaking pitches
are implicated
number of pitches is the most important factor
cell biology
hypertrophic zone of the physis is affected
weakest portion of the growth plate","diffuse arm and
shoulder pain with throwing
worse in late cocking or deceleration phases
pain resolves with rest"
https://www.orthobullets.com/hand/6007/blood-supply-to-hand,,
https://www.orthobullets.com/knee-and-sports/3114/neck-injuries-in-athletes,"Mechanism
axial load (compression) with flexion of the spine
most injuries in contact sports occur during tackling of another player
""spear tackling""
is the most common mechanism of neck injury in football
can lead to gradual cervical stenosis and loss of cervical lordosis
Associated conditions
underlying conditions of the cervical spine can increase the severity of neck injuries and be contraindications to play. They include
previous trauma to cervical spine (
fractures, ligamentous injuries)
cervical stenosis
congenital
odontoid hypoplasia
os odontoideum
Klippel-Feil anomalies","neck pain
neurological symptoms such as numbness, tingling or weakness"
https://www.orthobullets.com/hand/6034/scaphoid-fracture,"Pathophysiology
pathoanatomy
most common mechanism of injury is
axial load across
a
hyper-dorsiflexed, pronated
and
ulnarly-
deviated wrist
common in contact sports
transverse fracture patterns are considered more stable than vertically or obliquely oriented fractures
Associated conditions
SNAC (Scaphoid Nonunion Advanced Collapse)",variable level of pain over wrist
https://www.orthobullets.com/hand/6066/peripheral-nerve-injury-and-repair,"Pathophysiology
mechanism of injury
stretching injury
8% elongation will diminish nerve's microcirculation
15% elongation will disrupt axons
examples
""stingers""
refer to neurapraxia from brachial plexus stretch injury
suprascapular nerve stretching injuries in volleyball players
correction of valgus in TKA leading to common peroneal nerve palsy
compression/crush
fibers are deformed
local ischemia
increased vascular permeability
endoneurial edema leads to poor axonal transport and nerve dysfunction
fibroblasts invade if compression persists
scar impairs fascicular gliding
chronic compression leads to
Schwann cell proliferation
and
apoptosis
30mm Hg
can cause
paresthesias
increased latencies
60 mm Hg
can cause complete
block of conduction
laceration
sharp transections have a better prognosis than crush injuries
continuity of nerve disrupted
ends retract
nerve stops producing neurotransmitters
nerve starts producing proteins for axonal regeneration
pathophysiology
presynaptic terminal & depolarization
electrical impulse transmitted to other neurons or effector organs at presynaptic terminal
resting potential established from an unequal distribution of ions on either side of the neuron membrane (lipid bilayer)
action potential transmitted by depolarization of resting potential
caused by influx of Na across membrane through three types of Na channels
voltage gate channels
mechanically gated channels
chemical-transmitter gated channels
regeneration process after transection
distal segment undergoes
Wallerian degeneration
(axoplasm and myelin are degraded by phagocytes)
existing Schwann cells proliferate and line endoneurial basement membrane
proximal budding (occurs after 1 month) leads to sprouting axons that migrate at
1mm/day
to connect to the distal tube
variables affecting regeneration
contact guidance with attraction to the basal lamina of the
Schwann cell
neurotropism
neurotrophic factors (factors enhancing growth and preferential attraction to other nerves rather than other tissues)
functional recovery during regeneration
(in order)
sympathetic activity
pain
temperature sensation
touch
proprioception
motor function
motor function is the first to be lost and the last to recover
pathobiology
Schwann cells proliferate and trophic factors are upregulated to promote regeneration
pathoanatomy
involvement of the axon, myelin, and supporting connective tissues influence regeneration potential
myelin disruption typically occurs before axon disruption
axonal disruption leads to distal degeneration, requiring regeneration or repair to regain function
neuronal connective tissue structure provides a framework for regeneration
endoneurium
perineurium
epineurium
Associated conditions
predictable nerve injuries arise from certain fracture patterns and clinical scenarios
axillary nerve
anterior shoulder dislocation
radial nerve
distal 1/3 humeral shaft (Holstein-Lewis) fractures
prolonged compression along the humerus while intoxicated (Saturday night palsy)
extension-type supracondylar humerus fracture
ulnar nerve
distal humerus ORIF
improper positioning on OR table
flexion-type supracondylar humerus fracture
anterior interosseus nerve
extension-type supracondylar humerus fracture
sciatic nerve
posterior hip dislocation
common peroneal nerve
correction of valgus alignment during a total knee arthroplasty
superficial peroneal nerve
percutaneous plating of tibial fractures (holes 11-13)",
https://www.orthobullets.com/hand/6040/thumb-collateral-ligament-injury,"Pathophysiology
mechanism of injury
radially-directed force causing hyper-abduction moment
at the thumb MCP
i.e. stationary ski pole and strap contacting the moving skier's thumb into hyper-abduction
pathoanatomy
Stener lesion
avulsed ligament with or without bony attachment is displaced dorsal and superficial to the
adductor aponeurosis
usually the distal end is retracted proximally
the interposed adductor will not allow healing without surgical repair
Stener-like RCL lesion rare given overlying abductor aponeurosis
RCL injury leads to joint subluxation rather than overt instability","common symptoms
p
ain at ulnar aspect of MCP joint
worse with
pinch or grasp
most common for UCL tear
radial-sided MCP pain
most common complaint for RCL tear"
https://www.orthobullets.com/spine/2052/congenital-muscular-torticollis,"Pathophysiology
contracture of the sternocleidomastoid (SCM)
cervical rotational deformity with chin rotation away from the affected side and head tilt towards the affected side
suspected muscle injury from compression and stretching of SCM
venous outflow obstruction
compression leading to decreased blood supply and subsequent compartment syndrome
Associated conditions
associated with other packaging disorders
developmental dysplasia of the hip (5 - 15% association)
metatarsus adductus
calcaneovalgus feet
plagiocephaly (asymmetric flattening of the skull)
occurs on contralateral side
congenital atlanto-occipital abnormalities","head tilt and rotation
painless passive motion"
https://www.orthobullets.com/pathology/8042/myositis-ossificans,"A form of heterotopic ossification that is the result of
direct trauma
intramuscular hematoma
most common location is the diaphysis of long bones
Associated conditions
Must differentiate from tumors
Fibrodysplasia ossificans progressiva (FOP) is a rare subtype of heterotopic ossification
involves mutation of the
ACVR1
gene (activin A type I receptor gene, a BMP type-1 receptor)
Genetics
almost always a posttraumatic condition","pain, tenderness, swelling and decreased range of motion that usually presents within days of the injury
pain and size of the mass decrease with time
mass increases in size over several months (usually 3 to 6 cm)
after the mass stops growing, it becomes firm"
https://www.orthobullets.com/recon/5004/prosthetic-joint-infection,"Pathophysiology
most common bacterial organisms include
Staphylococcus aureus
Staphylococcus epidermidis
coagulase-negative Staphylococcus (chronic infections)
most common fungal pathogen
Candida species (e.g. Candida albicans)
Prophylaxis
screening
screen and optimize risk factors
nasal mupirocin for decolonization of nasal MSSA/MRSA
routine urine cultures NOT warranted preoperatively, unless history or symptoms of UTI
stop DMARDs 4-6 weeks prior to surgery
revision joint replacement
normalized ESR, CRP off antibiotics
patients with a reported allergy to cephalosporin or penicillin antibiotics should undergo preoperative allergy screening
operatively
preoperative skin cleansing with antiseptic wash
systemic antibiotics
administered within 30 minutes to incision and >10 minutes prior to tourniquet
continued for 24 hours after surgery
no benefit to extended (24-48 hours) antibiotics in the aseptic revision setting
weight-based dosing should be utilized, as patients weighing >120 kg are frequently underdosed
For cefazolin: 1 gram for patients <60 kg, 2 grams for patients 60-120 kg, and 3 grams for patients >120 kg
operative room
vertical laminar airflow systems
limit hospital personnel OR traffic in-and-out of room
postoperatively
antibiotic prophylaxis prior to dental work is dependent on host risk factors","persistent pain
and stiffness at site of arthroplasty is
associated with infection in >90% of patients
acute onset with swelling, tenderness, and drainage
chronic infections have pain and more subtle symptoms
function deteriorates over time
pain worsens over time"
https://www.orthobullets.com/pathology/8069/hemangioma-of-soft-tissue,"Types
may be
cutaneous, subcutaneous, or intramuscular
capillary (superficial) or cavernous (deep)
Pathophysiology
caused by an
error in the new formation of a segment of the vascular system
hormones may play role in modulation
20% are associated with
trauma","pain
of variable intensity depending on activity level
symptoms of vascular engorgement if hemangioma is large
aching
heaviness
swelling"
https://www.orthobullets.com/pathology/8050/pigmented-villonodular-synovitis,"Pathophysiology
pathobiology
caused by an overexpression of
CSF1 gene
overexpression leads to clusters of aberrant cells creating focal areas of soft tissue hyperplasia in the synovial cells lining joints
a locally aggressive neoplastic synovial disease (not a true neoplasm)
Genetics
mutations
locations of chromosome 1p13 in majority of cases
5q33 chromosomal rearrangement
Associated conditions
Giant Cell Tumor of Tendon Sheath
also known as pigmented villonodular tumor of the tendon sheath (PVNTS)","common symptoms
insidious onsent of pain in affected joint
stiffness in the affected joint
swelling in the affected joint
recurrent atraumatic hemarthrosis
is hallmark of disorder"
https://www.orthobullets.com/pathology/8049/soft-tissue-sarcoma,"Genetics
classic translocations
t(X;18)
;
SYT-SSX fusion
synovial sarcoma
t(2:13)
rhabdomyosarcoma (alveolar)
t(12;16)(q13:p11)
myxoid liposarcoma
Associated conditions
neurofibromatosis type-1
malignant peripheral nerve sheath tumor (MPNST)
Stuart-Treves syndrome
angiosarcoma
chronic lymphedema
angiosarcoma","slow growing,
painless
mass
incidental trauma often draws attention to mass
rapid growth usually suggests a higher grade"
https://www.orthobullets.com/basic-science/9006/endochondral-bone-formation,,
https://www.orthobullets.com/shoulder-and-elbow/3082/lateral-epicondylitis-tennis-elbow,"Pathophysiology
mechanism
tenodesis effect to optimize grip causes overuse of ECRB
precipitated by repetitive wrist extension and forearm pronation
common in tennis players (backhand implicated)
pathoanatomy
thought to begin as a microtear of the origin of
ECRB
may also involve microtears of ECRL and ECU
pathohistology
microscopic evaluation of the tissue reveals
angiofibroblastic hyperplasia
disorganized collagen
lacks inflammatory cells
Associated conditions
radial tunnel syndrome
is present in 5%","pain with
resisted wrist extension
pain with gripping activities
decreased grip strength"
https://www.orthobullets.com/trauma/12767/humeral-shaft-nonunion,"Pathophysiology
pathophysiology
inadequate stability at fracture site with operative or nonoperative treatment
pathobiology
inadequate biology as a result of metabolic/endocrine abnormalities, infection, smaller bone surface area for healing
Associated conditions
radial nerve palsy",pain with use of the extremity
https://www.orthobullets.com/trauma/1058/septic-arthritis--adult,"Pathophysiology
pathoanatomy
3 etiologies of bacterial seeding of joint
bacteremia
direct inoculation
from trauma or surgery
contiguous spread
from adjacent osteomyelitis
cellular biology
septic arthritis causes irreversible cartilage destruction in an involved joint
cartilage injury can occur by 8 hours
caused by release of proteolytic enzymes from inflammatory cells (PMNs)
microbiology
most common pathogens is
staphylococcus aureus
(accounts for >50% of cases)
see Classification below
Associated conditions
prosthetic implant infection","pain in affected joint
fevers (only present in 60% of cases)
may appear toxic"
https://www.orthobullets.com/recon/12116/tha-approaches,,
https://www.orthobullets.com/pediatrics/4012/nursemaids-elbow,"Pathophysiology
mechanism of injury
sudden, longitudinal traction applied to the hand with the elbow extended and forearm pronated
may also be caused by a fall
pathoanatomy
annular ligament becomes interposed between radial head and capitellum
in children 5 years of age or older, subluxation is prevented by a thicker and stronger distal attachment of the annular ligament","child
refuses to use
the affected limb
holds the
elbow in slight flexion
and the forearm pronated"
https://www.orthobullets.com/foot-and-ankle/7031/5th-metatarsal-base-fracture,"Pathophysiology
mechanism of injury
plantarflexion and hindfoot inversion leads to zone 1 fractures
forefoot adduction
leads to zone 2 fractures
repetitive microtrauma leads to zone 3 fractures
Associated conditions
concomitant midfoot injuries (i.e. Lisfranc injury)
lateral ankle ligamentous laxity
cavus foot and varus hindfoot
deformities","location
pain over lateral border of forefoot
, especially with weight bearing
aggravating/alieving factors
worse on weightbearing"
https://www.orthobullets.com/basic-science/9005/bone-circulation,,
https://www.orthobullets.com/trauma/1044/tibial-plateau-fractures,"Mechanism
Vector of applied load, amount of energy, and quality of bone determine type of fracture
valgus load
lateral plateau
varus load
medial plateau
axial load
bicondylar
combination
fracture dislocation
high energy
usually medial-sided plateau fractures
frequently associated with soft tissue injuries
low energy
usually lateral plateau fractures
Associated conditions
meniscal tears
lateral meniscal tear
more common than medial
associated with Schatzker II fracture pattern
associated with >10mm articular depression
associated with >6mm condylar widening
medial meniscal tear
most commonly associated with Schatzker IV fractures
ACL injuries
more common in type IV and VI fractures (25%)
compartment syndrome
associated soft tissue injuries have little bearing on final outcomes
neurovascular injury
commonly associated with Schatzker IV fracture-dislocations
perform ABIs in suspected fracture/dislocation
common peroneal nerve is most common nerve injury
higher rates with hyperextension bicondylar injuries",
https://www.orthobullets.com/basic-science/9041/gout,"Forms
primary gout
an idiopathic disorder of nucleic acid metabolism that leads to hyperuricemia and deposition of monosodium urate crystals in joints (a purine breakdown product)
secondary gout
is associated with a disease with high metabolic turnover (psoriasis, hemolytic anemia, leukemia, chemotherapy)
Pathophysiology
dysfunctional nucleic acid metabolism causing
hyperuricemia
deposition of monosodium urate crystals in synovium of joint
crystals lead to an inflammatory response activating
proteases
prostaglandins
leukotriene B4
free oxygen radicals
Associated conditions
renal stones
septic arthritis
the presence of uric acid crystals does not exclude septic arthritis","pain in joint
can resemble septic arthritis
symptoms of renal stones"
https://www.orthobullets.com/foot-and-ankle/7021/achilles-tendon-rupture,"Mechanism
usually traumatic injury during a sporting event
may occur with
sudden forced plantar flexion
violent dorsiflexion in a plantar flexed foot
Pathoanatomy
rupture usually occurs
4-6 cm above the calcaneal insertion
in hypovascular region","weakness and difficulty walking
pain in heel"
https://www.orthobullets.com/basic-science/422972/ethics-in-orthopaedic-practice,,
https://www.orthobullets.com/pathology/8045/metastatic-disease-of-extremity,"Pathophysiology
mechanism of metastasis
tumor cell intravasation
E cadherin
cell adhesion molecule (CAM) on tumor cells modulates release from primary tumor focus into bloodstream
PDGF
promotes tumor migration
avoidance of immune surveillance
target tissue localization
chemokine ligand 12 (CXCL12)
in the stromal cells bone marrow acts as homing chemokine to certain tumor cells and promotes targeting of bone
attaches to target organ endothelial layer via
integrin
cell adhesion molecule (expressed on tumor cells)
extravasation into the target tissue
uses
matrix metalloproteinases (MMPs)
to invade basement membrane and ECM
induction of angiogenesis
via vascular endothelial growth factor (
VEGF
) expression
genomic instability
decreased apoptosis
thrombospondin
inhibits tumor growth
lytic lesions
osteolytic bone lesions create a  ""vicious circle""
tumor cells
secrete PTHrP
which stimulates the
release of RANKL
from
osteoblasts
RANKL then binds to the
RANK receptor on
osteoclast
precursor cells
differentiation to active osteoclasts occurs, which causes bony destruction
TGF-B, ILGF-1, and calcium are released from resorbed bone, which stimulates tumor cells to release more PTHrP
the tumor continues to grow through the release of growth factors, proinflammatory cytokines (IL-6 and IL-8), and VEGF
osteoblastic lesions
prostate and breast cancer mets
due to tumor-secreted
endothelin-1(ET-1)
binds to endothelin A receptor (ETAR) on osteoblasts and stimulates osteoblasts
ET-1 decreases WNT suppressor DKK-1
activates WNT pathway, increasing osteoblast activity
Associated conditions
metastatic hypercalcemia
a medical emergency
symptoms include
confusion
muscle weakness
polyuria & polydipsia
nausea/vomiting
dehydration
treatment
hydration (volume expansion)
loop diuretics
bisphosphonates","pain
may be mechanical pain due to bone destruction or tumorigenic pain which often occurs at night
typically dull pain with gradual onset
pathologic fracture
occurs at presentation in 8-30% of patients with metastatic disease
90% of pathologic fractures require surgery
rarely have potential to heal
metastatic hypercalcemia
confusion
muscle weakness
polyuria & polydipsia
nausea/vomiting
dehydration"
https://www.orthobullets.com/recon/5017/tka-patellofemoral-alignment,,
https://www.orthobullets.com/knee-and-sports/3121/cardiac-conditions,"pathophysiology
transient loss of consciousness due to decreased
         cerebral perfusion
can
be caused by any condition disrupting cerebral perfusion
50% are neurocardiogenic also known as
vasovagal
         syncope
increased
vasodilation with
bradycardia
due to
decreased sympathetic
and
increased
parasympathetic tone
risk factors
when standing for prolonged periods
hot environments
associated
conditions
cardiovascular
disorder
arrhythmias
cardiac
structural abnormalities
including
myocardial infarction, hypertrophic cardiomyopathy, valvular disease, pulmonary
embolism, commotio cordis
cerebrovascular disease
including stroke, transient ischemic attack,
          vertebrobasilar insufficiency
disruption
of vascular tone and blood flow
including orthostatic hypotension, carotid sinus
          syndrome, anemia",
https://www.orthobullets.com/foot-and-ankle/7009/hallux-rigidus-mtp-joint-arthritis,"Pathophysiology
primary etiology unknown
acute trauma and repetitive microtrauma predispose to arthritic changes
pathoanatomy
osteophyte formation and degeneration of the cartilage occur dorsally in early stages and progress to involve the entire joint
anatomic variations of first metatarsal may play a role in arthritic predisposition
metatarsus adductus
metatarsal head morphology
long first metatarsal
hallux valgus or hallux varus
Associated conditions
orthopedic conditions
sesamoid arthritis
medical conditions
gout
rheumatoid arthritis
seronegative arthropathies","first ray and 1st MTP joint pain
worse with push off or lift-off phase of gait
dorsal medial foot paresthesia
due to dorsal osteophytes and compression of medial dorsal cutaneous nerve
transfer metatarsalgia"
https://www.orthobullets.com/recon/422740/tka-postoperative-inpatient-management,,
https://www.orthobullets.com/hand/6077/poland-syndrome,"Pathophysiology
thought to be linked to subclavian artery hypoplasia
Associated conditions
occurs in 10% of syndactyly cases",
https://www.orthobullets.com/spine/2045/dish-diffuse-idiopathic-skeletal-hyperostosis,,"often asymptomatic and discovered incidentally
thoracic and lumbar involvement
mild chronic back pain
usually pain is minimal because of stabilization of spinal segments through ankylosis
stiffness
worse in the morning
aggravated by cold weather
cervical involvement (with large anterior osteophytes)
pain and stiffness
dysphagia
stridor
hoarseness
sleep apnea"
https://www.orthobullets.com/pathology/8046/giant-cell-tumor,"Genetics
mutations
metastatic lesions often noted to have altertions in
c-myc oncogene or p53
Associated conditions
malignancy
p
rimary malignant giant cell tumor
metastatic to lung in 2-4% of cases
wrist and hand
lesions have greater chance of metastasis
secondary malignant giant cell tumor
occurs following radiation or multiple resections of giant cell tumor","pain
insidious onset of pain of the involved extremity with activity, at night, or at rest
pain referable to involved joint
night pain (result of tumor expansion)
difficulty ambulating
swelling"
https://www.orthobullets.com/pathology/8025/lymphoma,"primary lymphoma of bone (solitary site)
most primary lymphomas of bone are Non-Hodgkin's B-cell lymphomas rather than T-cell variants
diagnosed when there is only a single node of disease for six months
multiple bony sites (no visceral sites)
bone and soft tissue lymphoma","pain unrelieved by rest
25%
present with a
pathologic fracture
neurologic symptoms from spinal compression
fever, nightsweats, weight loss
(B-cell symptoms)"
https://www.orthobullets.com/hand/6012/boutonniere-deformity,"Mechanism
caused by rupture of the central slip over PIP joint from
laceration
traumatic avulsion
(jammed finger)
capsular distension in
rheumatoid arthritis
Pathoanatomy
pathoanatomic sequence includes
rupture of central slip
causes the extrinsic extension mechanism from the EDC to be lost
prevents extension at the PIP joint
attenuation of triangular ligament
causes intrinsic muscles of the hand (lumbricals) to act as flexors at the PIP joint
lumbricals also extend the DIP joint without an opposing or balancing force
palmar migration of collateral bands and lateral bands
the lumbricals' pull becomes unopposed, pulling through the base of the distal phalanx and volar to the PIP
causes PIP flexion and DIP extension
bone deformity
injury involves all three phalanges
the middle phalanx flexes on the proximal phalanx at the PIP joint
the distal phalanx is hyperextended relative to the middle phalanx at the DIP joint
Associated conditions
rheumatoid arthritis
pseudo-boutonniere
refers to PIP joint flexion contracture in the absence of DIP extension",
https://www.orthobullets.com/pathology/8082/biopsy-principles,,
https://www.orthobullets.com/foot-and-ankle/7037/ankle-arthritis,"Pathophysiology
causes include
post-traumatic arthritis
most common etiology, accounting for 75% to 80% of ankle arthritis
ankle fractures account for the majority of post-traumatic arthritis
chronic ligamentous laxity (typically lateral) account for the rest
primary osteoarthritis
accounts for less than 10% of all ankle arthritis
other etiologies include rheumatoid arthritis, osteonecrosis, neuropathic, septic, gout, and hemophiliac
pathoanatomy
nonanatomic fracture healing alters the joint contact forces of the ankle and changes the load bearing mechanics of the ankle joint
loss of cartilage on the talar body and tibial plafond results in joint space narrowing, subchondral sclerosis and eburnation","pain with weight-bearing
stiffness
locking or catching"
https://www.orthobullets.com/basic-science/9073/statistic-definitions,,
https://www.orthobullets.com/hand/6000/seymour-fracture,"Pathophysiology
mechanism of injury
direct trauma or crush injury (e.g. caught in door, heavy object or sport)
pathoanatomy
similar mechanism to mallet finger in adults
injury causes flexed posturing of the distal phalanx
deformity results from an imbalance between the flexor and the extensor tendons at the level of the fracture
imbalance occurs due to different insertion sites of flexor and extensor tendons
extensor tendon inserts into the
epiphysis of the distal phalanx
flexor tendon inserts into
metaphysis of the distal phalanx
widened physis likely to have interposed tissue in the fracture site",
https://www.orthobullets.com/shoulder-and-elbow/12757/shoulder-prosthetic-joint-infection,"Pathophysiology
pathobiology
micro-organisms most commonly isolated:
Staphylococcus aureus
Staphylococcus epidermidis
Cutibacterium acnes (most common)
characteristics
gram-positive,
facultative, aerotolerant, anaerobic rod that ferments lactose to propionic acid
concentrated in the axilla within the dermal sebaceous glands
forms biofilm within 18-90h (found on implant surface and on synovial tissue) >> planktonic
explains why aspiration is only 17% sensitive
Mean duration of culture incubation between 7-21 days
Prophylaxis
antibiotic prophylaxis
administered within 30 minutes of incision
continued for 24 hours postoperatively
clindamycin for C. acnes
Routine MRSA screening
Application of
5% povidone-iodine solution to each nostril for 10 seconds per nostril, 1 hour before surgery.
Or pre-operative application of
2% mupirocin to the nares twice daily for 5 days
hair removal by electric clippers
preparation of the surgical site","common symptoms
persistent shoulder pain (most common)
persistent draining sinus (second most common)
systemic symptoms of infection (fevers, chills, night sweats)
stiffness
infection with C. acnes does not usually cause swelling, erythema, fever or purulent discharge"
https://www.orthobullets.com/foot-and-ankle/7007/ankle-arthroscopy,,
https://www.orthobullets.com/spine/2035/lumbar-disc-herniation,"Pathoanatomy
recurrent torsional strain leads to tears of the outer annulus   which leads to herniation of nucleus pulposis
lateral edge of posterior longitudinal ligament weakest region
common site for posterolateral/paracentral disc herniations
sinuvertebral nerves provide pain innervation to the posterior annulus
mediate vertebrogenic back pain that precedes or accompanies disc herniation
Pathophysiology
cellular senescence of fibrochondrocytes leads to loss of proteoglycan production leading to disc height loss
loss of height causes increased strain on the annulus fibrosus
increased strain leads to fissures of the annulus fibrils
annular tears compromise hoop stresses that act against the deforming forces of the nucleus pulposus
nucleus pulposus herniates through tear
younger, well-hydrated discs more likely to herniate
pediatric patients may have Salter-Harris II fracture of the ring apophysis
older, desiccated discs less likely to herniate
sciatica symptoms result from combined mechanical compression and associated inflammation
not all patients with mechanical compression develop symptoms
TNF-?, MMP, NO, PE2, and IL-6 are implicated in nerve irritation leading to radiculopathy
weak evidence to support DMARDs for treatment","can present with symptoms of
axial back pain
(low back pain)
this may be discogenic or mechanical in nature
can precede herniation
radicular pain
(buttock and leg pain)
often worse with
sitting
, improves with standing
symptoms worsened by coughing, valsalva, sneezing
pain not worsened with ambulation
cauda equina syndrome
(present in 1-10%)
bilateral leg pain
LE weakness
saddle anesthesia
bowel/bladder symptoms"
https://www.orthobullets.com/shoulder-and-elbow/3045/biceps-tendonitis,"Pathoanatomy
more consistent with
""tendinosis""
than true inflammation
Often associated with
other primary shoulder pathology
subacromial impingement
stenosis of bicipital groove
rotator cuff tears
especially
subscapularis pathology","pain
anterior
shoulder pain
may have pain radiating down the in the region of the biceps
symptoms may be simillar in nature and location to rotator cuff or subacromial impingement pain"
https://www.orthobullets.com/pathology/8016/periosteal-osteosarcoma,"Genetics
germ-line mutation of p53
found in 15-20% of cases","pain
is the most common presenting symptom
25% present with
pathologic fracture"
https://www.orthobullets.com/pathology/8068/liposarcoma,"Pathophysiology
the
lipoblast
(
signet ring-type
cell) is a hallmark of liposarcomas
Genetics
well-differentiated liposarcoma - amplification (MDM2)
myxoid liposarcoma - translocation (12;16)
well-differentiated and dedifferentiated liposarcomas have chromosome 12q13-15 amplification
pleomorphic liposarcoma may have p53 mutation
Malignant potential
metastasis risk correlates with grade/sub-type of liposarcoma
low grade (well-differentiated) has a metastasis rate of < 1%
intermediate grade (myxoid) has a metastasis rate of about 10-30%
high grade has a metastasis rate of > 50%",
https://www.orthobullets.com/pediatrics/4101/mucopolysaccharidoses,"Main forms include
Morquio syndrome and
Sanfilippo syndrome most common
Hurler syndrome
Hunter syndrome
Pathophysiology
lysosomal storage disorders due to incomplete glycosaminoglycan breakdown products (mucopolysaccharides) accumulating and causing dysfunction in various organs
glycosaminoglycans are long sugar carbohydrate chains that help build bone, cartilage, tendons, corneas, skin and connective tissue
Associated conditions
orthopaedic manifestations
proportionate dwarfism
increased rate of carpal tunnel syndrome
C1-C2 instability
delayed hip dysplasia
abnormal epiphyses
bullet-shaped phalanges
genu valgum
nonorthopaedic conditions
complex sugars in the urine
visceromegaly
corneal clouding
cardiac disease
deafness
mental retardation (except Morquio syndrome)
enlarged skull",
https://www.orthobullets.com/spine/2069/cervical-spine-anatomy,,
https://www.orthobullets.com/pathology/8077/tumoral-calcinosis,"Pathophysiology
unknown
inborn abnormality of
phosphorus
metabolism
FGF-23 defect leading to familial hyperphosphatemic tumoral calcinosis","mass or swelling typically around joints
pain secondary to compression of normal surrounding structures"
https://www.orthobullets.com/pediatrics/4015/monteggia-fracture--pediatric,"Definition
radial head dislocation plus
proximal ulna fracture or
plastic deformation of the ulna without obvious fracture","pain, swelling, and deformity about the forearm and elbow"
https://www.orthobullets.com/recon/12305/tka-peroneal-nerve-palsy,,
https://www.orthobullets.com/trauma/1043/knee-dislocation,,"history of trauma and deformity of the knee
knee pain & instability"
https://www.orthobullets.com/hand/6113/nerve-conduction-studies,,
https://www.orthobullets.com/recon/5033/tha-prosthesis-design,,
https://www.orthobullets.com/pediatrics/4086/charcot-marie-tooth-disease,"Pathophysiology
HMSN Type I
abnormal myelin sheath protein is the basis of this degenerative neuropathy.
results in a combination of motor and sensory disturbances.
HSMN Type 2
intact myelin sheath with wallerian axonal degeneration that results in mild sensory and motor conduction velocities.
pathoanatomy
affected muscles become weak
peroneus brevis
peroneal involvement is typically first and most profound
results in muscle imbalance and varus deformity
tibialis anterior
weakness results in dropfoot
intrinsic muscles of hand and foot
check for wasting of 1st dorsal interosseous in hands
Genetics
inheritance
autosomal dominant
duplication of chromosome 17 (most common)
codes for peripheral myelin protein 22 (
PMP 22
) expressed in Schwann cells (most common)
X-linked connexin 32
may also be
autosomal recessive
X-linked
Orthopedic manifestations
pes cavovarus
claw toes
hip dysplasia
scoliosis
hand muscle atrophy and weakness","motor deficits
initial symptoms are distal weakness and atrophy of the distal muscles
instability during gait
clumsiness
frequent ankle sprains
difficulty climbing stairs
lateral foot pain
sensory
sensory deficits are variable"
https://www.orthobullets.com/hand/6014/mallet-finger,"Pathophysiology
mechanism of injury
traumatic impaction blow
usually caused by a traumatic impaction blow (i.e. sudden forced flexion) to the tip of the finger in the extended position.
forces the
DIP joint into forced flexion
dorsal laceration
a less common mechanism of injury is a sharp or crushing-type laceration to the dorsal DIP joint","primary symptoms
painful and swollen DIP joint following impaction injury to finger
often in ball sports"
https://www.orthobullets.com/basic-science/7040/pseudogout-cppd,"Associated conditions
hemochromatosis
hyperparathyroidism
SLE
gout
RA
Wilson's disease
hemophilia
long term hemodialysis can cause a pyrophosphate like deposition disorder
chondrocalcinosis is present in 7% of patients
Mimics gout except
affects
older patients
> 60 years old
affects more
proximal joints
positively-birefringent crystal","acute, onset joint tenderness
warm, erythematous joint
commonly on knee (most common) and wrist joints (2nd most common)"
https://www.orthobullets.com/knee-and-sports/3028/osteochondritis-dissecans,"Pathophysiology
mechanism/etiology may be
hereditary
traumatic
vascular
cause of adult form is thought to be vascular
pathoanatomic cascade
softening of the overlying articular cartilage with intact articular surface
early articular cartilage separation
partial detachment of lesion
osteochondral separation with loose bodies","pain
activity related pain that is vague and poorly localized
mechanical symptoms
indicates advanced disease
recurrent effusions of the knee"
https://www.orthobullets.com/hand/6035/hook-of-hamate-fracture,"Pathophysiology
mechanism of injury
typically caused by a
direct blow to the volar proximal palm
grounding a golf club
checking a baseball bat
falling on outstretched hand
Associated conditions
bipartite hamate
will have smooth cortical surfaces
small finger/ring finger flexor tendonitis or tendon rupture
ulnar neuropathy in Guyon's canal
often motor only (deep branch)
ipsilateral carpal bone fracture","ulnar-sided wrist pain
most common complaint
hypothenar pain
pain with activities requiring
tight grip"
https://www.orthobullets.com/trauma/1046/tibial-plafond-fractures,"Pathophysiology
mechanism
high energy axial load
(most common)
talus is driven into the plafond resulting in articular impaction of the distal tibia
falls from height
motor vehicle accidents
low energy rotational forces (less common)
alpine skiing
pathoanatomy
fracture patterns and comminution determined by position of foot, amplitude of force, and direction of force
articular impaction
and comminution
metaphyseal bone comminution
3 fragments typical
with intact ankle ligaments
medial malleolar (deltoid ligament)
posterolateral/
Volkmann fragment
(posterior-inferior tibiofibular ligament)
anterolateral/
Chaput fragment
(anterior-inferior tibiofibular ligament)
Associated conditions
75% have associated fibula fractures
30% have an ipsilateral lower extremity injury
20% are open fractures
5-10% are bilateral pilon fractures","severe ankle pain
ankle deformity
inability to bear weight"
https://www.orthobullets.com/recon/5015/tka-coronal-plane-balancing,,
https://www.orthobullets.com/foot-and-ankle/7053/mtp-dislocations,"Pathoanatomic stages
plantar plate disrupted
can be caused by
traumatic rupture
chronic inflammation (more common)
lateral collateral ligament fails
leads to medial deviation of the second toe
plantar plate, with its flexor tendon attachments, displace medially
medial displacement of the proximal phalanx relative to the metatarsal
medial structures become contracted
lumbrical and interosseous tendons, medial collateral ligament (MCL), and medial capsule become tight and contracted creating adduction force
plantar plate subsequently fails
hyperextension forces on the proximal phalanx result in dorsal instability
Associated conditions
MTP synovitis, deformity often accelerated by cortisone injection done for either misdiagnosed Morton's neuroma or into the MPJ for synovitis.","pain
walking on “marble in the ball of their foot”
early instability (prior to deformity) may be confused with Morton's neuroma, deformity often follows cortisone injection for presumed neuroma"
https://www.orthobullets.com/spine/2022/thoracolumbar-burst-fractures,,"severe back pain
radicular pain
parasthesias"
https://www.orthobullets.com/pediatrics/4070/accessory-navicular,"Pathophysiology
pathoanatomy
occurs as a
plantar medial enlargement
of the navicular bone
exists as accessory bone or as completely ossified extension of the navicular
Genetics
inheritance pattern
autosomal dominant
Associated conditions
flat feet
posterior tibial tendon insufficiency","asymptomatic
majority of patients are asymptomatic
medial arch pain
often worse with overuse
due to repeated microfracture at the synchondrosis or from inflammation of the posterior tibialis tendon insertion"
https://www.orthobullets.com/trauma/1059/gun-shot-wounds,"Pathoanatomy
wounding capability of a bullet directly related to its
kinetic energy
damage caused by
passage of missile
secondary shock wave
cavitation
exponential increase in injury with increasing velocity
and efficient energy transfer
fractures may be caused even without direct impact
Associated conditions
lead intoxication
(plumbism)
may be caused by intra-articular missile
systemic effects include
neurotoxicity
anemia
emesis
abdominal colic
GSW to hip and acetabulum are most commonly associated with bowel perforation > vascular injury > urogenital injuries","pain, deformity"
https://www.orthobullets.com/knee-and-sports/3012/posterolateral-corner-injury,"Mechanisms
blow to anteromedial knee
varus blow to flexed knee
contact and noncontact hyperextension injuries
external rotation twisting injury
knee dislocation
Associated injuries
common peroneal nerve (15-29%)
vascular injury","often have instability symptoms when knee is in full extension
difficulty with reciprocating stairs, pivoting, and cutting"
https://www.orthobullets.com/foot-and-ankle/7013/claw-toe,"Pathophysiology
MTP hyperextension is the primary pathology
chronic MTP hyperextension leads to unopposed flexion of the DIP and PIP by FDL
analogous to intrinsic minus deformity in the hand
the MTP
p
lantar plate becomes insufficient
over time
base of proximal phalanx translates dorsally
interossei and lumbricals move dorsally
shifts flexion moment arm to the wrong side of the center of rotation
Cause
synovitis
is the most common cause
trauma
delayed or missed
compartment syndrome
involving the deep posterior compartment of the leg or foot
Associated conditions
cavus deformity
neuromuscular disease
affecting intrinsic and extrinsic muscle balance
clawing of all 4 lesser toes implicates a neurologic abnormality
inflammatory arthropathies
lead to soft tissue structure attenuation and MTP joint instability","pain at the level of the unstable MTP joint
metatarsalgia"
https://www.orthobullets.com/shoulder-and-elbow/3080/valgus-extension-overload-pitchers-elbow,"Pathophysiology
repetitive stress of pitching leads to
excessive shear forces on medial aspect of olecranon tip and olecranon fossa
lateral radio-capitellar compression
posterior extension overload
medial tension at MCL
pathologic biomechanics leads to
cartilage injury from repetitive impaction of olecranon into olecranon fossa
osteochondral lesions of the capitellum
osteophyte formation
posteromedial humerus
olecranon
loose bodies from fragmentation
UCL can become attenuated with repetitive strain
Associated conditions
cubital tunnel syndrome
concurrent cubital tunnel syndrome in ~25% of cases","pain in posteromedial elbow with full extension of elbow
pain typically occurs in
deceleration / follow-through phase
of pitching (rarely during acceleration phase)
loss of terminal elbow extension"
https://www.orthobullets.com/foot-and-ankle/7034/osteochondral-lesions-of-the-talus,"Pathophysiology
mechanism of injury
ankle inversion and dorsiflexion during axial load creates shearing of lateral talar dome and lateral OLT
ankle inversion, external rotation, and plantarflexion during axial load creates shearing of medial talar dome and medial OLT
pathophysiology
possible repeitive microtrauma creates ischemic environment and loss of integrity of subchondral bone
leads to softening and disruption of overlying cartilage
Associated conditions
cavus hindfoot alignment","pain centered over ankle joint line
joint effusion
mechanical symptoms such as catching or locking"
https://www.orthobullets.com/recon/12752/tka-wound-complications,,"persistent knee pain
persistent drainage beyond the early postoperative period (7 days)"
https://www.orthobullets.com/shoulder-and-elbow/3039/phases-of-throwing,,
https://www.orthobullets.com/hand/6055/dip-and-pip-joint-arthritis,"Forms include
primary osteoarthritis
DIP
highest joint forces in hand
undergoes more wear and tear
associated with
Heberden's
nodules
(caused by osteophytes)
mucous cysts
can lead to draining sinus
septic arthritis
nail ridging
nail can be involved
splitting/ridging
deformity
loss of gloss
PIP
Bouchard nodes
joint contractures with fibrosis of ligaments
erosive osteoarthritis
condition is self limiting, patients are relatively asymptomatic, but can be destructive to joint
more common in DIP
seen in middle aged women with a 10:1 female to male ratio",
