mfcc_0_wavelet_mean_l1,mfcc_0_wavelet_std_l1,mfcc_0_wavelet_energy_l1,mfcc_0_wavelet_mean_l3,mfcc_0_wavelet_std_l3,mfcc_0_wavelet_energy_l3,mfcc_0_wavelet_mean_l5,mfcc_0_wavelet_std_l5,mfcc_0_wavelet_energy_l5,mfcc_0_mod_mean_freq,mfcc_0_mod_std_freq,mfcc_0_mod_entropy,mfcc_0_teager_energy,mfcc_0_temporal_peak_valley_ratio,mfcc_0_temporal_rhythm_strength,mfcc_0_temporal_mean_delta,mfcc_0_temporal_std_delta,mfcc_0_temporal_mean_delta2,mfcc_0_temporal_std_delta2,mfcc_1_wavelet_mean_l1,mfcc_1_wavelet_std_l1,mfcc_1_wavelet_energy_l1,mfcc_1_wavelet_mean_l3,mfcc_1_wavelet_std_l3,mfcc_1_wavelet_energy_l3,mfcc_1_wavelet_mean_l5,mfcc_1_wavelet_std_l5,mfcc_1_wavelet_energy_l5,mfcc_1_mod_mean_freq,mfcc_1_mod_std_freq,mfcc_1_mod_entropy,mfcc_1_teager_energy,mfcc_1_temporal_peak_valley_ratio,mfcc_1_temporal_rhythm_strength,mfcc_1_temporal_mean_delta,mfcc_1_temporal_std_delta,mfcc_1_temporal_mean_delta2,mfcc_1_temporal_std_delta2,mfcc_2_wavelet_mean_l1,mfcc_2_wavelet_std_l1,mfcc_2_wavelet_energy_l1,mfcc_2_wavelet_mean_l3,mfcc_2_wavelet_std_l3,mfcc_2_wavelet_energy_l3,mfcc_2_wavelet_mean_l5,mfcc_2_wavelet_std_l5,mfcc_2_wavelet_energy_l5,mfcc_2_mod_mean_freq,mfcc_2_mod_std_freq,mfcc_2_mod_entropy,mfcc_2_teager_energy,mfcc_2_temporal_peak_valley_ratio,mfcc_2_temporal_rhythm_strength,mfcc_2_temporal_mean_delta,mfcc_2_temporal_std_delta,mfcc_2_temporal_mean_delta2,mfcc_2_temporal_std_delta2,mfcc_3_wavelet_mean_l1,mfcc_3_wavelet_std_l1,mfcc_3_wavelet_energy_l1,mfcc_3_wavelet_mean_l3,mfcc_3_wavelet_std_l3,mfcc_3_wavelet_energy_l3,mfcc_3_wavelet_mean_l5,mfcc_3_wavelet_std_l5,mfcc_3_wavelet_energy_l5,mfcc_3_mod_mean_freq,mfcc_3_mod_std_freq,mfcc_3_mod_entropy,mfcc_3_teager_energy,mfcc_3_temporal_peak_valley_ratio,mfcc_3_temporal_rhythm_strength,mfcc_3_temporal_mean_delta,mfcc_3_temporal_std_delta,mfcc_3_temporal_mean_delta2,mfcc_3_temporal_std_delta2,mfcc_4_wavelet_mean_l1,mfcc_4_wavelet_std_l1,mfcc_4_wavelet_energy_l1,mfcc_4_wavelet_mean_l3,mfcc_4_wavelet_std_l3,mfcc_4_wavelet_energy_l3,mfcc_4_wavelet_mean_l5,mfcc_4_wavelet_std_l5,mfcc_4_wavelet_energy_l5,mfcc_4_mod_mean_freq,mfcc_4_mod_std_freq,mfcc_4_mod_entropy,mfcc_4_teager_energy,mfcc_4_temporal_peak_valley_ratio,mfcc_4_temporal_rhythm_strength,mfcc_4_temporal_mean_delta,mfcc_4_temporal_std_delta,mfcc_4_temporal_mean_delta2,mfcc_4_temporal_std_delta2,mfcc_5_wavelet_mean_l1,mfcc_5_wavelet_std_l1,mfcc_5_wavelet_energy_l1,mfcc_5_wavelet_mean_l3,mfcc_5_wavelet_std_l3,mfcc_5_wavelet_energy_l3,mfcc_5_wavelet_mean_l5,mfcc_5_wavelet_std_l5,mfcc_5_wavelet_energy_l5,mfcc_5_mod_mean_freq,mfcc_5_mod_std_freq,mfcc_5_mod_entropy,mfcc_5_teager_energy,mfcc_5_temporal_peak_valley_ratio,mfcc_5_temporal_rhythm_strength,mfcc_5_temporal_mean_delta,mfcc_5_temporal_std_delta,mfcc_5_temporal_mean_delta2,mfcc_5_temporal_std_delta2,mfcc_6_wavelet_mean_l1,mfcc_6_wavelet_std_l1,mfcc_6_wavelet_energy_l1,mfcc_6_wavelet_mean_l3,mfcc_6_wavelet_std_l3,mfcc_6_wavelet_energy_l3,mfcc_6_wavelet_mean_l5,mfcc_6_wavelet_std_l5,mfcc_6_wavelet_energy_l5,mfcc_6_mod_mean_freq,mfcc_6_mod_std_freq,mfcc_6_mod_entropy,mfcc_6_teager_energy,mfcc_6_temporal_peak_valley_ratio,mfcc_6_temporal_rhythm_strength,mfcc_6_temporal_mean_delta,mfcc_6_temporal_std_delta,mfcc_6_temporal_mean_delta2,mfcc_6_temporal_std_delta2,mfcc_7_wavelet_mean_l1,mfcc_7_wavelet_std_l1,mfcc_7_wavelet_energy_l1,mfcc_7_wavelet_mean_l3,mfcc_7_wavelet_std_l3,mfcc_7_wavelet_energy_l3,mfcc_7_wavelet_mean_l5,mfcc_7_wavelet_std_l5,mfcc_7_wavelet_energy_l5,mfcc_7_mod_mean_freq,mfcc_7_mod_std_freq,mfcc_7_mod_entropy,mfcc_7_teager_energy,mfcc_7_temporal_peak_valley_ratio,mfcc_7_temporal_rhythm_strength,mfcc_7_temporal_mean_delta,mfcc_7_temporal_std_delta,mfcc_7_temporal_mean_delta2,mfcc_7_temporal_std_delta2,mfcc_8_wavelet_mean_l1,mfcc_8_wavelet_std_l1,mfcc_8_wavelet_energy_l1,mfcc_8_wavelet_mean_l3,mfcc_8_wavelet_std_l3,mfcc_8_wavelet_energy_l3,mfcc_8_wavelet_mean_l5,mfcc_8_wavelet_std_l5,mfcc_8_wavelet_energy_l5,mfcc_8_mod_mean_freq,mfcc_8_mod_std_freq,mfcc_8_mod_entropy,mfcc_8_teager_energy,mfcc_8_temporal_peak_valley_ratio,mfcc_8_temporal_rhythm_strength,mfcc_8_temporal_mean_delta,mfcc_8_temporal_std_delta,mfcc_8_temporal_mean_delta2,mfcc_8_temporal_std_delta2,mfcc_9_wavelet_mean_l1,mfcc_9_wavelet_std_l1,mfcc_9_wavelet_energy_l1,mfcc_9_wavelet_mean_l3,mfcc_9_wavelet_std_l3,mfcc_9_wavelet_energy_l3,mfcc_9_wavelet_mean_l5,mfcc_9_wavelet_std_l5,mfcc_9_wavelet_energy_l5,mfcc_9_mod_mean_freq,mfcc_9_mod_std_freq,mfcc_9_mod_entropy,mfcc_9_teager_energy,mfcc_9_temporal_peak_valley_ratio,mfcc_9_temporal_rhythm_strength,mfcc_9_temporal_mean_delta,mfcc_9_temporal_std_delta,mfcc_9_temporal_mean_delta2,mfcc_9_temporal_std_delta2,mfcc_10_wavelet_mean_l1,mfcc_10_wavelet_std_l1,mfcc_10_wavelet_energy_l1,mfcc_10_wavelet_mean_l3,mfcc_10_wavelet_std_l3,mfcc_10_wavelet_energy_l3,mfcc_10_wavelet_mean_l5,mfcc_10_wavelet_std_l5,mfcc_10_wavelet_energy_l5,mfcc_10_mod_mean_freq,mfcc_10_mod_std_freq,mfcc_10_mod_entropy,mfcc_10_teager_energy,mfcc_10_temporal_peak_valley_ratio,mfcc_10_temporal_rhythm_strength,mfcc_10_temporal_mean_delta,mfcc_10_temporal_std_delta,mfcc_10_temporal_mean_delta2,mfcc_10_temporal_std_delta2,mfcc_11_wavelet_mean_l1,mfcc_11_wavelet_std_l1,mfcc_11_wavelet_energy_l1,mfcc_11_wavelet_mean_l3,mfcc_11_wavelet_std_l3,mfcc_11_wavelet_energy_l3,mfcc_11_wavelet_mean_l5,mfcc_11_wavelet_std_l5,mfcc_11_wavelet_energy_l5,mfcc_11_mod_mean_freq,mfcc_11_mod_std_freq,mfcc_11_mod_entropy,mfcc_11_teager_energy,mfcc_11_temporal_peak_valley_ratio,mfcc_11_temporal_rhythm_strength,mfcc_11_temporal_mean_delta,mfcc_11_temporal_std_delta,mfcc_11_temporal_mean_delta2,mfcc_11_temporal_std_delta2,mfcc_12_wavelet_mean_l1,mfcc_12_wavelet_std_l1,mfcc_12_wavelet_energy_l1,mfcc_12_wavelet_mean_l3,mfcc_12_wavelet_std_l3,mfcc_12_wavelet_energy_l3,mfcc_12_wavelet_mean_l5,mfcc_12_wavelet_std_l5,mfcc_12_wavelet_energy_l5,mfcc_12_mod_mean_freq,mfcc_12_mod_std_freq,mfcc_12_mod_entropy,mfcc_12_teager_energy,mfcc_12_temporal_peak_valley_ratio,mfcc_12_temporal_rhythm_strength,mfcc_12_temporal_mean_delta,mfcc_12_temporal_std_delta,mfcc_12_temporal_mean_delta2,mfcc_12_temporal_std_delta2,mfcc_mean,mfcc_std,mfcc_skew,mfcc_kurtosis,mfcc_delta_mean,mfcc_delta_std,mfcc_delta2_mean,mfcc_delta2_std
65.48513693005684,83.31712574371267,48592.2040953554,84.6145811864613,141.51010903910284,195910.35094668609,9.960608605940529,23.665643440909715,8328.147974294661,735.0000000000002,1039.446968344225,0.6365141682948128,0.0,0.0,0.0,26.65752631578947,113.09830576532148,-28.1385,116.01800764644254,65.48514985918654,83.31714219352061,48592.22328306733,84.6145978924338,141.5101369783062,195910.42830624318,9.960610572524196,23.665648113361936,8328.151262849016,735.0000000000001,1039.446968344225,0.6365141682948128,0.0,0.0,0.0,26.65753157894737,113.09832809500932,-28.138505555555557,116.0180305525849,65.48516278831627,83.31715864332858,48592.24247078309,84.61461459840629,141.5101649175095,195910.50566581535,9.96061253910786,23.66565278581416,8328.154551404014,735.0,1039.4469683442248,0.6365141682948128,0.0,0.0,0.0,26.657536842105262,113.09835042469712,-28.13851111111111,116.01805345872727,65.4851757174459,83.31717509313641,48592.26165850245,84.61463130437876,141.5101928567128,195910.58302540274,9.960614505691524,23.665657458266377,8328.157839959664,735.0,1039.446968344225,0.6365141682948128,0.0,0.0,0.0,26.657542105263158,113.09837275438495,-28.138516666666664,116.01807636486964,65.48518864657564,83.31719154294443,48592.28084622584,84.61464801035123,141.5102207959161,195910.6603850054,9.96061647227519,23.665662130718605,8328.161128515963,735.0,1039.4469683442248,0.6365141682948128,0.0,0.0,0.0,26.657547368421053,113.09839508407279,-28.13852222222222,116.01809927101199,65.48520157570535,83.31720799275234,48592.30003395289,84.6146647163237,141.5102487351194,195910.7377446234,9.960618438858855,23.665666803170826,8328.164417072909,735.0,1039.4469683442248,0.6365141682948128,0.0,0.0,0.0,26.657552631578948,113.0984174137606,-28.138527777777778,116.01812217715435,65.48521450483506,83.3172244425603,48592.31922168377,84.61468142229619,141.51027667432277,195910.8151042568,9.960620405442524,23.665671475623057,8328.167705630514,735.0,1039.4469683442248,0.6365141682948128,0.0,0.0,0.0,26.657557894736843,113.09843974344845,-28.138533333333335,116.01814508329674,63.717519258148435,82.29457511230426,47406.779650402816,83.55296123580246,139.93896395497703,191555.9941159904,10.923564996497346,19.58080513765668,6087.908251466747,1149.372218700081,2868.377177967899,0.7632204530746186,214.24946787880407,1.0559992966848004,0.4714045207910317,25.957640426315788,108.66681250243764,-27.263033405555557,107.8408308568694,63.67063832453619,82.30978112304354,47424.30047966335,83.7154692385543,139.99744704006565,191670.29702083563,11.108698598532868,18.75146693875897,5671.355603235412,1284.6955376853223,3254.866535006684,0.7950923629053651,264.67298747981437,1.0713796954965342,0.4714045207910317,25.87247322631579,107.75513353097165,-27.01413296666667,106.17828770155056,65.48522743396475,83.31724089236825,48592.338409418444,84.61469812826867,141.51030461352605,195910.89246390524,9.96062237202619,23.665676148075278,8328.17099418876,735.0,1039.4469683442248,0.6365141682948128,0.0,0.0,0.0,26.657563157894735,113.09846207313628,-28.13853888888889,116.0181679894391,65.48524036309443,83.31725734217618,48592.357597156864,84.61471483424116,141.51033255272938,195910.96982356918,9.96062433860985,23.665680820527495,8328.174282747654,735.0,1039.4469683442248,0.6365141682948128,0.0,0.0,0.0,26.657568421052634,113.09848440282408,-28.138544444444445,116.01819089558145,65.4852532922242,83.31727379198415,48592.37678489914,84.61473154021363,141.5103604919327,195911.0471832482,9.960626305193518,23.665685492979723,8328.177571307198,735.0,1039.4469683442248,0.6365141682948128,0.0,0.0,0.0,26.657573684210526,113.09850673251191,-28.13855,116.01821380172382,65.48180176708881,83.31606288626061,48590.964344071326,84.61583426271956,141.51215290997084,195916.04484713686,9.960771190813833,23.666013898977116,8328.408801416324,735.0100183918862,1039.4505109011138,0.6365173199288728,0.760114433901445,0.0,0.0,26.65760923778948,113.10015248912559,-28.138974763333334,116.01982622334737,"[-2.37718668e+02  1.58862379e+02  1.75518868e+00  1.72927257e+01
  9.28844040e+00  1.25934110e+01 -6.57665323e-01  8.88250795e+00
  8.41200700e-02  9.33232014e-01 -2.26410180e+00  5.11339257e+00
 -7.69666075e-01 -1.03406583e+00 -4.09689394e+00 -4.66051334e+00
 -5.38497458e+00 -1.15069611e+01 -5.98786291e+00 -3.15556644e-01]","[82.45986102 35.92263686 23.35964729 12.35214907 12.41266072 12.03220588
 11.78650098  9.05081034  9.70018031  8.92306847  8.96713626  8.29412418
  8.41126946  8.355492    8.20304985  8.30610021  7.60540494  9.95335569
 11.19262767 10.68111946]","[-1.13814322 -2.11225691  0.648316   -0.46543693  0.07552359  0.07595508
 -0.18135419  0.15446145 -0.32880552  0.10053551 -0.22148053  0.08351485
 -0.02939937 -0.08720726  0.36414361  0.55900247  0.46258576 -0.16950803
  0.31932991  0.74919415]","[ 1.4013604   6.45893328  0.12203859  0.6248342  -0.16933398 -0.15706883
 -0.27818036  0.27215012  0.21034558  0.31420281  0.1719609  -0.35279671
  0.06054159  0.16941963  0.73073251  1.70595148  0.88358046 -0.17579897
 -0.01390488  0.48989619]","[-1.74037674e-08 -8.72902624e-18 -1.09112828e-17 -7.27418853e-18
  2.18225656e-18  7.27418853e-19  1.20024111e-17 -1.25479752e-17
 -3.45523955e-18  2.90967541e-18  1.09112828e-18 -5.45564140e-19
 -4.36451312e-18  8.36531681e-18 -8.00160738e-18  5.09193197e-18
 -2.18225656e-18  1.45483771e-18 -4.54636783e-18  1.45483771e-18]","[12.889761    8.57815332  5.1387967   3.96633485  4.21740147  4.4448126
  4.20917281  4.02171097  4.35763551  4.01222381  3.62775515  3.57142582
  3.57369591  3.55264819  3.44932544  3.53883899  3.5236365   3.44775724
  3.26852298  3.34677992]","[ 1.01361728e-08  5.45619998e-18 -9.73022329e-18 -3.18278332e-18
  5.09245331e-18  3.91027665e-18  1.21855133e-17  4.18308665e-18
  4.45589665e-18  6.91118664e-18  2.00060666e-18 -3.63746665e-18
 -6.77478164e-18 -1.16171591e-17  7.41133830e-18 -3.45559332e-18
  4.36495998e-18 -9.09366663e-20  7.09305997e-18 -1.14580200e-17]","[13.09036529  9.09997231  6.11753055  4.96668946  5.21178124  5.26503861
  5.10828307  5.06381394  5.35799892  5.01087405  4.61623118  4.58204169
  4.58924347  4.56541159  4.51956315  4.59073682  4.58440919  4.46930534
  4.27419477  4.38130702]"
76.18697839208151,96.93314172201225,65772.23774869798,98.44263249221497,164.6362537370643,265175.5033505045,11.588410870138407,27.53317699240749,11272.609233710458,735.0,1039.4469683442248,0.6365141682948128,0.0,0.0,0.0,31.014005263157898,131.58128060000536,-32.737005555555555,134.97813177198773,76.18697968499448,96.93314336699302,65772.23998104216,98.44263416281221,164.6362565309846,265175.5123506999,11.588411066796779,27.53317745965272,11272.609616308726,735.0,1039.446968344225,0.6365141682948128,0.0,0.0,0.0,31.014005789473686,131.5812828329741,-32.737006111111114,134.97813406260198,76.18698097790742,96.93314501197379,65772.24221338639,98.44263583340945,164.6362593249049,265175.5213508955,11.588411263455145,27.533177926897938,11272.609998906993,734.9999999999999,1039.4469683442248,0.6365141682948128,0.0,0.0,0.0,31.014006315789473,131.5812850659429,-32.737006666666666,134.9781363532162,76.18698227082048,96.93314665695469,65772.24444573079,98.44263750400671,164.63626211882527,265175.53035109147,11.588411460113504,27.533178394143153,11272.610381505261,735.0,1039.4469683442248,0.6365141682948128,0.0,0.0,0.0,31.01400684210526,131.58128729891172,-32.73700722222222,134.9781386438304,76.18698356373339,96.93314830193542,65772.24667807504,98.44263917460397,164.63626491274562,265175.53935128753,11.58841165677187,27.533178861388375,11272.610764103541,735.0,1039.4469683442248,0.6365141682948128,0.0,0.0,0.0,31.01400736842105,131.58128953188046,-32.73700777777778,134.97814093444467,76.1869848566463,96.9331499469162,65772.24891041938,98.44264084520123,164.636267706666,265175.54835148365,11.588411853430243,27.533179328633604,11272.611146701838,735.0,1039.4469683442248,0.6365141682948128,0.0,0.0,0.0,31.014007894736846,131.58129176484925,-32.737008333333335,134.97814322505891,76.1869861495594,96.93315159189706,65772.25114276387,98.44264251579847,164.63627050058628,265175.5573516799,11.588412050088607,27.533179795878826,11272.611529300131,734.9999999999998,1039.4469683442248,0.6365141682948128,0.0,0.0,0.0,31.014008421052633,131.58129399781802,-32.73700888888889,134.97814551567313,75.83051255532872,96.75176081770228,65526.32254928109,98.28221386445881,164.38275748204015,264342.49478167715,12.070597293913552,26.923052391677956,10806.845784906756,778.6869067503901,1351.455919038588,0.6549830267420332,31.046204823039847,0.8914939043692025,0.5,30.89157089631579,130.72606582470985,-32.54179584222222,133.45962220769584,75.7270059336768,96.70509970249272,65463.1341592834,98.24996869045881,164.328845713769,264164.6051291764,12.19890107464493,26.81138099402774,10723.681521009048,798.807191339967,1472.0925722453528,0.6621089835517763,37.471502863684606,0.8723983912724762,0.5,30.860018552631573,130.55366094584684,-32.51340177388889,133.16412621531438,76.18698744247233,96.93315323687783,65772.25337510827,98.44264418639571,164.6362732945066,265175.5663518763,11.588412246746977,27.533180263124052,11272.611911898439,735.0,1039.4469683442248,0.6365141682948128,0.0,0.0,0.0,31.01400894736842,131.58129623078682,-32.737009444444446,134.97814780628738,76.183809161638,96.93213021852249,65770.8650809042,98.4438205011542,164.63819126956582,265181.7831000674,11.588565309489153,27.53352830189106,11272.896872544987,735.0081790576176,1039.449860425069,0.6365167409849718,0.8398077024360207,0.0,0.0,31.014083264105256,131.58303117777677,-32.73745562755555,134.97985553743194,76.11654404271697,96.92498159678516,65761.16440275998,98.49377561496995,164.72047202878971,265447.8964271631,11.5948130336776,27.54799242648256,11284.744477461994,735.2215612851518,1039.5255518414783,0.6365846203435482,35.41031513304694,0.0,0.0,31.022148052631582,131.6540200665319,-32.75549612444444,135.05081029598605,76.12194772150528,96.92727405149236,65764.27518537175,98.49276705131622,164.71885925687687,265442.64036279015,11.594673057892006,27.54768149794254,11284.489763282123,735.2090689162478,1039.5211077963777,0.6365806106785864,34.67229767786756,0.0,0.0,31.022278294736836,131.65242521646275,-32.755077433333334,135.04928326527997,"[-235.84372452  147.08384711   -8.6831557    32.92466563    2.91897531
   27.38348669  -23.35813728    6.74086571   -1.85181522  -11.64212969
   -9.47032222   18.18453002   -7.12794617   -1.83848848    5.44300334
   -1.54731765   -9.72185933    1.5656938    -0.9246805    -6.97526464]","[97.00935934 31.5019399  21.78338812 14.75106968 17.21763888 11.17774347
 18.29191708 11.67616765 12.98884205 13.3441504   9.59634889 13.14445818
  9.54062164 10.46166648  9.9727658   7.41600617  8.70164335  8.22984996
  6.76914759  7.70613141]","[-1.5585748  -2.22573829  0.35070034  0.05548103  0.11511452  0.10059289
  0.53033536 -0.24493481  0.26411622 -0.34998942 -0.25699496 -0.0321842
  0.09363708 -0.34085365  0.06718673  0.17033807 -0.37458998  0.24843161
 -0.49344549  0.005995  ]","[ 3.1661024   6.88516903  0.95695836  0.5289276  -0.46470774  0.21326599
  0.3011044  -0.05679988 -0.31217261  0.02660766  0.14098793 -0.20724734
 -0.43453207 -0.13912456 -0.27803214  0.18260552 -0.13133369 -0.03914725
  0.62049989  0.12329257]","[1.78261812e-05 2.51998212e-05 2.51593249e-05 2.50916179e-05
 2.49972020e-05 2.48757867e-05 2.47279454e-05 2.45534645e-05
 2.43525856e-05 2.41263351e-05 2.38742436e-05 2.35966537e-05
 2.32942935e-05 2.29672063e-05 2.26161628e-05 2.22412982e-05
 2.18431307e-05 2.14227482e-05 2.09801181e-05 2.05158474e-05]","[8.28454491 5.44335466 4.00494546 3.91159151 3.65734323 3.57184647
 3.71978468 3.53042178 3.72034105 3.73884094 3.43929513 3.46086794
 3.39371711 3.37319869 3.27874568 3.26222845 3.29191588 3.29187264
 3.13622615 3.27450458]","[-7.92771215e-05 -1.12059342e-04 -1.11932421e-04 -1.11721312e-04
 -1.11426089e-04 -1.11046921e-04 -1.10584450e-04 -1.10039485e-04
 -1.09412847e-04 -1.08703997e-04 -1.07915127e-04 -1.07047045e-04
 -1.06100592e-04 -1.05076788e-04 -1.03977062e-04 -1.02802937e-04
 -1.01556930e-04 -1.00236673e-04 -9.88477262e-05 -9.73906535e-05]","[7.64327158 5.90974597 4.72952378 4.70477994 4.64529398 4.57342992
 4.60132933 4.54203856 4.67267777 4.67965321 4.44520804 4.45796314
 4.4184956  4.36775471 4.29506863 4.28385659 4.31827508 4.29658769
 4.19684208 4.30164932]"
63.217399902163116,80.43187055506586,45285.000606908085,81.68439537863134,136.6096426259074,182576.61957688926,9.615674747434992,22.846107002019746,7761.3311248501805,735.0,1039.4469683442248,0.6365141682948128,0.0,0.0,0.0,25.73438157894737,109.18173434469514,-27.164069444444447,112.00032754105769,63.21740003145443,80.43187071956395,45285.00079214055,81.68439554569106,136.60964290529944,182576.62032369527,9.61567476710083,22.846107048744265,7761.3311565969025,735.0,1039.4469683442248,0.6365141682948128,0.0,0.0,0.0,25.734381631578948,109.18173456799202,-27.1640695,112.00032777011913,63.217400160745704,80.43187088406201,45285.000977372954,81.6843957127508,136.60964318469152,182576.62107050142,9.615674786766665,22.846107095468795,7761.331188343624,735.0000000000001,1039.4469683442248,0.6365141682948128,0.0,0.0,0.0,25.73438168421053,109.18173479128889,-27.164069555555557,112.00032799918053,63.20046921212041,80.33704291890547,45178.28325467841,81.7162460010106,136.5926114267584,182539.8248129792,9.616981471551336,22.848077432222798,7762.6815613037315,733.3066967485379,1038.8533766289734,0.635998377717317,3.4338640169007553,0.9853468377652417,0.0,25.72929576031579,109.1918239133045,-27.164219190777775,112.01262995135689,63.21740029003703,80.4318710485601,45285.00116260539,81.6843958798105,136.60964346408352,182576.6218173074,9.615674806432501,22.846107142193308,7761.331220090341,734.9999999999999,1039.4469683442248,0.6365141682948128,0.0,0.0,0.0,25.734381736842106,109.18173501458578,-27.164069611111113,112.00032822824195,63.2014403378396,80.42678289480942,45279.271847661665,81.69038086884949,136.61940484325783,182602.8746337202,9.616451894458683,22.847876874814247,7762.533763314487,735.0496735094903,1039.4645433527583,0.6365298321004279,3.509838483671532,0.0,0.0,25.734775131263152,109.19055400760529,-27.166336913666665,112.0090124800411,63.15180781616787,80.41755890428671,45268.88646087095,81.72032929135585,136.668620039797,182735.02302996797,9.620228612927697,22.85659149511106,7768.456795309784,735.2265282103112,1039.527319968454,0.6365862179532126,20.788357239310372,0.0,0.0,25.738935624736843,109.23348370055207,-27.177277516666667,112.05176737235969,63.174049325883054,80.42204405662962,45273.93619172532,81.70755338345616,136.64763837109527,182678.67066033164,9.618614181539867,22.852869017626556,7765.926683133779,735.1483426487183,1039.499528177513,0.6365611812518325,13.403551266292807,0.0,0.0,25.737238490526316,109.21512883750803,-27.172596236666667,112.03350507280673,63.19495988535731,80.42472574017575,45276.955572677405,81.69282088420293,136.62338520291325,182613.58009354788,9.616767524172737,22.84859798331093,7763.023746189593,735.0698951067492,1039.4717052413098,0.6365362329585268,4.936452217109725,0.0,0.0,25.734937487894733,109.19414858636634,-27.16726104611111,112.01255199342802,63.21740041932834,80.4318712130582,45285.001347837875,81.68439604687023,136.60964374347557,182576.6225641135,9.615674826098338,22.84610718891784,7761.331251837064,735.0,1039.446968344225,0.6365141682948128,0.0,0.0,0.0,25.734381789473684,109.18173523788265,-27.164069666666666,112.0003284573034,63.217400548619636,80.43187137755628,45285.001533070295,81.68439621392996,136.6096440228676,182576.6233109195,9.615674845764172,22.84610723564235,7761.3312835837805,734.9999999999998,1039.4469683442248,0.6365141682948128,0.0,0.0,0.0,25.734381842105265,109.18173546117953,-27.164069722222223,112.00032868636481,63.217400677910895,80.43187154205432,45285.0017183027,81.68439638098967,136.6096443022596,182576.62405772542,9.61567486543001,22.846107282366884,7761.331315330506,735.0,1039.4469683442248,0.6365141682948128,0.0,0.0,0.0,25.734381894736842,109.18173568447641,-27.16406977777778,112.00032891542624,63.2174008072022,80.43187170655241,45285.00190353514,81.68439654804939,136.60964458165165,182576.6248045316,9.615674885095848,22.8461073290914,7761.331347077226,735.0000000000001,1039.446968344225,0.6365141682948128,0.0,0.0,0.0,25.734381947368423,109.18173590777329,-27.164069833333333,112.00032914448765,"[-1.50180663e+02  1.26286241e+02 -4.56600723e+01  2.76865287e+01
 -9.11428612e+00  1.60485154e+01 -1.15532352e+01  9.50645310e+00
 -1.08146617e-01  3.47498227e+00  1.94381394e-01  5.12179800e+00
  5.73001030e-01  5.12720631e-01  1.78938769e+00 -2.23484292e+00
  2.21945181e+00 -2.69684300e+00  7.41735962e-01 -1.33523879e+00]","[108.30337041  35.74535987  28.29307809  22.01181947  21.34722293
  16.46285631  15.07737998  10.67382024  11.42390458   9.86444206
  10.77857286   9.31863354   9.09746113   8.85007093   7.51966901
   7.75244555   7.35863609   7.12145441   7.22565016   7.35911931]","[-0.70972504 -0.82103953  0.62901923  0.08093386 -0.10728187 -0.02309723
 -0.15474961  0.12612083  0.29203707  0.05762626 -0.0793636   0.39562121
  0.30744366 -0.19373506  0.34203937 -0.23795869  0.09528818  0.08541268
  0.15711482  0.40802386]","[ 0.12901953  1.06971913  0.62402844  0.18379666 -0.24626201  0.01169699
  0.22543501  0.49763566  0.59793355  0.490535    0.4524632   0.77512295
  0.5969743   0.85008581  1.52801671  1.33922922  0.62661649  0.64078632
  1.16012864  1.1410222 ]","[-2.12522454e-10  1.74238042e-18 -5.22714126e-18 -2.03277716e-18
  6.09833147e-18  2.03277716e-18  2.75876900e-18  2.17797553e-18
  2.32317389e-18 -5.37233963e-18 -2.54097145e-18 -3.55736003e-18
  5.80793474e-19 -5.37233963e-18  2.32317389e-18  7.18731924e-18
  1.23418613e-18  1.45198368e-19 -3.33956247e-18 -3.99295513e-18]","[33.08616821 12.31821397  9.98084154  7.88752871  7.60681805  6.25472846
  6.05089615  5.54908241  5.82862948  5.20759873  4.97899174  4.88348448
  4.6797488   4.66941268  4.42979863  4.32828437  4.29713428  4.24741412
  4.25724608  4.39903905]","[ 3.67842439e-11 -6.53419363e-18  5.73556996e-18 -5.37255921e-18
  8.53075279e-18 -7.04240869e-18 -3.63010757e-19 -5.91707534e-18
 -2.06916132e-18  1.20156561e-17  3.44860219e-18  1.48834410e-18
 -3.12189251e-18  2.28696777e-18 -5.22735490e-18  5.71741943e-18
  6.06227965e-18  7.62322590e-19  1.08903227e-17  1.27053765e-18]","[25.83944997 12.71472166  9.71852329  8.85059699  8.08452     7.39542323
  7.10983851  7.00208899  6.87537913  6.4963752   6.3205301   6.25222919
  6.10094442  6.00555721  5.83788905  5.79594486  5.7740471   5.69345476
  5.72521391  5.80413155]"
80.48023813192627,102.39548139730552,73393.8422741016,103.99003441945928,173.91377352857836,295903.70852552715,12.241436608756164,29.084716150230385,12578.865071880631,735.0000000000001,1039.446968344225,0.6365141682948128,0.0,0.0,0.0,32.76169473684211,138.99609906950806,-34.581788888888894,142.58436831170008,80.4802394248392,102.39548304228629,73393.84463224196,103.99003609005653,173.91377632249873,295903.71803289844,12.241436805414528,29.084716617475603,12578.865476038927,734.9999999999995,1039.4469683442248,0.6365141682948128,0.0,0.0,0.0,32.7616952631579,138.99610130247683,-34.581789444444446,142.58437060231432,80.48024071775215,102.39548468726706,73393.8469903824,103.99003776065378,173.91377911641905,295903.72754026967,12.24143700207289,29.08471708472083,12578.865880197225,735.0,1039.4469683442248,0.6365141682948128,0.0,0.0,0.0,32.761695789473684,138.9961035354456,-34.58179,142.58437289292857,80.48024201066512,102.39548633224783,73393.84934852285,103.99003943125105,173.91378191033942,295903.73704764125,12.241437198731262,29.084717551966055,12578.866284355538,735.0,1039.4469683442248,0.6365141682948128,0.0,0.0,0.0,32.76169631578947,138.99610576841442,-34.58179055555556,142.5843751835428,80.48024330357809,102.39548797722864,73393.85170666344,103.99004110184829,173.91378470425974,295903.7465550127,12.241437395389624,29.084718019211273,12578.866688513852,734.9999999999999,1039.4469683442248,0.6365141682948128,0.0,0.0,0.0,32.761696842105266,138.99610800138322,-34.581791111111116,142.58437747415704,80.48024459649109,102.39548962220948,73393.85406480407,103.99004277244555,173.9137874981801,295903.75606238464,12.241437592047994,29.0847184864565,12578.867092672175,735.0,1039.4469683442248,0.6365141682948128,0.0,0.0,0.0,32.76169736842105,138.996110234352,-34.58179166666667,142.58437976477128,80.48024588940407,102.3954912671903,73393.8564229447,103.99004444304278,173.91379029210043,295903.7655697564,12.24143778870636,29.08471895370172,12578.867496830504,735.0,1039.4469683442248,0.6365141682948128,0.0,0.0,0.0,32.76169789473684,138.99611246732076,-34.58179222222222,142.5843820553855,80.480247182317,102.39549291217104,73393.85878108529,103.99004611364002,173.91379308602075,295903.7750771284,12.241437985364724,29.084719420946936,12578.867900988833,735.0,1039.446968344225,0.6365141682948128,0.0,0.0,0.0,32.76169842105263,138.99611470028955,-34.58179277777778,142.58438434599975,80.48024847523001,102.39549455715186,73393.86113922602,103.99004778423725,173.913795879941,295903.7845845004,12.241438182023094,29.084719888192158,12578.868305147178,735.0000000000001,1039.446968344225,0.6365141682948128,0.0,0.0,0.0,32.761698947368416,138.99611693325835,-34.58179333333333,142.584386636614,80.48024976814297,102.39549620213266,73393.86349736674,103.9900494548345,173.91379867386138,295903.7940918729,12.241438378681456,29.084720355437383,12578.868709305523,735.0,1039.4469683442248,0.6365141682948128,0.0,0.0,0.0,32.76169947368421,138.9961191662271,-34.58179388888889,142.58438892722822,80.4802394248392,102.39548304228629,73393.84463224196,103.99003609005653,173.91377632249873,295903.71803289844,12.241436805414528,29.084716617475603,12578.865476038927,734.9999999999995,1039.4469683442248,0.6365141682948128,0.0,0.0,0.0,32.7616952631579,138.99610130247683,-34.581789444444446,142.58437060231432,80.48023955413048,102.39548320678433,73393.84486805597,103.99003625711623,173.91377660189067,295903.7189836353,12.241436825080363,29.084716664200133,12578.865516454754,735.0,1039.4469683442248,0.6365141682948128,0.0,0.0,0.0,32.761695315789474,138.99610152577375,-34.5817895,142.58437083137574,80.48023968342177,102.39548337128242,73393.84510387003,103.990036424176,173.9137768812828,295903.71993437264,12.2414368447462,29.084716710924646,12578.865556870585,735.0000000000001,1039.4469683442248,0.6365141682948129,0.0,0.0,0.0,32.76169536842105,138.9961017490706,-34.58178955555556,142.58437106043718,"[-250.22952136   91.38764728  -51.73082092   52.86267924  -12.54793741
   27.30564324  -16.87998009   21.45566795   -8.26641766    6.62637506
    1.24922791    3.23644408    0.70634694   -0.86798668    6.86005916
   -4.06002252    7.39701406   -0.98991223    7.06687739    0.5660192 ]","[98.55778022 32.5370108  25.43807682 22.0112952  22.00625699 18.57899364
 18.91306401 13.04130899 12.78638041 10.80143021 10.77522758  9.45009837
 10.48023719 11.1480205  12.26294669 13.47606095 13.72600639 11.34022891
 12.72437089 11.80242656]","[-1.91049965 -0.2642224   0.45710639 -0.82219915  0.76711698 -0.26239487
  0.12210497 -0.14088378  0.56020646  0.22056537  0.47864296  0.26151176
  0.26720192  0.33341367  0.05111418  0.0493493   0.04599359 -0.0292638
  0.19252574  0.26932888]","[ 3.95467083  0.40361041  0.53028843  0.90073752  0.5135257  -0.2684985
 -0.45441211  0.28378815  1.07548484  0.77869404  1.09399324  0.82935482
  0.46506104  0.20321677  0.79524894  0.31290305  0.12592697 -0.06339985
  0.1919681   0.36698646]","[-1.90575918e-09 -1.78565714e-17  3.72011904e-18 -2.60408332e-18
 -2.23207142e-18  3.34810713e-18 -5.20816665e-18 -7.44023807e-18
  3.90612499e-18  3.39460862e-18 -7.16122914e-18  4.83615475e-18
 -1.58105059e-18 -2.79008928e-19  1.20903869e-18  3.72011904e-18
  4.27813689e-18  2.41807737e-18  3.16210118e-18 -1.86005952e-18]","[18.50776359 12.0965073   7.26558353  5.97574593  7.47778514  6.90647155
  6.19685841  4.99832143  5.02914975  4.65579922  4.37256748  4.17157562
  3.97884931  3.99359896  4.00577745  4.07326311  4.11634874  4.11812159
  4.16221246  4.20544549]","[ 5.18351739e-10 -1.67879161e-17 -6.04550995e-18 -4.46437658e-18
  6.23152564e-18  6.41754133e-18  1.20910199e-18  3.48779420e-18
 -1.76714906e-18 -5.25494327e-18 -1.21142719e-17 -7.02209233e-18
 -4.11559716e-18  3.20877067e-18  5.48746288e-18  5.95250211e-18
  1.20910199e-18  1.17654924e-17 -5.85949426e-18 -1.58113337e-18]","[17.33048141 13.25786446  8.05186352  6.97771095  8.22167689  7.84720282
  7.06149705  6.11569017  6.03926375  5.71325209  5.62160218  5.42017153
  5.27496455  5.2497497   5.21881348  5.20388579  5.26049638  5.24356616
  5.24357634  5.22001888]"
41.51823881253948,51.683778823347325,18698.4909542248,59.68061784600972,92.09190311602867,83490.19533081955,23.8111186360693,43.943746705434556,27538.09443902668,2463.100428047243,3890.211873263624,1.3418115805558326,1374.866764309044,3.902684040394687,0.7071067811865476,21.7484598631579,129.36785148871243,-31.23291049444445,161.8524975507488,38.41453997688816,47.070902362399316,15509.688944473704,53.46744332555692,84.62811098379656,70825.88127798382,25.414047911256894,47.136061868765964,31449.6050402835,3608.785077636507,5008.336857317842,1.4666966861175634,1584.2422978261131,3.545989745967049,0.7071067811865476,20.589213789473686,129.7464567137726,-31.034595816666677,166.4064149193817,39.308030812893115,46.243829516302675,14969.442378330064,53.97764299382906,86.95877437196957,75223.77714145278,27.129329687082443,46.89590912460431,31150.161333235625,4385.854243197386,5334.758149552686,1.4834691012138743,1695.68155893676,3.7226477269453455,0.4330127018922193,20.531933894736838,130.1573180358027,-31.058473699999997,165.85677522597896,39.57283522901446,45.592416763931,14550.679264631839,56.97853346484065,90.67832474616262,81690.21410927972,27.10678155136837,46.00533336832429,30033.36508042982,4539.020421789065,5119.409319038672,1.5551860579574122,1712.3513220612397,3.5493871617334314,0.7071067811865476,20.643052684210524,130.29641886833363,-31.237220927777773,164.4948392011867,38.91342475739997,45.68069061136847,14607.07846312097,54.34010849498408,87.57092307260561,76222.49767817116,25.693372510035466,45.654768024084056,29586.24818788964,3767.0549207120325,4923.434012631409,1.475793984217528,1659.3104074363189,2.9894946146738097,0.7071067811865476,20.75784226315789,130.16679054701353,-31.112924538888883,164.44106593242623,40.217700407704385,48.86570917230026,16715.002730382806,54.88132626991889,88.67906263232626,77984.24631195707,24.70386463741442,44.649892885173074,28351.591682819617,2900.4993845509175,4401.1459549117535,1.3098201943348728,1555.4024203543281,3.882176281500405,0.7071067811865476,21.365963089473688,129.93707875294515,-31.03371608333333,163.1056476393589,41.95945956263184,51.48036393367122,18551.595095202654,57.90483150442815,92.55886406924958,84728.35265150912,24.172337437184623,44.31926357522663,27908.762246534672,2666.004446278758,4149.329286224774,1.2868095243054865,1424.6486770687077,4.264840654470602,1.0897247358851685,21.892621310526323,129.7171121137055,-30.98677371666667,162.2116654138865,40.41152872839852,49.88256724933364,17417.89360769005,60.46935133182167,95.24379187707146,89852.57256589625,24.01139552230507,44.39571678266371,27979.07467579691,3282.6032915500514,4714.375994401521,1.4338771172832567,1408.1528863329202,2.9354445101516085,0.4330127018922193,21.87648187368421,129.59311812700278,-30.97067781666666,161.9373285401894,41.37827220818762,49.70930299178352,17297.10362750257,60.21867862987771,94.5281165181654,88634.78253681598,24.763685179740712,44.87121196446899,28573.907044584514,3703.118753448199,4892.902872744726,1.5127384102419403,1380.1766463056672,2.524666742866833,0.7071067811865476,21.703131684210526,129.50678934301857,-31.087747543333325,162.3318395595953,41.795208333990836,50.91467893279178,18146.131715804895,57.632200761290974,95.1476134490136,89948.9209348534,24.54633739777647,44.190157463633064,27779.847961027892,3004.340840822821,4665.096091750218,1.3366265157619814,1308.1880998893582,2.9829658534917276,0.7071067811865476,21.532949263157892,129.3743242113048,-31.434085091666663,161.26152182233494,41.435251848856005,50.30891385511161,17716.90769296729,55.452091932831856,92.85205151322016,85838.90158879338,24.787622253314446,43.63125694601519,27146.32329610316,3083.6639281229413,4474.047941625834,1.409581977338177,1475.9847217197782,2.5011925365914727,0.7071067811865476,21.54180147368421,130.08448242438484,-31.450468138888887,161.44170499999947,42.906132987034326,52.20019147541366,19074.01993048894,60.75915346889127,97.89614803830369,94934.73929201161,24.724262569142486,42.94556389035566,26330.305884685753,3006.9958822808403,4581.558014484569,1.3557720465676577,1349.871412109058,2.7625171762450154,0.7071067811865476,21.817650263157905,129.79082568785677,-31.62997429444444,159.92479249291662,43.03864288706786,53.02249678020956,19679.696153651326,55.908458908075474,93.91332754373383,87701.08694289967,23.75005255506986,42.73519323033083,26079.296199864577,2678.703778839224,4368.768581905435,1.2841249785590243,1283.998416475807,2.3639572343424957,0.7071067811865476,22.040967947368426,129.5502179478651,-31.414032511111113,159.91526882290657,"[-254.27760422  204.57997407  -47.36758185    6.15153794   26.69589807
   -9.91581809   -1.48645319   -3.44907106   -6.20624193   -4.37603022
   -7.42597854   -1.79053616   -1.96353611   -4.52984314   -5.13865854
   -8.20547607   -6.73009203   -5.03322212   -3.69679013   -3.18668261]","[40.44201914 16.82140756 21.12245718 17.6421767  13.42142933 11.49517642
 10.91004167 10.25091328  9.3529475   9.44682136  8.81673734  8.54635081
  8.57615144  7.83446593  8.10803867  7.83253889  7.61030329  7.27104441
  7.12946983  7.09607328]","[-0.82141919 -0.8353127   0.49427829  0.33076579 -0.23886115  0.09515254
  0.42379684 -0.23973084 -0.10841275 -0.12161535  0.08508788  0.11793999
  0.0256242   0.11955314  0.20968701  0.30895948  0.2020365  -0.25846789
 -0.09772355  0.05468517]","[ 1.11323423  2.28051562  0.11288538  0.48342427  0.32673865 -0.21731596
  0.34631314  0.08646114  0.07988343 -0.20129146 -0.06665745 -0.08175092
 -0.0961191   0.09805443  0.17027725  0.41930918  0.28491354  1.06996561
  0.75993174  0.80458904]","[-7.31741065e-03 -6.35368695e-03 -1.02008611e-04  1.02655204e-03
 -1.04521443e-03 -1.37199491e-03 -3.58178781e-04 -1.88621254e-04
 -2.92935844e-04  1.88938948e-04  5.33926562e-04  3.09031440e-04
  6.58768885e-05  1.52429668e-04  3.19107547e-04  2.13118693e-04
 -1.71896664e-04 -4.16793014e-04 -1.88485528e-04  2.39695192e-04]","[11.94592585  6.73837347  6.78560721  5.35055078  4.64911107  4.59150222
  4.2265889   4.12231449  3.99175669  3.92402256  3.94631733  3.78234719
  3.63811544  3.60015261  3.51413241  3.47283224  3.47520106  3.37856751
  3.38216259  3.35597931]","[-8.99138610e-03 -7.16407342e-03  3.53136219e-04  4.76358823e-04
 -1.26793339e-03 -5.84432603e-05  6.40253918e-04 -5.83517468e-05
  1.65786295e-04  6.87324384e-04  4.01328377e-04  1.56819123e-04
  2.83092718e-04  2.59656331e-04  1.17973563e-04  4.76092359e-05
 -2.41926254e-05  5.79110301e-05  3.16869889e-04  2.39473733e-04]","[12.01154925  7.77418675  7.50741915  6.14754923  5.74195896  5.79273393
  5.37203539  5.20304418  5.1705095   5.12157887  5.1321732   4.90535482
  4.77457883  4.71126376  4.6152155   4.6395984   4.65658384  4.55887665
  4.53041051  4.49224824]"
69.63104984318852,88.59199518278581,54939.791273267205,89.9715934983523,150.46921970005366,221502.06992385138,10.591222173812072,25.16393299696628,9416.05181157785,735.0,1039.4469683442248,0.6365141682948128,0.0,0.0,0.0,28.345234210526314,120.25864394750444,-29.919969444444444,123.36319433469738,69.63104997247981,88.59199534728387,54939.791477292165,89.97159366541202,150.46921997944565,221502.07074642373,10.591222193477904,25.163933043690793,9416.051846545395,735.0,1039.4469683442248,0.6365141682948128,0.0,0.0,0.0,28.34523426315789,120.2586441708013,-29.919969499999997,123.36319456375882,69.79526882310802,88.67693368037672,55045.18996867753,89.87318298898866,150.30031298956686,221016.9723645834,10.6355211896427,25.214012637378268,9453.843348005894,738.453454562504,1041.5580400831714,0.63856961867468,76.87740229767329,1.3590067640776244,0.0,28.361940768421043,120.4323613054066,-29.9754452,123.59483965891621,70.3575998727609,88.83406025462337,55240.431829254376,89.3525389501341,149.35558522801466,218267.13929452485,10.723697943252553,25.26791818033462,9494.916252754834,751.1730130739932,1057.436956366764,0.6508118460908332,102.40051101642092,2.709059500217175,0.0,28.338466031578946,120.49774351266544,-30.0254973,123.81589192464614,70.37300216994977,88.83031597575844,55235.7752544716,89.43040761716267,149.52172242894207,218754.85960058717,10.687306841773127,25.234797229979634,9469.976392273296,747.4537383766357,1051.3484374280927,0.646548736991663,59.3698718615689,4.653952149397353,0.0,28.344578463157887,120.39722354645319,-29.987048677777775,123.67115976544453,69.95692682124435,88.72120286941556,55100.162870171946,89.77426446737849,150.12464059810713,220505.97186702705,10.64441468333506,25.215092158070778,9454.788234227308,740.0130629810253,1042.9349728355758,0.639807773882254,66.8826058061343,1.6734694336647147,0.0,28.359020315789472,120.41029354589551,-29.973791333333338,123.59564128263241,69.55082454009352,88.57461070650098,54918.23163265739,89.71998765109666,150.2643032240662,220931.9472230881,10.624463333735282,25.209017000909835,9449.85463885359,738.122582333277,1040.7912616618248,0.6377731294290087,72.20917144011378,1.2268786443793338,0.5,28.347276936842107,120.42551447609164,-29.969670827777772,123.57964886027729,69.47372610744023,88.53680110763254,54871.35605260737,89.76873019640578,150.31053393452262,221069.13282520373,10.62429300540031,25.21157146742365,9451.756543932153,737.3660582309407,1040.4453724329467,0.6374446395481865,80.41972613370959,1.1758483301455462,0.5,28.34544866842106,120.4448259957511,-29.97501918333334,123.5935462746903,69.37201215421878,88.50618072076406,54833.408180435836,90.07507793410377,150.63860964940054,222006.17616495135,10.605322560568375,25.19629818693717,9440.28259151383,735.602709995387,1039.6626289547035,0.6367099970499396,70.40941112253613,0.0,0.0,28.35405070526316,120.41892054125908,-29.96052514999999,123.52253915852747,69.17577215157806,88.38627548424587,54684.935857839024,90.05729047567849,150.6144532283002,221937.47911956545,10.607464816911088,25.19772261203639,9441.37516553341,736.1295609078062,1039.8634417018193,0.6369110257313768,71.61379849362805,0.0,0.0,28.337517731578952,120.4256319892118,-29.96302885,123.52892534787455,69.63015370640849,88.6223068733698,54977.3929289041,89.98847361528044,150.50690515159826,221619.6935322294,10.616669657481026,25.20245671649537,9445.022473338442,736.5453101519923,1040.1401599271032,0.6372035407216045,71.3804990721526,1.131769592810691,1.0,28.36370519473684,120.41903024451295,-29.964865116666665,123.54698930524506,68.40991300120263,88.0163314238664,54228.12218121125,89.87411739491708,150.45436179256268,221502.3436488754,10.639973729078708,25.24398152658517,9476.062002827844,739.4748393641166,1041.2366990587993,0.6382236157098488,150.30845853057608,1.1187095293931844,0.0,28.291652184210516,120.61812586858052,-30.020885394444445,123.7525639613952,68.3255286701249,87.83967229780194,54010.65620569663,89.15675987958306,149.33088072838007,218219.16286990952,10.753695920271126,25.31494047404317,9529.718117453604,752.8331692680036,1058.034368950253,0.6513397703042684,186.45570581464693,1.7105504536774163,0.5,28.20830935263157,120.72167103085526,-30.093008927777777,124.03654226948241,"[-186.38540888  125.59658246  -28.13823878   42.85435719  -20.53209138
    9.09854766  -15.0622854    11.64619939  -14.74434896    1.06844152
   -9.19788268   -7.40139179   -3.57603059   -7.54441717    0.87622947
   -3.62715479    4.26048967   -8.42629996    7.05635764    0.43751521]","[71.2258145  27.76752726 18.53593885 22.64029616 18.78312505 13.2983311
 15.46639514 10.69254633 13.32688328 17.51597786 11.49488506  9.90788472
 11.22341911 11.644582   10.0845376   9.65287847 11.85411503 14.66537083
 13.77837877 11.35633624]","[-1.49977928 -0.85782694  0.43253981 -0.15821069  0.01111648  0.58498572
 -0.17164786 -0.12923403 -0.29714604  0.29628378 -0.02895471  0.00565189
  0.18541333  0.61925848  0.85579521  0.2632309   0.10348097  0.44013588
  0.46860315  0.53263399]","[ 4.95102688  2.67432319  0.504112   -0.39132446 -0.0090724   1.97758484
  0.04989634 -0.12563803 -0.32043411 -0.33086101  0.21370407  0.29887845
  0.13314386  0.86567073  1.55578316  0.31237922 -0.11272669 -0.03331459
  0.12835227  0.34119255]","[1.52851955e-04 2.15665288e-04 2.14166532e-04 2.11686067e-04
 2.08250385e-04 2.03895333e-04 1.98666993e-04 1.92619750e-04
 1.85816450e-04 1.78327910e-04 1.70230354e-04 1.61606139e-04
 1.52542235e-04 1.43128371e-04 1.33457178e-04 1.23621840e-04
 1.13715512e-04 1.03830702e-04 9.40565433e-05 8.44794354e-05]","[15.10097552  8.00012028  5.98932885  5.68033323  5.75813033  4.90116375
  5.0139963   4.3727795   4.81589595  5.00951959  4.59175709  4.28513277
  4.20606981  4.13104122  4.04074622  4.01053724  4.15068818  4.19637449
  4.1533941   4.11346439]","[ 1.70933523e-05  2.40266856e-05  2.35827570e-05  2.28501184e-05
  2.18400032e-05  2.05667172e-05  1.90498153e-05  1.73113690e-05
  1.53770756e-05  1.32750766e-05  1.10360303e-05  8.69223749e-06
  6.27738513e-06  3.82512237e-06  1.37030159e-06 -1.05337123e-06
 -3.41317859e-06 -5.67761566e-06 -7.81767567e-06 -9.80641086e-06]","[14.00840173  8.45383367  6.72409211  6.49106281  6.54483423  5.80459787
  5.89487869  5.42701758  5.66542621  5.78309476  5.5152675   5.36286909
  5.29766632  5.25625346  5.1897534   5.12471734  5.22145601  5.13874376
  5.17028172  5.18383215]"
82.24395889642743,104.63947372291821,76645.93622706503,106.26897130215272,177.72508597900014,309015.2534636086,12.509707136221511,29.72210638408751,13136.23677729742,735.0,1039.4469683442248,0.6365141682948128,0.0,0.0,0.0,33.479665789473685,142.04219226957667,-35.339647222222226,145.70909826928798,82.24395902571874,104.63947388741633,76645.93646804697,106.26897146921245,177.72508625839217,309015.2544351811,12.509707155887346,29.722106430812033,13136.236818598962,735.0,1039.4469683442248,0.6365141682948128,0.0,0.0,0.0,33.47966584210526,142.0421924928735,-35.33964727777778,145.7090984983494,82.24395915501007,104.63947405191439,76645.93670902886,106.2689716362722,177.72508653778425,309015.2554067538,12.509707175553185,29.72210647753656,13136.2368599005,735.0,1039.4469683442248,0.6365141682948128,0.0,0.0,0.0,33.47966589473684,142.0421927161704,-35.33964733333333,145.70909872741083,82.24395928430137,104.63947421641245,76645.93695001073,106.26897180333188,177.72508681717622,309015.2563783259,12.50970719521902,29.722106524261086,13136.23690120204,735.0,1039.4469683442248,0.6365141682948128,0.0,0.0,0.0,33.479665947368424,142.0421929394673,-35.33964738888889,145.70909895647225,82.24395941359265,104.63947438091053,76645.93719099261,106.2689719703916,177.72508709656827,309015.25734989846,12.509707214884857,29.72210657098561,13136.236942503585,735.0,1039.4469683442248,0.6365141682948128,0.0,0.0,0.0,33.479666,142.04219316276416,-35.339647444444445,145.70909918553366,82.243959542884,104.63947454540867,76645.9374319746,106.26897213745134,177.72508737596033,309015.25832147105,12.50970723455069,29.722106617710125,13136.236983805122,735.0,1039.4469683442248,0.6365141682948128,0.0,0.0,0.0,33.47966605263158,142.04219338606106,-35.3396475,145.7090994145951,82.24395967217518,104.63947470990665,76645.93767295637,106.26897230451107,177.72508765535233,309015.2592930434,12.509707254216531,29.72210666443465,13136.23702510666,735.0,1039.4469683442248,0.6365141682948128,0.0,0.0,0.0,33.479666105263156,142.04219360935792,-35.33964755555556,145.70909964365654,82.24395980146654,104.63947487440478,76645.93791393831,106.26897247157079,177.72508793474438,309015.26026461594,12.509707273882366,29.722106711159174,13136.237066408205,734.9999999999999,1039.4469683442248,0.6365141682948128,0.0,0.0,0.0,33.479666157894734,142.04219383265482,-35.33964761111111,145.70909987271796,82.2439599307578,104.63947503890282,76645.93815492016,106.26897263863053,177.7250882141364,309015.2612361884,12.509707293548205,29.722106757883687,13136.237107709743,735.0000000000001,1039.446968344225,0.6365141682948128,0.0,0.0,0.0,33.47966621052632,142.04219405595168,-35.339647666666664,145.70910010177937,82.24396006004913,104.63947520340092,76645.93839590209,106.26897280569023,177.7250884935284,309015.2622077607,12.509707313214038,29.722106804608202,13136.237149011282,734.9999999999999,1039.4469683442248,0.6365141682948128,0.0,0.0,0.0,33.479666263157895,142.04219427924855,-35.339647722222225,145.70910033084078,82.24395902571874,104.63947388741633,76645.93646804697,106.26897146921245,177.72508625839217,309015.2544351811,12.509707155887346,29.722106430812033,13136.236818598962,735.0,1039.4469683442248,0.6365141682948128,0.0,0.0,0.0,33.47966584210526,142.0421924928735,-35.33964727777778,145.7090984983494,82.24395903864787,104.6394739038661,76645.93649214512,106.26897148591841,177.7250862863314,309015.2545323383,12.50970715785393,29.722106435484488,13136.23682272911,735.0,1039.4469683442248,0.6365141682948128,0.0,0.0,0.0,33.479665847368416,142.04219251520323,-35.339647283333335,145.70909852125556,82.24395905157705,104.63947392031596,76645.9365162434,106.26897150262438,177.72508631427056,309015.2546294955,12.509707159820513,29.722106440156942,13136.236826859267,734.9999999999999,1039.4469683442248,0.6365141682948128,0.0,0.0,0.0,33.479665852631584,142.0421925375329,-35.33964728888889,145.70909854416172,"[-274.45199592  166.65253411  -64.70450817   33.74015913    7.6993904
   -2.13863799    5.51464836    7.01363325   -2.39521095    0.78071664
    0.96745907    1.61873332   -8.93695105   -4.52495276   -0.86272443
   -9.3310885     1.42003818   -4.62164668   -9.15131373   -3.29421351]","[77.58343183 31.06977465 25.5527406  18.21080082 15.79067387 11.78652761
 12.94036599 10.57594677  9.71978531 12.37016186 12.02636965 11.00763687
  9.45864312  9.46621776  9.45765769  9.17261952  8.91191332  9.43541542
 10.31352502  9.30242651]","[-2.42731625 -3.45248342  1.12092548 -0.01106769 -0.04176138 -0.14113955
 -0.11172736  0.06731921 -0.00718824  0.17875865 -0.16699724  0.2105361
 -0.06441054  0.06239794  0.02000384  0.01432775 -0.0878942  -0.18587097
  0.26104919  0.3870551 ]","[ 9.03965462 15.95315624  1.61725997 -0.35654206 -0.31291774  0.0199563
 -0.23879029 -0.09912541  0.24372523 -0.11965187 -0.14959346 -0.15664075
  0.24312092  0.58317883  0.3536069   0.46612442  0.77234533  0.27482428
  0.02693869  0.36598867]","[-2.10843370e-10  0.00000000e+00  3.17065032e-18  2.77431903e-18
  3.26973314e-18 -5.25138959e-18 -4.16147854e-18 -3.17065032e-18
 -1.05523206e-17  9.90828224e-20 -6.93579757e-18  1.28807669e-18
  2.57615338e-18  1.98165645e-19  2.67523620e-18 -1.13945246e-18
 -3.07156749e-18 -2.27890491e-18  5.74680370e-18 -1.48624234e-19]","[15.60681524  6.30826643  6.28672536  6.05199988  5.22399225  4.27771439
  4.5375406   4.05313451  3.93018279  3.98519172  4.27723453  3.7742114
  3.64954848  3.65442181  3.56528472  3.67556991  3.62844847  3.56359688
  3.80135727  3.68285231]","[ 5.52239664e-11  0.00000000e+00  1.98176699e-18  3.81490145e-18
  6.19302184e-18  2.22948786e-18 -1.33273830e-17  3.22037135e-18
 -8.67023057e-18  8.17478882e-18  1.08997184e-18 -1.93222281e-18
 -6.19302184e-18 -4.85532912e-18 -8.17478882e-18 -4.95441747e-19
  6.49028688e-18 -2.72492961e-19 -3.29468762e-18 -4.06262232e-18]","[13.47492549  6.89873116  6.77013414  6.3000475   5.84336763  5.04755788
  5.31214961  4.97228197  4.85462797  4.81436395  4.95778163  4.72326427
  4.64132248  4.61996568  4.58303331  4.69523976  4.65001713  4.57332957
  4.67019122  4.62072985]"
68.69188432579128,87.39708935872497,53467.758598638706,88.75808001048692,148.43972994095608,215567.24059761743,10.448370519627074,24.824528403669632,9163.762248559764,735.0,1039.4469683442248,0.6365141682948128,0.0,0.0,0.0,27.962921052631575,118.63662658859913,-29.516416666666665,121.69930360640821,68.1565467500332,87.21372354501665,53243.63502210615,88.93711056891584,148.729820716487,216416.83558916295,10.471722927602185,24.877751512570853,9203.100478723229,736.4714164587361,1039.979319018215,0.6370061456871094,114.78006195357112,0.0,0.0,27.970248542105264,118.90285495348479,-29.58472898888888,121.96069601073344,67.30344720616765,86.36998613629723,52218.42153628923,89.2035290142216,149.13469976125904,217620.91105678695,10.509717944117371,24.96225008807374,9265.727534351518,741.2017410829965,1041.8655304710326,0.6388818517461003,297.52583582763197,0.0,0.0,27.898017699999997,119.34404722860656,-29.698338705555557,122.37797169338052,67.0940327349387,85.70244813693874,51414.36731665273,89.2358164006169,149.13777881454672,217654.48106027982,10.516195537348061,24.9770348605318,9276.704810642415,743.1157133076196,1042.8694060264736,0.6399914786801393,328.7535872858766,0.0,0.0,27.81473157894737,119.43604535477131,-29.71799827777778,122.45558832153108,67.08179583372694,85.92516465954907,51681.93745239433,89.14977194672016,148.99761936373764,217241.09357555408,10.503775763612852,24.949858972839323,9256.531705279158,740.5234858047756,1041.8031310123763,0.6389460590289789,269.51590489578615,0.0,0.0,27.83862986315789,119.29355736328905,-29.680428788888882,122.3223252969767,67.21714211986192,86.46332457193394,52331.34547222116,89.08688190869809,148.93371559447644,217034.9877077311,10.493574779167002,24.92707127763507,9239.625975136021,738.9371392675605,1041.0163233644923,0.6380864083489004,220.7945368563852,0.0,0.0,27.89944818947369,119.16617561006773,-29.649720022222223,122.20678079469029,67.27167190926515,86.48295370174327,52355.10896684509,89.1596938481828,149.05672654217742,217393.61604604224,10.502740541002579,24.94805116797918,9255.187350157648,739.4759989263613,1041.217530989069,0.6382741503427425,266.4903951446666,0.0,0.0,27.912997473684214,119.26883136747892,-29.67636705555556,122.30932698020239,66.99517250902556,85.46049863388158,51124.47778726173,89.23891097868893,149.11860473657808,217609.34668293636,10.517089117950938,24.979670698688633,9278.662878656525,743.4343958721591,1043.1455898129273,0.6403295617217148,334.0368408158208,0.0,0.0,27.785439073684213,119.45525688083276,-29.720328838888886,122.47109464980659,66.91529935515679,85.14243566036754,50744.64045125879,89.23286986699615,149.09644705100862,217552.25287212175,10.518608609981687,24.981321166124346,9279.88897725682,745.7845061798022,1044.1816684125042,0.6413607104605197,337.4016107551466,0.0,0.0,27.73180571578948,119.47558365882752,-29.726748599999993,122.48007785527513,66.95731029929169,85.44100711915225,51101.15988274517,89.17264924599411,149.01023053105925,217291.924734461,10.509008873594656,24.960700063833226,9264.574371632863,743.1790260485512,1043.0286088464093,0.6402107487850642,292.6712405526226,0.0,0.0,27.771640705263156,119.36292557263478,-29.697244066666663,122.37789848447943,67.08938739203687,85.83131209561567,51569.09895238486,89.17167864452193,149.03782708564404,217358.4195707712,10.507332151186112,24.95715669061773,9261.944133985835,741.8917468830053,1042.3420533242986,0.6394638074492116,285.5283741556655,0.0,0.0,27.82481959473684,119.33377755482373,-29.691679872222224,122.35762417864844,66.99271318731486,85.38501019650874,51034.19976380532,89.2511373139334,149.13872840633115,217669.13515680074,10.519397841227194,24.98417154983445,9282.00714425381,744.3491710726199,1043.516878103715,0.6406865836454025,343.8615593383426,0.0,0.0,27.772990105263165,119.4808184998233,-29.727837477777783,122.49300651713345,67.03241354397748,85.58756477370818,51276.61870725585,89.22098877228127,149.09705640921348,217541.80271320228,10.514676842680519,24.9736492875848,9274.19580388285,742.752258890899,1042.7940490929182,0.6399516865051271,321.021705740819,0.0,0.0,27.79909503684211,119.42194711136376,-29.71354040555556,122.4404930347847,"[-144.2063771   125.39117016  -26.56589259   40.71103307  -14.72171393
   21.80421391  -10.32745867   12.09011186   -6.47990502    9.75154632
   -5.70458915    3.5268228    -4.02137215    1.00889398   -3.51625288
   -0.52757036    0.17809329    0.21199636    2.15652263   -0.48091668]","[104.47733296  38.7499549   23.13846746  16.34270066  15.98080371
  12.87904781  11.7754007   10.88655759  10.36714942  10.6085721
   9.79990326   9.95482224   8.37369192   9.04377217   7.90103877
   8.31463821   8.10588444   7.9356237    7.66617617   8.04459465]","[-1.70925854 -1.04702455  0.23761478  0.28601983  0.23893908 -0.32004755
  0.15748857 -0.09019406  0.21025245  0.03473005  0.07696341  0.13241565
  0.03645124 -0.0921073   0.05303861 -0.07459108 -0.08025568  0.04710465
  0.10546692  0.21492108]","[ 3.50826945e+00  2.15501631e+00  3.45759374e-01  6.51910794e-01
  7.59177197e-01  1.21925435e-01  2.59689809e-01 -1.47759414e-01
  2.64611555e-04 -1.40056328e-02 -9.07526292e-03  4.20953171e-02
  5.77195115e-01  2.98781539e-01  3.15036193e-01  1.44125756e-01
  2.98387561e-01  1.56383336e-02  1.98313464e-01  2.50035252e-01]","[-7.54834966e-10 -3.80834911e-18  4.12571154e-18 -1.17424098e-17
 -4.52241457e-18  2.53889941e-18  6.34724852e-18 -9.99691642e-18
 -1.34879031e-18  6.66461095e-18 -7.93406065e-19  3.41164608e-18
 -4.91911760e-18  5.55384246e-18 -4.99845821e-18  2.14219638e-18
  1.66615274e-18  1.20201019e-17  5.23648003e-18  4.40340366e-18]","[21.58719726  9.55189176  6.93253781  6.32993177  5.52469152  5.12375971
  4.85458387  4.91615547  4.55095156  4.68611214  4.4166417   4.52083766
  4.09561274  4.27471245  4.11472995  4.26724663  4.11245515  4.06263016
  4.014163    4.06971079]","[-0.00012292 -0.0001737  -0.00017329 -0.00017261 -0.00017165 -0.00017042
 -0.00016894 -0.00016719 -0.00016519 -0.00016295 -0.00016047 -0.00015777
 -0.00015484 -0.0001517  -0.00014837 -0.00014485 -0.00014116 -0.0001373
 -0.00013329 -0.00012914]","[19.10600685  9.16034779  7.41033746  7.31701833  6.55995704  6.0250103
  5.87409702  5.80933522  5.55391514  5.58893034  5.46240165  5.39307208
  5.26094956  5.29277883  5.28474884  5.37274357  5.25085022  5.21266997
  5.16451482  5.21469989]"
22.26468536161143,26.27597040839669,4832.986346320571,38.00206412228931,60.52079555982342,37071.1720732415,28.23688874354794,58.57436219167663,48288.076376766745,8582.856034278591,6769.794896304079,1.9319952503059041,1278.6657731213943,2.2491240445724214,0.4714045207910317,15.18788252631579,122.46618592540719,-26.280267538888882,181.65755525195794,19.564095418719944,22.12516349878878,3426.660018936947,31.739724653473075,49.26701884215347,24756.18026295207,29.969134840309632,60.4584668925147,51334.93967132573,11045.00854045913,6625.848708388343,1.7290598850541394,1575.2026100622,2.0938689375392143,0.39999999999999997,14.048825242105261,122.8904981954296,-25.914486244444443,185.46674977219502,19.709170805986535,22.702661160654472,3607.875766428423,29.60783232068094,46.96447117308222,22539.773311219604,29.50610737046954,60.43185360510618,51370.03394383583,11310.754074616363,6493.689930391916,1.6720726950794345,1549.6245557717693,1.893211021494748,0.9797958971132712,14.119986210526315,122.98850765320081,-25.949307,185.6975624484851,21.503646875530297,24.47187805160909,4192.109707609787,31.483061460496025,48.351889747075205,23725.575640990195,30.484596165913977,60.80405738272146,52077.759637367824,10663.422485121404,6623.7210571149735,1.7975861422675126,1537.374083772172,2.1120073594065376,0.7483314773547882,14.436988726315791,123.2203760599732,-25.988744988888886,185.9872082215279,24.15548529961512,25.793308403137786,4657.063308655648,33.29733152764915,48.88287945554383,24331.331759658653,28.723875893187902,60.13727732447513,50892.89057033001,11389.907782615273,6205.707168873943,1.792349375493964,1587.131009241176,1.7208781610641561,0.9797958971132712,14.706034905263161,123.50368993169239,-26.35317476666667,184.9675116935721,24.55339174111297,26.096171492054108,4767.071165798882,31.864685213643863,45.96741634864042,21685.74336605779,28.702955214332633,60.26797959425966,51094.79038500294,11262.55143642906,5913.687698954362,1.8167561690494574,1731.0979237456177,1.6265383168392475,1.3564659966250536,14.488724194736843,124.02763905330242,-26.66828854999999,185.47830664701019,20.613927325810234,23.003658767852247,3704.1782169544977,27.618056098594817,42.09814761170649,18212.318245721257,29.088542716423998,60.1725632172627,50897.8707384374,10780.860891472481,6458.427442946772,1.8216788610140988,1706.3158655585355,1.52750576857935,0.3726779962499649,14.177076968421048,123.72963332567976,-26.59238364444444,185.24166555541592,18.86776374427223,22.33393235441072,3491.631740879758,27.435204343823653,43.607567414604425,19478.627695914427,30.313544280895805,60.96690266173206,52201.78971161026,11368.851992716418,6414.682966379447,1.6643728644909068,1533.2100878365263,1.422002326940446,0.3726779962499649,13.826017394736844,122.65616191107468,-25.93767194444444,186.19627538893354,16.747002001174412,20.205594054226626,2857.8622175893893,25.372017421041498,40.89708340795765,17095.534144566296,31.50370831612173,62.904091423010655,55601.392149343126,12639.200831449903,5660.8503400279615,1.6113180815622654,1493.1997224668241,1.537535491773193,0.39999999999999997,12.930133157894739,121.4773701564144,-24.59924761111111,189.48911136777383,18.087803224405988,19.681246328905726,2711.4601994134555,23.425320036609186,38.20819344106819,14979.264894807422,31.33687780939045,63.099500344139344,56010.589184121556,12211.0191090799,6049.576209362045,1.7198027315855058,1532.3166751736655,1.5329901978840277,0.39999999999999997,12.518917757894735,120.93493043201885,-23.90873431111111,189.98000689265805,17.76358302125536,20.45110877315753,2927.734950360646,25.971125105882976,43.53789836596455,19333.80627932476,30.675440091829355,62.30575884385936,54714.264845043814,10632.810851929846,6803.457189484688,1.8056212077127178,1390.3441588350408,1.6728552547733204,0.6324555320336759,12.897298547368424,120.39709897288891,-24.091943200000006,188.3145825459526,22.467667398238774,24.378196493756473,4160.075250017403,32.30613300233848,49.39666955507451,24590.300316775894,30.251058473235403,61.72289694208011,53642.51682171306,10012.089179337168,6829.292113534248,1.9291258728952998,1183.4877967373282,1.5492051295480034,1.469693845669907,13.654406157894734,120.0954158224482,-24.50784594444444,186.71004533497498,24.449141382664145,26.021709517530912,4739.90556350331,32.3836510842161,49.18326898274414,24307.404083661157,29.867425126219743,62.39006305919951,54728.83255742208,8868.245493725686,6643.904373131987,2.032235839587059,1243.0635802889876,1.5703003287533646,1.5,13.821176768421056,120.55349323474478,-24.52374345555555,187.62098846899724,"[-2.62479356e+02  1.96663094e+02 -6.71468030e+01 -8.44851538e-01
  3.45025346e+01 -1.82050244e+01 -1.02626282e+01 -5.38195584e-02
 -8.48354581e+00 -7.54689648e+00 -9.44334570e+00 -9.49503222e+00
 -5.48953587e+00 -7.10329316e+00 -7.13712120e+00 -4.33133098e+00
 -5.82932555e+00 -6.55675291e+00 -5.55067230e+00 -6.56203755e+00]","[50.71987744 24.56593193 34.38741146 17.55993472 14.28675511 11.91025913
 11.11846555  8.59475353  8.73907305  9.43918478  8.63420444  8.71308229
  8.73197435  8.30633013  8.66445388  8.31261377  8.0604691   6.90385816
  6.47285069  6.86252123]","[-1.67655872 -1.49450144  0.90462061 -0.22782439 -0.22389294  0.59615588
  0.18395558 -0.0302705   0.17317294  0.07424181  0.53755996  0.52981018
  0.32866663  0.13375845  0.05816288  0.35242166  0.42329301  0.1533503
  0.11310029  0.35134552]","[ 4.22681778  3.59167938  1.11284721 -0.4466208   0.3816634   0.2648465
 -0.04904614  0.14021028  0.20143076  0.10567008  0.82570695  0.81550803
  0.62021952  0.69217671  0.73615803  0.22627233  0.83544432  0.37581357
  0.00987959  0.65480536]","[-8.92381883e-03 -4.77928344e-03  3.13699136e-03  4.15263599e-04
 -7.75275946e-04  7.58833005e-04 -3.21899347e-04 -5.09476180e-04
  6.03792873e-05 -5.56965750e-04 -4.54715996e-04 -3.34662390e-05
  1.00913530e-04  3.85548916e-04  1.22600204e-04 -1.67828813e-04
 -5.41413438e-05 -1.14002299e-05  1.87308076e-04  1.15087174e-04]","[6.85602848 4.91101193 5.09307943 4.56405683 3.96990676 3.84394229
 3.58997853 3.51530167 3.57047355 3.50082733 3.41100025 3.35396538
 3.3748398  3.33060467 3.27421082 3.27563358 3.2476222  3.2498877
 3.21622631 3.23107315]","[-4.51800578e-03 -2.89893337e-03  1.15309179e-03  3.98388127e-04
 -5.42078538e-04  1.61585275e-04  1.09314513e-04 -4.01439169e-05
  4.23174244e-04  5.50007898e-04  3.86342432e-04  1.30300986e-04
 -1.85379528e-04 -2.05912151e-04 -5.16329205e-05  1.65396735e-04
  4.72623513e-04  5.18432928e-04  3.32697638e-04  1.82212081e-04]","[7.77149097 6.09808014 6.0097024  5.74871148 5.3196909  5.12822972
 4.77646792 4.81711856 4.88027018 4.74950679 4.66407712 4.57542177
 4.60491739 4.55046594 4.47668256 4.46472252 4.45425188 4.48352441
 4.44678222 4.46318758]"
66.73169897081777,84.90313397651748,50459.79511324133,86.22528752299364,144.20386732658267,203439.96230205757,10.150216770069502,24.116137922048704,8648.231712869187,734.9999999999999,1039.4469683442248,0.6365141682948128,0.0,0.0,0.0,27.164973684210526,115.25122261715626,-28.67413888888889,118.22650336251992,66.7317002637307,84.90313562149821,50459.79706853763,86.22528919359088,144.203870120503,203439.9701852727,10.150216966727868,24.11613838929392,8648.232047984617,735.0,1039.4469683442248,0.6365141682948128,0.0,0.0,0.0,27.164974210526314,115.25122485012503,-28.674139444444442,118.22650565313414,66.73170155664367,84.90313726647899,50459.79902383401,86.22529086418812,144.20387291442333,203439.9780684879,10.150217163386232,24.116138856539145,8648.232383100052,734.9999999999998,1039.4469683442248,0.6365141682948128,0.0,0.0,0.0,27.1649747368421,115.2512270830938,-28.674139999999998,118.22650794374837,66.73170284955668,84.90313891145985,50459.80097913054,86.22529253478538,144.20387570834365,203439.9859517033,10.150217360044604,24.116139323784378,8648.232718215504,735.0000000000001,1039.446968344225,0.6365141682948128,0.0,0.0,0.0,27.164975263157896,115.2512293160626,-28.674140555555557,118.22651023436262,66.73170414246962,84.90314055644062,50459.802934426974,86.22529420538265,144.20387850226402,203439.99383491898,10.150217556702964,24.116139791029592,8648.23305333095,734.9999999999999,1039.4469683442248,0.6365141682948128,0.0,0.0,0.0,27.164975789473687,115.25123154903137,-28.674141111111112,118.22651252497685,66.73170543538265,84.90314220142145,50459.804889723535,86.2252958759799,144.20388129618436,203440.00171813474,10.150217753361334,24.116140258274815,8648.23338844641,735.0,1039.4469683442248,0.6365141682948128,0.0,0.0,0.0,27.164976315789474,115.25123378200017,-28.674141666666667,118.2265148155911,66.48070134656243,84.79890731715453,50335.982775283555,86.28195525539644,144.29429003758585,203697.9271435052,10.157872471714288,24.133368894602036,8660.595451739728,735.632268435142,1039.6730625248495,0.6367198972977699,36.00861416022921,0.0,0.0,27.161302433684217,115.33876811149354,-28.69676373111112,118.3112197133353,62.0842090886464,77.78357912246679,42351.99626770736,86.07763051460533,143.04602541236,200808.6407103516,10.310701934101148,24.433557366330966,8877.499026531172,693.8423312801632,1032.0526773283618,0.6311726724817999,595.805113863178,0.0,0.0,26.44466746315789,116.84612903608304,-29.075684799999994,119.9137948749241,59.500422552602124,75.06509387526096,39443.378229512185,84.8307042996954,140.28939784923747,193623.8409820497,10.405075579500213,24.593988162995775,8994.171877652689,645.8097515962846,1028.7897122252202,0.6248379498695797,766.7174642625472,5.314574513680278,0.0,26.311078184210523,117.28536632678667,-29.15206325000001,120.75274530194409,60.364469959636914,75.22959995737365,39616.44896822531,84.95973286319408,140.2961811839978,193649.85277041155,10.391201195168916,24.57251757355656,8978.577830460064,655.6902076998545,1029.5989362534062,0.625082877766879,704.5463038403158,21.339898898005437,0.0,26.37886405263158,117.12120311655124,-29.050773205555558,120.61782612288516,59.730288144397036,74.90547864114856,39275.81511321694,83.24940472355345,138.6970786348532,189166.4933013384,10.574791034794604,24.73738669041598,9096.800592575995,758.4304817220681,1081.1565366407613,0.6631250106228711,705.2779528916855,29.83838410120637,0.0,26.177968773684206,117.14785920987235,-29.04692422777778,121.03805152460849,58.94231662649032,74.22178256436968,38562.11104922799,82.83079543350996,137.49938306196339,186039.54926741167,10.617269311688627,24.817561351341702,9154.780174268097,720.539891947891,1064.4557549258277,0.6520273444951205,747.9220446217453,11500.838172557691,0.0,26.105076842105262,117.25606889363706,-29.091906055555555,121.3544163427868,60.32232983405313,75.87970508551945,40304.107507057844,84.16646705969175,139.18090143490645,190421.9286241217,10.541685619523978,24.656714810192888,9033.118439137694,698.1458988136818,1040.4845850557538,0.634626602036983,652.5788922872293,36.89108131842215,0.0,26.421863052631586,116.98274463065862,-28.929215555555558,120.7958238186945,"[-190.55742558  192.93360966  -15.21303616   16.21895605  -26.91787715
   23.69091714   22.87195543  -42.32628074    7.13279428   15.47430742
  -21.51447164   -3.89430482    6.06671549   -0.4266297   -14.56053343
   -3.76328385    7.47302152   -8.25330306   -2.32953429    5.01455927]","[52.64216652 31.00004872 22.2037142  19.02504301 16.22822743 11.50551393
 15.00256666 14.76899683 11.84445362 13.27038207 10.37711848 11.94590592
 10.58984167 12.73605382 10.1953923  11.72986247 12.73193651 11.45988988
 12.11174341 11.52279827]","[-2.10858093 -1.687786    0.27521818 -0.00630964  0.44156555  0.04671352
 -0.41467687  0.3701214   0.42355698 -0.33337709  0.2001945   0.37877459
 -0.04577006 -0.09520601  0.33394072  0.15981701 -0.09033779  0.50958403
  0.70491169  0.16129202]","[ 8.74834926  7.83326691 -0.21167156  0.36929952  0.23466516  0.21446382
  0.21734494 -0.04937906  0.42490504  0.40541382  0.25749628  0.18972261
  0.52059787 -0.09075377  0.66643556  0.27607845  0.47087596  0.70278718
  0.70216447  0.71243766]","[-5.84579202e-10 -9.54870130e-19  9.66806007e-18  1.67102273e-18
  1.67102273e-18  1.43230520e-18 -3.58076299e-18  6.92280845e-18
  4.23723620e-18 -1.67102273e-18 -5.25178572e-18 -1.43230520e-18
  2.44685471e-18  5.25178572e-18  2.38717533e-19  5.43082387e-18
  8.35511364e-19 -2.92428977e-18 -1.90974026e-18 -7.75831981e-19]","[10.36862207  6.48054513  6.78438939  6.0453394   5.41349083  5.1048439
  5.02486114  5.22583348  4.89122029  4.72405343  4.70617362  4.67698755
  4.2650324   4.73136453  4.32767853  4.61080364  4.35718392  4.45268237
  4.43116874  4.45415505]","[ 3.32616579e-10  8.95220824e-20  1.01458360e-18 -4.35674134e-18
 -3.04375080e-18  2.98406941e-19 -1.46219401e-18 -2.77518455e-18
  8.17635019e-18 -3.87929024e-19  5.90845744e-18 -8.41507574e-18
 -4.41642273e-18 -5.93829813e-18  1.79044165e-19 -9.10141171e-18
  4.77451106e-18 -1.31299054e-18  2.86470664e-18  3.87929024e-18]","[10.66032916  7.27721927  7.4858354   6.85651704  6.49074624  6.24235799
  6.09493154  6.31959022  6.09609974  5.84659705  5.89361715  5.88250919
  5.4639913   5.92756698  5.49696265  5.78941827  5.51270445  5.62501632
  5.60376284  5.60901463]"
25.05563809122678,27.34513371557153,5234.294365457408,38.09193986706754,60.189177053160336,36270.89608771438,24.576658223577223,50.54889218714761,37066.85467427586,6964.720039028356,6407.3424753139625,2.113794602848668,641.8944903460869,1.9004376420698956,2.0548046676563256,14.10092110526316,109.83421863426632,-24.00217875555556,162.3648949220833,21.962964532806826,25.14082606315017,4424.427945962995,35.97385704391953,55.861677727522185,31299.46907108443,27.223154751579823,57.15609362280487,46386.16579691261,6707.2627960977425,5466.773875537819,2.0937136366543507,963.2067125536471,1.6508032122282976,2.357022603955158,13.928451657894733,117.35844988667974,-25.148275027777782,177.00368635904266,22.036073563539727,26.45005382508446,4897.237431449055,37.124545735032456,57.67567107413006,33406.82195086362,29.74938815522247,61.10238412853427,52396.11147704824,7820.753431638057,5879.6752442867955,2.103884192992995,1185.971615257418,1.3195370731258693,0.4714045207910317,14.531038105263157,123.50265264504503,-26.54239224444444,186.4647578990177,24.337664589810004,27.468028032520266,5281.4479479672345,38.81923804701456,60.298100489908805,36660.289903145866,31.159759901341754,61.96922630354056,53818.896378786965,9342.015301655254,5895.661864749794,2.010385513456369,1258.5773957515275,1.3529497450906316,0.3726779962499649,14.894014526315788,124.25825938393251,-26.41863568333333,188.34217179365385,22.9752584145477,26.76966854907785,5016.306079592415,39.50867045986632,60.937269883069966,37298.4448319105,32.14634216964091,62.19767376304975,54177.127683651976,8946.778360149847,6085.133444416158,1.9855106104931446,1232.6409250557429,1.2798382351890567,0.3726779962499649,14.840420052631583,124.06725920684272,-26.128953499999998,188.7796940484494,22.00606616732683,26.169678634690765,4793.964558900932,38.189098125378095,59.88907586909617,36102.86747858892,32.20307964442732,63.065270857892784,55651.05673411775,9113.7044347295,5871.946757432959,2.0144853716331297,1285.9941526035325,1.1598873177216373,0.3726779962499649,14.56100026315789,124.38141432412147,-26.03604722222222,190.20379662062766,23.477778868396804,26.04074139227514,4746.841485815464,39.37710183477645,59.185117329416634,35123.34392438173,30.97725534129309,62.95668336203045,55515.667333648984,8722.990544505337,5926.311942875959,2.0803457891084367,1247.9177976933465,1.3846433245868268,1.5,14.467988315789473,123.61601998773713,-25.683300166666676,189.63696848310386,23.923734375258217,26.406308612335295,4881.051941709252,38.7704610274357,57.86436494771513,33492.82564817893,30.229569234736534,62.11131703576323,54148.57694881012,8536.800638090403,6266.042828801506,2.045258657135939,1194.2188272234196,1.5471950487725639,1.469693845669907,14.507087842105264,122.88032853231643,-25.697164577777777,188.099952701427,22.05732650206732,25.58349158802856,4581.605292843096,38.234710822954945,57.93239421464803,33656.81380754713,29.699616256972604,61.79676336187077,53643.13984817967,8103.504333784589,6215.62197711168,2.070601142162745,1245.6714847738351,1.6631002567700488,2.345207879911715,14.509175368421053,123.17320718079209,-25.90825855555555,187.62933952023175,24.9124852953534,28.862660637389514,5831.372253483798,40.489833086613864,65.21902517736983,42433.50972569555,29.444443247410824,60.8236789619708,51989.73757022901,7725.00119168758,6393.546528668369,2.0035382275366893,988.2453506782474,1.624110297969582,2.8284271247461903,14.965226842105261,122.49235437723122,-25.858146388888887,185.52526835862716,23.267827691807074,28.16842476970257,5554.221078044753,37.589269850181395,60.37764575671104,36547.217251782036,29.351593467511478,61.049251339876044,52357.90558508227,8413.412528308627,6414.029183008778,2.053544125413185,1057.6745142023476,1.7475985950187183,1.5,14.961520210526313,122.74611165636004,-25.768602055555547,186.16033206694766,26.854949869112836,29.517106174404447,6098.816898377455,38.26790239058362,59.067382423633255,35072.97730302016,29.540832405846707,61.463295772066935,52970.82725022847,8573.738600621176,5612.431104281401,2.1064496318970036,1190.9973889265043,1.4721714385198434,1.5,15.112597568421048,123.59309789117705,-26.059626883333337,186.92082736431902,28.758137907005988,31.231508264592907,6827.849759369347,41.62904992609015,62.49544205332366,38959.249354516396,29.275662635101476,61.233893859577464,52596.60745314208,7635.641839494247,5167.673701970902,2.054426446250413,1073.7921670066744,1.3998382747588178,1.5,15.346264947368423,123.32880000258946,-26.071955805555557,186.25659416647508,"[-2.73787164e+02  2.01356467e+02 -6.27136343e+01 -1.23756456e+01
  4.40612913e+01 -9.08580565e+00 -1.79851529e+01  5.60687369e+00
 -1.75685607e+00 -7.64654314e+00 -4.14289377e+00 -2.61467333e-01
 -3.06520691e+00 -3.91370855e+00 -3.55424412e+00 -2.94122279e+00
 -2.25297808e+00 -2.26624416e+00 -3.46933397e+00 -5.12753435e+00]","[45.73720626 18.16256574 24.34643618 14.1059401  15.17224714 13.52731324
 10.5413111  10.02559593  7.9178151   8.22475371  8.43325091  8.1592455
  9.07777678  9.65205845  8.54507007  8.53182576  8.42810689  7.59603188
  7.0255886   7.05750187]","[-0.11222854 -0.59947538  0.2765414   0.29587578 -0.25900373 -0.05499403
  0.26994068 -0.16842408 -0.13796847  0.09252933 -0.03600973  0.18494897
  0.45232528  0.57458902  0.05029941  0.10560813  0.21190125 -0.31218448
  0.19593915  0.5782376 ]","[ 0.1940625   1.32365142 -0.24913354 -0.35508332  0.29119468 -0.00734531
  0.21099127 -0.18717821  0.25318267  0.06265782  0.0299091   0.15190932
  0.95860525  0.56240851  0.03648941 -0.15529905  0.76811059  0.52281351
  0.41112399  1.20085541]","[-1.93434775e-02 -9.39083911e-03  3.38343720e-03 -1.38263920e-03
 -1.33756529e-03 -1.51005953e-04  1.00442251e-03 -5.43738047e-04
  9.54485992e-05  3.73497268e-04  3.87270853e-04  9.44362499e-04
  9.34767003e-04  1.04927881e-03 -2.87842481e-04 -2.69506298e-04
  5.26896957e-06  4.42401248e-04  5.07589685e-04  6.29398139e-04]","[7.30031398 4.83191856 4.9086299  4.15692715 3.90162247 3.82139122
 3.43266233 3.40538018 3.2961319  3.29876762 3.31487309 3.30743664
 3.21948886 3.19979629 3.26631795 3.19447814 3.12879651 3.08463637
 3.06637129 3.03295563]","[-0.0078293  -0.00801047  0.00103612  0.0022335  -0.00168942 -0.00110524
 -0.00089683  0.00040844  0.00025163  0.00068327  0.00150403  0.00083977
 -0.0001068  -0.00019618  0.00053103  0.00045943  0.00017117 -0.00019782
  0.00040867  0.00082253]","[7.15611095 5.68174871 5.57864599 5.22297455 4.95425923 4.81130047
 4.56479143 4.47626121 4.40372621 4.39073158 4.42071574 4.42949206
 4.32779098 4.27595525 4.36355974 4.33216166 4.27663421 4.2114463
 4.17758038 4.11555516]"
78.64297001308317,100.05791433921017,70081.10355338904,101.61606561232081,169.9435289201072,282547.6606274754,11.961979170108444,28.42074667189927,12011.099546939013,734.9999999999999,1039.4469683442248,0.6365141682948128,0.0,0.0,0.0,32.01378421052632,135.82298344023587,-33.79232777777778,139.32933676327147,78.64297130599614,100.05791598419096,70081.1058576959,101.61606728291805,169.94353171402756,282547.66991780465,11.961979366766814,28.420747139144492,12011.09994187086,734.9999999999999,1039.4469683442248,0.6365141682948128,0.0,0.0,0.0,32.013784736842105,135.82298567320467,-33.79232833333333,139.3293390538857,78.64297259890904,100.05791762917171,70081.1081620028,101.61606895351535,169.94353450794793,282547.679208134,11.961979563425176,28.420747606389714,12011.100336802701,734.9999999999998,1039.4469683442248,0.6365141682948127,0.0,0.0,0.0,32.0137852631579,135.82298790617344,-33.79232888888889,139.3293413445,78.64297389182207,100.05791927415254,70081.1104663098,101.6160706241126,169.9435373018683,282547.68849846366,11.961979760083548,28.42074807363494,12011.100731734565,735.0,1039.4469683442248,0.6365141682948128,0.0,0.0,0.0,32.01378578947369,135.82299013914223,-33.79232944444445,139.3293436351142,78.64297518473508,100.0579209191334,70081.11277061686,101.61607229470985,169.94354009578862,282547.6977887932,11.961979956741912,28.420748540880158,12011.101126666423,735.0,1039.4469683442248,0.6365141682948128,0.0,0.0,0.0,32.013786315789474,135.822992372111,-33.79233,139.32934592572846,78.64297647764802,100.05792256411414,70081.11507492381,101.61607396530705,169.94354288970888,282547.7070791228,11.961980153400276,28.420749008125373,12011.10152159829,735.0,1039.4469683442248,0.6365141682948128,0.0,0.0,0.0,32.01378684210526,135.8229946050798,-33.79233055555555,139.32934821634268,78.64297777056099,100.05792420909495,70081.11737923091,101.6160756359043,169.94354568362922,282547.71636945265,11.96198035005865,28.420749475370616,12011.101916530171,735.0000000000001,1039.446968344225,0.6365141682948128,0.0,0.0,0.0,32.013787368421056,135.8229968380486,-33.79233111111111,139.3293505069569,78.64297906347394,100.05792585407575,70081.11968353804,101.6160773065016,169.94354847754963,282547.72565978294,11.96198054671701,28.42074994261583,12011.102311462046,735.0,1039.446968344225,0.6365141682948128,0.0,0.0,0.0,32.01378789473684,135.8229990710174,-33.79233166666667,139.32935279757115,78.64298035638693,100.0579274990565,70081.12198784514,101.61607897709882,169.94355127146994,282547.73495011305,11.96198074337538,28.420750409861053,12011.102706393938,735.0000000000001,1039.446968344225,0.6365141682948128,0.0,0.0,0.0,32.01378842105263,135.82300130398616,-33.79233222222222,139.3293550881854,78.64298164929995,100.05792914403739,70081.12429215245,101.61608064769605,169.94355406539023,282547.74424044334,11.961980940033746,28.420750877106276,12011.103101325833,734.9999999999999,1039.4469683442248,0.6365141682948128,0.0,0.0,0.0,32.01378894736842,135.82300353695493,-33.79233277777777,139.3293573787996,78.64297130599614,100.05791598419096,70081.1058576959,101.61606728291805,169.94353171402756,282547.66991780465,11.961979366766814,28.420747139144492,12011.09994187086,734.9999999999999,1039.4469683442248,0.6365141682948128,0.0,0.0,0.0,32.013784736842105,135.82298567320467,-33.79232833333333,139.3293390538857,78.64297143528745,100.05791614868906,70081.10608812663,101.61606744997782,169.9435319934196,282547.67084683763,11.961979386432652,28.420747185869022,12011.099981364046,735.0,1039.4469683442248,0.6365141682948128,0.0,0.0,0.0,32.01378478947369,135.82298589650156,-33.79232838888889,139.3293392829472,78.6429715645787,100.05791631318709,70081.10631855727,101.61606761703752,169.94353227281167,282547.6717758706,11.96197940609849,28.42074723259355,12011.100020857231,734.9999999999998,1039.4469683442248,0.6365141682948128,0.0,0.0,0.0,32.01378484210527,135.8229861197985,-33.79232844444445,139.32933951200857,"[-249.00047231  166.89116197  -64.62792757   33.45502838    8.12045611
   -2.60331673    5.92597989    6.65147806   -2.14531162    0.64902607
    1.04053165    1.64649793   -9.01920894   -4.4926073    -0.95564591
   -9.29062875    1.34433365   -4.56886989   -9.24007153   -3.24594   ]","[74.47247988 29.63727134 25.26893618 18.20096605 15.80386396 11.80748047
 12.97987133 10.60557403  9.74372901 12.41325457 12.04385739 11.04154244
  9.46138499  9.4798033   9.5068737   9.16960354  8.93532011  9.47390138
 10.30091935  9.32301593]","[-2.35158364 -3.4938274   1.10641425 -0.00877927 -0.03837632 -0.1396239
 -0.11516327  0.07087388 -0.01140299  0.17578407 -0.17519431  0.20809008
 -0.04785129  0.07805722  0.02647563  0.01219013 -0.09814444 -0.19423204
  0.2610664   0.39897586]","[ 9.11276675 17.19099678  1.61835679 -0.35445818 -0.32117663  0.02340935
 -0.23470899 -0.11886447  0.21359711 -0.11674442 -0.16122858 -0.17069368
  0.27981018  0.61823472  0.38305343  0.51126906  0.7812403   0.24838592
  0.02183224  0.35043606]","[-1.88647559e-09  0.00000000e+00 -3.97751196e-18  3.18200956e-18
  3.57976076e-18  4.27582535e-18 -1.98875598e-19  5.76739234e-18
 -3.28144736e-18  3.48032296e-19 -5.96626793e-19  5.96626793e-18
  3.28144736e-18 -3.48032296e-18 -5.66795454e-18  6.66233253e-18
  1.98875598e-18 -2.38650717e-18 -2.98313397e-19 -2.98313397e-18]","[15.61114517  6.29569626  6.30725389  6.06386682  5.22845759  4.28799531
  4.55606697  4.08192401  3.96353881  4.00156387  4.27610737  3.79986951
  3.66950626  3.68939283  3.58804602  3.67213642  3.64136229  3.58220542
  3.81204713  3.68090445]","[ 5.54218204e-10  1.98886731e-19 -6.76214886e-18  2.63524919e-18
 -3.67940453e-18  1.44192880e-18  6.46381876e-19 -6.96103559e-19
  1.78998058e-18  5.86715857e-18  2.83413592e-18 -5.46938511e-19
 -2.41150162e-18 -3.77884789e-18  3.03302265e-18 -2.83413592e-18
 -4.47495145e-18 -8.10463429e-18  1.44192880e-18  3.48051780e-18]","[13.41401031  6.86202923  6.76576272  6.30511179  5.83980696  5.07118379
  5.32378166  5.01207594  4.90747784  4.83568247  4.94186079  4.73746611
  4.66230547  4.68507651  4.61970832  4.68948896  4.67076627  4.59742178
  4.69447672  4.60358729]"
77.67382830845877,98.82486963543396,68364.48400922363,100.36381932726364,167.84926211812714,275626.7245719833,11.814567991694512,28.070508998122207,11716.890592117345,735.0000000000001,1039.446968344225,0.6365141682948128,0.0,0.0,0.0,31.619268421052634,134.14919470010386,-33.37589444444445,137.61233814391014,77.67382960137175,98.82487128041477,68364.48628513383,100.3638209978609,167.84926491204752,275626.7337478249,11.814568188352876,28.070509465367426,11716.890982182318,735.0,1039.4469683442248,0.6365141682948128,0.0,0.0,0.0,31.619268947368422,134.14919693307263,-33.375895,137.61234043452436,77.89812282598736,98.86433384257285,68419.09554294987,100.33418843627821,167.7383987372769,275262.8993933895,12.161078030846841,27.733560075175212,11445.801471770526,747.9506725688037,1144.1431260376846,0.6426953189678498,19.981802878940286,0.982595953962601,0.5,31.627592705263158,133.72284236029475,-33.15768077222222,136.86189467474765,75.02697676705942,94.771239351295,62871.11465726313,98.12113224639177,160.11980266478412,250385.26830502058,14.054810648538679,29.361541146705942,12796.243695969431,933.6409924438661,1718.2920668195966,0.8016911474007558,130.98039331984043,1.7557639530217455,0.4714045207910317,30.601481,134.18402307926942,-33.60165422222223,140.58363128359252,44.744846665942944,53.668113740131005,20161.865026965468,62.40760661484441,97.11489607449238,92411.51231795919,22.728096090199838,43.58995850920766,27635.71385118925,3288.7602400548835,4713.487243053105,1.5602805091188348,808.9700339218002,2.520614345469879,1.479019945774904,21.418595947368416,127.95275782513814,-31.204211527777773,161.3349079088229,35.16847601766872,42.84750663605933,12851.361774490037,46.86556128488278,75.80917180771586,56945.138458057925,24.628916364743556,47.59422288162955,32938.43353730636,4951.2177310564675,5828.36542696707,1.7301907387676174,832.1417029720137,2.3110724485916028,0.82915619758885,18.752512947368427,123.56005328483398,-29.243029316666668,165.9424199629475,36.14097735619466,44.354669315379795,13771.356830536859,48.40813026927249,78.28996768560924,60838.82222382264,24.740939357483235,47.910765566682805,33159.305132655514,3951.633119857802,4610.292139701354,1.6079242245512946,1004.7191494670226,2.2715585600068153,0.816496580927726,19.72218294736842,126.67625688893938,-29.704296555555548,167.86126508230996,39.30798748991872,48.454818293349206,16435.08591089042,49.92556631882713,80.82553122030637,64739.53366856226,25.385482968603753,48.55748485817586,33657.0067523945,2556.998518408374,3457.2641718282343,1.2957888424985924,1335.3989792659277,2.5556398056495877,0.816496580927726,21.141414999999995,132.61184821607736,-30.853954444444437,172.240436414649,41.42257658936011,50.80989743052059,18071.51973830016,51.3597647713847,84.89311032504806,71456.05512794842,25.50951363018533,48.00320854586606,32828.070766244644,2610.0044972273035,3545.4989578731493,1.3131178678426607,1318.7247660985033,1.7735512027055202,0.816496580927726,21.5398057368421,134.13964842859707,-31.622247722222223,171.97230882606723,44.29712849613044,55.112289821814244,21261.551425825553,52.599209629281184,90.13695774941814,80750.88026366166,24.73150843051629,45.92062694344792,30106.336630753656,2902.2120247703483,3615.622572998924,1.420958568938561,1275.5156874718277,1.7793009856929172,0.816496580927726,22.493351526315788,134.77137268168042,-32.11750572222222,169.248377569956,46.96978445053063,58.59870347924783,24036.65634614168,57.82817278726754,96.87251919470906,92868.16288464144,23.809262311028764,44.02833606666828,27812.47796776208,2912.9717500845845,3498.996343528254,1.4227425049003872,1225.3016220374784,2.0078511923163354,0.816496580927726,23.322856263157888,134.8699023653557,-32.1226645,166.6235267758449,48.992683211513906,60.468262814058704,25594.87565425052,63.38929136943203,104.5206225142044,107726.30626346568,23.532896751438347,43.39028020934342,27043.704533732773,2768.154516178622,3381.954704870198,1.3866941964260726,1081.280562179208,2.1834247941396665,0.816496580927726,23.64568678947369,134.46122420866914,-32.159816666666664,164.82988948874512,50.03156105411596,61.05732746694818,26095.98066184302,64.49893201299201,105.2672074076168,109079.94141230498,23.600630953280778,43.34450459379569,26965.936763195943,2582.057983509266,3319.1727074500354,1.3310063530954566,1129.9426361914093,2.0229947643427324,0.816496580927726,23.674300263157903,134.96971998017452,-32.30671711111111,165.14399498039637,"[-299.24282123  168.27462728  -62.39687788   25.63880503   22.69674467
  -17.57504274   10.6528513    -4.76984458  -10.94585584   -3.802581
   -8.21381389   -3.41162587   -9.69354151  -10.08847159   -3.95574591
   -7.06120292   -1.60479913    1.32498846   -3.80963096   -3.5651587 ]","[46.81533557 29.333667   31.51367789 25.61135716 16.71293354 15.24784895
 12.78518917 11.7448369  11.37124225 11.4056165  11.81578106 11.32635231
 10.82521746 10.84824256 12.66330257 14.29991141 14.40873129 13.91957347
 14.72742069 14.2140783 ]","[-1.47048428 -0.15151129  0.65950935 -0.35227238 -0.23624053  0.30206103
 -0.20789171 -0.08908463 -0.07927167 -0.16965051 -0.09204131  0.01107264
  0.08842935  0.70833469  0.81061364  0.8469301   0.76381549  0.71056214
  0.75297759  0.42447802]","[ 4.70872415  2.13367631  0.18769506 -0.02782703  0.15112158  0.23849806
  0.210394    0.11227047  0.06320641  0.38770612  0.26190149  0.12751303
  0.49243409  1.87381325  1.56177488  1.18800147  0.95561531  0.81745562
  1.10373298  0.79220603]","[-3.20786997e-09  0.00000000e+00 -9.87709107e-18 -8.35753859e-18
 -6.07820989e-18  0.00000000e+00  1.51955247e-18 -1.99441262e-18
  1.51955247e-18  2.84916088e-19 -3.79888118e-18 -4.93854553e-18
 -1.89944059e-19 -4.84357350e-18  3.22904900e-18 -1.00670351e-17
 -7.59776236e-19  2.84916088e-19  9.49720295e-19  2.84916088e-18]","[10.46493349  7.33839779  7.13098097  5.85472725  5.16549546  4.76765982
  4.7317184   4.76772198  4.57563054  4.49752449  4.60816324  4.63526844
  4.52215262  4.37747232  4.46375411  4.47850122  4.47610691  4.3667118
  4.51297551  4.46187617]","[ 0.00000000e+00 -4.74885537e-19 -2.80182467e-18 -5.08127525e-18
 -7.64565714e-18  3.32419876e-19 -1.28219095e-18  5.60364934e-18
 -3.75159574e-18 -5.46118367e-18  2.37442768e-19 -1.39141462e-17
 -2.27945058e-18  9.11780231e-18  1.70958793e-18 -6.38721047e-18
  1.05424589e-17  8.07305413e-19 -4.27396983e-18  1.23470240e-18]","[9.28237818 7.31931278 7.11447508 6.34137111 5.93232043 5.6402385
 5.53286862 5.51854734 5.43058719 5.37041541 5.46135833 5.42367715
 5.34311378 5.2270487  5.32261584 5.25955581 5.28814339 5.18950036
 5.26232194 5.21594742]"
64.22752306922177,81.71705621507833,46743.74093520791,82.9895945846542,138.79246832063058,188457.8578326493,9.769319406094114,23.211154947609984,8011.342531748134,735.0,1039.4469683442248,0.6365141682948128,0.0,0.0,0.0,26.145580000000002,110.92630149633226,-27.598112222222223,113.78993175987198,70.72538865728805,83.83071801232691,49193.12497723591,70.81054706971891,121.61313510913624,144980.91617460747,11.104037590930789,24.313147584812004,8775.881496640068,1085.6756176341587,1403.057994126707,0.845601797722268,118.33298348560044,0.8386175234534964,1.5,25.83265610526316,111.25755040215194,-27.63266661111111,117.49490405034418,76.10925474507111,85.97877582629731,51746.44924812081,58.08303528952331,99.12816171995487,96948.71659995404,13.085259803397983,26.43357273299114,10327.940495686216,1730.7862600554975,2361.3568103726557,1.1400639075331724,657.5910230383734,1.3690410926901988,1.247219128924647,24.73255652631579,112.67694496426819,-27.90435866666666,123.93145216925181,84.63859045550657,95.66924970962442,64068.237380017315,66.10552050168464,107.13526489673775,113032.72267236108,12.61521184985731,26.098219254087812,10050.94584063628,1512.1588207261482,2335.4532609032026,1.064323400234302,474.8806978358704,1.594120687887568,1.247219128924647,25.622366578947368,111.80518118011288,-27.63788261111111,122.04513527050767,86.231086969224,96.92982287227066,65767.73393434835,77.44836071058697,119.59413273953817,140348.18616868588,11.890420639757483,25.412679117983803,9538.445287988132,1127.3174853246023,2250.9400028338637,0.8633055971308522,235.13626218095519,0.9161691781983943,0.5,26.226211894736842,110.99877465433694,-27.487383000000005,119.32031304986398,86.55692851154681,97.50570983562267,66551.5441538405,78.11808089759623,118.84548996270719,138316.47904011435,12.465019710381595,25.75367767430068,9771.229819244092,1375.2932705066844,2618.719473941287,0.9597668532953842,203.76364771742976,0.9283993112698277,0.5,26.257170526315786,110.8666981133334,-27.328741055555554,119.8778817189582,86.64531433757828,97.70230810973297,66820.18706978436,78.28738516324869,118.61552384251893,137664.08545139496,12.73976560086125,25.951669948309284,9903.774558056177,1515.0688993826225,2798.8452656895533,1.0156111124805491,183.9612362958854,0.9837944388680201,0.5,26.25328915789473,110.74511407035112,-27.278630055555553,120.06969094514979,83.87150856575597,94.31992055632172,62273.73189625589,78.48141313965245,120.1481417249114,141246.48661746812,12.357647015387357,26.052902296538367,9978.935742626338,1309.344153778723,2565.383134358578,0.9444743038385209,113.53559972419468,1.0644786037597587,0.5,26.108625315789475,110.50191450977987,-27.18470988888889,119.912691751717,84.26089414799695,94.90605676658785,63050.11727687957,77.03395287658655,119.53334934013058,139877.6277723312,12.26703787741845,26.220241191661838,10098.069452883927,1306.4297411813939,2503.1441018251817,0.936786532678604,59.34020842435896,1.109897751854451,1.0,26.100223157894735,110.24265199743421,-27.106320777777782,119.93955561428781,84.66042942511515,95.66046522514533,64056.47224963867,76.2078535648246,118.92346372762162,138273.818983746,12.739024914040597,25.960603829555193,9899.66668131181,1506.328660252229,2585.5676961619874,1.030194492319366,89.5698435798043,1.254803500072399,1.0,26.275835157894736,110.383397457765,-27.17608238888889,119.62418594832666,85.6522799604293,96.75664241049196,65532.93495386269,76.23306587474339,117.92434892071486,136002.1626094222,12.695316665207663,25.8899354714717,9855.491482359248,1518.7827263900147,2633.2982879964848,1.0336023197622655,137.67365942621208,1.1119301183542338,0.5,26.28143589473684,110.5756751704248,-27.219065111111114,119.81066380913444,85.819146234083,96.82419918302774,65624.47883204241,77.43175659648526,118.48162599349763,137309.77171034898,12.991145352923038,26.24133199824072,10094.418430560403,1651.8293235456113,2988.004677672207,1.0606879556700017,108.6159358034433,1.0935098079138683,0.5,26.253175052631583,110.3729408730165,-27.024970555555562,120.12237041901078,84.5931099831273,95.2452552858323,63501.610581243556,78.74211864024387,119.90645912562192,140601.77316613952,13.358978911833539,26.362138042992193,10170.328022093025,1608.3084673917203,3056.6352880205095,1.047496637999101,75.98113267409047,0.9744765927874677,1.0,26.16101694736842,110.25316415881784,-27.003480833333338,120.0425929136856,"[-1.92368253e+02  1.11911197e+02 -9.71334555e+00  4.38744623e+01
 -5.84302411e+00  2.56047078e+01 -4.93020954e+00  1.16946200e+01
  2.11924555e+00  9.52223779e+00 -2.65088441e+00  6.81291037e+00
  4.97792649e-01 -2.08027660e-01  4.05697618e+00  1.90702290e-01
  2.88451829e+00 -9.33950299e-01  4.37445104e+00 -8.13578121e-01]","[113.37725734  42.15041816  31.79564289  25.01236844  22.77109912
  18.47589648  16.95449315  12.16370928  11.30248791  11.26588239
  11.14855346  10.27880697   8.24348487   8.50769262   7.86385155
   7.91821708   7.26901399   7.45393647   8.14259793   8.69755798]","[-0.88497628 -1.16220145  0.57296901 -0.35931229  0.32161309 -0.75322219
  0.08637542 -0.1462555   0.01337046 -0.3554994  -0.07357055 -0.02410044
  0.05332525 -0.08513251 -0.04404412 -0.00743557 -0.16286055  0.18306194
  0.27288939  1.04105196]","[0.19884888 1.71795439 0.23328124 1.18186386 0.06341676 1.68983929
 0.00381383 0.18198851 0.23602109 0.29460964 0.05356757 0.44669583
 0.24939293 0.46937018 0.33196161 0.28466421 0.27674848 0.28465169
 0.35535034 2.76093063]","[1.22478251e-05 1.73188044e-05 1.73069436e-05 1.72872325e-05
 1.72596050e-05 1.72242270e-05 1.71810002e-05 1.71300523e-05
 1.70711950e-05 1.70051052e-05 1.69312385e-05 1.68499127e-05
 1.67611333e-05 1.66651323e-05 1.65618681e-05 1.64515354e-05
 1.63339869e-05 1.62100215e-05 1.60790921e-05 1.59416030e-05]","[33.43391762 13.75054496 11.85705178  7.87189926  8.82589752  6.68191875
  7.15050276  5.52105094  5.30967875  5.30057243  4.66207582  4.6350305
  4.33233327  4.43234257  4.20165849  4.38391509  4.0745862   4.05408306
  4.29767436  4.09798614]","[-4.83060577e-04 -4.96690033e-04 -6.61754651e-05  3.25172619e-04
  4.59080972e-04  3.28955986e-04  1.00030316e-04 -5.90423890e-05
 -1.08511794e-04 -1.22403330e-04 -1.66550282e-04 -2.09445612e-04
 -1.59424560e-04  1.59986115e-05  2.20702848e-04  2.93471418e-04
  1.52471856e-04 -1.16954023e-04 -3.20289615e-04 -3.11053238e-04]","[31.73243603 13.98233761 12.98330056  8.79158119  9.5944055   7.88355679
  8.10783174  6.6753168   6.46690309  6.55933602  5.86768385  5.90075836
  5.56759074  5.758667    5.47313285  5.60277941  5.41121957  5.32932349
  5.56812048  5.37265168]"
65.64837753591937,83.5248177288368,48834.76623644787,84.82550745378269,141.8628638322996,196888.29452987015,9.985438297986994,23.724636888194524,8369.72035080214,734.9999999999998,1039.4469683442248,0.6365141682948128,0.0,0.0,0.0,26.723977894736844,113.3802359378869,-28.208643333333335,116.30721601870879,65.64837766521065,83.52481789333486,48834.76642880326,84.8255076208424,141.86286411169164,196888.29530539393,9.985438317652829,23.724636934919047,8369.720383769658,735.0,1039.4469683442248,0.6365141682948128,0.0,0.0,0.0,26.72397794736842,113.38023616118379,-28.208643388888888,116.30721624777021,65.64837779450195,83.52481805783296,48834.766621158684,84.82550778790214,141.86286439108363,196888.29608091785,9.985438337318662,23.724636981643563,8369.72041673717,734.9999999999999,1039.4469683442248,0.6365141682948129,0.0,0.0,0.0,26.723978,113.38023638448065,-28.208643444444444,116.30721647683164,65.64837792379326,83.52481822233106,48834.76681351412,84.82550795496189,141.86286467047572,196888.2968564419,9.985438356984499,23.724637028368083,8369.720449704688,735.0,1039.4469683442248,0.6365141682948128,0.0,0.0,0.0,26.72397805263158,113.38023660777752,-28.2086435,116.30721670589305,65.64837805308456,83.52481838682912,48834.76700586952,84.82550812202156,141.8628649498677,196888.29763196566,9.985438376650336,23.72463707509261,8369.720482672205,734.9999999999999,1039.4469683442248,0.6365141682948128,0.0,0.0,0.0,26.723978105263157,113.38023683107443,-28.208643555555554,116.30721693495447,65.64837818237588,83.52481855132721,48834.767198224945,84.82550828908131,141.8628652292598,196888.29840748964,9.985438396316177,23.724637121817132,8369.720515639725,735.0000000000002,1039.446968344225,0.6365141682948128,0.0,0.0,0.0,26.723978157894738,113.38023705437129,-28.20864361111111,116.30721716401591,65.64837831166714,83.52481871582528,48834.76739058034,84.82550845614104,141.8628655086518,196888.29918301356,9.985438415982012,23.724637168541655,8369.720548607243,735.0,1039.4469683442248,0.6365141682948128,0.0,0.0,0.0,26.723978210526315,113.38023727766817,-28.208643666666667,116.30721739307732,65.64837844095841,83.52481888032332,48834.767582935725,84.82550862320076,141.86286578804382,196888.2999585374,9.985438435647849,23.72463721526618,8369.72058157476,734.9999999999999,1039.4469683442248,0.6365141682948128,0.0,0.0,0.0,26.723978263157893,113.38023750096505,-28.20864372222222,116.30721762213875,65.64837857024973,83.52481904482143,48834.76777529114,84.8255087902605,141.86286606743587,196888.3007340614,9.985438455313682,23.724637261990697,8369.720614542273,735.0000000000001,1039.446968344225,0.6365141682948128,0.0,0.0,0.0,26.723978315789473,113.38023772426193,-28.208643777777777,116.30721785120016,65.648378699541,83.52481920931949,48834.767967646534,84.8255089573202,141.8628663468279,196888.30150958526,9.985438474979519,23.724637308715213,8369.72064750979,735.0,1039.4469683442248,0.6365141682948128,0.0,0.0,0.0,26.72397836842105,113.3802379475588,-28.208643833333333,116.3072180802616,65.64837766521065,83.52481789333486,48834.76642880326,84.8255076208424,141.86286411169164,196888.29530539393,9.985438317652829,23.724636934919047,8369.720383769658,735.0,1039.4469683442248,0.6365141682948128,0.0,0.0,0.0,26.72397794736842,113.38023616118379,-28.208643388888888,116.30721624777021,65.64837767813981,83.5248179097847,48834.76644803884,84.82550763754838,141.86286413963083,196888.2953829464,9.985438319619412,23.724636939591495,8369.720387066407,735.0,1039.4469683442248,0.6365141682948128,0.0,0.0,0.0,26.72397795263158,113.38023618351346,-28.208643394444444,116.30721627067634,65.64837769106892,83.52481792623449,48834.76646727435,84.82550765425435,141.86286416757002,196888.29546049875,9.985438321585995,23.72463694426395,8369.72039036316,734.9999999999998,1039.4469683442248,0.6365141682948128,0.0,0.0,0.0,26.723977957894736,113.38023620584316,-28.2086434,116.30721629358248,"[-179.18079565  139.6301558   -17.53661601   41.19750925   -3.8896182
    9.17895324  -10.61407026   11.2151748    -9.4111031    -3.67183581
   -2.40974032   -3.89448897   -2.44355312   -0.45659268   -2.66683654
   -6.02403032   -1.87229988   -3.87015342   -1.50952396   -2.32960571]","[63.09649862 31.39863352 22.4531246  18.98259385 17.3763634  17.76050343
 16.17778532 12.78592323 10.54492404 10.96798715  8.66166744  8.93754678
  9.48532517  9.59844705  9.32616851 10.6186025  11.71861174 10.29084618
  9.42411843  9.86993565]","[-1.96105324 -1.51772273  0.05941038 -0.0092691  -0.10020634  0.23173171
 -0.30203233  0.11764122 -0.40551018  0.17656811 -0.15393954 -0.05596538
  0.00717525  0.29763954  0.24114365  0.6321766   0.84937275  0.3451208
 -0.03260177  0.56175617]","[ 9.2693139   4.09805042 -0.18562585  0.0563302  -0.26163013 -0.1968305
 -0.45691451 -0.19530116  0.4315826   0.61590435  0.44451968  0.26074995
  0.24973456  0.7415795   0.51257875  1.0941694   1.54387388  0.82928908
  0.73447518  1.03406439]","[-1.30439853e-10  4.15619289e-18 -7.89676648e-18  4.98743146e-18
 -1.87028680e-18 -1.03904822e-18  1.03904822e-19 -1.55857233e-18
  1.94821542e-18  2.90933502e-18  8.05262372e-19 -2.33785850e-19
  1.27283407e-18  2.28590609e-18  3.37690672e-18 -5.19524111e-20
  3.58471636e-18  3.63666878e-18 -2.51969194e-18 -1.27283407e-18]","[19.66039064 11.47467016  7.66168201  5.07881761  6.34576415  7.17731185
  6.97928969  5.58178878  4.80854267  4.59995952  4.00419855  4.13307147
  4.34462017  4.21447571  4.152624    3.92835244  4.1863657   4.06337379
  3.72645948  3.64355077]","[ 2.89550165e-11  1.63654881e-18 -5.92274808e-18 -3.42895942e-18
 -5.68895540e-18  9.32573053e-18  3.55884424e-18  9.71538501e-18
 -6.52021828e-18 -2.07815722e-19 -4.93562340e-19  4.36413017e-18
 -6.93584973e-18 -1.53264095e-18 -2.07815722e-18  2.28597294e-18
  1.66252578e-18 -1.40275612e-18  3.16918976e-18  3.37700549e-18]","[19.04766227 11.42291184  7.93478877  5.69282349  6.75569113  7.13201481
  7.20557269  6.25056877  5.65223408  5.38209035  4.99902202  5.20928155
  5.37340987  5.165675    5.13139399  4.98371697  5.23801435  4.96131059
  4.68389519  4.58333265]"
74.61595337674272,94.9343173339789,63087.672253680255,96.41268142334383,161.24134717282828,254352.0764642451,11.349450305626725,26.96542498649098,10812.505414478068,734.9999999999998,1039.4469683442246,0.6365141682948128,0.0,0.0,0.0,30.374476315789472,128.8679890673095,-32.06194722222222,132.19479496020097,74.61595350603405,94.934317498477,63087.67247231146,96.41268159040355,161.24134745222028,254352.07734570565,11.349450325292564,26.965425033215507,10812.505451948951,735.0,1039.4469683442248,0.6365141682948128,0.0,0.0,0.0,30.374476368421053,128.86798929060637,-32.061947277777776,132.19479518926238,74.61595363532543,94.93431766297516,63087.67269094275,96.41268175746328,161.24134773161234,254352.07822716623,11.3494503449584,26.965425079940033,10812.505489419838,734.9999999999998,1039.4469683442248,0.6365141682948128,0.0,0.0,0.0,30.37447642105263,128.8679895139033,-32.061947333333336,132.19479541832382,74.61595376461669,94.93431782747322,63087.67290957391,96.41268192452299,161.24134801100436,254352.0791086267,11.349450364624241,26.965425126664563,10812.505526890725,735.0,1039.4469683442248,0.6365141682948128,0.0,0.0,0.0,30.37447647368421,128.86798973720013,-32.06194738888889,132.19479564738523,66.31840057279678,81.317829746344,46288.12604258773,86.3701313449835,147.26404569205098,214482.99704714844,12.022795166351871,27.844275342333198,11515.23314816928,662.9644029622864,1160.203899372864,0.65263035094625,895.2922800540741,2.861435887753141,1.5,28.794034026315796,131.1361306001717,-32.66512743333334,136.28064935827484,60.31148817871082,71.73878529359841,36025.173207807085,79.50703039884948,133.90254124833316,178069.30252498479,13.973206912688152,30.379187141709174,13578.871494650291,810.041081240382,1858.2949640917577,0.7537976941449461,1276.9710235535326,4.951368338967229,2.494438257849294,27.251258753684205,131.69710112975423,-32.79625281555556,141.77373132639275,60.71757754895868,68.90925021609759,33239.393357413224,81.98522861556098,130.51307862839744,168785.06855373713,14.407310187537403,31.69788940543195,14737.539567253198,828.2458757081044,1828.7385898894358,0.7604064887151719,1358.4617681812122,54.61368154819017,1.8856180831641267,26.64914436842106,131.43047962495186,-32.81914005555555,143.92970981813605,60.73372051406871,66.00051920011269,30492.479742791107,79.05426529576448,121.34429428486823,146096.73408442808,15.335723566436682,33.41772043032489,16321.971777373552,1961.302834963298,2840.6856899278455,1.0214788832309847,1502.1412460261283,1.8599128916791308,2.0,25.45685047684211,131.00987830641336,-32.88849105222222,146.66614200046678,61.484317998438264,66.60190007477333,31050.691654990635,80.3921661274855,122.892843143508,149846.6408182341,15.414097934992583,34.04780826838335,16940.77589368009,1909.540962535349,2707.4916759253397,1.0792707745104053,1382.510479029897,2.173054870047847,2.0,25.233084821052636,129.95280791779828,-32.70925335555555,146.39061924893605,66.80471759304596,71.74093635623348,36027.33364488399,87.22663276075384,128.6227350956114,163486.74907249387,16.26561495213243,34.16533850912911,17091.781132070373,3250.285201512101,3922.256739341547,1.546886153835289,1211.4100993125637,3.804422296009448,1.5811388300841898,25.340892594736843,128.3163055880561,-32.61329470555555,144.74315062964132,61.33026605359553,65.81778080013235,30323.861886179897,81.85810247539851,124.60584304678086,154207.88089621917,17.646785558921266,35.168768467911455,18070.89783129168,4551.560850815883,5215.302598428335,1.8150890231357482,1199.0060480140664,9.648548447024611,0.9797958971132712,24.646160835789477,127.60414804234739,-32.22192800666667,145.82088863681338,55.1172755857935,60.256542333549646,25415.956257964026,75.87546571441067,117.86230899450285,138048.7383501549,18.32618943211922,36.68124118669807,19526.807633569442,4830.214509606,5891.621500130836,1.7206125114214819,988.4052287705563,4.408489693565503,0.9797958971132712,23.946617072105255,125.8719770421111,-31.301650757222223,147.0193556515553,52.51279234754303,57.73408337578536,23332.57068269495,73.21501194465402,113.82700389525671,128698.71629197878,19.352057195538098,37.78066162753942,20645.173166265093,6563.239119358348,6523.6405260792235,1.7470938451061149,954.7673697464049,3.353623487707038,0.9797958971132712,23.55441821052632,124.25132250737599,-30.355119538888882,147.28839439203037,"[-321.78905871  176.86629926  -24.18139098    7.84032394   26.07642836
   -5.3119371     2.22693173   -4.19439589  -12.83925477   -1.97249504
   -4.23793352  -12.21989595  -10.07152372   -5.09730173   -3.74975061
   -1.89979713    1.96566978    1.05533764    0.70826675    4.073623  ]","[43.92471386 26.79166773 26.74831057 18.66069713 14.96088101 15.34084046
 13.92362256 12.52288683 10.73188239 10.60906807 11.93155966 10.49979907
 10.63485222 12.55469793 14.76948382 16.87094088 17.74153693 15.40584383
 14.49223189 16.4587737 ]","[-2.18547403 -2.43135646  0.41535559  0.78194325 -0.26792114  0.00394511
  0.18103279 -0.43338218 -0.16124106 -0.03727253 -0.11059768 -0.11320992
  0.39815603  0.61615012  0.81176129  0.73718488  0.77799218  0.69940811
  0.17981103 -0.25385204]","[ 9.15731682 12.79899362 -0.234616    1.20341014 -0.13647701 -0.37126135
  0.21722422  0.21895225 -0.25294777 -0.01804588 -0.2664494  -0.37401907
  1.12004291  1.14303403  0.66192489  0.15588453  0.45512405  0.6691063
  0.62556799  0.26074284]","[-5.56197629e-10  2.05299837e-18 -5.13249592e-19  0.00000000e+00
  9.23849266e-18  7.69874389e-19  1.07782414e-17 -7.18549429e-18
  2.05299837e-18 -2.30962317e-18  7.95536868e-18 -4.10599674e-18
  2.05299837e-18  2.18131077e-18  3.84937194e-19 -1.02649918e-18
 -1.15481158e-18 -6.92886950e-18 -1.48842382e-17  9.23849266e-18]","[9.71705916 6.41197501 6.82092342 5.44607176 4.78974485 4.7210704
 4.65171128 4.27015586 4.20829621 4.1375493  4.08263702 4.18280773
 4.16612654 4.22731673 4.19416537 4.26614679 4.28891011 4.17953045
 4.20386215 4.22870296]","[ 6.50148112e-11  1.53986001e-18  2.30979001e-18  2.88723751e-18
 -6.41608336e-20 -7.25017420e-18 -1.45003484e-17 -1.28321667e-19
  8.79003420e-18  7.69930003e-19  5.77447503e-18 -5.77447503e-18
  8.85419504e-18 -5.45367086e-18  7.25017420e-18 -1.92482501e-18
  1.66818167e-17  1.09073417e-18  6.41608336e-19 -8.98251671e-19]","[9.15027516 7.01074117 6.96876216 5.97490817 5.79667951 5.56216988
 5.49143699 5.28248996 5.13662479 5.0462021  5.0235263  5.12588581
 5.13222222 5.14746304 5.09379814 5.14727681 5.11905131 5.01720326
 4.98399788 5.00844481]"
70.17592086354408,89.28523779393828,55802.975815440725,90.67563162592423,151.64665875137794,224982.19167871412,10.674099712577524,25.360843683780498,9563.991768823638,734.9999999999998,1039.4469683442248,0.6365141682948127,0.0,0.0,0.0,28.56703894736842,121.19968174862653,-30.154096666666664,124.32852560175208,70.15458503607061,89.28698638546135,55805.161564582915,90.6985275241587,151.68448477991447,225094.77765265256,10.676931294504715,25.36742880063977,9568.959377232488,735.0852267491205,1039.477137640921,0.6365410932919676,14.49930170953728,0.0,0.0,28.571423212105262,121.23183940416656,-30.162237516666664,124.36082507746252,68.49257661728605,88.07511301664853,54300.57873026788,90.97604616584974,151.93546667797938,225906.80276562588,10.710246370479247,25.4455942436034,9628.074667564772,732.0643467742824,1038.7190191787977,0.6361548286258175,184.05588198646157,0.0,0.0,28.48661521052631,121.63963092280403,-30.25395287222222,124.75931518784824,67.56560234631463,86.13495099158489,51934.60847625911,91.47958230117882,151.6594857087911,225251.07674628164,10.733343500034875,25.482858133207827,9656.492363961388,714.0682364455549,1035.1969713908607,0.6342570234418191,258.1801915479912,13.221956042278883,0.0,28.35653325789474,121.84106869911548,-30.264102955555554,124.98701208528689,68.59321568243571,86.22016751428062,52037.42100333427,91.6617281005342,151.5193240380845,224874.92911937513,10.73487186592769,25.479035878546405,9653.693448694043,702.680182735861,1032.210561432081,0.6318661844853372,247.07602878779167,75.18617322971548,0.0,28.399739584210533,121.8066285983612,-30.244173072222225,124.98143163238821,69.33819438351891,88.08490868954873,54312.657971922956,91.09019951584602,151.73368082717712,225342.33115175858,10.705904057778593,25.428160622623768,9614.957126434123,722.6983652329985,1035.6057887442976,0.633588321398401,143.1999199079886,3.1667588527379005,0.0,28.509246647368418,121.54201407125886,-30.21852672777778,124.68502559819335,69.31113473017989,88.63594066860398,54994.30984745799,90.90914689222622,151.8843448466045,225728.33698107177,10.70052305497168,25.42219196348597,9610.35038169527,732.4970292478923,1038.6701988070517,0.6359503234801841,133.48721728139495,1.711236619120582,0.0,28.538900063157897,121.51185017740913,-30.224942194444438,124.6387961631853,68.81681240332556,87.39900918984962,53470.10765157193,91.26898095970279,151.70822310399313,225313.47566054863,10.716376941366963,25.446508578018587,9628.864693921572,718.7522647552215,1034.9662557921251,0.6334319134026584,181.73087645221634,5.8398746996513236,0.0,28.46215210526315,121.64149551349969,-30.22821546666666,124.78802620564242,67.80005623843417,86.73327260498611,52658.624037395835,91.3254113951387,151.75777109021195,225487.70744365634,10.726087329520121,25.470035270747587,9646.691350976418,720.3695618591653,1036.1764831491673,0.6347340986706145,232.7735090706983,5.9317340704296555,0.0,28.39567794736841,121.7733857651119,-30.257790794444443,124.90919402535697,67.50367921193127,86.31706343103862,52154.4480755056,91.40315204100953,151.7005445382732,225348.57599859426,10.729910120120568,25.476561881798755,9651.675848619676,717.8291277983116,1036.000903595862,0.6348171097881182,245.69318746099918,10.714180445460386,0.0,28.361776905263156,121.81108701101782,-30.260753533333343,124.9494073147849,68.5223976672956,87.3492726411249,53409.268016534996,91.23170955375622,151.75548458368146,225447.41471345982,10.71761930834166,25.45209082841461,9633.08195062136,721.0525942595497,1035.6829259660576,0.6340062529547433,194.4784819006219,4.415239104157656,0.0,28.450121947368423,121.67316282733807,-30.24021569999999,124.81281153768028,68.32494890936064,87.9144174769128,54102.613602134385,90.99047840127963,151.91065480998776,225841.02741258897,10.710587051864259,25.44524901012797,9627.809640150685,731.7529816369422,1038.7033594018435,0.636208160564921,182.95135100421857,2.457968614598245,0.0,28.47010209999999,121.64111039811246,-30.251259633333333,124.7598008976689,68.53083384695,87.74135745379208,53889.8206548388,91.0036041580768,151.76480748859717,225442.58695473106,10.711251581753714,25.443468094695103,9626.449753507713,726.5393356053182,1036.9384432186612,0.6347038248829494,175.49729525449413,2.977352809151832,0.0,28.464551378947363,121.62612544924927,-30.240379988888897,124.76020930069103,"[-224.38594554  154.50863481  -19.56646509   30.07587063   -9.32455462
    6.65839906   -7.98151207    8.814775     -6.01646696   -8.40749076
   -3.47988217   -8.41381402   -6.9163106    -8.43521019   -0.26922846
   -3.60560061   -1.30915322   -2.20342783    1.66465514    1.60308466]","[64.35422022 29.6130776  21.66210178 18.92316986 19.86606345 14.21509612
 12.00765126  9.41689271  9.28227835 10.29896604  8.97006696  8.42663124
  8.50536801  9.39553154  9.1153935   9.21032353 10.19538184 11.89537256
 12.87689259 10.38657396]","[-1.36952077 -1.74743944  0.53788184  0.25915763 -0.18364316  1.09701037
 -0.38061696 -0.03004148 -0.05129781 -0.08563263 -0.13184749  0.04760708
  0.06162116  0.71518509  0.81801602  0.3929135   0.7294827   0.74027712
  0.84339669  0.47474375]","[ 4.79578000e+00  5.78146585e+00  2.74630529e-01 -1.86148500e-01
 -3.58961605e-01  3.24578036e+00 -3.48566185e-02 -1.64385733e-01
  9.82929036e-02 -2.33562991e-03 -4.98447674e-03 -1.11433182e-02
  3.19961184e-01  2.35605102e+00  2.08521788e+00  6.37747324e-01
  6.88461937e-01  5.89216802e-01  6.41417821e-01  2.57113360e-01]","[9.26330731e-05 1.30949459e-04 1.30783973e-04 1.30508454e-04
 1.30123471e-04 1.29629583e-04 1.29027738e-04 1.28318916e-04
 1.27504404e-04 1.26585543e-04 1.25564017e-04 1.24441498e-04
 1.23219993e-04 1.21901515e-04 1.20488427e-04 1.18983046e-04
 1.17387793e-04 1.15705962e-04 1.13939799e-04 1.12092427e-04]","[18.98077732  8.02675784  7.05023148  5.68432917  5.97584241  4.71917871
  4.80411324  4.13239445  4.17993423  4.11721084  4.21769812  3.82355763
  3.74704602  3.72659654  3.71746186  3.65219142  3.65401629  3.77611787
  3.88232219  3.86345742]","[-2.68871075e-07 -3.81984803e-07 -3.94305277e-07 -4.14808784e-07
 -4.43459419e-07 -4.79731964e-07 -5.23830995e-07 -5.75443804e-07
 -6.34252672e-07 -6.99909402e-07 -7.72090013e-07 -8.50434202e-07
 -9.34555361e-07 -1.02375877e-06 -1.11774967e-06 -1.21595065e-06
 -1.31831455e-06 -1.42254092e-06 -1.52969397e-06 -1.63854083e-06]","[20.21818322  8.85079059  8.1392731   6.73799288  6.83988677  5.69911593
  5.89720178  5.21795169  5.33275764  5.27448024  5.32451427  4.9142877
  4.84875379  4.84927329  4.82488686  4.73296307  4.72708939  4.78138694
  4.83629195  4.87117978]"
73.18533871002886,93.11413786020447,60691.69868614415,94.56415721559118,158.14986035657785,244692.17255138952,11.13184683972461,26.448415811722846,10401.862950642035,735.0,1039.4469683442248,0.6365141682948128,0.0,0.0,0.0,29.792105263157893,126.39719794441429,-31.44722222222222,129.66021885449317,73.18546800132597,93.11430235828394,60691.91312568945,94.56432427531598,158.15013974861097,244693.03711243076,11.13186650556127,26.4484625362451,10401.899703127297,734.9999999999995,1039.4469683442246,0.6365141682948128,0.0,0.0,0.0,29.792157894736846,126.39742124129258,-31.44727777777778,129.6604479159168,73.18559729262302,93.11446685636334,60692.1275656135,94.56449133504078,158.15041914064415,244693.9016749994,11.131886171397927,26.44850926076733,10401.936455677478,734.9999999999997,1039.4469683442248,0.6365141682948128,0.0,0.0,0.0,29.79221052631579,126.39764453817085,-31.447333333333333,129.66067697734047,73.2759704125453,93.13171920108996,60714.619849454684,94.55640958914518,158.11198811400737,244575.19203566413,11.255444891756467,26.32569166057345,10309.324106134976,736.7774965579442,1054.455752117758,0.637558087452429,6.590120333638705,0.9913879965397991,0.5,29.796625937894742,126.24741352632319,-31.36982858444445,129.39308833683404,70.65050182156644,90.84117556673682,57764.83424842694,91.81683254046372,153.5185476307105,230353.76428026822,14.723271757538283,15.343956030894908,4376.160817499227,3860.6515529105536,6986.495907774324,1.2141236487734104,1146.8410678675186,1.335546688078156,0.7637626158259734,27.81877200526316,111.44637254218782,-26.69875296666667,106.59912463696635,68.94070719758281,89.37455141551202,55914.67308506801,90.34974158880888,150.94405154325437,222551.84188391702,15.99334728541325,19.21785924307678,6234.940563852575,6763.185375928495,8845.946403829204,1.4977896694479464,1954.6610416617145,1.2229940452535784,0.34992710611188266,26.555250400000006,107.00682966388369,-24.318177938888894,108.2851145459383,67.92775221462323,87.98487206646163,54189.36398786135,88.84977663961848,148.29153384650814,214653.9536730636,22.755361723953595,28.662882485775654,12165.82432543725,9534.860383596579,9520.692110226697,1.6604702510352327,2884.5561688385305,1.2047224541235744,0.34992710611188266,25.298448510526317,106.00469435228331,-21.79812891222222,121.42602756949574,67.7718677782539,87.79197627082665,53952.017682761725,88.62368486733048,147.8969539557841,213493.77813637076,23.611726107134967,30.137153831873064,13294.441045975664,9923.34443402648,9547.459782104197,1.67576163229136,3033.175340336122,1.2033230231202217,0.34992710611188266,25.115888526315793,106.15804637838471,-21.418402394444445,124.13411044128047,68.70917925838037,88.90655005515488,55330.62249896832,89.97927555743783,150.25348913461235,220480.12026833172,17.41174446241248,20.69956141483774,7113.400857780137,7719.912535055737,9237.307885352502,1.5548004462939544,2195.9653393193025,1.1970802826010531,0.34992710611188266,26.13037665789474,106.36251198557581,-23.85922836666667,110.6333102369073,71.59878017309727,92.3237907007558,59665.77630549874,94.03086737040202,157.19350815368682,241684.1044153241,11.75697309187463,22.399009527040732,7992.316422724282,1003.804014816715,2516.1897015481877,0.7135622858046612,223.19049763359692,1.1709157689260914,0.4517539514526256,29.18076842105263,122.59337532290049,-30.863699555555552,122.14703809641448,73.17439796235162,93.11318302282864,60690.45396849948,94.57267918088525,158.16390307965102,244735.7859669964,11.132910986840285,26.450880771286375,10403.802089477404,735.0366197401295,1039.4599222686304,0.6365257070069912,5.651031731652589,0.0,0.0,29.793519815789477,126.40928717123083,-31.45029270666667,129.67231113882542,73.11546327257086,93.106669488844,60681.96332313385,94.61597594219876,158.23520883434327,244957.3351662317,11.138328244779323,26.463419956712233,10413.66866075466,735.2306243715386,1039.5287768017956,0.6365875315748496,34.45642615605996,0.0,0.0,29.80046343894737,126.47083848329817,-31.465936951111107,129.7338222007851,73.11113201084613,93.10616854881451,60681.31035288179,94.61910530378832,158.24036210334037,244973.35119052243,11.138720670724231,26.464326713331168,10414.382598287253,735.2448602470951,1039.533844096268,0.6365921086071599,36.537909612909004,0.0,0.0,29.800960229473688,126.4752908165501,-31.467068746666673,129.73827093582045,"[-235.69269821  129.04842305    2.72720911   38.13747433   -2.54298967
   13.58189512  -14.77374025    7.21829805  -16.43966777   -1.55100423
  -13.57336865    7.57441742   -5.58744316    3.81659914   -8.30510356
   -6.67932377  -12.71062946  -11.00151694   -2.94054292   -8.2613203 ]","[87.2546287  29.6212482  16.90346473 11.58014252 12.53183651 10.6523897
 10.20100137 10.6300478   9.83771167 11.77077043 10.22696461  9.73570731
  9.4605769   8.60765894  7.65402811 10.07977813  8.3405978  10.49543185
  8.98331017  9.34595191]","[-1.30389686 -1.50020808  0.41488362 -0.70771179  0.1464245   0.1659027
  0.1578997   0.15498051 -0.07509088 -0.06637404 -0.46323864  0.07304413
 -0.18514411  0.13942126 -0.1111073   0.17491567  0.10346052  0.2764004
  0.90370198  0.38271612]","[ 3.12664237  4.72694303  0.95804048  1.34329803 -0.26590281  0.06633984
  0.03759264 -0.4102514  -0.09049362 -0.33679157  0.22780771 -0.29142639
 -0.06619322 -0.1098127   0.0330174   0.19803201 -0.06036322 -0.05477665
  1.18327653  0.15754131]","[-2.76912426e-07 -4.91895283e-18 -3.07434552e-18  3.07434552e-18
  7.99329834e-18  5.53382193e-18 -3.07434552e-19 -6.14869103e-18
 -9.53047110e-18 -9.53047110e-18  2.45947641e-18 -1.22973821e-18
  3.38178007e-18 -1.53717276e-19  3.99664917e-18 -2.92062824e-18
 -3.38178007e-18 -6.30240831e-18  5.07267010e-18 -6.14869103e-18]","[12.54295678  7.29357802  4.67814015  3.91834074  3.90701801  3.92259286
  3.73844356  3.8793769   3.78856946  3.79125525  3.76864652  3.5991319
  3.56823426  3.56309652  3.48384148  3.35888269  3.40102035  3.38969877
  3.17142649  3.30568707]","[ 7.78883600e-08  3.07461158e-18  6.53354960e-18  3.07461158e-19
  1.09917364e-17 -5.68803142e-18 -7.53279837e-18  4.07386034e-18
  2.45968926e-18  5.30370497e-18 -1.36820215e-17  4.91937853e-18
  7.37906779e-18 -6.68728018e-18 -7.68652895e-19  1.11454670e-18
 -6.61041489e-18 -5.38057026e-19 -5.38057026e-18 -2.84401571e-18]","[13.58882891  7.98569345  5.60484111  4.93381582  4.84295502  4.88931104
  4.71999524  4.79199229  4.7886133   4.69111087  4.61960404  4.48664935
  4.42512585  4.44937072  4.36731395  4.25802255  4.34707714  4.21838002
  4.11919483  4.29194794]"
61.52248279431403,78.27541752740154,42889.28692362329,79.49436099908043,132.94701143983923,172917.7634455829,9.357869591605056,22.233581689915756,7350.733202202217,735.0,1039.4469683442248,0.6365141682948128,0.0,0.0,0.0,25.04441894736842,106.25447081136639,-26.435775555555555,108.99749491067695,61.52248292360531,78.2754176918996,42889.28710388945,79.49436116614017,132.94701171923128,172917.76417236647,9.357869611270896,22.233581736640286,7350.733233097783,735.0,1039.4469683442248,0.6365141682948128,0.0,0.0,0.0,25.044418999999998,106.25447103466327,-26.43577561111111,108.99749513973836,61.522483052896575,78.27541785639765,42889.2872841556,79.49436133319988,132.94701199862328,172917.7648991499,9.357869630936733,22.23358178336481,7350.733263993345,734.9999999999999,1039.4469683442248,0.6365141682948128,0.0,0.0,0.0,25.04441905263158,106.25447125796015,-26.435775666666665,108.99749536879979,61.522483182187855,78.27541802089571,42889.287464421766,79.49436150025961,132.94701227801534,172917.76562593342,9.357869650602566,22.233581830089324,7350.733294888903,734.9999999999998,1039.4469683442248,0.6365141682948128,0.0,0.0,0.0,25.044419105263156,106.25447148125701,-26.43577572222222,108.99749559786122,61.522483311479206,78.27541818539386,42889.28764468801,79.49436166731935,132.9470125574074,172917.76635271686,9.357869670268407,22.233581876813847,7350.73332578447,734.9999999999998,1039.4469683442248,0.6365141682948129,0.0,0.0,0.0,25.044419157894737,106.25447170455392,-26.435775777777778,108.99749582692263,61.52248344077048,78.27541834989192,42889.287824954175,79.49436183437909,132.94701283679947,172917.76707950048,9.357869689934244,22.233581923538377,7350.733356680032,734.9999999999999,1039.4469683442248,0.6365141682948128,0.0,0.0,0.0,25.044419210526318,106.25447192785079,-26.435775833333334,108.99749605598407,61.52248357006176,78.27541851438998,42889.28800522034,79.4943620014388,132.94701311619147,172917.7678062839,9.35786970960008,22.233581970262897,7350.733387575593,735.0,1039.446968344225,0.6365141682948128,0.0,0.0,0.0,25.044419263157895,106.25447215114767,-26.43577588888889,108.99749628504549,60.77028975887983,77.91768011350493,42498.15411989337,79.22114627332861,132.50261224026445,171739.22925775428,9.865550620076688,21.028314896692027,6655.017483922226,855.9768718682886,1764.1786065551596,0.6809483940952723,53.81274113364259,0.9261539741004972,0.5,24.798569342105267,104.7206777352421,-26.142083030000002,106.20938576611265,60.70237745263072,77.86155189732015,42436.94884701356,79.16066111305551,132.3925223711887,171448.96565551212,9.795399602491795,20.580104442537383,6426.5850775744675,873.356145155215,1848.4718653026714,0.6868232721548146,73.38869890334284,1.0054014631118033,0.4714045207910317,24.74237659473684,104.28474014051882,-26.063474892777773,105.36489826599028,61.522483699353096,78.27541867888807,42889.28818548655,79.49436216849853,132.94701339558353,172917.7685330674,9.357869729265918,22.233582016987423,7350.733418471158,734.9999999999998,1039.4469683442248,0.6365141682948128,0.0,0.0,0.0,25.044419315789476,106.25447237444457,-26.435775944444444,108.9974965141069,61.52248382864436,78.27541884338615,42889.28836575272,79.49436233555825,132.94701367497555,172917.76925985087,9.35786974893175,22.233582063711932,7350.733449366712,735.0,1039.4469683442248,0.6365141682948128,0.0,0.0,0.0,25.044419368421053,106.25447259774144,-26.435776,108.99749674316836,61.522483957935655,78.27541900788422,42889.28854601889,79.49436250261797,132.94701395436755,172917.76998663435,9.357869768597585,22.233582110436455,7350.7334802622745,734.9999999999999,1039.4469683442248,0.6365141682948128,0.0,0.0,0.0,25.044419421052634,106.25447282103832,-26.435776055555557,108.99749697222977,61.52248292360531,78.2754176918996,42889.28710388945,79.49436116614017,132.94701171923128,172917.76417236647,9.357869611270896,22.233581736640286,7350.733233097783,735.0,1039.4469683442248,0.6365141682948128,0.0,0.0,0.0,25.044418999999998,106.25447103466327,-26.43577561111111,108.99749513973836,"[-195.49735563  118.3590531     6.24052384   37.02985981   -1.9679781
   21.48796967   -3.86742111    8.02437875   -6.30025687    3.2847087
   -6.69722183    4.07817005   -7.58606062   -4.52980185   -7.09568634
   -4.75084867   -4.89915481   -2.6173295     0.30296395   -4.18781788]","[70.27071227 26.2778446  15.60862879 11.88564247 10.39200105  8.83519395
  9.7828577   9.48525131  8.20489519  9.41303579  8.26828615 11.49551363
  8.73187942  9.85842774  8.2895892   8.78382722  8.93486886  9.45726443
 10.04114402 10.78022079]","[-1.80812297 -1.80315685  0.18862684 -0.52237746  0.29816122 -0.18308699
 -0.04928731  0.1451054  -0.03057492  0.36317029 -0.28254166  0.59116965
 -0.2408265   0.52723766  0.3813785  -0.04530797  0.34820234  0.228703
  0.45715881  0.14993424]","[ 5.09275926  6.8583221   0.715831    0.75337304  0.19444839  0.09138373
 -0.11280914 -0.22954796 -0.02863845  0.03902489  0.08121089  0.09894141
  0.13882449  0.16588671  0.52618143  0.14049999  0.40453143 -0.1030995
  0.12583267 -0.30323902]","[-1.85427585e-10 -3.10009920e-18 -2.71258680e-18 -3.10009920e-18
  7.55649179e-18  4.65014879e-18  1.06565910e-18 -3.87512400e-19
 -1.55004960e-18 -3.29385540e-18  3.39073350e-18 -1.74380580e-18
 -5.13453929e-18  2.32507440e-18 -6.20019839e-18 -1.74380580e-18
 -8.52527279e-18 -1.93756200e-18 -4.65014879e-18  5.42517359e-18]","[8.81654187 5.0706757  4.20657395 3.49372664 3.59332125 3.48111147
 3.60704591 3.41472133 3.46051975 3.48641782 3.38821055 3.41063974
 3.37478406 3.44879905 3.19594261 3.26610882 3.28797267 3.16951292
 3.12081811 3.16985228]","[ 1.07996073e-10 -3.87554672e-19 -1.19173062e-17 -9.49508947e-18
  4.84443340e-18 -4.84443340e-19  4.84443340e-19  1.88932903e-18
  5.23198807e-18  4.79598907e-18  3.29421471e-18  8.23553678e-19
  7.75109344e-18  5.81332008e-19 -8.71998012e-18  5.03821074e-18
  1.41457455e-17  1.02701988e-17  2.51910537e-18 -4.84443340e-19]","[8.6121741  5.87615504 4.78269103 4.34117895 4.48700787 4.41139705
 4.43615884 4.36426005 4.46432296 4.4466901  4.30658407 4.24636956
 4.31463067 4.27034562 4.16568634 4.26545017 4.26838441 4.07865655
 4.048043   4.12037947]"
75.94605052454475,96.62660777590223,65356.909311946336,98.13132504806092,164.11562065291716,263501.01376278186,11.551764566819823,27.446108181446697,11201.42669026351,734.9999999999999,1039.4469683442248,0.6365141682948128,0.0,0.0,0.0,30.91592894736842,131.16517803219412,-32.63348055555556,134.55128726209563,75.94605065383607,96.62660794040029,65356.90953447481,98.13132521512064,164.11562093230918,263501.0146599552,11.551764586485659,27.446108228171212,11201.426728402343,735.0,1039.4469683442248,0.6365141682948128,0.0,0.0,0.0,30.915929,131.16517825549104,-32.63348061111111,134.55128749115707,75.94605078312726,96.62660810489828,65356.90975700315,98.13132538218038,164.11562121170127,263501.0155571287,11.551764606151496,27.446108274895753,11201.42676654118,735.0,1039.4469683442248,0.6365141682948128,0.0,0.0,0.0,30.91592905263158,131.1651784787879,-32.633480666666664,134.5512877202185,75.9460509124186,96.62660826939639,65356.90997953167,98.13132554924012,164.11562149109332,263501.0164543022,11.551764625817334,27.446108321620272,11201.426804680017,734.9999999999999,1039.4469683442248,0.6365141682948128,0.0,0.0,0.0,30.915929105263157,131.1651787020848,-32.633480722222224,134.55128794927992,75.94605104170992,96.6266084338945,65356.91020206021,98.1313257162998,164.1156217704853,263501.0173514753,11.551764645483168,27.446108368344788,11201.426842818853,734.9999999999999,1039.4469683442248,0.6365141682948128,0.0,0.0,0.0,30.915929157894738,131.16517892538167,-32.63348077777778,134.55128817834134,75.94605117100113,96.62660859839254,65356.91042458861,98.13132588335957,164.11562204987735,263501.01824864885,11.551764665149005,27.446108415069308,11201.426880957688,735.0,1039.4469683442248,0.6365141682948128,0.0,0.0,0.0,30.915929210526315,131.16517914867853,-32.63348083333333,134.55128840740275,75.94605130029252,96.6266087628907,65356.91064711721,98.13132605041929,164.11562232926937,263501.01914582227,11.55176468481484,27.44610846179383,11201.426919096526,735.0,1039.4469683442248,0.6365141682948128,0.0,0.0,0.0,30.915929263157892,131.16517937197546,-32.63348088888889,134.5512886364642,75.94605142958383,96.62660892738877,65356.91086964568,98.131326217479,164.1156226086614,263501.0200429956,11.551764704480679,27.446108508518353,11201.42695723536,735.0,1039.4469683442248,0.6365141682948128,0.0,0.0,0.0,30.915929315789473,131.16517959527226,-32.63348094444444,134.55128886552563,75.94605155887514,96.62660909188688,65356.91109217421,98.13132638453871,164.11562288805337,263501.0209401689,11.551764724146516,27.446108555242873,11201.426995374199,735.0,1039.4469683442248,0.6365141682948128,0.0,0.0,0.0,30.91592936842105,131.1651798185692,-32.633480999999996,134.55128909458705,75.94605168816638,96.6266092563849,65356.9113147026,98.13132655159845,164.11562316744553,263501.02183734253,11.551764743812353,27.4461086019674,11201.427033513035,735.0,1039.4469683442248,0.6365141682948128,0.0,0.0,0.0,30.91592942105263,131.16518004186605,-32.633481055555556,134.55128932364846,75.94605065383607,96.62660794040029,65356.90953447481,98.13132521512064,164.11562093230918,263501.0146599552,11.551764586485659,27.446108228171212,11201.426728402343,735.0,1039.4469683442248,0.6365141682948128,0.0,0.0,0.0,30.915929,131.16517825549104,-32.63348061111111,134.55128749115707,75.94605066676516,96.6266079568501,65356.90955672765,98.13132523182661,164.11562096024838,263501.0147496725,11.551764588452242,27.446108232843663,11201.426732216225,734.9999999999999,1039.4469683442248,0.6365141682948128,0.0,0.0,0.0,30.915929005263155,131.1651782778207,-32.63348061666667,134.5512875140632,75.94605067969425,96.62660797329985,65356.909578980434,98.13132524853262,164.11562098818763,263501.01483939,11.551764590418827,27.446108237516125,11201.426736030113,735.0,1039.4469683442248,0.6365141682948128,0.0,0.0,0.0,30.915929010526316,131.16517830015042,-32.63348062222222,134.55128753696934,"[-2.42608927e+02  1.32610169e+02 -4.59749510e+01  4.42994472e+01
  5.54595487e-01  7.27133650e+00 -6.19616562e+00  3.73665410e+00
 -6.86559387e+00  8.25060442e-02 -7.75118663e+00  2.26966369e+00
 -1.24693783e+01 -4.68172585e+00 -7.96304134e-01 -1.08882735e+01
  1.13599192e-01 -8.70714821e+00  4.96687887e-01  2.77049169e+00]","[74.34597945 31.53297927 26.4069223  19.46922788 17.54706438 13.3048798
 15.13093418 11.75516052  9.57113954 12.33134298 13.68787585 12.17896288
 10.59563622  8.83249635  9.86948213  9.94295532 10.01933603 11.08029154
 10.17452848 10.92032202]","[-1.70611263 -1.51693426  0.45034993  0.04030887  0.01295658  0.6987613
 -0.02132884  0.15086491 -0.2169386   0.26522976 -0.21938518  0.20099406
  0.14695789  0.34419654  0.2719576   0.20298647  0.33517676  0.40349767
  0.47487005  0.1347954 ]","[ 5.98221967  4.22896216  0.29198883  0.25481732 -0.19769543  1.66240273
  0.03731102  0.29369059  0.40175296  0.09526619 -0.0623711  -0.30234277
  0.42236932  0.71704064  0.81186357  0.60241597  0.89682352  0.32076585
  0.32135017  0.23774323]","[-1.46368290e-10 -8.34092720e-18 -4.43111757e-18 -2.60653975e-19
 -5.60406046e-18  1.75941433e-18  1.23810638e-18 -2.86719372e-18
  3.61657390e-18 -1.88974132e-18  1.30326987e-18 -2.99752071e-18
  1.82457782e-18 -4.91984378e-18 -4.17046360e-18  2.99752071e-18
 -5.73438745e-18 -1.10777939e-18  3.90980962e-18  2.47621276e-18]","[24.35199764  9.7783525   9.43606033  6.36265725  6.45219658  5.36356669
  6.66866742  5.31898502  4.6368636   4.99716112  5.63687915  4.94922679
  4.41224029  4.28423976  4.23436251  4.56431438  4.28358297  4.42483736
  4.45136503  4.58659142]","[ 3.63182955e-11  6.90758373e-18  7.81990611e-19  1.43364945e-18
 -5.86492958e-19 -9.51421910e-18 -1.36848357e-18  6.84241785e-19
  1.92239359e-18  1.53139828e-18  1.36848357e-18  9.67713381e-18
 -7.78732317e-18 -5.18068780e-18 -5.66943193e-18  1.07523709e-18
 -8.96030909e-18  3.25829421e-18  7.81990611e-19  4.85485838e-18]","[23.37535901 10.51057016  9.67760004  7.2227564   7.56906637  6.33460286
  7.52673288  6.44606417  5.88866646  6.1097005   6.54374347  5.99963345
  5.56424388  5.49548777  5.38177919  5.71400594  5.46759679  5.43586954
  5.50224219  5.57732506]"
70.5674097394392,89.78333139852303,56427.326179119074,91.18148179018979,152.4926466520321,227499.39996632095,10.73364707934161,25.5023236681304,9670.998279709911,735.0,1039.4469683442248,0.6365141682948128,0.0,0.0,0.0,28.726405263157893,121.87581576415128,-30.322316666666666,125.02211443009348,70.56741103235215,89.7833330435038,56427.32824680506,91.18148346078705,152.49264944595245,227499.40830266,10.733647275999974,25.50232413537562,9670.998634087638,735.0,1039.4469683442248,0.6365141682948128,0.0,0.0,0.0,28.72640578947368,121.87581799712001,-30.32231722222222,125.02211672070773,70.56741232526512,89.78333468848459,56427.33031449108,91.1814851313843,152.49265223987283,227499.4166389994,10.733647472658346,25.502324602620853,9670.99898846538,734.9999999999997,1039.4469683442248,0.6365141682948128,0.0,0.0,0.0,28.726406315789475,121.87582023008885,-30.32231777777778,125.02211901132195,70.56741361817815,89.78333633346543,56427.33238217722,91.18148680198155,152.49265503379317,227499.42497533877,10.733647669316712,25.50232506986607,9670.999342843123,734.9999999999999,1039.4469683442248,0.6365141682948128,0.0,0.0,0.0,28.726406842105263,121.8758224630576,-30.322318333333335,125.02212130193618,70.56741491109108,89.78333797844618,56427.33444986328,91.18148847257878,152.49265782771343,227499.43331167815,10.733647865975078,25.502325537111286,9670.99969722087,735.0,1039.4469683442248,0.6365141682948128,0.0,0.0,0.0,28.726407368421054,121.8758246960264,-30.322318888888887,125.02212359255043,70.56741620400405,89.78333962342698,56427.33651754944,91.18149014317606,152.4926606216338,227499.441648018,10.733648062633446,25.50232600435651,9671.000051598623,734.9999999999998,1039.4469683442248,0.6365141682948128,0.0,0.0,0.0,28.72640789473684,121.87582692899517,-30.322319444444442,125.02212588316465,70.56741749691707,89.78334126840782,56427.33858523569,91.18149181377329,152.4926634155541,227499.44998435772,10.73364825929181,25.50232647160173,9671.000405976385,734.9999999999998,1039.4469683442246,0.6365141682948128,0.0,0.0,0.0,28.72640842105263,121.87582916196394,-30.322319999999998,125.02212817377888,70.56741878983004,89.78334291338862,56427.34065292193,91.18149348437055,152.49266620947446,227499.4583206978,10.733648455950181,25.502326938846956,9671.00076035416,734.9999999999999,1039.4469683442248,0.6365141682948128,0.0,0.0,0.0,28.726408947368423,121.87583139493275,-30.322320555555557,125.02213046439314,70.56742008274296,89.78334455836936,56427.34272060813,91.18149515496779,152.49266900339478,227499.46665703788,10.733648652608544,25.502327406092178,9671.001114731933,735.0,1039.4469683442248,0.6365141682948128,0.0,0.0,0.0,28.72640947368421,121.87583362790151,-30.322321111111112,125.02213275500736,70.567421375656,89.78334620335023,56427.34478829451,91.18149682556502,152.4926717973151,227499.47499337813,10.733648849266912,25.502327873337407,9671.001469109713,735.0,1039.4469683442248,0.6365141682948128,0.0,0.0,0.0,28.726409999999998,121.87583586087031,-30.322321666666667,125.0221350456216,70.56741103235215,89.7833330435038,56427.32824680506,91.18148346078705,152.49264944595245,227499.40830266,10.733647275999974,25.50232413537562,9670.998634087638,735.0,1039.4469683442248,0.6365141682948128,0.0,0.0,0.0,28.72640578947368,121.87581799712001,-30.32231722222222,125.02211672070773,70.5674111616435,89.78333320800193,56427.32845357372,91.18148362784677,152.49264972534448,227499.40913629398,10.733647295665811,25.50232418210014,9670.998669525412,735.0,1039.4469683442248,0.6365141682948128,0.0,0.0,0.0,28.72640584210526,121.8758182204169,-30.322317277777774,125.02211694976913,70.56741129093474,89.78333337249997,56427.32866034227,91.18148379490648,152.49265000473653,227499.40996992792,10.733647315331654,25.50232422882467,9670.998704963187,735.0,1039.446968344225,0.6365141682948128,0.0,0.0,0.0,28.72640589473684,121.8758184437138,-30.32231733333333,125.02211717883058,"[-1.83530985e+02  1.19319069e+02 -5.56006072e+01  5.58837372e+01
 -9.49722076e-01  1.18374828e+01 -5.05006394e-01  1.30192954e+01
 -1.22938303e+01 -2.96163831e+00  2.99929098e-01 -2.75192496e+00
 -6.41770883e+00 -2.33214257e+00 -1.51174476e-02 -7.73776814e+00
  3.20522533e-01 -7.17113233e+00 -4.60202062e+00 -1.45854537e+00]","[76.15344277 38.44557795 24.07679981 20.32945771 19.40952671 19.01077461
 13.41041616 11.42023036 11.03085324 11.12209271 10.02866087  9.619756
  9.29088453  9.4095821   9.32529209  9.06722863  9.72221655 10.42733446
 11.36805143 10.86971077]","[-1.87294347 -0.63358236 -0.03204337 -0.06703379 -0.15510723  0.16199573
 -0.0472559   0.02626533 -0.1018376  -0.1945042   0.27463622 -0.24710371
 -0.11794693  0.17399657  0.28168439  0.60419904  0.49415081  0.91150065
  1.1457909   0.56575168]","[ 7.0901179   0.19217725  0.43977718  0.44464274 -0.07063333 -0.60471154
 -0.21378675 -0.05526593 -0.03841324 -0.07637646  0.24835704  0.19481826
  0.11669052  0.2015579   0.71574152  2.52389023  1.14567013  2.17487522
  2.5434731   2.2257291 ]","[-1.42297925e-09 -5.26216584e-18 -1.50347595e-18  5.26216584e-18
  3.57075539e-18  4.13455887e-18 -2.81901741e-19  3.57075539e-18
  3.00695191e-18 -1.09002007e-17 -8.64498673e-18 -1.12760697e-18
 -4.04059163e-18 -3.57075539e-18  2.44314842e-18  2.44314842e-18
  3.38282090e-18  3.10091915e-18  1.69141045e-18  2.86600104e-18]","[18.70989714 10.42129671  6.69423862  6.13071259  6.72754322  6.16542763
  5.3617717   4.69422225  4.83241868  4.54067727  4.44705584  4.39554453
  4.14034421  3.94864105  3.96780491  4.02457979  4.01773183  4.11540375
  4.24447026  4.07222642]","[ 5.23726404e-10 -2.06738880e-18  4.60463869e-18  6.62504138e-18
 -8.64544407e-18  9.58516625e-18 -1.36259716e-18  2.34930545e-19
 -1.58343188e-17  3.35950680e-18 -8.64544407e-18  8.69243018e-18
 -4.32272203e-18  6.10819418e-19  3.28902763e-18 -3.00711098e-18
 -7.28284691e-18 -4.06429843e-18 -4.74559702e-18 -1.31561105e-18]","[14.85384431  9.7269436   6.63480382  6.42161427  6.73971581  6.34984626
  6.07484043  5.58289531  5.67780214  5.33685947  5.37687264  5.38429777
  5.17005414  4.88987512  4.94903565  4.94470687  4.9228024   5.02549692
  5.10679036  4.96422477]"
78.16137286060369,99.44517544314886,69225.4004324306,100.99378484346232,168.90282153587933,279097.7018973848,11.88872589514459,28.246702499022163,11864.441819715477,735.0000000000001,1039.446968344225,0.6365141682948128,0.0,0.0,0.0,31.817736842105266,134.99122489837006,-33.58538888888889,138.47610586633465,78.16138578973337,99.44519189295681,69225.42333438902,100.9938015494348,168.90284947508266,279097.79423175805,11.888727861728254,28.246707171474387,11864.445744849188,734.9999999999999,1039.4469683442248,0.6365141682948128,0.0,0.0,0.0,31.817742105263157,134.9912472280579,-33.58539444444445,138.476128772477,78.25760856215152,98.61327666410217,68072.04834101531,101.0491165236903,168.57270574059118,278204.6463801804,11.927796866730555,28.31526439488581,11922.34910389796,711.0548344238483,1032.199227874109,0.6310201833998509,149.36122586478788,3.4770955114856297,0.0,31.78019294736842,135.30980781287786,-33.679823738888885,138.850701393547,78.7003424866815,97.83912512716456,67007.46083954275,100.71254565995724,167.5763876271063,275117.00291272963,11.983289631531004,28.366422699796622,11965.946279911304,689.00492939665,1026.689303951519,0.6266287389406366,204.42652243453864,62.245954770642,0.0,31.699018336842116,135.4450462555353,-33.73994494444444,139.11482490361158,79.84920586458531,98.07565590003492,67331.83996155437,100.43884138529042,166.75361815337905,272483.23207647563,12.023131277210886,28.386280359200487,11983.110066638472,681.7373812928564,1026.5736473334873,0.6255689445587629,176.31117047390944,3.3019044259274026,0.0,31.69774312631579,135.38863517807314,-33.74531678888889,139.18502095031184,79.74789861709198,98.3786612867835,67748.5269760577,100.62537029850954,167.24459356433522,274013.00962234783,11.986000996798955,28.359233833228227,11959.930117641798,687.6243870614283,1026.1283711759581,0.6261523100427654,140.91229012420612,2.920175980158757,0.0,31.73792763157894,135.30437007485136,-33.71055251111111,139.04064149445452,77.95769786991828,98.1117968508952,67381.47276917931,101.00825838089561,168.20607505350435,276991.4555050171,11.988478521367162,28.340014914372407,11942.917658080181,708.7718734626114,1033.7693745263819,0.6316854618103244,113.34649314755353,3.212462760378089,0.0,31.714399310526304,135.24659222370718,-33.66530299444444,138.87974918425422,77.70964101452796,98.19413653506992,67494.61914907568,101.08292765091298,168.16583946078705,276749.74981650885,12.095571285545475,28.393283319606866,11987.819237352556,719.9375118257047,1045.492820576736,0.6368933959977464,113.50623638932439,3.759769718551736,1.247219128924647,31.700825836842107,135.2405807674792,-33.67739968333334,138.9803860545888,76.20955995505646,97.13799990823098,66050.53718320037,100.93612982765421,168.05254126406513,276463.6044111801,12.090457207880682,28.41290687069002,12004.415416499407,715.827107122806,1043.356486926202,0.6359883379325647,174.17997839866365,2.491752351812432,1.247219128924647,31.581599651052624,135.39532968310436,-33.72169516833332,139.11157942634443,77.41178250260529,98.28332066486509,67617.2778463889,100.94066352554412,168.3353379684847,277331.6033103632,12.020977435357818,28.354980914604052,11955.510950989972,720.4589409531716,1038.9612724317756,0.6348218378075395,111.66957005277904,2.129795818819032,1.247219128924647,31.70289913684211,135.24186625764233,-33.675857961111106,138.88840656399972,77.61165368696074,98.96686390077103,68561.08105247615,100.97155477305411,168.67259456890972,278342.246531407,11.983388017735962,28.315313072698004,11922.084039397241,732.8605561374062,1040.8338008492585,0.6368589227202872,58.20362438818878,1.9393421730876097,0.4714045207910317,31.76023135263158,135.11863594029458,-33.635482077777766,138.7063971485274,77.07826298258792,98.791589508754,68318.44710366307,101.05484992076147,168.89850045243995,279104.6050220659,11.946556632413474,28.30573092168846,11914.200369516751,734.5658022296769,1039.768595976804,0.6366374851025159,93.25786805766145,1.182509916087583,0.9428090415820634,31.746926263157896,135.19681306798222,-33.64964292222223,138.71831283470988,77.39072173039601,98.61509205869805,68074.55467221844,101.08839945336885,168.82977562649322,278965.72935131105,11.923180365961706,28.30882882364189,11916.820349510317,724.2263719403628,1035.895441860986,0.6336382915403208,136.9185777984836,1.6538821346227803,0.0,31.756805578947365,135.28800754483044,-33.67079459444445,138.79526543588983,"[-2.16665971e+02  1.60639484e+02 -8.53036646e+01  3.96219379e+01
  5.02155487e+00 -2.17142906e+00  4.24802843e+00  3.72127060e-01
 -2.57465670e+00 -9.37116183e-01 -5.27029906e+00  9.78003543e-01
 -2.68093840e+00 -5.13158757e+00  2.39993009e+00 -2.02149707e+00
 -6.98615677e-02  7.87924734e-02 -9.00160614e-01 -3.80955886e+00]","[91.17689712 36.25480051 30.17253686 23.21577323 19.077396   11.0071674
 13.49683955 10.13114156  8.84484075  8.62132152  8.41604652  8.64803501
 11.18013966 10.46839368 10.2673286   9.94502007  9.29980123 10.66161157
 10.08331998  8.57355572]","[-1.8713771  -1.3611366   1.54632531 -0.39979331  0.30731903 -0.15337074
 -0.04544662 -0.20446087  0.03412774 -0.21160644  0.33342926  0.88954128
  1.36847851  1.44102833  1.0145774   0.62178682  0.34251867  0.82809102
  0.75731141  0.07723316]","[ 4.74189427  4.40022198  2.75929306  0.21870873 -0.50173882 -0.10827927
 -0.13113659 -0.05672047  0.17038682  0.40526528  0.63812137  4.09585275
  5.6932398   4.62403757  1.64102554  1.10965151  0.5652287   1.49623001
  1.05044426  0.64134335]","[ 1.19412584e-04  1.53069572e-04  1.11080555e-04  5.73037809e-05
  1.00250590e-05 -1.49635089e-05 -9.79781665e-06  2.28850442e-05
  7.10831435e-05  1.17787187e-04  1.46944208e-04  1.48889530e-04
  1.23385249e-04  7.93133295e-05  3.12848452e-05 -5.51018229e-06
 -2.03637260e-05 -1.03135458e-05  1.93673849e-05  5.74162625e-05]","[16.68420878  9.8939167   7.14944232  7.20018245  6.60886582  4.90187235
  5.15482974  4.81870422  4.35593513  4.17604423  3.84978239  3.86972949
  3.95084422  3.89925115  3.92034235  3.87463935  3.74737615  3.84984663
  3.79035035  3.75198333]","[-6.40219573e-05 -8.22963951e-05 -6.03990414e-05 -3.22796977e-05
 -7.11525951e-06  7.60197124e-06  8.71182254e-06 -1.76671050e-06
 -1.78483512e-05 -3.22527467e-05 -3.93648642e-05 -3.72527057e-05
 -2.79730572e-05 -1.61662488e-05 -6.67147147e-06 -2.28309410e-06
 -2.63686903e-06 -4.66801852e-06 -4.34178444e-06  1.19127033e-06]","[15.96735491 10.86880084  7.74028152  7.97160575  7.51610607  6.23299355
  6.39608181  6.06746615  5.66352615  5.41227042  5.08998269  5.14336588
  5.181401    5.11822147  5.12777198  5.05088782  4.92694229  5.01253698
  4.92142773  4.87040844]"
29.33500463166239,33.368790773959915,7794.333384014186,39.38503765090683,63.918652401551995,41267.593263735056,27.53540539193694,51.87586389482673,38555.22741684131,5282.910658318002,5601.029489427755,1.8449659122235678,1607.6460523419037,3.077046994176002,1.0,17.32555589473684,126.37638971177957,-29.126980633333332,172.9904665750757,24.702048455451923,29.73979536557439,6191.18799870368,35.13551299785517,55.87523657500807,31567.51407108446,28.70172285472196,58.39089426057491,47978.053265673654,6341.2164736388095,4742.253069166849,1.8589245497438518,1948.4358313415808,2.7200040023435887,2.160246899469287,16.621660473684216,129.57238957440484,-28.404286555555554,184.75798121393763,24.043477615797475,28.9551566176317,5868.8076632610655,31.264323595822866,50.67525300124869,26120.65276754509,30.353684178572223,59.847173138961466,50190.98262227102,6330.3266173489765,4847.003269719577,1.812808836196636,2220.259785574064,2.5776211037087817,1.247219128924647,16.705388821052637,130.72160820474264,-28.0422486888889,187.5123943265168,25.573666162375027,29.505838735819623,6094.161636529356,35.6125425660256,56.05837873870421,31945.266745879257,31.04487946699781,59.66978508800995,49862.64479058753,6632.99470953011,5111.336255471663,1.9038905051908204,2195.1928799698426,3.337726077304037,1.247219128924647,17.16057960526316,131.03005560022044,-28.539522166666675,186.80621009281475,25.913552470311277,30.29329261172968,6423.785040819132,34.91580103172954,58.29353448126206,34540.73806392093,29.60668157986419,59.34867216998267,49444.37242849366,6527.193983264529,5388.953378980539,1.9090225406542298,2098.4863592817082,2.6083886473461484,1.299038105676658,16.86688013684211,131.07975924698403,-29.300032788888895,186.36993536527623,26.539359507743114,29.814099701836383,6222.163787217281,32.28264389043581,54.70728796133519,30545.901838014815,30.471393308568715,59.497799871844464,49756.76615808102,6564.733208667113,5859.250043435728,1.8880672654651216,2140.409794876984,2.4550039285062866,1.224744871391589,16.3458065,131.37225168771965,-29.602970983333325,187.0123171839618,26.519966733884722,29.559460328850527,6116.331864530217,35.47256504056937,56.482503589302496,32540.190106305334,31.22809746689629,58.44756542033472,48079.403736760934,7056.46785337655,5696.15291965823,1.85444757878653,2201.7441238589968,2.8077268719034683,0.7071067811865476,16.57580644736842,131.67314883051154,-29.770621527777784,185.5326012304388,27.777946961887277,29.793057538660698,6213.383942513629,35.94849012242319,54.520828013246195,30272.69983430541,33.248524423812725,58.862884476498714,48743.944448848546,7562.189237188681,5104.219356438837,1.7672770700461116,2414.4082936850978,3.034084652939711,0.7071067811865476,16.447862157894733,132.47255898170644,-29.589567944444443,186.47078493825268,30.481342830219223,32.39975454414215,7348.208661644619,37.54212346450076,56.51842877085633,32455.80616491455,32.26510737719612,59.02335117305436,48949.31226469671,6894.862907270339,5306.670205843599,1.8416728099734951,2287.0214891282185,2.9753899579029097,0.82915619758885,16.50959705263158,132.3991332179319,-29.624727777777778,186.5266602823347,28.246937897655293,30.827669965930852,6652.416648698486,36.34234604648665,55.64825690232345,31600.88196157645,29.787186591118868,58.69164853687384,48351.41099499087,6582.52803022749,5279.752146275321,1.8881920563101489,2253.8624341189393,3.230679916237852,0.8660254037844386,16.725458315789478,131.93092165302804,-29.25008783333334,186.1071068123033,26.225677187702306,29.118087818163314,5935.041267303897,35.72911354803568,54.25025672453448,30089.181305589656,29.748309205429486,58.40683792513232,47846.02917477708,7110.440926158955,5049.415026589688,1.8637960366677762,2337.579754329472,3.531809033930371,0.8660254037844386,16.732127736842106,131.64183717343337,-28.90424527777778,185.78469437748757,26.71414867347348,29.416210137329365,6057.193931904632,36.62053954616129,56.21411415579133,32367.122972379668,29.598680547505964,57.74416633742222,46778.64758230788,7122.416243094843,5237.23168447716,1.8340976471740318,2315.4507288321197,3.511590960752022,0.5,17.03913924736842,131.42456046828246,-28.572971516666662,184.7657185153189,26.167695001847353,30.332440689191806,6440.398707143371,34.84526043470626,57.1312744272882,33434.988596097646,29.844261618228796,57.9257568654584,47064.550670255696,7344.720940920445,5326.52006558298,1.8713434022094202,2157.9389805718897,3.33699238755109,0.5,17.48633175789473,130.9090248922665,-28.50897731111111,184.61415825770456,"[-288.89716092  214.3286167   -51.99884895  -28.16665662   33.68804678
   -5.59845336  -12.5330541     4.28687251   -8.85632147  -11.91516799
   -3.90431445   -7.50776885   -8.39768595   -5.59756287   -8.03330763
   -7.91448131   -6.26379162   -8.30133083   -8.26003498   -6.19460759]","[38.81013289 25.9425471  20.00483059 12.68944589 13.55440343 14.71023316
 12.57139109  9.73854859 10.49649617 10.19712058  9.90930883  9.57674972
 10.06382819  8.90572338  9.61777429  9.077332    8.19434854  7.57391283
  6.80813535  6.21462198]","[-0.45277885 -0.67488996  0.39661751  0.4051016  -0.02219746  0.66497133
  0.72112991 -0.27050375  0.59520091  0.6128903   0.27053217  0.54429526
  0.29602566 -0.03574613  0.62087863  0.2633604   0.06059152  0.11998805
  0.14211963  0.11161507]","[ 0.2517173   0.13063365  0.39565423  0.7992246  -0.45508359  0.01786152
  0.7503422  -0.10228934  0.91589906  0.74280967  0.23322059  0.68255202
  0.22846686  0.67777821  1.30947937  0.26204512  0.39735936  0.40840253
  0.33552823  0.43952753]","[-1.03009823e-02 -7.25192622e-03  7.04650989e-04  2.53756224e-04
 -1.16140486e-03 -3.15603421e-04  2.10467077e-04 -8.68217230e-05
  3.21236521e-04  3.38311995e-04  5.89763108e-04  4.40419868e-05
 -2.34476616e-04  3.10357626e-04  7.49536768e-04  6.38817890e-04
  6.73801855e-05  6.34419744e-05  3.29021294e-04  5.59571641e-04]","[9.55834865 5.83529733 6.37216346 4.40889017 4.26039777 4.24422312
 3.93937346 3.86618957 3.67921806 3.69336509 3.67040164 3.59215269
 3.68662235 3.6100722  3.52084719 3.51245458 3.38228792 3.33201063
 3.3023496  3.25558904]","[-1.27023661e-03 -1.26993297e-03  4.17088792e-04  2.27050991e-04
 -3.74873923e-04 -1.86547549e-04 -1.17047500e-04  6.95235748e-04
  6.25118307e-04  2.17348308e-04 -2.57015079e-04 -1.84393354e-04
 -1.21692539e-05  3.41383724e-04  1.00738566e-04 -3.80988120e-04
  4.32510409e-05  2.22372113e-04  1.66018764e-04 -2.60429507e-04]","[9.35401977 6.4797903  6.87308027 5.55237914 5.24793164 5.20069479
 5.08592348 4.95439276 4.80501371 4.84174469 4.76863256 4.66124176
 4.72080053 4.66153078 4.59595966 4.57456626 4.49702594 4.45095276
 4.47549436 4.42830033]"
70.76934981634271,90.04026094878166,56750.74014207288,91.44241237433437,152.92902906858708,228803.31577262978,10.764363149616258,25.575302699410905,9726.42773368458,735.0000000000001,1039.446968344225,0.6365141682948128,0.0,0.0,0.0,28.80861052631579,122.2245831583203,-30.40908888888889,125.37988546768527,70.76935110925562,90.04026259376238,56750.74221567579,91.44241404493161,152.9290318625074,228803.32413282458,10.764363346274624,25.575303166656123,9726.42808907642,735.0,1039.4469683442248,0.6365141682948128,0.0,0.0,0.0,28.80861105263158,122.22458539128905,-30.409089444444444,125.3798877582995,70.76935240216861,90.04026423874319,56750.744289278875,91.44241571552888,152.92903465642777,228803.33249301973,10.764363542932996,25.57530363390135,9726.428444468269,734.9999999999998,1039.4469683442248,0.6365141682948128,0.0,0.0,0.0,28.808611578947367,122.22458762425782,-30.40909,125.37989004891374,70.76935369508159,90.04026588372398,56750.74636288196,91.4424173861261,152.9290374503481,228803.34085321485,10.764363739591362,25.575304101146568,9726.42879986012,735.0,1039.4469683442248,0.6365141682948128,0.0,0.0,0.0,28.808612105263155,122.22458985722662,-30.40909055555555,125.37989233952797,70.76935498799456,90.04026752870477,56750.7484364851,91.44241905672337,152.92904024426844,228803.3492134102,10.764363936249733,25.575304568391804,9726.429155251984,735.0,1039.4469683442248,0.6365141682948128,0.0,0.0,0.0,28.80861263157895,122.22459209019546,-30.409091111111113,125.37989463014223,70.76935628090757,90.0402691736856,56750.750510088306,91.44242072732061,152.92904303818875,228803.35757360558,10.7643641329081,25.57530503563702,9726.429510643848,735.0,1039.4469683442248,0.6365141682948128,0.0,0.0,0.0,28.808613157894737,122.22459432316423,-30.40909166666667,125.37989692075645,70.7693575738205,90.04027081866636,56750.752583691465,91.44242239791785,152.9290458321091,228803.36593380128,10.76436432956646,25.57530550288223,9726.429866035713,735.0,1039.4469683442248,0.6365141682948128,0.0,0.0,0.0,28.808613684210524,122.224596556133,-30.40909222222222,125.37989921137068,70.76935886673346,90.04027246364714,56750.754657294696,91.4424240685151,152.92904862602944,228803.37429399707,10.764364526224822,25.57530597012746,9726.430221427589,735.0,1039.4469683442248,0.6365141682948128,0.0,0.0,0.0,28.808614210526315,122.22459878910178,-30.409092777777776,125.37990150198492,70.76936015964638,90.0402741086279,56750.75673089793,91.44242573911237,152.92905141994976,228803.38265419306,10.764364722883194,25.575306437372685,9726.430576819477,735.0000000000001,1039.446968344225,0.6365141682948128,0.0,0.0,0.0,28.808614736842106,122.22460102207059,-30.409093333333335,125.37990379259918,70.76936145255941,90.04027575360875,56750.75880450133,91.44242740970962,152.9290542138701,228803.39101438908,10.764364919541565,25.57530690461791,9726.430932211373,735.0,1039.4469683442248,0.6365141682948128,0.0,0.0,0.0,28.808615263157897,122.22460325503936,-30.40909388888889,125.37990608321343,70.76935110925562,90.04026259376238,56750.74221567579,91.44241404493161,152.9290318625074,228803.32413282458,10.764363346274624,25.575303166656123,9726.42808907642,735.0,1039.4469683442248,0.6365141682948128,0.0,0.0,0.0,28.80861105263158,122.22458539128905,-30.409089444444444,125.3798877582995,70.76935123854692,90.04026275826044,56750.74242303608,91.44241421199135,152.92903214189946,228803.32496884413,10.764363365940465,25.57530321338065,9726.428124615608,735.0,1039.4469683442248,0.6365141682948128,0.0,0.0,0.0,28.808611105263157,122.22458561458595,-30.4090895,125.37988798736092,70.76935136783821,90.04026292275854,56750.74263039642,91.44241437905106,152.92903242129148,228803.3258048636,10.764363385606305,25.575303260105173,9726.428160154794,735.0,1039.4469683442248,0.6365141682948128,0.0,0.0,0.0,28.808611157894735,122.22458583788286,-30.409089555555553,125.37988821642236,"[-1.68654064e+02  1.20398800e+02 -5.19820644e+01  6.21229286e+01
 -7.44317680e+00  7.89517250e+00 -4.96611535e-02  2.74664703e+00
 -9.32165235e+00 -3.67280675e-01 -7.37536627e+00 -6.46591490e+00
 -9.72539881e+00  4.54266064e+00 -8.63400871e+00 -3.20357828e+00
  8.87154761e-01 -4.51914188e+00  2.12354877e+00  5.15047815e+00]","[76.44617049 27.38736166 29.59234205 18.97604863 20.51263935 15.66244383
 19.53748572 15.69990178 11.73291166 11.39655496 11.25622894 10.77901074
 10.18340347 10.8389692  11.33000546 12.13674613 11.627055   12.74885192
 12.37215471 12.96538814]","[-2.77148573 -2.11091414  0.58180381 -0.27470678 -0.10185624  0.46384194
 -0.10055296 -0.48257472 -0.46280875  0.27063605  0.05056806 -0.22111774
 -0.05975587  0.55610738  0.30047528  0.64431836  0.36060109  0.02029451
  0.08572621 -0.22054705]","[11.05243474  6.39462467 -0.33535037  1.87650419 -0.13555726  0.43914364
 -0.3729327   0.37519815  0.73616379  0.42101311 -0.20551913  0.02825226
  0.2354316   0.52735693  0.9325154   1.12599938  0.60543414  0.10039722
  0.18665926  0.35258464]","[-2.07117853e-09  0.00000000e+00  3.31641884e-18  3.73097119e-18
  4.35279972e-18  2.28003795e-18  6.42556150e-18  1.86548560e-18
  0.00000000e+00 -3.10914266e-18 -4.45643781e-18 -1.17111040e-17
 -2.90186648e-18 -3.83460928e-18 -3.62733310e-18 -1.24365706e-18
  1.18147421e-17  1.29547611e-18  2.07276177e-19  5.80373296e-18]","[15.76373898  7.7400973   6.05183657  5.94344133  7.00868976  5.08749254
  4.92504983  4.8250326   4.58035036  4.31141333  4.55481825  4.42788687
  4.08544107  4.25397776  4.19777918  4.06371033  4.24773815  4.29975414
  4.14849861  4.08511433]","[ 5.77629966e-10  1.76195030e-18  1.31628052e-17 -5.23402885e-18
  6.52958054e-18  3.47207854e-18  1.75158589e-17 -4.94900747e-18
  2.53928132e-18  7.04780122e-18  5.70042746e-18 -1.91741651e-18
 -6.94415708e-18 -2.43563719e-18  7.41055569e-18 -2.79839166e-18
 -3.88665508e-18  6.37411434e-18 -2.15061581e-18  9.84619288e-18]","[14.3905128   8.50368766  6.25200813  6.34432802  7.30161015  5.65427425
  5.68793959  5.55769403  5.56962155  5.20420671  5.41167862  5.36186339
  5.0482689   5.11279514  4.92581005  4.95271003  5.06587831  4.97607194
  4.86349753  4.8568901 ]"
71.59170193974451,91.0865444030601,58077.30999903446,92.50498907145207,154.7060909196667,234151.67917929168,10.889446917039978,25.872492154112482,9953.786633588268,734.9999999999999,1039.4469683442248,0.6365141682948128,0.0,0.0,0.0,29.14337157894737,123.64485402067791,-30.76244777777778,126.83682149032506,71.5917020690358,91.08654456755818,58077.31020880432,92.50498923851181,154.70609119905873,234151.6800250259,10.889446936705813,25.872492200837,9953.786669540421,735.0000000000001,1039.4469683442248,0.6365141682948128,0.0,0.0,0.0,29.143371631578948,123.64485424397479,-30.762447833333333,126.83682171938648,71.59170219832706,91.08654473205618,58077.31041857411,92.50498940557154,154.70609147845076,234151.6808707601,10.889446956371652,25.872492247561528,9953.786705492575,735.0,1039.4469683442248,0.6365141682948128,0.0,0.0,0.0,29.143371684210525,123.64485446727166,-30.76244788888889,126.83682194844789,71.59170232761838,91.0865448965543,58077.310628344014,92.50498957263125,154.70609175784276,234151.68171649417,10.889446976037489,25.87249229428605,9953.786741444732,734.9999999999998,1039.4469683442248,0.6365141682948128,0.0,0.0,0.0,29.143371736842106,123.64485469056852,-30.762447944444446,126.8368221775093,71.5917024569096,91.08654506105232,58077.31083811381,92.50498973969097,154.7060920372348,234151.68256222832,10.889446995703326,25.872492341010567,9953.786777396885,735.0,1039.4469683442248,0.6365141682948128,0.0,0.0,0.0,29.143371789473683,123.64485491386542,-30.762448,126.83682240657078,71.59170258620094,91.08654522555042,58077.3110478837,92.50498990675071,154.70609231662687,234151.68340796258,10.889447015369159,25.87249238773509,9953.786813349041,734.9999999999999,1039.4469683442248,0.6365141682948128,0.0,0.0,0.0,29.143371842105264,123.6448551371623,-30.762448055555556,126.83682263563217,71.59170271549223,91.0865453900485,58077.31125765355,92.50499007381045,154.70609259601892,234151.68425369682,10.889447035034998,25.872492434459616,9953.7868493012,735.0,1039.4469683442248,0.6365141682948128,0.0,0.0,0.0,29.14337189473684,123.64485536045918,-30.762448111111112,126.83682286469359,71.59170284478354,91.08654555454659,58077.311467423424,92.50499024087014,154.7060928754109,234151.6850994309,10.889447054700835,25.872492481184143,9953.786885253354,734.9999999999997,1039.4469683442248,0.6365141682948128,0.0,0.0,0.0,29.143371947368422,123.64485558375607,-30.762448166666665,126.83682309375503,71.59170297407482,91.08654571904464,58077.31167719326,92.50499040792987,154.70609315480294,234151.68594516502,10.889447074366675,25.872492527908665,9953.786921205514,735.0,1039.4469683442248,0.6365141682948128,0.0,0.0,0.0,29.143372,123.64485580705295,-30.762448222222222,126.83682332281643,71.59170310336614,91.08654588354275,58077.31188696317,92.50499057498959,154.70609343419497,234151.68679089923,10.889447094032505,25.87249257463318,9953.786957157661,735.0000000000001,1039.4469683442248,0.6365141682948128,0.0,0.0,0.0,29.143372052631577,123.64485603034983,-30.76244827777778,126.83682355187787,71.5917020690358,91.08654456755818,58077.31020880432,92.50498923851181,154.70609119905873,234151.6800250259,10.889446936705813,25.872492200837,9953.786669540421,735.0000000000001,1039.4469683442248,0.6365141682948128,0.0,0.0,0.0,29.143371631578948,123.64485424397479,-30.762447833333333,126.83682171938648,71.59170208196484,91.08654458400784,58077.31022978115,92.50498925521777,154.7060912269979,234151.68010959923,10.889446938672403,25.87249220550946,9953.78667313564,735.0,1039.4469683442248,0.6365141682948128,0.0,0.0,0.0,29.143371636842105,123.64485426630446,-30.76244783888889,126.83682174229263,71.59170209489402,91.08654460045771,58077.31025075821,92.50498927192376,154.70609125493715,234151.68019417275,10.88944694063898,25.87249221018191,9953.786676730851,735.0,1039.4469683442248,0.6365141682948128,0.0,0.0,0.0,29.143371642105265,123.64485428863419,-30.76244784444445,126.83682176519876,"[-1.67876621e+02  1.15052710e+02 -4.18650681e+01  5.40961834e+01
 -1.41225885e+01  1.07808555e+01 -1.31154465e+01  1.30959295e+01
 -1.24183340e+01  4.13938329e+00 -1.00445154e+01 -1.42227245e-01
  1.50716247e+00 -5.32026864e+00 -2.18593625e+00 -2.86629143e+00
 -3.45117292e+00  1.48249453e+00  1.47250253e+00 -9.00243341e-01]","[77.52911485 33.06521882 21.80412426 21.25400008 20.39107044 13.95186525
 14.58229792 13.83668709 13.29646752 12.29315914 12.46183471 11.87776133
 12.45008633 11.76695105 11.56943932 11.49232932 12.23123801 11.0085782
  9.26315639  9.77187215]","[-2.3919138  -0.7699325   0.59332844  0.08148875  0.20984867  0.09144273
  0.35158385  0.28295558  0.34467451  0.06994069  0.05441864  0.47425189
 -0.02475569  0.2027945   0.08366864  0.19020556  0.91476799  0.73526051
  0.22894231  0.39355499]","[ 9.08920519  1.07326293  0.55005556  0.01335788 -0.40291752  0.08934991
  0.62105831  0.39040388  1.01684974  0.93371414  0.05746442  1.04547776
  0.736309    0.42832274  1.65922246  1.66066387  2.14730791  1.71036155
  0.65408742  1.07750892]","[-1.20716518e-10  0.00000000e+00  2.76691096e-18 -4.27613513e-18
  1.38345548e-18  2.82979530e-18 -1.01872631e-17 -3.39575437e-18
 -3.89882909e-18 -4.90497853e-18 -4.40190381e-19  1.09418752e-17
 -2.70402662e-18  4.77920985e-18 -2.13806756e-18 -1.50922416e-18
  3.14421701e-19 -6.53997137e-18  2.64114228e-18 -1.54066633e-18]","[15.33552578 10.11142398  5.64934874  5.32603815  5.89772165  5.1103994
  4.98244586  4.77593044  4.95203735  4.39782842  4.29564119  4.25487127
  4.33225279  4.27440932  3.90998376  3.78281721  3.83571146  3.79885591
  3.73468519  3.77798008]","[ 3.50479598e-11 -6.28865663e-19  5.53401784e-18  2.79845220e-18
  2.38968952e-18  8.48968646e-19 -2.82989549e-18 -4.76365740e-18
  1.82371042e-18  5.03092531e-19 -1.80798878e-18  6.00566709e-18
  1.38350446e-18 -7.16906856e-18  7.82937751e-18  1.01561805e-17
 -3.45876115e-18 -6.76030588e-19 -1.47783431e-18 -6.50875962e-18]","[13.04556556  9.92924432  6.1367951   5.87513924  6.16152211  5.71261152
  5.71305329  5.6764      5.61109005  5.21366237  5.0848342   5.07300357
  5.13529241  4.99956451  4.75442687  4.71808422  4.76819709  4.72899405
  4.66344913  4.65477606]"
63.17949298677333,80.3836413631584,45230.70859160609,81.6354151379211,136.52772767571236,182357.7291608351,9.609908920785513,22.832407839345358,7752.026094430679,734.9999999999998,1039.4469683442248,0.6365141682948128,0.0,0.0,0.0,25.71895052631579,109.11626593295533,-27.14778111111111,111.93316902225908,63.17949311606462,80.38364152765645,45230.70877672742,81.6354153049808,136.52772795510433,182357.72990719325,9.60990894045135,22.83240788606988,7752.026126158364,735.0,1039.4469683442248,0.6365141682948128,0.0,0.0,0.0,25.718950578947368,109.1162661562522,-27.147781166666665,111.9331692513205,63.17949324535589,80.3836416921545,45230.70896184876,81.63541547204053,136.52772823449638,182357.73065355152,9.60990896011718,22.832407932794396,7752.02615788604,734.9999999999999,1039.4469683442248,0.6365141682948129,0.0,0.0,0.0,25.718950631578945,109.11626637954907,-27.14778122222222,111.93316948038192,63.17949337464718,80.38364185665257,45230.70914697011,81.63541563910023,136.52772851388835,182357.73139990965,9.609908979783016,22.832407979518916,7752.026189613725,734.9999999999999,1039.4469683442246,0.6365141682948129,0.0,0.0,0.0,25.718950684210526,109.11626660284595,-27.147781277777778,111.93316970944335,63.17949350393851,80.3836420211507,45230.70933209154,81.63541580615998,136.52772879328046,182357.732146268,9.609908999448853,22.832408026243442,7752.026221341411,734.9999999999999,1039.4469683442248,0.6365141682948128,0.0,0.0,0.0,25.718950736842103,109.11626682614283,-27.14778133333333,111.93316993850478,63.17949363322979,80.38364218564875,45230.709517212876,81.6354159732197,136.52772907267243,182357.73289262614,9.609909019114694,22.832408072967972,7752.0262530691,734.9999999999999,1039.4469683442248,0.6365141682948128,0.0,0.0,0.0,25.718950789473684,109.11626704943971,-27.147781388888887,111.9331701675662,63.1794937625211,80.38364235014684,45230.70970233425,81.63541614027943,136.5277293520645,182357.73363898447,9.60990903878053,22.83240811969249,7752.026284796783,734.9999999999999,1039.4469683442248,0.6365141682948128,0.0,0.0,0.0,25.71895084210526,109.11626727273661,-27.147781444444444,111.93317039662763,63.179493891812385,80.38364251464489,45230.709887455596,81.63541630733914,136.52772963145654,182357.73438534272,9.609909058446364,22.83240816641701,7752.026316524468,735.0,1039.4469683442248,0.6365141682948128,0.0,0.0,0.0,25.718950894736842,109.11626749603347,-27.1477815,111.93317062568904,63.179494021103686,80.38364267914297,45230.71007257694,81.63541647439887,136.52772991084854,182357.73513170093,9.609909078112205,22.83240821314154,7752.026348252157,735.0,1039.4469683442248,0.6365141682948128,0.0,0.0,0.0,25.718950947368423,109.11626771933037,-27.147781555555557,111.93317085475049,63.17949415039498,80.38364284364107,45230.71025769833,81.63541664145859,136.5277301902406,182357.73587805917,9.609909097778042,22.83240825986606,7752.026379979841,735.0,1039.4469683442248,0.6365141682948128,0.0,0.0,0.0,25.718951,109.11626794262725,-27.147781611111114,111.9331710838119,63.17949311606462,80.38364152765645,45230.70877672742,81.6354153049808,136.52772795510433,182357.72990719325,9.60990894045135,22.83240788606988,7752.026126158364,735.0,1039.4469683442248,0.6365141682948128,0.0,0.0,0.0,25.718950578947368,109.1162661562522,-27.147781166666665,111.9331692513205,63.17949312899372,80.38364154410623,45230.70879523952,81.63541532168676,136.52772798304355,182357.72998182912,9.609908942417931,22.832407890742335,7752.0261293311305,735.0,1039.4469683442248,0.6365141682948128,0.0,0.0,0.0,25.71895058421053,109.11626617858188,-27.147781172222224,111.93316927422666,63.179493141922855,80.38364156055604,45230.70881375166,81.63541533839273,136.52772801098274,182357.7300564649,9.609908944384513,22.832407895414775,7752.0261325038955,735.0,1039.4469683442248,0.6365141682948128,0.0,0.0,0.0,25.718950589473682,109.11626620091155,-27.147781177777777,111.93316929713278,"[-172.66251895  144.67929273   10.3574889    44.93481246  -11.13796965
   19.13740732   -9.31515686    8.63580063   -1.10359323    1.14823626
   -4.8081438     5.60848905   -3.5990409    -2.77810153    2.34348938
   -5.24139717    0.72781739   -3.07568997    1.17096727   -3.62882692]","[91.16706266 35.57293548 30.13552555 21.66757722 17.48848097 13.8235675
 12.9985705  13.09861502 12.00270873 11.79766719  9.74330525 10.1162974
  8.19769918  8.9314286   8.10172521  8.1367082   7.15055929  7.24323054
  8.35881117  7.55832111]","[-0.78577002 -1.31134037  0.01018613 -0.37129258 -0.17742347  0.08295839
 -0.32355225  0.31016287 -0.44473596  0.36068376 -0.31480686  0.49340485
  0.03713597 -0.25924816  0.29832373 -0.02028092 -0.14343754 -0.05280188
  0.07175229 -0.08998926]","[ 1.20026261  2.32374503 -0.14414635  1.15505653 -0.28891967  0.39605811
 -0.21326286  0.47610072  0.15919429  0.08727464  0.08329526  0.43759136
  0.13965457  0.26522225  0.77187492  0.59541431  0.48969962  0.48064308
  0.43457126  0.06183523]","[-3.56422323e-11 -1.91134562e-18  2.86701844e-18 -3.34485484e-18
  2.38918203e-18 -3.34485484e-18  2.38918203e-18 -5.25620047e-18
 -7.64538250e-18  1.79188652e-18  5.01728226e-18 -4.18106855e-18
 -2.68782978e-18  3.22539574e-18  3.34485484e-18  5.97295508e-19
 -9.55672812e-19 -5.25620047e-18 -2.20999338e-18 -3.28512529e-19]","[14.17364103  8.2906191   6.00547333  4.81372417  4.71508283  4.71496046
  4.84508609  4.98245754  4.81047275  4.56509517  4.12316956  3.78147385
  3.71406382  3.62185084  3.52470115  3.50315226  3.47375702  3.47274168
  3.51241315  3.57318999]","[ 3.32896368e-11  1.76208100e-18  7.16778711e-19 -3.82281979e-18
  1.76954744e-18 -3.67349089e-18 -5.45050478e-18 -9.85570727e-19
  5.58490079e-18  5.34597455e-18 -4.59933006e-18  7.06325688e-18
  1.49328898e-18 -1.49328898e-18  3.65855800e-18  2.98657796e-19
  8.95973388e-20 -3.30016865e-18 -1.85167834e-18  2.65805438e-18]","[11.61913703  7.89580322  6.13164326  5.62572046  5.50682131  5.37689643
  5.50581443  5.52162224  5.48863301  5.27336075  5.06000825  4.80725837
  4.80661205  4.71423418  4.62058233  4.64014164  4.64517221  4.55732833
  4.63219246  4.63444071]"
69.84492997137698,88.86411613067956,55277.81794980832,90.24795204808093,150.9314039708687,222864.90015687706,10.623754384102002,25.241227037875287,9473.985717518173,735.0,1039.4469683442248,0.6365141682948128,0.0,0.0,0.0,28.4323,120.62803280838163,-30.011872222222223,123.74211919476286,69.83103528985448,88.86922572969382,55284.17497256692,90.26979023091872,150.96756156263424,222971.95566123718,10.62643249718112,25.247477860789527,9478.678782156889,735.0676014387248,1039.470892301666,0.6365355049819288,13.700959848929712,0.0,0.0,28.43694976,120.65844817375715,-30.019550421666654,123.77277644976346,68.63959779625685,88.34455611282283,54633.32416340191,90.50415474342766,151.33279955182195,224068.2327041355,10.658329710316865,25.319515976457982,9532.848888452365,737.7042929941233,1040.4622059772344,0.6374885658119168,171.533546652474,0.0,0.0,28.409257857894737,121.02699913151292,-30.11373305555555,124.12791592870947,68.3217279859436,87.87429846122772,54053.24631037051,90.46031204327846,151.02771237904696,223161.71388013853,10.718674078651002,25.369267707868442,9569.242674417661,736.4185138873099,1041.3373028573471,0.6382803269366568,224.10608235349486,1.1216546643018832,0.5,28.328502094736844,121.1659081413257,-30.159744755555558,124.3323975733614,68.19494488407382,87.46666972825952,53552.928193467014,90.39654667623927,150.80688805493853,222497.86169657783,10.769170201286833,25.40926324344399,9598.931551503698,739.6577874013299,1046.4922032738618,0.642560780482208,267.2747666353085,1.2156068625101308,1.0,28.262334131578942,121.27959718851012,-30.196033194444446,124.49669805008277,67.83034903534524,86.5315687944056,52413.986786146656,90.57234141465048,151.26258913430325,223942.43866288807,10.720911704404411,25.41702790001246,9606.336757231691,739.6891385233143,1042.8659058976536,0.6405009294215436,351.94845625945237,0.0,0.0,28.20851144210525,121.48615279576003,-30.231814116666655,124.60467385557712,68.10607394769704,86.70782604191388,52627.72967840359,90.75359239029387,151.64585395101244,225050.9108292913,10.697911572106362,25.40626568192194,9598.295287174164,745.3814699164326,1043.9271759982141,0.6410736622675015,361.4546555579115,0.0,0.0,28.217682578947358,121.50491430053862,-30.234065538888885,124.56221901113211,64.47536305985116,80.41590767724361,45267.02745288477,90.38592181077055,150.07312646091322,221021.306110031,10.771406710691743,25.573990778764447,9725.617906384105,712.3569818407392,1041.8329169294445,0.6399372746638888,675.4398726776834,0.0,0.0,27.595218954736843,122.36648987205099,-30.40115938111111,125.52502757278408,58.42143258401835,72.25782167068925,36548.349548151906,89.67475421997239,146.57210791453477,211951.26444071945,10.937527562964855,25.885922220477195,9963.630454875956,654.7727627033261,1119.2856057904985,0.6679371544197162,1210.7768467423668,23.14521769693601,0.0,27.022060668421055,123.6850761124778,-30.66694627777778,127.24777554855686,63.84640780382684,74.17931779421674,38517.9983189078,91.51294119237251,145.82478124233347,209770.53386896313,11.096404312937596,25.97408812871652,10033.535813607852,662.8653835665224,1242.3666849098565,0.6912644376712785,1232.9417224080694,13.10896336100401,0.0,27.29166231578947,123.65932995352284,-30.709602333333333,127.5314069751251,71.23069253091084,80.74545609927581,45638.80076476054,92.18291500196169,146.271130727404,210712.12104823557,11.002594183288368,25.81291743230938,9910.665112706774,607.9298226489647,1210.7721728404579,0.6587824720034993,966.4577296505381,7.802705558736662,0.0,27.856351789473678,122.96955106214747,-30.578291944444445,126.82913849522077,69.99883657275005,82.39883580672662,47526.97699612725,91.25930738888417,147.86147164458504,214897.94309749277,10.884414054135902,25.65211993375691,9787.030221407218,604.7353963736927,1058.1912352505688,0.6304087835975548,706.8271366097638,197.6216842851925,0.0,28.02186652631579,122.34642204802256,-30.427858111111114,125.95509036797601,68.58623720226119,84.37650274012576,49835.75950258113,90.42535247756601,149.194576102993,218395.79508726258,10.794061936067978,25.52010957343179,9685.473326774681,653.3012514561792,1023.3630279017267,0.6229329125548677,492.66800468533296,4.462873994168946,0.0,28.136605715789482,121.83162846079406,-30.318977466666677,125.22450547442358,"[-257.26575454  158.38112316  -21.02581201   24.79719685    8.96424675
    7.20562226   -3.11660381    1.94546819   -2.21202456   -7.26022872
   -1.02740646   -2.04650363   -2.68017862   -1.62675564    1.77133813
   -0.45082345    2.52776543    1.70102073    4.59174507    4.98521225]","[59.41088831 29.3123628  28.94880658 23.43170879 18.15103612 11.38295014
 14.96700549 11.39618058  8.63699518  8.57661015  9.03421982  8.77713917
  8.60235009 11.7902495  11.40104335 11.99997054 14.12187003 12.34996291
 12.99314594 13.7764083 ]","[-1.11514904 -1.56463842  0.1099882   0.05463807 -0.20247938  0.14748093
 -0.25375114  0.08219041  0.07251035 -0.02501335  0.33016338 -0.01056024
  0.03349865  0.71764165  0.90951299  0.80392656  0.93025761  0.29441765
  0.51655843  0.28611913]","[ 3.70483893  6.31601855 -0.44604005 -0.08163542  0.27633923  0.71068296
  0.3021624  -0.01998274  0.16337686 -0.07536527  0.48322649  0.28931086
  0.35371918  0.8639265   1.4645735   0.87925074  0.68597006  0.14731551
  0.56205299  0.31557922]","[-2.87490287e-09 -1.10418452e-18 -1.38023064e-18  3.17453048e-18
  2.76046129e-18 -2.41540363e-18  3.17453048e-18  3.45057661e-18
 -1.65627677e-18  3.62310544e-18 -5.93499177e-18 -1.51825371e-18
 -3.17453048e-18 -2.41540363e-19  1.72528831e-18 -2.62243822e-18
 -4.07168040e-18  4.14069193e-18  3.38156508e-18  4.14069193e-18]","[15.57370633  6.93330942  7.16771462  6.77188156  5.37998881  4.06312945
  4.09368822  3.8568663   3.6710116   3.52774965  3.6068505   3.55303156
  3.50322754  3.52846979  3.49586988  3.51352732  3.55301015  3.51797642
  3.5638186   3.60812281]","[-1.25529741e-05 -1.77470453e-05 -1.77318894e-05 -1.77065511e-05
 -1.76712060e-05 -1.76257508e-05 -1.75703788e-05 -1.75050126e-05
 -1.74296577e-05 -1.73448937e-05 -1.72503205e-05 -1.71461261e-05
 -1.70325557e-05 -1.69096169e-05 -1.67775710e-05 -1.66364532e-05
 -1.64863553e-05 -1.63278748e-05 -1.61607611e-05 -1.59852924e-05]","[16.35264993  7.71925104  8.05061929  7.61850735  6.26681569  5.07518207
  5.00540636  4.90368348  4.71222384  4.58559465  4.63125787  4.54425035
  4.54199338  4.54567019  4.51489342  4.46088638  4.45075395  4.4443871
  4.49858475  4.52124275]"
85.33038522527679,108.56635213525327,82506.56971169068,110.25700100509722,184.3946990669765,332643.70959393395,12.979167628998272,30.83750857196411,14140.682321428108,734.9999999999998,1039.4469683442248,0.6365141682948128,0.0,0.0,0.0,34.73608052631579,147.37270855199927,-36.66586277777778,151.17722508718074,85.33038535456811,108.56635229975137,82506.5699617161,110.25700117215695,184.39469934636847,332643.7106019671,12.97916764866411,30.837508618688638,14140.6823642796,735.0,1039.4469683442248,0.6365141682948128,0.0,0.0,0.0,34.73608057894737,147.37270877529613,-36.665862833333335,151.1772253162422,85.33038548385936,108.5663524642494,82506.57021174143,110.25700133921667,184.39469962576052,332643.7116100006,12.979167668329941,30.837508665413157,14140.682407131086,735.0,1039.4469683442248,0.6365141682948128,0.0,0.0,0.0,34.73608063157895,147.372708998593,-36.66586288888889,151.17722554530357,85.33038561315068,108.56635262874751,82506.57046176685,110.25700150627642,184.39469990515258,332643.7126180341,12.97916768799578,30.837508712137677,14140.682449982578,735.0,1039.4469683442248,0.6365141682948128,0.0,0.0,0.0,34.73608068421053,147.3727092218899,-36.66586294444445,151.177225774365,85.33038574244198,108.56635279324557,82506.57071179221,110.2570016733361,184.39470018454455,332643.71362606715,12.979167707661619,30.837508758862207,14140.682492834076,734.9999999999999,1039.4469683442246,0.6365141682948128,0.0,0.0,0.0,34.736080736842105,147.37270944518676,-36.665863,151.17722600342643,85.33038587173321,108.5663529577436,82506.57096181753,110.25700184039586,184.39470046393666,332643.7146341007,12.979167727327457,30.83750880558673,14140.682535685568,735.0,1039.4469683442248,0.6365141682948128,0.0,0.0,0.0,34.73608078947368,147.37270966848365,-36.665863055555555,151.17722623248787,85.33038600102456,108.56635312224176,82506.57121184305,110.25700200745555,184.39470074332866,332643.7156421338,12.979167746993292,30.837508852311252,14140.682578537058,735.0,1039.4469683442248,0.6365141682948128,0.0,0.0,0.0,34.73608084210527,147.37270989178052,-36.665863111111115,151.1772264615493,85.3303861303159,108.56635328673985,82506.57146186846,110.2570021745153,184.3947010227207,332643.71665016736,12.979167766659124,30.837508899035768,14140.682621388545,735.0000000000001,1039.4469683442248,0.6365141682948128,0.0,0.0,0.0,34.736080894736844,147.3727101150774,-36.66586316666667,151.1772266906107,85.33038625960715,108.56635345123789,82506.57171189378,110.25700234157502,184.3947013021127,332643.7176582005,12.979167786324961,30.83750894576028,14140.682664240037,735.0,1039.4469683442248,0.6365141682948128,0.0,0.0,0.0,34.73608094736842,147.37271033837428,-36.66586322222222,151.17722691967214,85.33038638889843,108.56635361573596,82506.57196191917,110.25700250863471,184.3947015815047,332643.7186662338,12.979167805990803,30.837508992484814,14140.682707091539,735.0,1039.4469683442248,0.6365141682948128,0.0,0.0,0.0,34.736081,147.37271056167117,-36.66586327777778,151.17722714873352,85.33038535456811,108.56635229975137,82506.5699617161,110.25700117215695,184.39469934636847,332643.7106019671,12.97916764866411,30.837508618688638,14140.6823642796,735.0,1039.4469683442248,0.6365141682948128,0.0,0.0,0.0,34.73608057894737,147.37270877529613,-36.665862833333335,151.1772253162422,77.61539080047737,96.41915959254023,65076.580355722195,105.77806818652239,168.65641901452565,278127.8459740071,14.871022709093749,33.02142494685985,16117.32696264037,893.9568140447751,1608.5556435052847,0.833334565923899,498.3144815678848,1.998481019882683,1.5,33.04702743157894,148.45511205146727,-36.77359360833333,157.1985071011228,68.31101246783795,84.11318228028769,49525.19203321833,94.07623625810878,150.20000412986604,221565.57980375324,17.63841309640205,36.56792835325097,19547.113586889704,1026.6521402913156,2078.3582700474935,0.8816893759652563,883.5029785396159,1.3264077386899726,0.4330127018922193,30.89997001052631,148.79942460074759,-36.72905725,164.23168752062313,"[-4.46827918e+02  1.47439900e+02 -1.17719163e+01  1.31132274e+01
  1.18455663e+01 -6.24341391e+00  5.90664328e+00 -1.41244542e+01
 -1.85936592e+01 -6.93409924e+00 -1.31521370e+01 -5.31470320e+00
 -4.47190637e-01 -6.09650162e+00 -5.16329326e-01 -5.16557324e+00
 -1.06038698e+01  4.16330482e-01  2.65853773e-01 -6.87736687e+00]","[68.8372647  37.23612555 29.31688227 16.82229027 17.31112531 18.75149977
 10.18620742 15.13636287 14.78445208  9.45105796 11.23696209  8.92381957
 11.78990137  8.21835378  7.19425725  7.53179834  8.59625509  8.09288286
  6.67150245  6.66195236]","[-0.62915464 -1.26240054 -0.14670703  0.62182169  0.39527209 -0.42864863
  0.18905323 -0.27560379 -0.24611766 -0.0752103  -0.25898086 -0.23475979
 -0.06887088 -0.30806314 -0.32911107 -0.10077533 -0.16878508 -0.08757361
  0.07559727 -0.18378094]","[ 0.57183953  2.12762437 -0.50241507  0.97088332 -0.28869151 -0.64552911
  0.76809165 -0.83436946 -0.72352093 -0.24515952 -0.55882992 -0.15729483
 -0.66955653  0.07209704  0.39748237 -0.04947481 -0.41222926  0.55792589
  0.04282151 -0.0046015 ]","[ 4.98117239e-03  5.78646217e-03  3.44041026e-03  2.26952131e-03
  2.49050140e-03  2.64864327e-03  1.91313892e-03  7.70307919e-04
 -3.61583911e-05 -3.20945377e-04 -3.51473175e-04 -3.82896770e-04
 -3.88193511e-04 -2.66187701e-04 -1.72334936e-04 -2.94815912e-04
 -3.94171243e-04 -7.65372865e-05  4.64026972e-04  5.24856216e-04]","[10.94307377  6.98562609  6.55205104  4.92949345  4.30816765  4.32106495
  3.95261406  3.94698342  4.07405384  3.59869074  3.61098112  3.51726375
  3.5831572   3.46461588  3.40903843  3.4209509   3.41683339  3.22476228
  3.15461607  3.1570983 ]","[-8.47038333e-03 -6.83440118e-03  7.18191593e-04  1.83826310e-03
  4.19239528e-04  1.00046608e-03  9.33476549e-04 -3.81376652e-04
 -2.18900671e-04  5.81893274e-04  2.41807139e-04 -5.31449853e-06
  2.57253392e-04 -1.65477979e-04 -6.67608142e-04 -2.31883668e-04
  2.95954543e-04  1.48772074e-04 -2.59559838e-04 -4.44410767e-04]","[10.07761081  7.3625583   6.94938074  5.63834452  5.2682655   5.06004584
  4.9298344   4.91857187  5.05452607  4.67956576  4.60335747  4.5909038
  4.55676236  4.51012986  4.53367467  4.53505212  4.50563502  4.33597288
  4.24556816  4.33966937]"
78.20515089379373,99.50087449284321,69302.96817388374,101.05035126627516,168.99742367829916,279410.4336150158,11.895384747436667,28.2625234222513,11877.736043364717,734.9999999999995,1039.4469683442248,0.6365141682948128,0.0,0.0,0.0,31.83555789473684,135.0668332213521,-33.6042,138.553666064381,77.3294584400586,99.08693455046422,68727.54419025585,101.2176263097721,169.25256651292005,280269.980115976,11.918090997766514,28.31405100044764,11921.089179486173,736.4058443316544,1039.9709920379496,0.6370165848710139,126.07975298147218,0.0,0.0,31.812893594736835,135.3309219309671,-33.67105702777778,138.80825753165476,74.54571590442126,93.40260224754286,61068.32274628887,100.86948293839863,168.37314349053452,277871.0734748873,12.039471723950307,28.54103352675033,12112.247145175137,734.4190787895137,1041.3099229742418,0.6377207489996878,627.2391907443493,0.0,0.0,31.043282305263155,136.53547101218885,-33.98493891111111,140.00549368485323,71.9611907572104,90.31028708386832,57091.63567219499,100.42144903113306,166.63459112910607,272596.5347520544,12.166511421365907,28.756392956530725,12290.594914582516,683.611992302976,1033.5623966221242,0.6314955555110477,823.1976378330244,2.979175722858702,0.0,30.942469305263156,136.93340004648533,-34.04554355000001,140.83732651396434,71.59696957318116,89.98252265061033,56677.98067797322,99.82865188600027,165.34502520680485,268279.5313024327,12.48802617605377,28.897613330045214,12417.739151571224,724.654749942733,1067.4998351997376,0.646559728884725,789.7142151740512,3.3311139953399738,0.5,30.864859142105256,136.77527215584269,-33.98301311666667,141.07858524904063,71.98719281127214,90.33501887890743,57122.90945096794,98.37698550765982,164.87969238235382,267010.2067236252,12.193704143410342,28.66936404581186,12236.056242903713,735.2397234154445,1061.7601037498143,0.6462868204075044,814.5625207618059,7.379980479291114,0.0,30.816954568421057,136.68736269447993,-34.017268400000006,140.6023596948698,72.77630487123062,90.57021043066622,57420.74112218612,100.55295324578216,167.26833685603074,274452.79413039197,12.160294783583682,28.68874560176225,12235.190224769265,738.2585891756822,1049.1421173907374,0.6438973526446189,825.9692320437817,0.0,0.0,30.783024684210528,136.98110762388222,-34.00282944444444,140.6767915797752,72.57775173644326,90.89316707087023,57830.9747412119,100.07082891555649,166.12578834220338,270578.4290352876,12.338182687815477,28.806518273523455,12329.52103743521,743.5732152401353,1064.0835835452567,0.652637576406519,803.3422960486233,17.46569586936323,0.0,30.94541910526316,136.903833241225,-33.939163888888885,140.99474276864603,69.68584444255528,88.74066288368051,55124.33674324522,95.48600493948723,157.04569635903778,241966.18125490256,12.64678052715147,29.489513708229175,12918.117521519847,769.580628497064,1136.9774103298992,0.6832216968520957,824.1234868671295,4.021698042309354,3.5,30.442923947368424,136.53244593046955,-33.90938841111111,142.68927929559914,69.37211145729633,88.34926394752199,54639.147080482355,93.78570273600242,154.7187039075616,234866.61332109603,12.85337590002029,29.54264543980281,13007.412751181811,823.9644674784282,1335.125157118859,0.7084809312693625,761.1222031472411,3.331323553160335,3.2998316455372216,30.165686526315785,135.53996784335857,-33.73560002777777,142.16090373936936,70.33758776389071,88.66747009231725,55033.441768003824,97.77973857947784,160.4608181530674,252435.4127203409,12.6228782581031,29.33741044357009,12781.784864856516,772.9150178328312,1168.5561829037197,0.6934500852198682,799.9401148676567,2.696819588572931,0.9428090415820634,30.51629280526316,136.46851161494448,-33.90753522777778,141.9866362682659,72.46388708862949,90.52431277522128,57362.55842398262,97.88885921581519,162.6738408714545,259472.09865182536,12.402320958682592,29.020883287537853,12526.100684291294,755.300383194238,1109.6953855624263,0.6582617043284489,742.8236323640593,1.751175932280708,1.0,30.479235315789484,136.43930945837218,-33.93691291611111,141.19679679334348,69.42619422993957,86.54707131146534,52432.76886814307,95.02232787255014,158.02368122960604,245539.13735974935,12.701356483524458,29.431094438414004,12881.95291571327,742.0591222376219,1258.3676257350542,0.6774058194999558,910.7235264863058,3.5159939090279893,0.5,30.03733927894738,136.46231349121226,-33.92732870555555,142.1486197767793,"[-236.78548688  129.07167512  -36.24598962   47.13225634   -5.92692654
   18.67709558  -11.77875658   15.33547859   -4.0148666     0.9907548
   -2.41185934    2.90727639   -3.50199376   -0.51613633    2.10802054
   -2.32044387    1.88156002   -1.19055533    3.74399641    1.52312669]","[99.52003627 42.70595679 28.34097806 22.83204543 23.29538965 18.54648284
 18.02113455 13.71989406 12.06413327 11.20881176 11.9288075   9.91279345
  9.96534288 10.15002633 11.32540328 11.01146069  9.95397404 10.65312583
 11.35508727 11.21910268]","[-1.17604178e+00 -6.02277244e-01  6.21087630e-01 -2.34457943e-01
  3.14589230e-02  3.78126896e-01 -1.68865337e-01  9.83910259e-02
  3.46800327e-01 -3.61334638e-02  7.23260698e-03  1.87440790e-01
 -4.29999144e-02  2.40312281e-01  4.03701978e-02  7.04225765e-01
  6.08688324e-01  1.18324179e-01  1.96481529e-01 -1.06359850e-03]","[ 1.71510422e+00  7.25772614e-01  4.99253935e-02  3.92116358e-01
  7.49374213e-02  1.68963430e+00 -3.74665000e-01  4.02101756e-01
 -4.72294141e-03  3.22542266e-01  3.01634127e-04  4.96744957e-01
  2.08163742e-01  7.38702730e-01  3.48428956e-01  1.06449106e+00
  1.17414578e+00  6.35514103e-01  1.19972654e+00  8.51305496e-01]","[0.00017294 0.00024405 0.00024249 0.00023991 0.00023634 0.00023182
 0.00022641 0.00022017 0.00021316 0.00020547 0.00019718 0.00018838
 0.00017915 0.0001696  0.0001598  0.00014986 0.00013985 0.00012985
 0.00011996 0.00011023]","[16.83914534 10.95194018  7.20622228  6.37152725  6.07297517  5.83837942
  5.68863947  5.20023001  4.64649517  4.48426882  4.47433786  4.30845136
  4.25948173  4.31120751  4.44213268  4.46233575  4.33250729  4.24221325
  4.35730326  4.32176422]","[-1.62600242e-05 -2.31278420e-05 -2.35133973e-05 -2.41506530e-05
 -2.50316127e-05 -2.61451115e-05 -2.74776341e-05 -2.90130536e-05
 -3.07328860e-05 -3.26174855e-05 -3.46449838e-05 -3.67931164e-05
 -3.90387712e-05 -4.13583287e-05 -4.37286112e-05 -4.61265392e-05
 -4.85298845e-05 -5.09162384e-05 -5.32655494e-05 -5.55577559e-05]","[15.67044688 11.39280675  7.85506591  6.99314173  6.79764956  6.8510872
  6.77642678  6.30492046  5.83064843  5.59675226  5.57347652  5.40360088
  5.41398567  5.4422186   5.61203333  5.6753105   5.47983885  5.35658753
  5.40748288  5.38923389]"
69.8967421657673,88.93003709102949,55359.86047908316,90.31489956219201,151.04336753422757,223195.6729835481,10.631635271483947,25.259951422916167,9488.046868616522,734.9999999999998,1039.4469683442248,0.6365141682948128,0.0,0.0,0.0,28.453391578947365,120.71751679937934,-30.03413555555555,123.8339132696745,69.8967422950586,88.93003725552757,55359.860683886654,90.31489972925175,151.04336781361962,223195.67380925923,10.631635291149788,25.259951469640693,9488.0469037175,735.0,1039.4469683442248,0.6365141682948128,0.0,0.0,0.0,28.45339163157895,120.71751702267623,-30.034135611111115,123.83391349873594,69.8967424243499,88.93003742002566,55359.860888690135,90.31489989631147,151.04336809301168,223195.67463497035,10.631635310815623,25.259951516365213,9488.046938818472,735.0,1039.4469683442248,0.6365141682948128,0.0,0.0,0.0,28.45339168421053,120.7175172459731,-30.03413566666667,123.83391372779738,69.89674255364119,88.9300375845237,55359.8610934936,90.31490006337121,151.0433683724037,223195.67546068146,10.631635330481458,25.259951563089732,9488.046973919447,734.9999999999998,1039.4469683442248,0.6365141682948128,0.0,0.0,0.0,28.453391736842107,120.71751746927,-30.034135722222224,123.8339139568588,69.89674268293251,88.93003774902182,55359.86129829712,90.31490023043092,151.04336865179573,223195.67628639258,10.631635350147299,25.259951609814255,9488.047009020424,735.0,1039.4469683442248,0.6365141682948128,0.0,0.0,0.0,28.453391789473688,120.71751769256687,-30.03413577777778,123.8339141859202,69.89674281222376,88.93003791351984,55359.86150310054,90.31490039749063,151.04336893118776,223195.6771121036,10.631635369813132,25.25995165653878,9488.047044121398,734.9999999999999,1039.4469683442248,0.6365141682948128,0.0,0.0,0.0,28.453391842105265,120.71751791586374,-30.034135833333337,123.83391441498166,69.89674294151507,88.93003807801796,55359.86170790406,90.31490056455038,151.0433692105798,223195.67793781482,10.631635389478971,25.259951703263305,9488.047079222373,735.0,1039.4469683442248,0.6365141682948128,0.0,0.0,0.0,28.453391894736843,120.71751813916065,-30.03413588888889,123.83391464404306,69.89674307080642,88.93003824251609,55359.861912707616,90.3149007316101,151.0433694899718,223195.67876352582,10.631635409144804,25.25995174998782,9488.047114323344,734.9999999999998,1039.4469683442248,0.6365141682948128,0.0,0.0,0.0,28.453391947368424,120.7175183624575,-30.034135944444447,123.83391487310448,69.8967432000977,88.93003840701412,55359.862117511046,90.31490089866983,151.04336976936386,223195.67958923706,10.631635428810643,25.259951796712347,9488.047149424323,735.0,1039.4469683442248,0.6365141682948128,0.0,0.0,0.0,28.453392,120.71751858575436,-30.034136000000004,123.8339151021659,69.89674332938903,88.93003857151223,55359.86232231457,90.31490106572956,151.04337004875592,223195.68041494818,10.631635448476478,25.259951843436866,9488.047184525296,735.0,1039.4469683442248,0.6365141682948128,0.0,0.0,0.0,28.453392052631582,120.71751880905128,-30.034136055555557,123.83391533122733,69.8967422950586,88.93003725552757,55359.860683886654,90.31489972925175,151.04336781361962,223195.67380925923,10.631635291149788,25.259951469640693,9488.0469037175,735.0,1039.4469683442248,0.6365141682948128,0.0,0.0,0.0,28.45339163157895,120.71751702267623,-30.034135611111115,123.83391349873594,69.89674230798775,88.93003727197738,55359.860704367005,90.31489974595772,151.04336784155882,223195.67389183032,10.631635293116368,25.25995147431314,9488.046907227594,734.9999999999999,1039.4469683442248,0.6365141682948128,0.0,0.0,0.0,28.453391636842106,120.71751704500593,-30.034135616666667,123.83391352164207,69.89674232091686,88.93003728842719,55359.86072484735,90.31489976266369,151.04336786949804,223195.6739744014,10.631635295082951,25.259951478985588,9488.046910737688,734.9999999999997,1039.4469683442248,0.6365141682948128,0.0,0.0,0.0,28.453391642105263,120.71751706733559,-30.034135622222223,123.83391354454821,"[-179.8175674   127.64358911  -56.67462016   48.58187335   -5.48444207
    1.90795944   -5.22290477   15.11427038   -6.55133053   -2.97273373
    5.34226401   -3.72809569   -4.42597898    2.46872651   -5.01469145
   -0.54141592    5.97131264   -3.98565165    3.26071295    3.40779234]","[66.34382696 29.89681588 24.00883136 21.31612442 20.92378042 14.80793285
 16.16771472 12.9392526  11.57399031 12.00764189 10.89875744 10.75579622
 13.61024153 11.04460603 11.45358995 13.4690763  13.9746692  14.72662276
 13.0296287  13.48082706]","[-2.23347994e+00 -1.46929485e+00  4.51636334e-01 -5.30307591e-02
  7.00595619e-02  1.33866456e-01 -2.59550974e-01 -7.54634034e-02
  2.95958313e-01  1.15119885e-01 -2.93619762e-01 -4.21702479e-02
 -1.88113916e-03  2.32819551e-02  4.77941640e-01  6.40309099e-01
  4.23910554e-01  3.55829439e-01  5.17721518e-01  2.50550727e-01]","[ 9.83657252  3.78004313 -0.08904783  0.68654599 -0.3767676   0.22404478
 -0.36537334 -0.10453473  0.48466801 -0.07889253  0.38023619  1.30198414
  0.08582413  0.36746426  0.54607002  0.43564284  0.42081299  0.05139774
  0.32232757  0.15043771]","[-1.15771609e-10  8.61368330e-19  7.10628873e-18 -6.46026248e-19
 -7.96765706e-18 -1.18438145e-18 -5.59889415e-18 -1.18438145e-18
  2.58410499e-18 -2.79944707e-18  3.44547332e-18  1.56123010e-18
  3.60697988e-18 -1.72273666e-18 -3.98382853e-18 -2.69177603e-18
 -2.47643395e-18 -1.07671041e-18  9.69039372e-19  2.36876291e-18]","[19.61022143  7.95995194  6.01099504  5.49403217  6.55154085  5.95012537
  5.19530374  4.35036415  4.57499453  4.26238695  4.02980618  4.04280725
  4.43848224  4.13367437  3.93029833  4.22502105  5.16093962  4.14220581
  3.98393036  4.03634873]","[ 3.00045708e-11 -7.53720132e-19  1.72278887e-18 -4.52232079e-18
 -1.34592881e-18 -7.10650410e-18  6.78348119e-18  5.16836662e-18
  8.77545582e-18 -3.90319354e-18 -4.84534370e-19  1.21133593e-18
  1.13058020e-18 -2.93412480e-18  7.45644559e-18  1.99197463e-18
 -3.55325205e-18  3.17639198e-18  3.74168208e-18  3.01488053e-18]","[20.68796476  8.56863903  6.50025545  6.12951849  7.4383874   6.80775206
  6.19465501  5.34686977  5.55455195  5.14910573  5.04021916  5.03363093
  5.30624768  5.01305648  4.82960177  5.09981529  5.99003122  5.02414649
  4.7938924   4.83269089]"
10.403083947057869,11.553163204085932,934.3290601417159,10.133542528309478,13.506736000969358,1948.4667646514051,10.729690113075886,24.708122604543306,8885.708231846955,3264.863729166234,4089.4498347532644,0.4834907892879374,847.4053355187422,3.8745589570761343,0.0,6.099153757894737,59.25592532392411,-13.18332258888889,83.76477942131666,15.236267076985296,16.40112526904776,1882.978370636979,20.476819799307304,31.236802454808636,10079.005097438465,11.96545365826056,27.863540707566067,11331.16948233097,1936.5529609918294,3802.564254069158,0.9808951601841162,934.4190221543031,3.7500548651032894,0.0,9.704711684210524,73.56399109016814,-16.989964333333333,98.83911663488817,69.66716830395805,88.7735009461348,55165.14129163377,90.25308024550121,150.9379729753037,222885.78164818525,10.62499602399702,25.243503112104033,9475.695380491072,735.411286082276,1039.5931652817806,0.6366458086375518,296.9358589035089,0.0,0.0,28.42078242105264,120.64210719314119,-30.01606816666667,123.75333235778986,69.667169596871,88.77350259110757,55165.143336053676,90.25308191609844,150.93797576922393,222885.78989956196,10.624996220655381,25.243503579349245,9475.69573127227,735.4112860745923,1039.593165279035,0.6366458086350554,296.93586439937496,0.0,0.0,28.420782947368426,120.64210942610997,-30.016068722222226,123.75333464840409,69.66717088978406,88.7735042360804,55165.14538047371,90.25308358669567,150.93797856314418,222885.79815093885,10.62499641731375,25.243504046594467,9475.696082053479,735.4112860669085,1039.5931652762895,0.6366458086325588,296.93586989524107,0.0,0.0,28.420783473684214,120.64211165907871,-30.01606927777778,123.75333693901834,69.66717255953387,88.77350637485802,55165.148038608706,90.25308564235432,150.93798170500426,222885.80737114133,10.624997051230936,25.243504595486023,9475.696467923772,735.4112799876245,1039.5931631370465,0.6366458068090763,296.93590595970227,0.0,0.0,28.420784052631586,120.64211411535017,-30.01606988888889,123.75333945869401,67.04283475891069,86.42429818386395,52284.11521601401,87.98262073756835,147.02882873099082,211283.04385590315,13.895900941765202,14.90499598544349,4164.3267162228285,3079.9355827982954,6242.437077217133,1.1108085369221516,1156.5739728389258,21.177959245506408,0.7637626158259734,26.478061305263157,107.63776951358537,-26.568874400000002,102.35398994573437,65.4082967309268,84.23859467826394,49672.985833581864,85.50965864037998,142.7053713763505,198819.17700522143,19.031503487353312,23.120159414219078,8352.640114165091,8080.791571810137,9213.083259456207,1.5962998916513504,2411.314765852196,2.987570970620586,0.7637626158259734,24.4731023368421,101.27507932412074,-22.47536753333333,108.47105352523184,55.11244608702024,68.76149154712698,33096.99903849931,73.67960728582031,124.9123016441033,154001.96219700677,20.77362795710055,25.433877112903208,9926.68083644146,11342.829210907006,9425.947889571895,1.7273881026283406,3190.115171241796,3.248174544460702,0.34992710611188266,22.36878147368421,102.79478074759244,-22.11728938888889,115.57418204185774,13.299008089644937,14.586700757449133,1489.4028729115696,16.48296453931153,24.370071577491565,6194.167685409895,13.116334307521681,19.505254387155798,6176.110583908881,15948.30562481287,8018.743682021831,1.6469717344513513,839.7511330009032,8.229512876601765,0.6998542122237653,7.755527636842109,59.95575478409409,-14.047838700000003,77.72543511482421,10.368376780444363,11.56670750481932,936.5210575143051,10.268439457668146,13.716557053095952,2009.2341673875253,10.753670615757986,24.715500127647744,8894.68713008883,3292.9901933062183,4140.783167359163,0.47982011050052176,846.705046195186,3.871536719018358,0.0,6.1438427578947366,59.40138852147094,-13.228497327777779,83.88268750486931,17.535310605120532,18.973774725893488,2520.028891442682,23.64234518864032,36.90047905235246,13966.527837645035,12.343302491876424,28.820004179507926,12131.678234701229,1461.5852069562386,3303.5903840045266,0.8922796566848008,922.6321986707078,4.041639578456991,0.0,10.801363184210528,77.97806297903975,-18.14594268333333,103.4437591760281,69.47652734948778,88.39539530315746,54696.22137561029,89.77193206827333,150.13530431165128,220520.06334443443,10.56771854913139,25.108090184215843,9374.306717122161,735.0,1039.4469683442248,0.6365141682948128,0.0,0.0,0.0,28.282331578947367,119.99177068344073,-29.85357222222222,123.08943157422755,"[-180.75229063  117.94978939  -51.41017149   59.52760933  -10.24575227
   11.32350512   -7.79226762    2.5217904    -6.29714139   -6.30129387
   -4.20921676   -2.83445892    2.6636852    -6.93486242   -1.53846034
   -2.11524127   -4.73793391   -3.4979074    -3.24744315   -6.28697532]","[71.69468445 30.27007469 21.16456904 17.71018985 17.50487445 15.52987871
 12.06446509 10.50016654  9.28187532 10.66683357 10.10611488 11.05447632
  9.05226412  9.00031034 10.76827203 12.12318051 10.25654697  8.86159942
  9.63221082 10.23034783]","[-2.8494361  -1.45583885  0.58526189 -0.55729583 -0.11721236  0.18097746
 -0.24726663  0.05979395 -0.06263461  0.28870014  0.19897859  0.02983424
  0.29749991  0.41024265  0.59359843  0.4434454   0.02709552 -0.01762234
  0.0627075   0.42288784]","[11.84483111  3.75099103  0.65494659  1.76102926 -0.26261444 -0.2002938
 -0.13543895 -0.066695    0.01402705  0.08657572  0.32537121 -0.13717888
  0.59077972  0.67499993  0.60291417  0.94221142  0.21877125  0.6349337
  0.30375955  0.13197716]","[-0.02594179 -0.00759448 -0.00116201 -0.00141008 -0.00087327 -0.00083453
 -0.00064028 -0.0005767  -0.0004721  -0.00042592 -0.00036762 -0.00033956
 -0.00030496 -0.00028569 -0.00026099 -0.00024481 -0.00022494 -0.00021117
 -0.00019566 -0.00018522]","[15.77681162  9.30619706  5.64313318  5.2229203   6.32805069  5.63604048
  4.68039065  4.3282526   4.11819345  4.72597346  4.15531409  4.13637528
  3.91446313  3.86517584  3.8988136   4.01190439  3.86741791  3.6869823
  3.83837721  3.89394479]","[ 4.13477381e-03 -5.26196908e-05 -5.26105237e-05 -5.25969565e-05
 -5.25800281e-05 -5.25597995e-05 -5.25358431e-05 -5.25068142e-05
 -5.24711055e-05 -5.24300556e-05 -5.23852350e-05 -5.23380187e-05
 -5.22898002e-05 -5.22406405e-05 -5.21876306e-05 -5.21288456e-05
 -5.20634969e-05 -5.19922203e-05 -5.19176190e-05 -5.18423639e-05]","[14.26981408  9.62971852  6.19210165  5.73654856  6.3479253   5.93903324
  5.58235105  5.26121723  5.06876129  5.44098507  5.12448787  5.06881013
  4.92385318  4.78668062  4.77891027  4.91056606  4.8259266   4.63000588
  4.74211847  4.75200101]"
73.96530656042316,94.10649555408489,61992.227538297,95.57196839372928,159.8353319113548,249935.54581640055,11.25048375257541,26.73028803354501,10624.758720183869,734.9999999999999,1039.4469683442248,0.6365141682948128,0.0,0.0,0.0,30.109612631578944,127.74426762413762,-31.782368888888886,131.0420639612335,73.96211245623464,94.09627843134992,61978.76730241088,95.48345424917365,159.7566818703385,249699.78199575914,11.254284501904895,26.732510969801485,10626.492778637614,736.4969692040626,1039.9953033990457,0.637023678861964,0.947178314521712,0.9069914607686297,0.0,30.108349063157892,127.74685914683862,-31.780212501055562,131.05425423877415,71.10634558139569,91.24806340138379,58283.46352152068,90.19733755830717,154.35791185109355,233612.21119271542,11.514726214945332,27.061776949872208,10887.483157897448,867.6674886735344,1142.838346675362,0.7194042457084553,309.8215815066359,93.9377319665277,0.0,29.70130492105263,128.52050526751967,-31.877928527777797,132.59048486823906,69.0846989075685,88.84666464546682,55256.1087303683,86.45689840424792,148.68370266649652,217027.483413054,12.245124715304563,27.570750905038263,11300.73766221897,1011.3681335528827,1339.1066013910681,0.8239431599598679,481.5241828930254,6.737486075223621,1.0,29.207010878947358,128.96096937441507,-32.0760869611111,134.2325796489365,72.6906182869274,90.30567813631596,57085.80852561925,85.97596495186971,146.806595087468,211493.56034066854,12.36862338273814,27.712041476151498,11411.34604779675,1156.184735072111,1530.3752234766334,0.9181860432238736,434.03256083835527,2.9775260264764607,0.0,29.26078837894737,128.8245762856601,-32.120157266666666,134.5434449168012,73.45466835373193,91.13898283184982,58144.19934136951,90.04205222475325,150.35190594295707,221623.30521479007,12.126390774079608,27.414533876372623,11170.862297500982,974.0666795447581,1427.4420119055917,0.833657857321813,377.84833996714394,4.133332098886867,1.0,29.41292339473684,128.68627275186506,-32.21525017222223,133.6125932293424,70.54343587423433,89.85979703407082,56523.48186103083,91.79019832830372,152.2258463787475,227006.21288403808,12.052897163384753,27.32826331277546,11102.089069962722,931.0688971358312,1387.5784177378023,0.8128057344270383,397.6644510906201,7.23858722852816,0.5,29.283164042105273,128.7771378973105,-32.27708803333334,133.350212674307,69.95567709268238,89.33064089641599,55859.743820751006,92.12283809329966,152.52797317431396,227901.33156652673,12.067232130712922,27.429085571973236,11173.267313794808,946.7327934330278,1405.8201490138727,0.8217611785144376,413.7927310188514,11.007330812920822,0.5,29.276747077368416,128.78964370543187,-32.197370918333334,133.52641269319108,69.69712379253339,88.8685271544127,55283.30583016211,91.47958654102557,152.21819168970273,227144.66623843097,12.062904435620947,27.505010549057697,11228.813625022918,930.4318948921499,1393.9751284385923,0.8073619557591966,466.57051067228684,34.61962274898818,0.5,29.274706168421055,128.8923120107229,-32.170495155555564,133.75537274987903,69.24810736819,88.80069127696267,55198.939398865026,92.33190452651235,153.2043579116178,230045.6172843456,11.974742857022337,27.3835874592767,11139.791373584458,888.9250612424685,1331.3130430179165,0.7836883384728502,505.96926411005006,8.117424494632111,0.5,29.275646042105258,129.0041736769183,-32.2691989,133.53635400910392,70.07387304887695,89.89337401658399,56565.730844598205,92.19942058813774,153.39779451308863,230548.4329420149,11.946399222320714,27.28545819527455,11068.478449920702,866.5350510748027,1290.726080719157,0.7660228687987425,446.87119883358116,9.435921045736539,1.0,29.350823294736852,128.8736234994231,-32.29704709999999,133.25516067740912,70.22199752330717,89.92174637277378,56601.443295106175,91.882311675848,152.80103595472255,228747.9429513737,11.956203873767121,27.32407936325343,11093.335092815532,873.731127647309,1316.079632490543,0.7729548593507961,426.3552899527269,49.4964834557324,0.5,29.343653210526316,128.83283146730358,-32.24622241111111,133.3578499027711,71.05345514779015,89.88847912212408,56559.570752219755,92.47801268694441,153.5215370360612,230970.29087569407,11.964292339204693,27.397395082245545,11142.926735990823,841.5901270339559,1297.4448546980002,0.7525202547735752,402.02339929747995,15.941500832766048,0.5,29.431464126315788,128.72407987428988,-32.136800722222226,133.36462786689526,"[-188.46061159  134.59374549  -43.96769304   38.48916195  -10.3516039
   26.75126     -15.49362111   15.33402445   -6.96672357    0.71496097
   -3.13926727   -2.61419751   -5.99976802   -6.34196541    4.59122916
   -4.34958051    8.81998737   -3.83851285    3.96263998   -4.64689357]","[65.92486779 28.28353787 21.81543567 16.57960214 16.29031038 14.2208838
 14.99831721 11.056701   10.725835   12.02907782  9.84622854  9.30883304
  9.10828777 11.1632357  14.11220214 12.91096982 12.5162573  11.7517873
 10.04911709 11.52950121]","[-2.74624992 -1.04057486  0.6054433  -0.1208508  -0.09545082  0.41534557
  0.1384254  -0.00629119  0.18727025  0.4902705   0.63701104 -0.09933886
  0.05158398  0.29580435  0.17368146  0.13512226  0.43251254  0.22614821
  0.22578264  0.07695995]","[12.21507025  2.96422845  0.69722958  0.45053394 -0.08658147  0.45752304
 -0.07843362  0.10766106  0.26356566  0.52752228  1.48912384  0.04516051
  0.50408653  0.29949855  0.34816223 -0.33495483 -0.16206372 -0.19162171
  0.41019548  0.2640767 ]","[ 5.90324054e-04  8.13780297e-04  7.54209049e-04  6.66127338e-04
  5.63570296e-04  4.61446889e-04  3.72400660e-04  3.04483258e-04
  2.60130636e-04  2.36533017e-04  2.27113007e-04  2.23593348e-04
  2.18084406e-04  2.04740779e-04  1.80733464e-04  1.46498161e-04
  1.05348989e-04  6.26274463e-05  2.45656827e-05 -2.97205733e-06]","[13.73219386  8.68353471  5.5531347   5.50745087  6.19969615  5.36903977
  4.82374238  4.3657078   4.07297569  4.01644002  3.86310023  3.75286405
  3.66587965  3.72037736  3.72074968  3.75030732  3.74011103  3.75160527
  3.73652561  3.8042408 ]","[ 1.57124330e-04  2.15317627e-04  1.92007641e-04  1.48951302e-04
  9.04841144e-05  3.03963437e-05 -1.59761253e-05 -4.17673162e-05
 -5.08769204e-05 -5.13354149e-05 -4.79118623e-05 -4.16907613e-05
 -3.51757677e-05 -3.47489914e-05 -4.60348137e-05 -6.71612737e-05
 -8.85285848e-05 -1.00674141e-04 -1.02217228e-04 -9.91971730e-05]","[12.75599437  8.95685192  6.20361449  6.25927066  6.87645558  6.1234293
  5.62763575  5.22080946  5.07099204  5.00387981  4.88804422  4.83274074
  4.74868338  4.77428945  4.78845668  4.83376784  4.78201948  4.76029981
  4.78657768  4.7945038 ]"
75.56976759809878,96.147860790439,64710.87794204345,97.64512277802751,163.30249204928006,260896.393644051,11.494530099104974,27.310123468156977,11090.704302902172,734.9999999999998,1039.4469683442248,0.6365141682948128,0.0,0.0,0.0,30.762752631578948,130.51530596252272,-32.47179444444444,133.8846383477892,75.56976889101178,96.1478624354198,64710.880156302876,97.64512444862478,163.30249484320044,260896.4025713336,11.494530295763335,27.3101239354022,11090.7046824009,735.0000000000001,1039.446968344225,0.6365141682948128,0.0,0.0,0.0,30.762753157894736,130.51530819549146,-32.471795,133.88464063840343,75.56977018392477,96.14786408040064,64710.882370562365,97.64512611922203,163.30249763712075,260896.41149861627,11.494530492421699,27.31012440264742,11090.705061899638,734.9999999999999,1039.4469683442248,0.6365141682948128,0.0,0.0,0.0,30.762753684210523,130.51531042846023,-32.47179555555555,133.88464292901764,75.56977147683766,96.14786572538138,64710.884584821775,97.6451277898193,163.3025004310411,260896.42042589927,11.494530689080072,27.310124869892654,11090.705441398393,735.0000000000001,1039.446968344225,0.6365141682948128,0.0,0.0,0.0,30.762754210526317,130.51531266142905,-32.47179611111111,133.8846452196319,75.56977276975064,96.14786737036212,64710.88679908123,97.64512946041654,163.3025032249614,260896.42935318223,11.494530885738438,27.31012533713787,11090.705820897145,735.0,1039.4469683442248,0.6365141682948128,0.0,0.0,0.0,30.762754736842105,130.51531489439785,-32.47179666666667,133.88464751024614,75.56977406266365,96.14786901534298,64710.88901334084,97.64513113101378,163.30250601888176,260896.43828046543,11.494531082396804,27.310125804383095,11090.706200395909,735.0000000000001,1039.4469683442248,0.6365141682948128,0.0,0.0,0.0,30.762755263157896,130.5153171273666,-32.47179722222222,133.8846498008604,75.56977535557662,96.14787066032378,64710.891227600456,97.64513280161104,163.3025088128021,260896.4472077488,11.494531279055167,27.310126271628313,11090.706579894668,734.9999999999999,1039.4469683442248,0.6365141682948128,0.0,0.0,0.0,30.762755789473683,130.5153193603354,-32.47179777777777,133.8846520914746,75.56977664848955,96.14787230530455,64710.89344186004,97.64513447220828,163.30251160672242,260896.45613503217,11.494531475713538,27.310126738873535,11090.706959393445,735.0000000000001,1039.4469683442248,0.6365141682948128,0.0,0.0,0.0,30.762756315789478,130.5153215933042,-32.47179833333334,133.88465438208883,75.56977794140255,96.14787395028534,64710.89565611972,97.64513614280553,163.30251440064274,260896.4650623158,11.494531672371902,27.310127206118754,11090.707338892225,734.9999999999999,1039.4469683442248,0.6365141682948128,0.0,0.0,0.0,30.762756842105265,130.51532382627298,-32.47179888888889,133.88465667270307,75.56977923431553,96.1478755952662,64710.89787037949,97.64513781340278,163.30251719456308,260896.47398959962,11.494531869030267,27.310127673363976,11090.70771839101,734.9999999999999,1039.4469683442248,0.6365141682948128,0.0,0.0,0.0,30.762757368421052,130.51532605924174,-32.47179944444444,133.88465896331732,75.56976889101178,96.1478624354198,64710.880156302876,97.64512444862478,163.30249484320044,260896.4025713336,11.494530295763335,27.3101239354022,11090.7046824009,735.0000000000001,1039.446968344225,0.6365141682948128,0.0,0.0,0.0,30.762753157894736,130.51530819549146,-32.471795,133.88464063840343,75.56976902030304,96.14786259991787,64710.880377728805,97.64512461568451,163.30249512259243,260896.40346406182,11.494530315429175,27.310123982126722,11090.70472035078,735.0,1039.4469683442248,0.6365141682948128,0.0,0.0,0.0,30.762753210526313,130.51530841878835,-32.47179505555555,133.88464086746484,75.56976914959434,96.14786276441595,64710.88059915475,97.64512478274423,163.30249540198452,260896.40435679015,11.494530335095012,27.310124028851245,11090.704758300653,734.9999999999999,1039.4469683442248,0.6365141682948128,0.0,0.0,0.0,30.762753263157894,130.51530864208524,-32.471795111111106,133.88464109652628,"[-291.66906621  131.82035201  -18.68975873   34.79483954    4.41762014
   15.54905599   -7.02753592    2.35674341   -0.84526987   -3.74734442
   -5.78785922    1.45784174   -2.84380494   -4.10414003   -3.4311109
   -4.65064497   -7.14986839   -1.5972598    -1.28816653   -2.84899949]","[144.81671421  61.5648283   23.9340803   22.30589202  14.23309213
  12.01149834  14.51121558  12.27382715  10.86353203  10.22532703
  11.59713347   9.60114625  11.41595533   7.69369774   7.32180274
   8.23686194   8.31406359   8.27525095   8.0444344    7.531084  ]","[-1.13471552 -1.32642156  0.08942543 -0.26132311  0.05249263  0.32758926
 -1.19653078 -0.14703733  0.15691207 -0.95669243 -0.91119144  0.44928311
  0.21605151 -0.39434053  0.22798532 -0.4500282  -0.4338154  -0.23663267
 -0.27074857 -0.33035294]","[-0.08068541  0.44186731 -0.5123675  -0.74997982 -0.02791751 -0.11940431
  3.06806232  1.32612753  0.94067363  2.50860331  0.59795694  0.99886306
  1.06807116  0.60308685  1.57386407  1.20252266 -0.115576    0.88357828
  0.87584097  0.52604945]","[-1.49894811e-09  4.98276813e-18 -6.85130618e-18  0.00000000e+00
 -6.22846017e-18  6.22846017e-19  9.34269025e-19  3.11423008e-18
  2.95851858e-18 -7.39629645e-18 -3.89278760e-18  2.56923982e-18
  4.67134512e-18 -8.25270972e-18  4.67134512e-19  1.24569203e-18
 -3.89278760e-18  7.16272919e-18 -9.34269025e-18  9.34269025e-18]","[8.32580349 5.71835639 3.8934906  3.39870533 3.43134252 3.17118074
 3.28745185 3.35924456 3.41330418 3.37175104 3.14633205 3.14277799
 3.17018768 3.1022556  2.97085892 2.99414562 2.95064031 2.95037098
 2.89818493 2.87858289]","[ 8.75778028e-10  2.18015217e-18  1.40152639e-18  2.72519021e-19
  8.17557062e-18 -4.59389206e-18 -2.80305278e-18 -4.32137304e-18
  7.31908227e-18  2.45267119e-18  3.62060985e-18 -8.17557062e-19
  1.71297670e-18  2.56946505e-18  7.35801356e-18  1.86870186e-18
 -7.55267000e-18 -6.07328103e-18  2.64732763e-18  2.88091536e-18]","[7.32988274 5.72379039 4.73953316 4.19332653 4.27969635 4.07493834
 4.17858359 4.29099698 4.28548219 4.2189019  4.03330527 4.08799547
 4.01571859 3.96094858 3.89358807 3.95992423 3.87073609 3.81855259
 3.82649231 3.8371449 ]"
68.40134609465333,87.02743585455761,53016.422139933966,88.38267007933496,147.81189133977446,213747.57660694196,10.404178238124814,24.71953092628165,9086.408342017248,735.0,1039.4469683442248,0.6365141682948128,0.0,0.0,0.0,27.844649473684214,118.13484277562725,-29.391574444444448,121.18456593764917,68.40134622394467,87.02743601905571,53016.42234035586,88.38267024639467,147.8118916191665,213747.57741498746,10.404178257790651,24.71953097300618,9086.408376367262,735.0,1039.4469683442248,0.6365141682948128,0.0,0.0,0.0,27.84464952631579,118.1348429989241,-29.391574500000004,121.1845661667106,68.4013463532359,87.02743618355373,53016.422540777625,88.3826704134544,147.81189189855854,213747.57822303305,10.40417827745649,24.7195310197307,9086.408410717273,735.0,1039.4469683442248,0.6365141682948128,0.0,0.0,0.0,27.844649578947372,118.134843222221,-29.391574555555557,121.18456639577201,68.40134648252726,87.02743634805186,53016.42274119953,88.38267058051412,147.8118921779505,213747.5790310785,10.404178297122318,24.719531066455207,9086.408445067278,735.0,1039.4469683442248,0.6365141682948128,0.0,0.0,0.0,27.84464963157895,118.13484344551787,-29.391574611111114,121.18456662483344,68.40134661181848,87.02743651254988,53016.4229416213,88.38267074757384,147.8118924573426,213747.57983912414,10.404178316788158,24.719531113179734,9086.408479417292,735.0,1039.4469683442248,0.6365141682948128,0.0,0.0,0.0,27.844649684210527,118.13484366881475,-29.39157466666667,121.18456685389486,68.40134674110986,87.02743667704804,53016.423142043255,88.38267091463358,147.81189273673462,213747.58064716964,10.404178336453997,24.719531159904264,9086.408513767306,735.0,1039.4469683442248,0.6365141682948128,0.0,0.0,0.0,27.844649736842108,118.13484389211162,-29.391574722222224,121.18456708295628,68.4013468704011,87.02743684154606,53016.423342465016,88.38267108169329,147.81189301612662,213747.5814552151,10.404178356119836,24.71953120662878,9086.408548117319,735.0,1039.4469683442248,0.6365141682948128,0.0,0.0,0.0,27.844649789473685,118.13484411540848,-29.39157477777778,121.1845673120177,66.79021919753386,86.07339280148236,51860.40263850791,87.47861242837234,146.3005941116829,209323.38287028836,11.497592210869,19.75717917154789,6253.983709660543,1281.3305909875503,3234.6918479285073,0.7938692155387761,279.9987966976841,1.0678439086673377,0.4714045207910317,27.08719341052632,112.66399142451161,-28.16730257777778,111.16159695608042,66.55201210200242,85.91884360413145,51674.333803898386,87.32494499323843,146.03700883702666,208556.19779037393,11.748782088568598,18.927112544728896,5842.819784298171,1433.148211835596,3609.1664958738775,0.8280839812845744,339.26313494323153,1.0579978352794164,0.4714045207910317,26.960075436842107,111.7427840862255,-27.92274796666667,109.55703458079753,68.39049620406796,87.02118100940838,53008.80160990553,88.37515378149222,147.80148977076743,213717.15346283236,10.435911921109662,24.692457308891957,9066.826695403915,735.1297028849465,1040.5086398271978,0.6366112570225776,1.2153496208659302,1.066186293603319,0.5,27.841060324568417,118.09869745430235,-29.379374480344453,121.11895950376949,68.40286423670946,87.03044511257998,53020.08863545658,88.38650481931705,147.8182884769603,213766.09014233245,10.40463517510838,24.720610164466102,9087.201814863138,735.0033114565692,1039.448139173081,0.6365152095177511,2.319529779427023,0.0,0.0,27.845752782631575,118.14002579906422,-29.392869477166666,121.18985716452005,68.36580949550486,87.02117233796217,53008.791045513186,88.40479237405303,147.84825814479646,213853.20975516955,10.406966267999149,24.72596285077715,9091.137556211435,735.117762925455,1039.4886749507111,0.6365514343865977,13.796253822565047,0.0,0.0,27.847803984210522,118.1665074953995,-29.39964050333333,121.21612011135657,68.3604515885305,87.02130190732677,53008.9488995228,88.4099858824629,147.85683291849034,213878.09476672707,10.407609328695337,24.72745908086026,9092.23809438517,735.1388536851613,1039.496159183336,0.6365581532998691,17.013033269360946,0.0,0.0,27.84876124842105,118.17382407220407,-29.401494433333337,121.22346040111681,"[-234.52361806  139.56380726   -2.60719433   36.38247005    6.47984114
   25.22648587   -9.54402657    1.19344572    6.43183793   -1.31790992
  -14.1160168     6.60615551    2.9492147    -5.57526045   -1.10027317
    3.85930043   -4.12636324   -1.7533042    -0.42363424   -3.13869335]","[111.98821416  39.78404289  28.96375069  15.07118982  18.61881183
  14.42285715  17.69446127  16.11390501  14.16324218   9.49343254
  14.56715     10.34263277  12.15947731  13.32031007   7.30886084
   9.0893398    7.86856978   8.221573     6.84146342   6.14254595]","[-0.90354341 -1.65323648  0.63058282  0.08474506  0.14742593 -0.04997153
  0.14814988 -0.61002663  0.30716901  0.2161935   0.13358709  0.04918584
  0.41505671 -0.99758801  0.17979122  0.31063655 -0.33182056 -0.09495619
 -0.12961666  0.00551722]","[ 0.31750882  3.29153191  0.23637772  1.34585619 -0.85527253 -0.33163312
 -0.14698204  0.24377306  0.08330601 -0.0288693  -0.34529875 -0.08044385
 -0.20133799  0.98695925  0.08569406 -0.13942482  0.33874051  0.2304505
  0.23639832  0.12954328]","[-2.78888456e-10  0.00000000e+00  5.68206906e-18  1.77564658e-18
  4.97181043e-18 -7.10258632e-19  2.84103453e-18  3.55129316e-19
 -1.20743967e-17 -2.84103453e-18 -2.84103453e-18 -6.92502166e-18
  7.81284496e-18 -2.48590521e-18 -1.33173494e-18  1.06538795e-18
 -2.13077590e-18 -4.03959597e-18  1.77564658e-18  8.87823290e-19]","[9.73465231 6.52386071 4.31537698 3.93829995 3.72867353 3.61280078
 3.47968284 3.72902569 3.75916167 3.49064162 3.50854597 3.31308981
 3.39901489 3.3148761  3.10905637 3.12472273 3.16426961 3.13961734
 3.09242446 3.0478201 ]","[ 9.89703057e-11 -3.55164818e-19 -1.01221973e-17 -1.06549446e-18
 -1.42065927e-17 -7.10329637e-19 -3.55164818e-18  2.70813174e-18
 -4.83912065e-18  1.66039553e-17  2.21978012e-18  9.36747209e-18
 -1.33186807e-17  7.68043920e-18  2.21978012e-18  0.00000000e+00
 -5.10549426e-18  1.59824168e-18 -1.53164828e-18  2.57494493e-18]","[8.86646138 6.68829143 4.98064435 4.6923626  4.65958976 4.52304269
 4.46712011 4.637533   4.74293863 4.51873764 4.45400898 4.34676468
 4.36398296 4.26934776 4.13049634 4.15867287 4.19295755 4.16454352
 4.17975579 4.09312966]"
32.489611927761686,39.99704573207427,11198.345671055482,25.172363520867137,37.21843402023176,14037.49169546711,26.339160280352413,52.61950233535267,39134.02317189866,3074.2163961762467,2915.7984936851904,1.4747874095005986,2284.8096987771687,1.3847026115525776,1.632993161855452,17.9501854,130.13254461439328,-29.40518064444445,177.70908567160527,29.943095203510257,36.650257269527465,9402.689505457856,24.753005989042126,34.682550294359956,12258.212286918224,27.466559106821666,54.23117016990347,41463.5549731302,3534.6712771502753,3404.773631709899,1.5545672314160492,2527.44729844034,1.5429511994998435,1.4142135623730951,17.416025136842105,131.01202312427145,-29.3664860611111,180.4290702243375,34.81367208395273,40.48067746034379,11470.796733538697,26.219118287730634,37.98715122755343,14733.450175155029,26.721581308356342,52.989572503512484,39626.49000836054,3498.3320261572767,3326.246845731231,1.5131667876918182,2407.136729537951,1.233321848101425,1.299038105676658,18.044475156315787,130.88753212860405,-29.67849876833334,178.56079574520868,36.617786053097255,41.484760363781376,12046.897397082568,26.942585792779834,39.650266344022825,16108.325055645419,26.94190975696847,52.449796408372485,38799.19712367409,3785.6175321170053,3049.6474844243767,1.5500580328831444,2617.4662503641784,1.6429442064939035,1.699673171197595,18.422969621052623,131.97597931542953,-30.036963655555553,178.46770391036324,34.466532753326895,40.45698960326173,11457.376054308996,25.74055706405257,38.27063061932136,14987.813396788837,26.757178182812694,51.44404988071601,37348.63274089721,3657.3011858489735,3277.911450569383,1.5935499225042649,2814.7756947888374,1.35693776779074,1.479019945774904,18.546677784210523,132.86593519603346,-30.394840161111105,178.0499018389947,31.943545829934788,38.79615837023749,10535.993330019839,28.127354171550653,39.98197924894901,16334.754919724508,25.899158553952855,50.50183138600778,36103.096362136195,3587.528244099214,3350.222849919803,1.6276926102525306,2860.2092883327296,1.9330549092714298,0.816496580927726,18.69792739105263,133.1036669933073,-30.17760157055556,177.1290303819722,28.6824579360458,35.38812530507114,8766.235888251917,29.689486092867128,41.16052197717546,17331.149163912083,26.30408376177407,50.18191321908118,35690.56160362833,3932.6548534664885,3551.577475865735,1.7260915555119574,2932.464961908321,2.155761727621266,1.4142135623730951,18.327771089473682,133.38137220291577,-30.25685340555556,176.89205857101948,26.33386420488045,32.229459531825874,7271.166431995211,25.116763092148915,35.26225328018117,12854.148807634705,26.018615135744565,51.04506177604408,36867.07236102896,3954.8253165737488,4062.8763152272086,1.7542140534312083,3237.207628967613,1.7536480915032686,0.7071067811865476,17.709694631578948,134.10195282345416,-30.4980123888889,178.85206679644313,28.149822688926715,34.111720748065096,8145.266446757827,26.677636199690802,37.13274361982074,14123.480546119283,25.961997204790652,51.69820551139664,37734.25669374854,3407.695460977667,3927.2897055363405,1.6037619140267716,2979.886510852536,1.9761713039859798,1.632993161855452,17.715865421052634,133.08037034104075,-30.07999305555555,178.7015283876979,29.638060123640003,37.15932536109618,9665.708229042639,28.01805132487825,39.54860868421152,15937.959160332874,26.048114010269046,51.84983917766152,37941.51397224851,3571.490002784616,3730.8853534528657,1.6039585249530128,2775.621116718822,1.907927220050338,0.816496580927726,18.11608712631579,132.614752721078,-30.1292987,178.27783188489337,29.962752002086,36.532066438070494,9342.143147649176,28.146055798674094,39.67386273335947,16130.392431960852,26.836190240134854,51.4238734836076,37323.44374857,4024.9926033045053,3719.1118701250225,1.6792512933551489,2939.0367139020505,1.7453913018981635,0.816496580927726,18.345357300000003,133.48714873257194,-30.394306761111118,178.32454585763213,31.031771317257114,37.35746156243921,9769.059540723862,28.435373740038937,40.85742028193778,17078.1185628266,26.75304621321395,51.64202017401904,37630.50506410713,3976.3982062449863,3800.4527092649964,1.699268842325745,2783.55495713018,1.2985982322335983,0.82915619758885,18.307382052631578,133.05049065235764,-30.43872964999999,178.14542142535547,34.0730307343355,40.8038095405577,11654.656111154753,27.494190935423266,42.673088084022545,18584.14391480783,26.32507014929322,51.22779667908291,37049.14611136772,3556.5602070322243,3514.161872107874,1.612830000278028,2633.1187201431044,1.4232283352140316,1.0897247358851685,18.69497977894737,132.56117041703482,-30.479289733333342,177.11475305807107,"[-242.42585055  200.31277829  -60.63207988   -4.79693697   24.74175627
   -4.13557567  -10.57047877   -2.67928047   -6.69020164   -8.27240108
   -7.76746268   -4.35585965   -2.9323868    -5.22922395   -5.20535009
   -6.26278893   -5.63507449   -4.65558793   -3.64642494   -6.21927326]","[59.06391414 23.09149754 28.76491068 19.57419042 15.43695932 11.10721424
 11.27146451 10.26990829  9.01267393  8.317499    8.65048744  9.46648686
  9.37168005  9.09812443  9.0552009   8.31546827  7.63901971  7.25833448
  7.21972032  6.98506393]","[-0.49907739 -0.51367364  0.53365199  0.08483231 -0.14954525 -0.24752694
 -0.26293922 -0.18221875  0.04158306  0.11166602  0.09839153  0.10703763
  0.24672501  0.63976424  0.56642879  0.25879763  0.14257799  0.21528726
  0.29917933  0.36471875]","[-0.00345623  0.7311715  -0.14321004 -0.17269752 -0.27431537  0.4602239
  0.06628464 -0.02600188  0.03742464  0.39090247 -0.18292767 -0.03552987
  0.57728672  1.38750684  0.3383149   0.22988936  0.11772376  0.33816065
  0.97939696  0.92589252]","[-1.39660666e-02 -1.11576108e-02  1.43289888e-03  3.55738051e-03
  1.09300169e-03  1.08611630e-03  1.42242303e-03  1.15231655e-03
  1.21863979e-03  9.96195495e-04  4.09982835e-04 -1.97910178e-04
 -8.04612322e-04 -8.07882438e-04  1.40640057e-05  7.75295923e-04
  8.26213322e-04  4.89079017e-04  2.18229089e-04  1.98814587e-04]","[16.48135211  7.17168158  8.26529338  6.35467917  5.8466636   4.90862067
  4.72009384  4.31916253  4.21146327  3.8231331   3.93088933  4.0587679
  3.7998916   3.80969381  3.84095493  3.77345288  3.76407259  3.64583612
  3.62749925  3.57542595]","[-5.61949648e-04 -5.50722761e-04 -3.60225260e-05 -7.86339818e-06
 -3.51722942e-04 -1.00027887e-04  1.56756309e-04 -9.77676926e-05
  4.01842438e-05  3.07552129e-04  8.63802325e-05  2.59807625e-05
  1.53511655e-04  3.41521412e-05 -1.46159595e-04 -3.24705204e-04
 -3.32845630e-04 -6.00745950e-05  8.00528519e-05  4.93287358e-05]","[14.41829208  7.6473787   8.24303396  7.0801536   6.47453547  6.11487869
  5.74328344  5.52011797  5.40489418  5.09849184  5.10516595  5.1403999
  4.95608237  5.00334705  5.03701407  5.0263654   4.96351566  4.85975646
  4.81815206  4.81489518]"
83.27131400756039,105.94658368695686,78572.75016456147,107.59643622829522,179.9451490438997,316783.6352798181,12.665972857590283,30.093381774001372,13466.470646889218,735.0,1039.4469683442248,0.6365141682948128,0.0,0.0,0.0,33.89787894736842,143.81652042914948,-35.78109444444445,147.5292317946457,83.27131530047339,105.94658533193767,78572.75260448284,107.59643789889243,179.94515183782,316783.64511690725,12.66597305424865,30.09338224124659,13466.47106506383,735.0,1039.446968344225,0.6365141682948128,0.0,0.0,0.0,33.89787947368421,143.81652266211827,-35.781095,147.52923408525996,83.2713165933864,105.9465869769185,78572.7550444043,107.59643956948969,179.94515463174034,316783.65495399665,12.665973250907019,30.093382708491816,13466.471483238452,734.9999999999999,1039.4469683442248,0.6365141682948128,0.0,0.0,0.0,33.89788,143.8165248950871,-35.78109555555555,147.52923637587418,83.27131788629937,105.94658862189927,78572.75748432569,107.59644124008695,179.94515742566068,316783.6647910862,12.665973447565383,30.09338317573703,13466.471901413073,735.0,1039.4469683442248,0.6365141682948128,0.0,0.0,0.0,33.89788052631579,143.81652712805584,-35.78109611111111,147.52923866648842,83.27131917921233,105.94659026688007,78572.75992424715,107.5964429106842,179.94516021958106,316783.6746281761,12.665973644223751,30.093383642982268,13466.472319587705,734.9999999999999,1039.4469683442248,0.6365141682948128,0.0,0.0,0.0,33.89788105263158,143.81652936102464,-35.78109666666667,147.52924095710264,83.27132047212531,105.94659191186086,78572.76236416867,107.59644458128146,179.94516301350134,316783.68446526595,12.665973840882117,30.093384110227483,13466.47273776234,734.9999999999999,1039.4469683442248,0.6365141682948128,0.0,0.0,0.0,33.89788157894737,143.8165315939934,-35.78109722222222,147.5292432477169,83.27132176503825,105.9465935568416,78572.76480409015,107.59644625187867,179.94516580742163,316783.69430235575,12.665974037540481,30.093384577472698,13466.473155936985,734.9999999999999,1039.4469683442248,0.6365141682948129,0.0,0.0,0.0,33.89788210526316,143.8165338269622,-35.781097777777774,147.52924553833114,83.27132305795124,105.9465952018224,78572.76724401173,107.59644792247593,179.945168601342,316783.7041394461,12.665974234198844,30.09338504471793,13466.473574111633,735.0,1039.4469683442248,0.6365141682948128,0.0,0.0,0.0,33.897882631578945,143.816536059931,-35.78109833333333,147.52924782894536,83.2713243508642,105.94659684680322,78572.76968393338,107.59644959307319,179.94517139526232,316783.71397653635,12.665974430857217,30.093385511963152,13466.473992286301,735.0,1039.446968344225,0.6365141682948128,0.0,0.0,0.0,33.89788315789474,143.81653829289976,-35.78109888888889,147.52925011955963,83.27132564377719,105.946598491784,78572.77212385501,107.59645126367046,179.9451741891827,316783.7238136271,12.665974627515586,30.09338597920839,13466.474410460967,735.0,1039.4469683442248,0.6365141682948128,0.0,0.0,0.0,33.89788368421053,143.81654052586853,-35.78109944444444,147.52925241017385,83.27131530047339,105.94658533193767,78572.75260448284,107.59643789889243,179.94515183782,316783.64511690725,12.66597305424865,30.09338224124659,13466.47106506383,735.0,1039.446968344225,0.6365141682948128,0.0,0.0,0.0,33.89787947368421,143.81652266211827,-35.781095,147.52923408525996,83.27131542976471,105.94658549643574,78572.75284847498,107.59643806595216,179.945152117212,316783.646100616,12.665973073914483,30.093382287971114,13466.471106881292,735.0000000000001,1039.446968344225,0.6365141682948128,0.0,0.0,0.0,33.89787952631579,143.81652288541514,-35.781095055555554,147.52923431432137,83.27131555905596,105.94658566093378,78572.75309246706,107.59643823301192,179.94515239660413,316783.6470843252,12.665973093580323,30.093382334695644,13466.471148698753,735.0,1039.4469683442248,0.6365141682948128,0.0,0.0,0.0,33.89787957894737,143.81652310871203,-35.781095111111114,147.5292345433828,"[-2.92158758e+02  1.23404347e+02 -6.24689569e+01  4.61289889e+01
  5.88128596e+00  9.57004435e+00 -8.22003269e+00  1.43320768e+01
 -9.66561292e+00 -4.50651770e+00  2.89713093e+00 -3.27026595e+00
  1.36460925e+00 -9.32403266e-02 -4.19276206e+00 -4.55630481e+00
  2.67823870e+00 -3.19537376e+00 -2.06474023e+00 -4.03076080e+00]","[75.61225128 32.7319761  23.82600849 19.74360366 19.83826842 16.35601878
 14.63237935 12.70993944 12.00696032 11.94762257 11.57046671 10.97998809
 11.94317946 11.62882698 10.74119954 10.68779308 11.40651551 11.00451723
 11.39729093 11.08639583]","[-2.02418775 -1.1928878   0.28198534 -0.17461506 -0.14269656  0.06890856
  0.25885951  0.16779616 -0.27278798  0.16305002  0.24082785  0.37716126
  0.31983975  0.68646287  0.3756563  -0.30700475 -0.00326632  0.22123087
  0.3908211   0.2768006 ]","[ 7.94099449e+00  2.53605472e+00  3.42912010e-02  7.91362792e-02
 -2.44423264e-01 -3.55139770e-01  3.68265395e-01 -2.81524663e-01
 -2.97529268e-01 -7.61886020e-02  6.60811016e-01  8.06178271e-01
  1.87214277e-01  9.58191063e-01  5.89710300e-01  9.91368591e-01
  5.99952426e-01  4.86639426e-03  5.55250905e-01  5.11547657e-01]","[-2.00187831e-09 -5.61943738e-18  0.00000000e+00  3.51214837e-18
 -3.16093353e-18 -1.93168160e-18  1.93168160e-18 -6.14625964e-18
  5.26822255e-19  1.93168160e-18 -4.82920400e-19  1.14144822e-17
 -6.58527818e-18 -2.98532611e-18 -2.10728902e-18 -6.14625964e-18
 -1.14144822e-18 -7.55111899e-18  8.34135237e-18  1.40485935e-18]","[19.57313622  9.2344098   6.88684014  5.79237454  6.23290077  5.32967039
  5.34457786  4.85739776  5.05945436  4.69566774  4.48634409  4.05306898
  3.97691775  4.02225183  4.15390011  4.13567381  4.11257891  4.15690964
  4.13629677  4.30614633]","[ 4.89372224e-10 -2.63424148e-18 -9.65888543e-19 -6.27827553e-18
 -4.96115479e-18 -2.32691331e-18 -2.85376161e-18  1.14150464e-18
 -3.51232198e-19  3.60013003e-18  2.41472136e-18  9.70278946e-18
  3.55622600e-18 -1.02735418e-17  8.21005262e-18 -8.56128482e-18
  1.53664086e-18  3.77574612e-18 -3.11718575e-18 -1.00979257e-18]","[17.01859806  9.69510906  7.30731547  6.43040563  6.58951661  5.99317995
  6.02624543  5.87065798  5.96160888  5.6844581   5.46600046  5.08435125
  5.02907813  5.0556812   5.20654895  5.16997747  5.19442863  5.22175826
  5.09780347  5.16382111]"
66.89442499731801,85.11017125928551,50706.18876249438,86.43554889261037,144.55551013948752,204433.3534682923,10.174968192086071,24.174945405735016,8690.460766049799,735.0,1039.4469683442248,0.6365141682948128,0.0,0.0,0.0,27.231215789473683,115.53226406814616,-28.74406111111111,118.51480007032004,66.89442629023095,85.1101729042663,50706.19072255875,86.43555056320758,144.55551293340784,204433.36137073068,10.174968388744437,24.174945872980235,8690.461101982413,735.0,1039.446968344225,0.6365141682948128,0.0,0.0,0.0,27.23121631578947,115.53226630111493,-28.744061666666667,118.51480236093428,67.97787493775742,83.97207849137958,49359.16976313689,86.61767514964609,143.92688531716044,202963.7878298559,10.236863030062038,24.287678299282952,8772.125210155242,681.3068052174507,1026.9177194967658,0.6273731944794583,209.2065688421676,5.49603767563593,0.0,27.21475866842104,116.04239560764765,-28.88682596111111,119.14114931726301,66.69273985495327,79.8968334229377,44684.52793708859,87.00448330199976,142.7330176701281,200149.6203652819,10.3302550449031,24.46769134156174,8903.312239607107,609.7259265556629,1052.9608463775296,0.6303970768669662,548.3572184930092,31.60595676047425,0.0,26.92518363157895,116.92113808413637,-29.099884166666673,120.16422508024978,66.76997646261232,79.44044631376542,44175.49157371171,87.49966274094838,142.83380080911854,200454.95804301268,10.326338597643119,24.48120835365681,8913.278109948405,603.7854577661393,1054.7438032793061,0.6291778359286819,579.6965787547409,223.89803336831199,0.0,26.920746421052623,116.99639541362482,-29.08589505555556,120.24516128660025,64.89563245276202,80.27563248442071,45109.240195416474,87.53514671142352,143.9640232411303,203304.15926755266,10.288001072977051,24.42307312796647,8870.583337273296,655.5785771541083,1027.5586662475755,0.6265756234572251,486.47740508058075,5.337242145567155,0.0,26.961129973684216,116.76215136420585,-29.016479216666667,119.87242285954088,65.08316995526282,81.76907134654437,46803.26720213383,87.36957753246327,144.49271199417586,204600.53684120055,10.2656204599641,24.37737014279883,8837.165628672488,685.1180560057751,1027.557608078772,0.6278853668129972,404.98134029077136,2.9216618060304107,0.0,27.063947052631576,116.54246712137417,-28.970085977777778,119.5961258477629,66.61229931295654,83.06162902701772,48294.63951635338,87.25666590544594,144.5223577562676,204615.9645761277,10.249355521270944,24.34071395641903,8810.507266741839,688.6864918317151,1026.671069998705,0.6269058561957731,330.530818529515,2.513924701816328,0.0,27.18450491052632,116.3371243081994,-28.9227825,119.39979013583215,65.03693207610294,83.31939410475923,48594.85003788929,86.91755992524456,145.10900467008958,206100.6577098244,10.242219237502717,24.328539899047485,8801.351508609156,731.714499211341,1038.902698501914,0.6364886090389328,319.21004604933444,0.0,0.0,27.1110215,116.3237148054994,-28.937292044444444,119.28945976403881,65.2992015989892,83.33044670102828,48607.74343175041,86.959099117717,145.30121056177012,206611.39367639198,10.249107345468598,24.34167464153445,8810.772185846468,742.3628448139673,1042.6696978785676,0.6398397515174467,349.8406775681872,0.0,0.0,27.081670789473684,116.40233287169275,-28.963728944444444,119.34301399447531,65.42655958391693,83.83826682306068,49201.984887263025,86.85221614293229,145.17831491918827,206238.46578131666,10.23325018346021,24.306123655783765,8785.034826654792,741.2053057297703,1041.9740741511964,0.639053408380771,275.39379798858994,0.0,0.0,27.13239411578947,116.21366853859153,-28.916925433333322,119.16396135341401,65.35361582652178,83.87323655289708,49243.03866900761,86.78109249031829,145.0446497332998,205862.3627435619,10.223573165109507,24.28489847072331,8769.70582539498,739.0208313923366,1041.160548958135,0.6382961919733783,230.04424739837012,0.0,0.0,27.132594763157908,116.10596449323207,-28.887630861111113,119.06150578812968,65.38417354932893,83.75625187081043,49105.76809212645,86.88505500978624,145.20748298992538,206330.2358892657,10.237518146661891,24.3162635329512,8792.380720662493,740.0969748582678,1041.6157679514688,0.6387495067523682,296.37606785314745,0.0,0.0,27.13169731578948,116.26378686746826,-28.928644355555555,119.21588895672033,"[-1.81303210e+02  1.02052636e+02 -1.71024164e-01  5.12565547e+01
 -6.33648467e+00  2.39235389e+01 -5.96550215e+00  1.51316941e+01
 -5.06088813e+00  8.91486597e+00 -1.69853349e+00  8.60036512e+00
 -2.58286226e+00  1.53634874e+00 -1.39247897e+00  2.66413152e+00
 -8.05322797e-01  2.97138589e+00  1.37363400e+00  2.00026916e+00]","[101.43177696  38.81267118  30.016719    19.62317637  17.15116498
  12.69523624  14.29411312  12.01650642  12.49226194  10.21260399
  10.19432928   8.82705082   8.67256618   7.88356354   7.84055559
   7.46238034   8.19544023   7.75451628   7.77442989   7.54696234]","[-0.62790907 -0.28938423  0.27699082  0.70153493 -0.12120788 -0.08745961
  0.07127556  0.11073609  0.03557711 -0.05086605 -0.28472815  0.00074976
 -0.15556142 -0.00305461  0.13131085 -0.00543351  0.29243316  0.24731285
  0.17901991  0.06690181]","[ 0.90544605 -0.35476247 -0.37778795  1.57503404 -0.04893881  0.34259365
 -0.34112577 -0.08094137 -0.30913068 -0.03677819 -0.10157962  0.01474138
 -0.13155928  0.14829976  0.22771306  0.35409839  0.50742087  0.42566925
  0.17246621  0.2253792 ]","[0.00013675 0.00019333 0.00019315 0.00019285 0.00019243 0.00019189
 0.00019124 0.00019046 0.00018957 0.00018856 0.00018744 0.00018621
 0.00018486 0.0001834  0.00018184 0.00018017 0.00017839 0.00017651
 0.00017453 0.00017245]","[31.37510405 12.53113933  9.43768068  7.19709129  6.41166173  5.47579736
  5.76903411  5.36845952  5.47394052  4.83682851  4.79284954  4.57978019
  4.5670353   4.29529405  4.41310633  4.31897505  4.38957863  4.28481878
  4.37211545  4.18922193]","[-3.80321079e-05 -5.37081216e-05 -5.34744557e-05 -5.30891448e-05
 -5.25576680e-05 -5.18880838e-05 -5.10903755e-05 -5.01764121e-05
 -4.91596718e-05 -4.80545874e-05 -4.68775363e-05 -4.56452706e-05
 -4.43749842e-05 -4.30844628e-05 -4.17909711e-05 -4.05116756e-05
 -3.92635374e-05 -3.80604331e-05 -3.69180144e-05 -3.58483828e-05]","[25.92542011 12.26431778 10.09704696  8.04957187  7.36914207  6.49084416
  6.43616822  6.27467054  6.26743037  5.84144381  5.77690332  5.74521112
  5.70240287  5.45839846  5.6343187   5.55566022  5.53316062  5.53070941
  5.61610296  5.39110551]"
77.49663458581576,98.59942501757793,68052.92629657882,100.13486397444325,167.46635533671437,274370.6098934925,11.78761596255602,28.00647304039768,11663.493163831374,735.0000000000001,1039.4469683442248,0.6365141682948128,0.0,0.0,0.0,31.54713684210526,133.84316632843556,-33.29975555555555,137.29840946280405,77.4966358787287,98.59942666255867,68052.92856729701,100.13486564504053,167.46635813063477,274370.6190484017,11.787616159214386,28.006473507642895,11663.493553006512,735.0000000000001,1039.446968344225,0.6365141682948128,0.0,0.0,0.0,31.547137368421055,133.84316856140435,-33.299756111111115,137.2984117534183,77.49663717164167,98.59942830753954,68052.9308380154,100.13486731563778,167.4663609245551,274370.62820331095,11.78761635587275,28.00647397488812,11663.493942181654,735.0,1039.4469683442248,0.6365141682948128,0.0,0.0,0.0,31.547137894736842,133.84317079437318,-33.29975666666667,137.29841404403254,77.49663846455462,98.5994299525203,68052.93310873369,100.13486898623502,167.4663637184754,274370.63735822035,11.787616552531121,28.006474442133346,11663.494331356813,735.0,1039.4469683442248,0.6365141682948128,0.0,0.0,0.0,31.54713842105263,133.84317302734195,-33.29975722222222,137.2984163346468,77.4966397574676,98.59943159750108,68052.93537945206,100.13487065683226,167.46636651239575,274370.64651312993,11.787616749189489,28.006474909378564,11663.494720531966,735.0,1039.4469683442248,0.6365141682948128,0.0,0.0,0.0,31.54713894736842,133.8431752603107,-33.29975777777778,137.29841862526098,77.49664105038063,98.59943324248196,68052.93765017063,100.1348723274295,167.46636930631607,274370.6556680397,11.787616945847857,28.006475376623797,11663.495109707135,734.9999999999999,1039.4469683442248,0.6365141682948128,0.0,0.0,0.0,31.54713947368421,133.8431774932795,-33.29975833333334,137.29842091587525,77.49664234329357,98.5994348874627,68052.93992088898,100.13487399802676,167.46637210023638,274370.6648229495,11.787617142506223,28.006475843869026,11663.495498882306,734.9999999999999,1039.4469683442248,0.6365141682948128,0.0,0.0,0.0,31.547140000000002,133.8431797262483,-33.29975888888889,137.29842320648947,77.49664363620646,98.59943653244342,68052.94219160738,100.13487566862402,167.46637489415676,274370.6739778596,11.787617339164582,28.006476311114234,11663.495888057474,734.9999999999998,1039.4469683442248,0.6365141682948128,0.0,0.0,0.0,31.54714052631579,133.84318195921708,-33.29975944444445,137.29842549710372,77.49664492911947,98.59943817742425,68052.94446232595,100.13487733922125,167.46637768807705,274370.68313276983,11.787617535822951,28.006476778359456,11663.496277232658,735.0,1039.4469683442248,0.6365141682948128,0.0,0.0,0.0,31.547141052631577,133.84318419218584,-33.29976,137.29842778771794,77.4966462220325,98.5994398224051,68052.94673304459,100.13487900981848,167.46638048199733,274370.6922876799,11.78761773248132,28.00647724560468,11663.496666407847,734.9999999999998,1039.4469683442248,0.6365141682948128,0.0,0.0,0.0,31.547141578947365,133.8431864251546,-33.29976055555555,137.2984300783322,77.4966358787287,98.59942666255867,68052.92856729701,100.13486564504053,167.46635813063477,274370.6190484017,11.787616159214386,28.006473507642895,11663.493553006512,735.0000000000001,1039.446968344225,0.6365141682948128,0.0,0.0,0.0,31.547137368421055,133.84316856140435,-33.299756111111115,137.2984117534183,77.49663600801998,98.59942682705676,68052.92879436885,100.13486581210023,167.46635841002677,274370.6199638925,11.787616178880226,28.006473554367435,11663.49359192403,735.0,1039.4469683442248,0.6365141682948128,0.0,0.0,0.0,31.547137421052632,133.84316878470125,-33.29975616666667,137.2984119824797,77.49663613731127,98.59942699155485,68052.92902144066,100.13486597915998,167.46635868941883,274370.6208793835,11.787616198546063,28.006473601091948,11663.493630841545,734.9999999999999,1039.4469683442248,0.6365141682948128,0.0,0.0,0.0,31.547137473684213,133.8431690079981,-33.29975622222222,137.29841221154118,"[-202.21138442  110.50203299  -69.01847153   61.39147378   -4.17211303
   15.18526668   -9.25872872   15.8806953    -0.83106935   -3.20417671
   -3.24911163    3.60790977    3.13649727    1.78571256    1.61305785
   -1.07057883   -2.91668718   -0.74919899   -3.54370511   -1.40578883]","[69.34098497 33.56515636 26.53167578 17.49322001 19.89828531 17.26341859
 16.02607001 12.81428775 12.60767012  9.52431582  9.13145485  9.91269436
 10.26271571  8.8538752  10.74893102  9.96807918  9.97209819  9.76284974
 10.06624603 10.32520405]","[-2.48079648e+00 -1.01706734e+00 -1.66198571e-01  5.09240759e-02
  4.79742061e-01  7.67455541e-02  3.63819629e-01 -6.04974270e-03
 -2.62541869e-01  2.11272870e-03 -7.26749556e-03 -1.04259792e-01
  2.20576172e-01  1.72339974e-01  7.61496187e-01  4.44844417e-01
 -9.71282379e-01 -2.34717711e-01 -2.27339759e-01  5.23549309e-01]","[11.322235    1.23258701  0.31274534  1.28347321 -0.06980227 -0.38932569
 -0.14754217 -0.52263513 -0.01556247  0.04042459  0.26508979  0.26715268
  0.20497198  0.44351097  1.35689259  2.34756424  3.20243632  1.33184398
  2.71089118  2.08516878]","[-9.96644289e-10  3.81499455e-18  0.00000000e+00 -1.43062296e-18
  3.81499455e-18  5.96092899e-19  5.00718035e-18 -8.34530059e-18
  3.51694810e-18 -3.33812024e-18 -1.90749728e-18  7.00409156e-18
  1.19218580e-19  3.69577597e-18 -2.86124592e-18  2.20554373e-18
  5.96092899e-18  1.66906012e-18  7.45116124e-19 -4.23225958e-18]","[16.12204775  7.9020882   5.6178396   5.14730098  5.91725955  5.07328462
  4.6558355   4.34253043  4.83756937  4.04950133  3.85238083  3.84547873
  3.94938444  3.80029643  3.72509611  3.81732389  3.80233097  3.65343154
  3.68276948  3.65875747]","[ 3.32225922e-10  5.96112903e-20  3.74060847e-18 -2.23542339e-18
  1.18626468e-17 -2.65270242e-18  1.66911613e-18  2.71231371e-18
  8.37538629e-18 -4.61987500e-18  4.32181855e-18  3.75551129e-18
  7.98791290e-18 -5.96112903e-19 -3.83002540e-18  2.23542339e-18
  1.01339193e-18  2.08639516e-18 -1.01339193e-18  6.79568709e-18]","[14.62865217  7.99820791  6.19109866  5.79543367  6.20891255  5.48924272
  5.47953808  5.1554498   5.61690268  4.99375175  4.82811095  4.81449914
  4.89954579  4.68707902  4.63656784  4.78524007  4.82844189  4.52022284
  4.54436061  4.53802682]"
77.12611805121935,98.12801464645717,67403.75080918719,99.65611256813536,166.66568761775514,271753.3135611159,11.731258591156076,27.872572240799695,11552.231910695544,734.9999999999999,1039.4469683442248,0.6365141682948128,0.0,0.0,0.0,31.396307894736843,133.20325329953494,-33.140547222222224,136.64197668799216,77.12611818051064,98.12801481095528,67403.7510351734,99.65611273519511,166.66568789714722,271753.31447222986,11.731258610821913,27.872572287524207,11552.231949426987,735.0,1039.4469683442248,0.6365141682948128,0.0,0.0,0.0,31.39630794736842,133.20325352283183,-33.14054727777778,136.6419769170536,77.12611830980192,98.12801497545333,67403.75126115954,99.65611290225482,166.66568817653922,271753.31538334367,11.731258630487746,27.872572334248726,11552.231988158428,735.0,1039.4469683442248,0.6365141682948128,0.0,0.0,0.0,31.396308,133.20325374612872,-33.14054733333333,136.64197714611504,77.12611843909329,98.12801513995147,67403.75148714581,99.65611306931456,166.6656884559313,271753.3162944577,11.731258650153581,27.872572380973253,11552.232026889875,735.0,1039.4469683442248,0.6365141682948128,0.0,0.0,0.0,31.39630805263158,133.2032539694256,-33.14054738888889,136.64197737517648,77.1261185683846,98.12801530444952,67403.75171313196,99.65611323637428,166.66568873532336,271753.3172055716,11.731258669819418,27.87257242769778,11552.232065621321,734.9999999999999,1039.4469683442248,0.6365141682948128,0.0,0.0,0.0,31.39630810526316,133.20325419272245,-33.140547444444444,136.6419776042379,77.1261186976758,98.12801546894757,67403.75193911808,99.65611340343402,166.6656890147154,271753.3181166855,11.731258689485255,27.87257247442229,11552.232104352766,734.9999999999999,1039.4469683442248,0.6365141682948128,0.0,0.0,0.0,31.396308157894737,133.20325441601935,-33.1405475,136.6419778332993,77.12611882696716,98.1280156334457,67403.75216510435,99.65611357049373,166.66568929410738,271753.31902779924,11.731258709151094,27.872572521146818,11552.232143084218,734.9999999999995,1039.4469683442248,0.6365141682948128,0.0,0.0,0.0,31.396308210526314,133.2032546393162,-33.14054755555556,136.6419780623607,77.12611895625844,98.12801579794375,67403.75239109049,99.65611373755345,166.66568957349944,271753.3199389133,11.731258728816933,27.872572567871345,11552.232181815665,735.0,1039.446968344225,0.6365141682948128,0.0,0.0,0.0,31.396308263157895,133.20325486261308,-33.14054761111111,136.64197829142213,77.12611908554975,98.12801596244184,67403.75261707667,99.65611390461318,166.66568985289143,271753.320850027,11.731258748482762,27.87257261459586,11552.232220547106,735.0,1039.4469683442248,0.6365141682948128,0.0,0.0,0.0,31.396308315789472,133.20325508590997,-33.14054766666666,136.64197852048358,77.12611921484104,98.12801612693988,67403.75284306282,99.65611407167287,166.66569013228346,271753.3217611409,11.731258768148601,27.872572661320376,11552.232259278553,735.0000000000001,1039.4469683442248,0.6365141682948128,0.0,0.0,0.0,31.396308368421053,133.20325530920687,-33.14054772222222,136.641978749545,77.12611818051064,98.12801481095528,67403.7510351734,99.65611273519511,166.66568789714722,271753.31447222986,11.731258610821913,27.872572287524207,11552.231949426987,735.0,1039.4469683442248,0.6365141682948128,0.0,0.0,0.0,31.39630794736842,133.20325352283183,-33.14054727777778,136.6419769170536,77.12611819343985,98.12801482740511,67403.75105777205,99.65611275190105,166.66568792508636,271753.31456334103,11.731258612788496,27.87257229219667,11552.231953300132,734.9999999999999,1039.4469683442248,0.6365141682948128,0.0,0.0,0.0,31.396307952631577,133.20325354516152,-33.14054728333333,136.64197693995973,77.12611820636891,98.1280148438549,67403.75108037065,99.65611276860706,166.66568795302564,271753.31465445267,11.73125861475508,27.872572296869116,11552.231957173275,735.0,1039.4469683442248,0.6365141682948128,0.0,0.0,0.0,31.396307957894738,133.20325356749123,-33.14054728888889,136.6419769628659,"[-213.54596217  141.45606027  -42.27276007   52.38770961   -7.73921795
   10.72322514   -3.55988509   12.724144     -5.46996529   -0.50669579
   -1.22231725   -1.40028623   -5.90708758   -3.7854964    -3.51645061
   -2.59355695   -1.9630719    -4.5538447    -2.4856479    -3.43588985]","[85.75458179 31.24951716 26.43925769 18.16372906 19.09134002 17.07453271
 14.4837415  11.21769694 11.18355623 10.40909366 10.58676642  9.00771209
 10.25680613  9.15569965  9.14811385  9.41019636  9.78175968  9.04641763
  9.36586765 10.48237372]","[-2.04383886 -2.30156402  0.13185668 -0.31902993 -0.05192397  0.31313345
 -0.12617035  0.14382244 -0.16857946  0.2709839   0.00992329 -0.11071408
 -0.07601833 -0.27144448  0.1431343   0.12916468  0.83151727  0.11806273
  0.80029722  0.61635979]","[ 6.97865008  7.46245191  0.16590114  0.55209441 -0.4879878   0.12574972
 -0.22171692 -0.1593647   0.28325295  0.4274962   0.19031281  0.31303787
 -0.01055613  0.77883024  0.37063159  0.71484422  2.39981376  0.62544715
  2.26899171  1.59098517]","[-2.04415807e-10  1.50125235e-18  4.50375704e-18  0.00000000e+00
  2.43953506e-18  1.59508062e-17 -6.28649420e-18 -1.21976753e-18
  3.65930260e-18 -1.06964230e-17  1.59508062e-18 -3.09633297e-18
 -4.31610050e-18  3.75313087e-18  1.78273716e-18  5.72352457e-18
  5.62969630e-19  3.00250469e-18 -3.94078741e-18  3.75313087e-18]","[18.43179077  9.72536728  6.92887016  5.37111622  6.90345677  6.5379659
  5.71505093  4.62228663  4.42337634  4.23893829  4.04999759  3.9590098
  4.05848751  3.83255432  3.74641709  3.73724003  3.73190905  3.72641511
  3.62520313  3.69836185]","[ 5.22951755e-11 -5.25466077e-18  1.87666456e-19 -2.90883007e-18
  2.28483910e-17  1.87666456e-19  5.16082754e-19 -5.62999368e-19
 -4.69166140e-20 -4.92624447e-18 -1.59516488e-18  9.85248894e-19
 -6.23990966e-18 -5.20774415e-18 -1.31366519e-18 -9.85248894e-19
 -5.06699431e-18  2.29891409e-18 -7.13132533e-18  4.64474479e-18]","[14.70846883  9.82236868  7.07266075  5.76940299  6.68451998  6.5590198
  6.22453658  5.52002096  5.30093756  5.11007174  5.12535203  5.04196568
  5.07096389  4.80604045  4.7253258   4.74984191  4.75851101  4.72333687
  4.58486054  4.63059594]"
66.73690941008992,84.90976324911841,50467.67526514937,86.23202002990256,144.21512682551807,203471.73289889641,10.15100930328678,24.118020920294818,8649.582280771425,735.0,1039.4469683442248,0.6365141682948128,0.0,0.0,0.0,27.167094736842106,115.26022148135051,-28.676377777777777,118.23573453789282,66.73691070300289,84.90976489409917,50467.67722059837,86.23202170049981,144.21512961943841,203471.74078272708,10.151009499945145,24.11802138754004,8649.582615913021,735.0,1039.4469683442248,0.6365141682948128,0.0,0.0,0.0,27.167095263157893,115.26022371431928,-28.676378333333332,118.23573682850704,66.35460270873281,84.78472701799767,50319.14954861469,86.36952295374792,144.4386361669944,204107.17169785523,10.16886093423269,24.158759684010086,8678.82940910841,736.1074397183149,1039.8451535254076,0.6368792392321913,85.32969757918391,0.0,0.0,27.17488625789474,115.46352050133329,-28.72853969444444,118.43575102143986,65.36644677597154,84.09491246308106,49503.68011521287,86.40692276770515,144.39411837527425,204035.64541844363,10.188471064539312,24.19407597882996,8704.24539535717,731.5396168304462,1038.2941807002792,0.6355427062393105,154.25473420622012,0.0,0.0,27.10356214210526,115.64646510576327,-28.78239974444445,118.61941268746943,65.10474561124839,83.7771982301234,49130.332603025745,86.35854820649021,144.32319255013485,203836.7719493504,10.183646385228949,24.183050447681413,8696.286434784619,733.9148601537295,1039.141323964233,0.6362745200609902,131.15020946747887,0.0,0.0,27.050996457894737,115.60355680877797,-28.769914377777777,118.56537410157097,64.91486099785881,83.29101604919428,48561.75348154997,86.2022180561541,144.12754232771778,203313.7008720941,10.181368151138631,24.179916182148585,8693.976154702734,735.9618175531541,1039.929107650229,0.6369798538026691,119.10831782253929,0.0,0.0,26.983411668421056,115.59117873414979,-28.761358402777788,118.55569289877889,65.64756204308945,84.06457263830377,49467.96661002456,86.16990915295003,144.08011959293376,203168.40499049748,10.173898577309776,24.164576196928866,8683.011324951245,730.7667565360242,1038.0057756858398,0.6352704044233775,86.69888273940899,0.0,0.0,27.087640865789474,115.4888987657717,-28.736747772222216,118.47909679987903,65.7100013299127,84.12302527656006,49536.783671765326,86.38536291371729,144.31986540733212,203838.13935206848,10.185098688070394,24.1881357142224,8699.985092113675,728.0193441669613,1037.096869590462,0.6345586129017537,140.79405335867924,1.277161176407367,0.0,27.115204600000006,115.61178125016191,-28.769781916666666,118.59428623622354,65.13378667506525,83.88238860607152,49253.78582781997,86.42997270470327,144.44063996762938,204158.4700243704,10.184568345919494,24.19070543931035,8701.817713147368,734.3540043758912,1039.328902485166,0.6365048410860616,149.2288289199271,0.0,0.0,27.078780273684202,115.64004038917557,-28.773620044444435,118.60177073885112,65.08322490456848,83.56599773947117,48882.93184735309,86.42485303754248,144.44531351944173,204166.86565849878,10.182004097495108,24.186307095120178,8698.641903166845,738.2183778686199,1040.8482652705645,0.637992652200146,141.18728102319034,0.0,0.0,27.028976857894733,115.63232602650925,-28.769446211111113,118.57881600412787,65.12723010058997,83.88969230313887,49262.363323007216,86.3871051593319,144.39795996015673,204023.07025507864,10.17397717942266,24.170260058102265,8687.101998904709,736.6681909767755,1040.2158347235716,0.6373753051826173,108.10055392180553,0.0,0.0,27.069812005263156,115.54335636165922,-28.744379488888892,118.49893875875591,65.19884680948476,83.98380260864853,49372.953704259075,86.36796100447938,144.370553108298,203943.3139383175,10.170929605712208,24.163883463458845,8682.515435423757,736.1351732925573,1040.0004689541447,0.6371627341207962,94.79101635787735,0.0,0.0,27.08028510526317,115.50894729550453,-28.734926038888887,118.46746340625027,65.02303484627308,83.53789507036754,48850.05938951416,86.42926594326839,144.4366443797719,204146.46191577858,10.180164685333677,24.184943192567903,8697.661297692755,737.1655899778234,1040.5500441094134,0.6377898060215028,138.40393153502555,0.0,0.0,27.03465793421052,115.62438296060417,-28.76224571388888,118.57412657118968,"[-228.63566905  183.54724498  -39.94463713    8.93088258   25.45902794
   -8.49207475    3.48070678    3.74726751   -3.65229923    0.9503033
   -2.82128585   -5.3525159    -7.64073203   -5.30152529   -5.50889151
   -5.24081057   -0.35117841   -0.25572613   -0.77911923   -1.51032421]","[62.81414345 27.95206693 30.63482042 19.62035676 13.30732444 12.66894696
 11.83005632  9.37757805  8.54739415 10.14343961  8.62890819  8.32063303
  9.21818015  8.86515879  9.26142245  9.98984732 10.76216501 11.82234513
 11.21795801  9.72334979]","[-1.24550267 -2.93544653  0.66264382 -0.04976749  0.06797991  0.45983671
 -0.21252425 -0.06920593 -0.01010914  0.05089638 -0.02593971  0.40598024
  0.14673123  0.50612218  0.95138503  0.45290214  0.59334575  0.87453592
  0.50950755  0.5645987 ]","[ 3.73998087 15.12882325 -0.03977539 -0.47180285  0.13513521  0.02115142
 -0.46924291 -0.01937304 -0.12487811 -0.06723779 -0.03850467  0.83853774
  0.1116135   0.8420614   1.9974874   0.06560612  0.47218431  0.80976251
  0.44486415  0.986955  ]","[-9.25611681e-10 -3.50766214e-18  3.94611991e-18  7.34416761e-18
  3.83650547e-18  3.83650547e-19  6.57686652e-19 -4.43938490e-18
  1.09614442e-18 -3.28843326e-18  9.86529978e-18 -7.12493873e-19
  3.37064409e-18  1.64421663e-18  6.02879431e-19 -6.02879431e-19
 -1.97305996e-18  2.74036105e-18  2.35671050e-18 -1.37018052e-18]","[14.80122537  7.18140301  9.66127007  6.12642044  5.14675061  4.90490459
  4.10970009  4.19399366  4.10934982  3.9800183   3.77787283  3.65951644
  3.69958664  3.75904459  3.71353813  3.75633934  3.75021616  3.850028
  3.84075721  3.79815983]","[ 8.76942593e-19 -7.67324769e-19 -1.69907627e-18 -8.22133681e-20
 -5.64531794e-18 -4.16547732e-18  4.43952188e-18 -8.22133681e-19
 -5.34386892e-18 -6.76890064e-18  5.09722882e-18 -7.72805660e-18
 -4.05585949e-18  5.04241991e-18  4.11066840e-20 -2.54861441e-18
  9.45453733e-18 -9.31751505e-19  7.67324769e-19 -6.86481623e-18]","[14.34290055  7.84228598 10.44540374  6.80862848  6.21888956  5.97970375
  5.28764334  5.36984735  5.32002294  5.15550982  4.92490491  4.77573967
  4.78208372  4.91319452  4.80272224  4.81462871  4.76306681  4.79978985
  4.81213795  4.79264545]"
73.97652387335746,94.12076740745601,62011.03200157904,95.58646249545178,159.85957196414967,250011.36022057387,11.252189960563776,26.734341853094207,10627.981590101092,734.9999999999999,1039.4469683442248,0.6365141682948128,0.0,0.0,0.0,30.11417894736842,127.76364086129628,-31.78718888888889,131.061937330349,73.97652516627045,94.1207690524368,62011.03416915501,95.58646416604903,159.85957475807,250011.3689596417,11.252190157222145,26.734342320339433,10627.981961598827,735.0,1039.4469683442248,0.6365141682948128,0.0,0.0,0.0,30.11417947368421,127.76364309426503,-31.787189444444444,131.0619396209632,73.9765264591834,94.12077069741757,62011.036336731,95.58646583664627,159.8595775519903,250011.37769870978,11.25219035388051,26.73434278758465,10627.982333096561,735.0,1039.4469683442248,0.6365141682948128,0.0,0.0,0.0,30.114179999999998,127.7636453272338,-31.787189999999995,131.06194191157743,73.97652775209635,94.12077234239835,62011.03850430705,95.58646750724351,159.85958034591064,250011.38643777804,11.252190550538877,26.73434325482987,10627.982704594306,734.9999999999998,1039.4469683442248,0.6365141682948128,0.0,0.0,0.0,30.114180526315792,127.76364756020263,-31.787190555555558,131.06194420219168,73.97652904500937,94.1207739873792,62011.040671883224,95.5864691778408,159.85958313983105,250011.39517684656,11.252190747197243,26.734343722075106,10627.983076092054,734.9999999999999,1039.4469683442248,0.6365141682948128,0.0,0.0,0.0,30.11418105263158,127.7636497931714,-31.787191111111113,131.0619464928059,73.97653033792236,94.12077563236,62011.04283945937,95.586470848438,159.85958593375128,250011.40391591485,11.252190943855608,26.73434418932032,10627.98344758981,735.0,1039.4469683442248,0.6365141682948128,0.0,0.0,0.0,30.114181578947367,127.76365202614016,-31.787191666666665,131.06194878342015,73.97653163083525,94.12077727734075,62011.04500703548,95.58647251903528,159.85958872767168,250011.4126549837,11.252191140513975,26.73434465656554,10627.983819087576,735.0,1039.4469683442248,0.6365141682948128,0.0,0.0,0.0,30.114182105263154,127.76365425910895,-31.78719222222222,131.0619510740344,73.97653292374822,94.12077892232153,62011.04717461168,95.58647418963254,159.85959152159202,250011.42139405265,11.252191337172345,26.734345123810773,10627.984190585348,735.0,1039.4469683442248,0.6365141682948128,0.0,0.0,0.0,30.11418263157895,127.76365649207774,-31.78719277777778,131.06195336464862,73.97653421666125,94.12078056730238,62011.04934218799,95.58647586022975,159.8595943155123,250011.43013312147,11.25219153383071,26.734345591055988,10627.984562083124,735.0000000000001,1039.4469683442248,0.6365141682948128,0.0,0.0,0.0,30.11418315789474,127.76365872504651,-31.787193333333335,131.0619556552629,73.97653550957422,94.12078221228317,62011.05150976429,95.58647753082703,159.85959710943266,250011.4388721907,11.252191730489074,26.734346058301202,10627.984933580903,735.0,1039.446968344225,0.6365141682948128,0.0,0.0,0.0,30.114183684210527,127.76366095801534,-31.78719388888889,131.0619579458771,73.97652516627045,94.1207690524368,62011.03416915501,95.58646416604903,159.85957475807,250011.3689596417,11.252190157222145,26.734342320339433,10627.981961598827,735.0,1039.4469683442248,0.6365141682948128,0.0,0.0,0.0,30.11417947368421,127.76364309426503,-31.787189444444444,131.0619396209632,73.97652529556173,94.12076921693489,62011.03438591263,95.58646433310875,159.85957503746204,250011.36983354864,11.25219017688798,26.734342367063952,10627.981998748599,735.0,1039.4469683442248,0.6365141682948128,0.0,0.0,0.0,30.114179526315787,127.76364331756193,-31.787189499999997,131.06193985002466,73.97652542485301,94.12076938143294,62011.03460267018,95.58646450016849,159.8595753168541,250011.37070745547,11.252190196553814,26.73434241378847,10627.982035898367,735.0,1039.4469683442248,0.6365141682948128,0.0,0.0,0.0,30.11417957894737,127.76364354085881,-31.787189555555553,131.06194007908607,"[-241.78055858  149.25030895  -19.79992703   40.42328691   -1.65437069
   14.12950067   -4.2694947    10.18533411   -1.44464506   -4.427419
    0.63400318    1.49737125    5.04375083   -2.24087787   -2.04894009
    0.69523285   -7.76842618    0.88755695   -2.1835718    -3.72359864]","[93.89461661 38.95905484 31.00306894 20.37243292 17.09237353 16.43163614
 14.18482844 12.94059141 13.89390424 12.52238859 12.17810885 13.19657239
 12.65275922 10.53799792  9.66685418 10.52141156 10.42780361  8.46252924
  7.67103171  7.74013681]","[-0.98109404 -1.33531582  0.26324077 -0.5410399  -0.12796307  0.15488099
  0.19302149  0.28677719  0.58879298  0.44506777  0.51027672  0.46908392
 -0.30340859  0.38359211  0.34493839 -0.0029827   0.02101225  0.02413475
 -0.03744023  0.18892817]","[ 1.44421896  3.00218651 -0.39562785  0.3381427  -0.02735261 -0.07507761
  0.57451042  0.22613611  1.01325282  1.23783482  1.00104718  0.82394658
  1.2056492   1.34902109  1.07200827  0.86546318 -0.03711546  0.17995789
  0.21026256  0.55275077]","[-1.26117497e-09 -2.26865497e-18  4.82089181e-18 -1.27611842e-18
 -1.63059576e-18  1.27611842e-17 -6.52238303e-18  4.60820540e-18
  5.03357821e-18 -7.79850145e-19 -1.27611842e-18  2.97760964e-18
  8.08208332e-18 -6.38059210e-19  3.33208698e-18  5.67163742e-19
 -3.54477339e-18 -5.24626461e-18 -1.27611842e-18  4.25372806e-18]","[19.98778615  9.96724377  7.71198844  6.33565434  6.76557766  5.75315135
  5.79553346  5.12307561  5.33314757  4.99840706  4.64644337  4.63783587
  4.58649978  4.44070679  4.21023418  4.17299509  4.17557699  3.87642113
  3.78653551  3.78658293]","[ 3.95130712e-10 -1.28325918e-17  8.57869398e-18 -1.06347446e-18
  2.23329637e-18  7.62156696e-18 -2.09149977e-18  9.78396503e-18
 -3.29677083e-18  2.51688955e-18  4.36024529e-18  2.69413530e-18
  1.30452867e-17  1.13082784e-17 -2.16239807e-18 -6.16815187e-18
  2.72958445e-18 -7.79881271e-19 -5.84910953e-18 -4.18299954e-18]","[17.86471777 10.57820577  7.83422953  6.74124086  7.57776444  6.79565253
  6.57935588  6.25342446  6.43893222  6.14171751  5.86802615  5.82535018
  5.59689928  5.59255946  5.35104158  5.21363012  5.25202191  4.94300238
  4.88539828  4.91107843]"
76.62488801527891,97.49029671703482,66530.50567782843,99.00846378006798,165.58255455329555,268232.63028831605,11.655019058895844,27.691432949221028,11402.567683538491,735.0,1039.4469683442248,0.6365141682948128,0.0,0.0,0.0,31.19226842105263,132.33758712670394,-32.92517222222222,135.75396281387475,76.6248893081919,97.49029836201562,66530.5079230038,99.00846545066526,165.58255734721592,268232.63934024336,11.655019255554212,27.691433416466253,11402.56806833587,735.0,1039.4469683442248,0.6365141682948128,0.0,0.0,0.0,31.19226894736842,132.3375893596727,-32.925172777777775,135.753965104489,76.62489060110481,97.49030000699635,66530.51016817907,99.00846712126247,165.5825601411362,268232.6483921704,11.655019452212574,27.691433883711476,11402.568453133246,735.0,1039.4469683442248,0.6365141682948128,0.0,0.0,0.0,31.192269473684206,132.33759159264147,-32.92517333333333,135.75396739510325,76.62489189401784,97.4903016519772,66530.51241335456,99.00846879185974,165.5825629350566,268232.657444098,11.655019648870944,27.69143435095669,11402.568837930628,735.0000000000001,1039.4469683442248,0.6365141682948128,0.0,0.0,0.0,31.19227,132.33759382561027,-32.92517388888889,135.7539696857175,76.62489318693083,97.49030329695803,66530.51465853007,99.00847046245697,165.58256572897687,268232.66649602534,11.655019845529308,27.691434818201913,11402.56922272802,735.0,1039.4469683442248,0.6365141682948128,0.0,0.0,0.0,31.19227052631579,132.33759605857904,-32.925174444444444,135.7539719763317,76.62489447984375,97.49030494193879,66530.5169037055,99.00847213305423,165.58256852289722,268232.6755479532,11.655020042187674,27.691435285447135,11402.569607525416,735.0,1039.446968344225,0.6365141682948128,0.0,0.0,0.0,31.19227105263158,132.33759829154783,-32.925174999999996,135.75397426694596,76.62489577275667,97.49030658691956,66530.519148881,99.00847380365147,165.58257131681754,268232.68459988094,11.655020238846042,27.691435752692367,11402.569992322826,735.0000000000001,1039.446968344225,0.6365141682948128,0.0,0.0,0.0,31.192271578947366,132.3376005245166,-32.925175555555555,135.75397655756015,76.62489706566966,97.49030823190031,66530.52139405653,99.00847547424874,165.58257411073794,268232.69365180907,11.655020435504412,27.69143621993759,11402.570377120239,734.9999999999999,1039.4469683442248,0.6365141682948128,0.0,0.0,0.0,31.19227210526316,132.3376027574854,-32.925176111111114,135.75397884817443,76.62489835858268,97.49030987688117,66530.52363923221,99.00847714484598,165.58257690465825,268232.7027037373,11.655020632162781,27.69143668718281,11402.570761917661,735.0,1039.4469683442248,0.6365141682948128,0.0,0.0,0.0,31.19227263157895,132.3376049904542,-32.925176666666665,135.75398113878867,76.62489965149565,97.49031152186197,66530.52588440785,99.00847881544321,165.58257969857857,268232.71175566554,11.65502082882114,27.691437154428026,11402.571146715078,735.0,1039.4469683442248,0.6365141682948128,0.0,0.0,0.0,31.192273157894736,132.33760722342294,-32.925177222222224,135.7539834294029,76.6248893081919,97.49029836201562,66530.5079230038,99.00846545066526,165.58255734721592,268232.63934024336,11.655019255554212,27.691433416466253,11402.56806833587,735.0,1039.4469683442248,0.6365141682948128,0.0,0.0,0.0,31.19226894736842,132.3375893596727,-32.925172777777775,135.753965104489,76.62488943748319,97.4902985265137,66530.50814752131,99.00846561772497,165.58255762660795,268232.640245436,11.655019275220043,27.691433463190773,11402.5681068156,734.9999999999999,1039.4469683442248,0.6365141682948128,0.0,0.0,0.0,31.192269,132.33758958296957,-32.925172833333335,135.7539653335504,76.62488956677443,97.49029869101173,66530.50837203879,99.00846578478468,165.58255790599995,268232.6411506286,11.655019294885879,27.691433509915285,11402.568145295336,734.9999999999999,1039.4469683442248,0.6365141682948128,0.0,0.0,0.0,31.192269052631577,132.33758980626644,-32.92517288888889,135.75396556261182,"[-258.7238862   139.1700684   -57.79458058   30.17408791    1.62980698
    3.22085936   -5.00972272    5.24274653   -6.24012738   -3.26990072
   -2.49262473   -3.82321077  -13.59027988   -9.61326481   -6.48607555
   -9.87900865    1.73640053   -9.38804527   -7.09079414   -1.88053857]","[78.01009416 31.88584261 26.50578794 22.00360675 16.84736841 12.86128592
 15.72654616 11.12776988 10.15023912 12.43179723 12.37473247 11.16902472
 10.83087206  9.6426642   9.48101196 10.32312262  9.7676039  10.68901194
 11.9702735  11.38432407]","[-1.84731494 -1.91580271  0.51669868  0.31302238  0.09993759  0.31159132
  0.10896872  0.23987168 -0.41479239  0.04434663 -0.06613824  0.62416697
  0.47673145  0.13082346  0.32676477 -0.0333224   0.37848019  0.21501389
  0.67872222  0.39566919]","[ 5.66689112  5.92584825  0.61982856 -0.14865525 -0.31395968  0.73397902
  0.09848954  0.17779003  0.59806687  0.22172369 -0.177564    1.50363195
  0.99573909  0.64929553  0.84664205 -0.014691    0.34146685  0.05503687
  0.4929967   0.65047439]","[-2.11054734e-09 -3.06830502e-18 -2.68476690e-18 -3.83538128e-18
 -9.20491507e-18  3.40390089e-18 -6.04072551e-18 -5.75307192e-19
  5.75307192e-19 -1.15061438e-18 -8.05430069e-18 -1.72592158e-18
 -7.67076256e-19  1.34238345e-18  2.20534424e-18  2.30122877e-18
  1.72592158e-18  4.31480394e-18 -3.16418956e-18  2.97242049e-18]","[21.80672021  8.38494096  7.78507329  6.68918794  6.72794016  5.24761484
  5.55538547  4.77063676  4.49088305  4.45771259  4.82380923  4.4446868
  4.14520787  4.09261687  3.94174143  4.17993997  4.02608921  4.06427579
  4.10390291  4.37849144]","[ 5.34412951e-10 -3.06847065e-18 -9.68486050e-18 -4.79448540e-19
 -1.13149855e-17 -1.82190445e-18  9.80472264e-18 -8.39034944e-18
  5.32187879e-18 -8.82185313e-18 -2.87669124e-18 -7.67117663e-18
 -1.44314010e-17  3.45202949e-18  3.04449823e-18 -7.67117663e-18
 -4.00339531e-18  9.58897079e-20 -4.84243025e-18  9.01363255e-18]","[20.12111997  8.9810615   7.89618234  7.13397919  7.83468096  6.07097529
  6.41600265  5.80055471  5.66704805  5.49876999  5.82496377  5.42830423
  5.26603128  5.26502053  5.06522046  5.22975625  5.07955351  5.10442102
  5.09351323  5.47229958]"
29.65263400506049,36.747738609124134,9452.774050191585,21.60644302838493,37.535339015756875,14269.036714053946,24.455131195705803,49.018772719892226,34377.5963061242,2925.690126851419,4481.789820778806,1.3290441286769668,1657.658831451076,3.7703104361254143,0.82915619758885,16.524315936842108,118.68009821323339,-26.34089574444445,164.9091434339211,25.85873531712544,32.35751786065635,7329.062734718862,22.81549288769675,38.64544967835476,15283.190258229592,28.592742180558023,55.53385415695985,43342.07756228951,4052.4763745149357,4848.170424553859,1.6457068299078896,2436.806050143739,3.527063316840014,0.816496580927726,16.61636842631579,127.61159930276122,-28.076993394444447,178.81027473692282,28.155102486946866,33.38501807601992,7801.916023553234,30.191632185449688,48.711641210125514,24154.528331311554,29.736574997845427,55.15462418907307,42712.495986097754,4746.824428770717,5380.227053333065,1.7370171104458183,2453.207114744216,3.7129575402860655,0.7071067811865476,17.173274346315786,129.07938443209088,-28.701717467777776,178.40279856763544,26.245344603630034,32.0188679232111,7176.455321588256,28.686154928232188,45.82077032343607,21536.115627483694,27.56309866298702,53.380843898737645,40102.84158044349,4657.007663289043,5215.677281530284,1.778738312576577,2724.2549937347435,4.405088331349174,0.816496580927726,17.439075757894738,129.89614771753884,-29.263217966666666,177.191589443957,29.740735095822547,32.9006211384395,7577.156099065923,28.43871246017268,45.51468895161459,21452.76568834402,26.944770616485098,51.59071934567071,37520.80418595848,5078.989336065765,3995.7044622802964,1.7896441446361593,2972.680889297227,4.998920438708207,2.0,17.98807347368421,130.7274925944978,-29.56553172222222,175.7136083381041,27.88804806238898,31.46804348555629,6931.664325662031,29.84531689321095,44.34155612468043,20398.983894733075,26.624135621650968,51.03863995045248,36740.87955748569,5121.030352872356,3925.759537452287,1.7875437898041262,3154.4602705356265,5.316973299771477,2.0,17.869166863157897,131.39962696878416,-29.77234969444444,175.6663787960139,29.27594039612768,32.8624757844232,7559.5962027726055,33.89876108954874,49.137628145120814,24961.079309365716,26.083748347224894,49.29192499061737,34315.12215056213,4682.464631811514,3860.122972833618,1.6519311424751542,3053.267234693399,3.940293345501702,1.247219128924647,18.47150968421053,131.3131707880381,-30.06664986111111,173.06351263984922,29.228101477743735,33.542411186621514,7875.653437486744,35.95104159309954,53.0203759806031,28979.08192298671,24.651846589047004,48.20606986872688,32907.16123938998,4615.330286532057,4079.420632604715,1.657831392318125,2900.427831816758,4.720489474062115,1.4142135623730951,18.69820236842105,130.84657549577094,-30.212647888888892,171.15503128111493,31.108703788574875,35.20246322464108,8674.493919575454,34.09881797747303,52.33614897249522,28217.90810554149,24.322599695001607,47.641967828886074,32238.7615586821,4958.681609119661,4474.111372337912,1.8795967063723102,2758.504239864629,3.4490004701867294,1.0,18.696486731578947,130.46921841385867,-30.29630079444444,170.3185919587926,31.397562417823092,35.85714649004021,9000.144680857418,32.939440269501645,50.03133414281368,25786.679754556055,24.923547566192177,48.439131092117194,33275.14208829936,4079.1815094952212,4326.885034243676,1.7346609012389653,2697.4828589480503,2.856287438894295,0.7071067811865476,18.559869942105266,130.42115919435636,-30.19205496666666,171.33729854290098,31.044355435128693,35.854833701769664,8998.983698470902,37.78937809529615,54.89788408129411,30855.086583309218,24.313015702925966,47.6743377157781,32203.446861403263,4333.515933436768,4250.793290898657,1.6705957924996933,2628.9181833966795,2.2624146282791457,1.247219128924647,18.89525514210526,130.6394908128553,-30.363973772222216,170.11364219275237,34.757230690530406,38.52374936128379,10388.554853957094,38.71154932120373,58.76529889696645,35299.19050331319,24.920685607428844,47.40776102027883,31806.080578188757,4838.491821931816,4863.400219954888,1.724836529985031,2478.5977860093953,2.894773683662795,1.699673171197595,19.338422207894734,130.42320841548084,-30.35520264611112,169.20794976891634,35.27612092930765,39.664493518753325,11012.904322694574,37.84956494485815,57.67915657099296,33946.119241646775,24.486801176568537,47.083473991236,31400.62601238434,4612.368014527517,4346.92154295483,1.7768028655703894,2521.796739481511,2.7821620317345666,0.5,19.490220505263164,130.70750423545022,-30.420671022222216,169.26588356778163,"[-2.74563095e+02  2.28158156e+02 -2.02752051e+01 -2.81875468e+01
  2.54292108e+01  1.18070238e+00 -1.00597548e+01  1.75638224e-01
 -6.19098743e+00 -5.46936290e+00 -2.93591276e+00 -9.53967211e+00
 -7.22960017e+00 -3.80780101e+00 -6.26473723e+00 -2.64589935e+00
 -1.05373892e-01 -2.86875533e+00 -1.93924244e+00 -1.89643080e+00]","[29.80058623 19.27388093 16.07476461 10.78244723 10.7843742   9.64896993
  7.7681895   8.38477779  7.29278029  6.96605072  6.75057828  6.92731325
  7.13676719  7.29000171  7.76691624  7.80714875  7.80820765  8.56252234
  9.12399593  8.48196446]","[-1.13479113 -1.039341    0.10515347  0.0395302  -0.16724773 -0.04589375
 -0.14004988  0.15262184  0.09362255  0.27248264  0.27058343 -0.03629789
  0.24322951  0.55623841  0.64712804  0.59644999  0.31213016  0.42045802
  0.69474304  0.51065073]","[ 3.4881529   3.87717525 -0.29462162  0.29662276  0.2510973  -0.04830099
 -0.04420271  0.12670835  0.08808964  0.46042283  0.33869052 -0.00604777
  0.11731103  0.83430171  0.74715783  0.44088318 -0.08371005  0.15229859
  0.60849535  0.40263584]","[-1.45248780e-02 -9.75211145e-03  1.39251912e-03  1.81939204e-03
  7.62709177e-04  3.54788349e-05  9.59284188e-04  1.74475315e-04
 -2.96907012e-04 -4.76272014e-05 -1.34017145e-04 -2.12699320e-04
 -5.65115778e-04 -8.10257760e-05 -2.51499747e-04 -1.14254690e-04
  6.73039136e-05  2.22460419e-04  1.21455454e-04 -3.12007018e-04]","[9.68889823 7.03051978 6.68583001 4.6023644  4.5088754  4.32582456
 4.00983918 4.04719853 3.90530832 3.77945376 3.67399965 3.6518292
 3.6167993  3.57439671 3.59677954 3.70844055 3.76115869 3.78180457
 3.76920007 3.74465831]","[-4.32180172e-04 -1.98621925e-03  1.31437974e-04  1.22977349e-03
 -8.35382219e-04  7.41997807e-05 -2.37871731e-04 -3.42994939e-04
 -1.71169938e-04 -4.29599533e-05  2.28813912e-04  9.88411685e-05
  2.50536698e-04 -2.60484435e-04  9.96799033e-05  3.73217972e-04
  1.79166699e-04 -1.35975314e-05 -5.32219704e-05  1.11424491e-04]","[10.83365038  7.9942005   7.77898788  5.92710613  5.72906572  5.48360262
  5.23826902  5.23817588  5.14406296  5.02493221  4.89597947  4.87357822
  4.86347901  4.7953426   4.79546233  4.83805966  4.88975557  4.8628592
  4.81258761  4.80962911]"
68.00501138094383,86.5231768619559,52403.82093999712,87.87055851658437,146.9554318257183,211277.73770367928,10.343893795802815,24.57629970683833,8981.415503406903,735.0,1039.4469683442248,0.6365141682948128,0.0,0.0,0.0,27.68331052631579,117.45033959310494,-29.221272222222222,120.4823918871495,68.00501267385675,86.52317850693666,52403.8229326026,87.8705601871816,146.95543461963862,211277.7457373144,10.34389399246118,24.576300174083553,8981.415844916693,735.0,1039.4469683442248,0.6365141682948128,0.0,0.0,0.0,27.683311052631577,117.45034182607372,-29.221272777777774,120.48239417776375,68.00501396676974,86.52318015191747,52403.82492520817,87.87056185777887,146.955437413559,211277.75377095002,10.343894189119554,24.576300641328785,8981.4161864265,735.0,1039.446968344225,0.6365141682948128,0.0,0.0,0.0,27.68331157894737,117.45034405904252,-29.221273333333336,120.48239646837801,68.00501525968271,86.52318179689829,52403.82691781378,87.8705635283761,146.95544020747926,211277.76180458543,10.343894385777919,24.576301108574004,8981.416527936306,734.9999999999998,1039.4469683442248,0.6365141682948128,0.0,0.0,0.0,27.68331210526316,117.4503462920113,-29.221273888888888,120.48239875899223,68.00501655259566,86.52318344187904,52403.82891041936,87.87056519897335,146.95544300139963,211277.76983822134,10.343894582436288,24.576301575819226,8981.416869446122,734.9999999999998,1039.4469683442248,0.6365141682948128,0.0,0.0,0.0,27.683312631578946,117.45034852498009,-29.221274444444443,120.48240104960647,67.97689181268598,86.48968606876043,52363.26057390914,87.81519850011166,146.86718330983274,211021.41409881096,10.53254777221338,24.340155452672366,8814.908578928673,743.0648682617415,1104.6967231777116,0.6406541921369445,11.135467569317504,1.0538565342570174,0.5,27.659536486315776,117.13715107094991,-29.108456461666663,119.92160746130276,67.87303834736846,86.27691912857338,52105.94742022874,87.4547561147167,146.24253125072465,209209.60951092647,12.153249610638076,22.791816011270186,7799.939210500696,1109.7057608190223,2735.260766387085,0.7456850811942325,106.99515409745334,1.074943627523561,0.5,27.4672194368421,115.0094065936505,-28.391321177777783,116.33600109870004,68.13388905422222,86.52436624903042,52405.26168357448,87.80951807797263,146.81615884151415,210875.78703427815,10.687439308766132,24.173613309323866,8699.98446389591,756.9290774295915,1210.4717895749461,0.6463905346908074,20.59828785841303,0.9865613682634031,0.5,27.67044301578947,116.9341096504976,-28.993862711111106,119.56762908765812,68.00501784550866,86.52318508685988,52403.83090302509,87.87056686957061,146.95544579531997,211277.77787185734,10.343894779094647,24.57630204306444,8981.417210955935,734.9999999999999,1039.4469683442248,0.6365141682948128,0.0,0.0,0.0,27.683313157894734,117.45035075794885,-29.221275,120.4824033402207,68.00501913842164,86.5231867318407,52403.83289563081,87.87056854016787,146.9554485892403,211277.78590549334,10.343894975753019,24.576302510309677,8981.417552465768,735.0000000000001,1039.446968344225,0.6365141682948128,0.0,0.0,0.0,27.68331368421053,117.45035299091768,-29.221275555555557,120.48240563083495,68.00502043133463,86.5231883768215,52403.834888236575,87.8705702107651,146.95545138316064,211277.79393912954,10.343895172411386,24.576302977554892,8981.417893975598,735.0,1039.4469683442248,0.6365141682948128,0.0,0.0,0.0,27.683314210526316,117.45035522388646,-29.221276111111113,120.48240792144917,68.00502172424756,86.52319002180222,52403.83688084228,87.87057188136234,146.95545417708095,211277.80197276588,10.34389536906975,24.57630344480011,8981.418235485435,735.0,1039.4469683442248,0.6365141682948128,0.0,0.0,0.0,27.683314736842107,117.45035745685522,-29.221276666666668,120.48241021206341,67.99356720589186,86.52373371000333,52404.49546583696,87.88218307220266,146.97462914651086,211333.1111292223,10.345333835152083,24.579646020276055,8983.861560590829,735.0459919517665,1039.463239787602,0.6365286677664757,7.1384084228974025,0.0,0.0,27.685492164210526,117.46669082320912,-29.225413632777776,120.49880505615153,"[-300.23649685  146.71681765   11.90592081   36.24278895   15.13790604
    6.87283629    4.66301859    2.71932752    3.53118217   -3.03303688
   -4.65795205    1.17434205   -5.1607273    -1.65726552   -5.64498382
   -7.83501489   -3.46069695   -5.64865727    1.17382099   -0.58150421]","[67.67670815 34.02939756 16.65561053 14.82374625 11.22931663  9.55539008
 11.91618376  8.85569151  8.78454587  8.67612054  8.57105152 10.02041107
  9.38364193  8.0235373   9.51439035 12.8885952  13.53511837  9.30694507
 10.32069068  9.68550778]","[-1.15442671 -2.15297126  0.10405331 -0.12889267 -0.00305058 -0.04765196
  0.01219732  0.23669125 -0.40334054 -0.19997145  0.3723874   0.93266387
  1.10802528 -0.08244677 -0.06693757 -1.39052338 -1.01003862  0.03914136
  0.04921023  0.12062729]","[ 2.03414219  5.9240081   0.69831637 -0.26950258 -0.21426192  0.26079011
 -0.64410311 -0.1905513   0.31407655 -0.16347683  0.24833169  0.76837029
  2.00202077 -0.01681669  0.83299637  3.9476391   2.04068124 -0.18776326
  0.41328783 -0.07800543]","[-1.69035315e-09  0.00000000e+00 -5.35508091e-18 -7.65011559e-19
 -9.56264448e-19  1.53002312e-18 -2.29503468e-18 -8.31950070e-18
  1.62564956e-18  0.00000000e+00  4.01631068e-18  6.21571891e-18
  5.73758669e-18 -3.25129912e-18  7.26760981e-18 -9.56264448e-19
 -3.82505779e-19 -3.06004623e-18  8.31950070e-18  4.11193713e-18]","[5.30869499 3.79801666 3.59332424 3.37889005 3.30181372 3.26935242
 3.13922701 3.22444166 3.14028421 3.14889485 3.02385056 2.99871498
 2.99735237 3.03226338 3.03147547 3.04975687 2.98314144 2.97616338
 2.99823267 2.97701045]","[ 1.06600623e-09 -1.91273483e-19 -6.31202495e-18  4.39929012e-18
  1.91273483e-19 -4.16019826e-18 -3.25164922e-18 -1.91273483e-18
 -1.33891438e-18  1.00896762e-17 -8.22475978e-18  4.68620034e-18
 -4.11237989e-18 -2.77346551e-18  2.39091854e-18 -1.31978703e-17
 -3.15601247e-18  2.72564714e-18 -1.91273483e-18 -1.48236950e-17]","[5.61880747 4.4177817  4.37821943 4.26859779 4.30023083 4.23334377
 4.15209128 4.24937583 4.13093169 4.16469117 4.00305776 3.97375031
 3.97803745 4.02137271 4.04707057 4.10290632 4.02363142 3.98666703
 3.99766821 3.95571858]"
34.19080980814912,41.65363361555615,12145.176353652929,45.0406719845642,76.13993065826158,58617.29390123882,22.720011396017632,43.74797637456498,27211.017838849053,3278.864037725913,4230.605751098031,1.5537494803194816,1913.953918978675,5.261270337523524,0.4714045207910317,20.275905331578947,127.1920136718894,-29.955919888888886,160.49709222600907,32.49263864784151,39.4210523769548,10878.135593546296,42.332087773766546,69.24069508656599,48330.80379293516,23.603285254421056,45.647431140237785,29533.588244996554,3082.092083812696,4448.300461820712,1.4046849313897072,1863.8747558209773,2.65487117172454,0.5,19.53534415789474,126.80591259477832,-29.500679333333338,163.31915413485308,35.24534623715659,42.979575623927815,12930.70744569051,43.04736863771323,70.67216063447165,49881.09294407441,22.712208474931003,44.509576003252796,28133.841223823212,2201.564329043136,3855.511097133745,1.1710793719672135,1692.102968817906,2.491284684535654,1.247219128924647,19.9372372631579,126.6172018575999,-29.580334277777784,161.87547794320403,38.172997384067095,47.47569173586985,15777.589140595388,47.285579775993355,76.05844889137755,57376.40802539947,21.97941421598631,43.290987201068084,26654.521868457407,1857.0888816499887,3464.246066056664,1.135823528911154,1451.8279503912147,2.4180920455830495,0.82915619758885,20.831383589473685,126.11339337588137,-29.694038188888882,159.63244100612272,37.47495468632386,46.60009050595278,15200.979046140928,45.89248192741845,76.07997676230468,57686.27325619992,22.15890231371041,43.54469311918452,26974.229554871214,1905.029295923641,3555.922019021417,1.0995235001490011,1426.8197045634072,2.449258095927103,0.816496580927726,20.725852684210526,125.97584983783021,-29.703454133333324,159.68399838897994,37.641773008921064,46.7518612798928,15300.15573194038,46.72500900388466,78.55567289975778,61529.034265494935,22.374331182963633,44.05143746986467,27612.150563653082,1848.426011435206,3455.228583518404,1.0853749472209862,1304.3560995739672,2.7770666226394547,0.4714045207910317,20.633274868421054,125.36588241682578,-29.537759222222228,159.61447453818067,38.77221912128581,46.53979389529465,15161.666910715534,45.48777629972083,76.87319887823415,59067.31872919492,24.42223083141279,46.08457391670042,30100.12407055801,2520.799966125539,4346.106195050637,1.2601729722944,1147.2620389347949,1.7554643157607772,0.7483314773547882,20.086201078947372,124.56730105536495,-29.305250361111113,161.44128649900077,38.71751177127295,45.66676891300148,14598.176480674341,43.52383360554886,72.79069242147771,53009.39015486082,24.820981683570533,47.0682485965977,31344.225402033582,3143.7775965012947,4725.406346174781,1.4439536131413966,1221.8433603449096,1.9740112440460371,1.224744871391589,19.63258091578947,124.65635453714356,-29.407174616666666,163.0149536446224,38.34134198887427,44.65955582352736,13961.331484483298,40.55717454523314,67.1239510666054,45058.08558273984,25.793746020191616,48.88016711704775,33717.99217862942,3576.6495990031162,5150.30532271941,1.4643202595856672,1341.2314826287443,1.7257209268686633,0.39999999999999997,19.05199201578947,124.8459200348252,-29.38423068888888,165.86925581337147,33.68058270878403,41.32255831943534,11952.876782441945,40.33577422420834,66.24274708467976,43907.5199243309,26.31778231274374,49.20618616112041,34174.498299429484,3723.9504912724005,5428.7542155451065,1.451346061438819,1421.0302994644117,1.8324802265647822,0.7483314773547882,18.770526768421053,124.90280292126975,-28.964525466666664,166.52724538773438,36.57358731610928,42.12823946184114,12423.519921079605,42.525770597288805,67.21200078018647,45250.329398831964,25.2508807902348,47.93325542869875,32466.2722566643,4734.614707478394,5775.720312517474,1.6054111151239125,1538.8491422205211,1.929690042504635,0.39999999999999997,19.16791518947368,125.40032758865468,-29.26904621111111,165.29453674169702,40.43250493285551,44.275899426751856,13722.486890334918,45.34574383577032,68.97491674017026,47709.267873422184,24.02427006776882,46.683559274194145,30847.102504266928,5091.321070674726,5829.452516640498,1.60301444837233,1682.1022798642575,2.1888492194415923,1.6393596310755,19.737665084210526,125.98700299813895,-29.468585188888888,164.09765038928134,35.29372683888857,40.180658457926704,11301.397198787898,39.02587726260277,60.61938061018408,37047.265655788724,24.678817339919085,47.27034575383242,31648.644841864243,4473.3443216611895,5685.565308309019,1.547051575086806,1907.8745615331072,1.8421074244841813,0.39999999999999997,19.01431230526316,126.68350396887938,-29.51725291111111,165.9752159161358,"[-2.62036637e+02  1.95772779e+02 -4.48260372e+01 -1.48360609e+01
  3.08484470e+01 -9.95989072e-02 -1.33860872e+01 -4.64737390e-01
 -1.24288275e+01 -1.29079611e+01 -8.43964606e+00 -8.26857370e+00
 -1.25727338e+00  1.05981653e+00 -1.27329194e+00 -2.38194443e+00
 -6.63570900e+00 -1.36968609e+01 -9.43514794e+00 -1.39180261e+00]","[37.57779935 34.41491925 22.9905143  26.65772292 16.43338761 12.73087527
  9.81773299  9.56140852  8.63120118  8.63227103  8.18526814  8.02284113
  8.33990864 10.2665883   8.87263433  8.23289811  8.53097132  9.051101
  8.4131399   8.1131095 ]","[-0.41181039 -1.04001443  0.3027874   1.19496334 -1.30687494  0.42993804
  0.40930717 -0.26085645 -0.10985561  0.27885546 -0.24229076 -0.32768341
  0.10456629 -0.11149954  0.26104545  0.36900042  0.50494538  0.47659251
  0.36981912  0.25460201]","[ 0.40469169  0.72307528 -0.46885349  1.38141754  2.94448325  0.39959917
  0.49175662  0.35591839 -0.01318567  0.2855533   0.31751664  0.45055706
  0.16844344  0.11107728  0.18713537  0.58531974  0.3010454   0.31659004
  0.27533911  0.46967878]","[-7.95024279e-03 -7.18207047e-03 -8.13819925e-04  5.06939859e-04
 -1.08822664e-03 -8.09656191e-04  4.31826145e-04  3.75477787e-04
 -6.06598069e-05  2.16114247e-05 -1.20944408e-04 -4.06413119e-04
 -3.75832830e-05  5.94444083e-04  7.00318462e-04  4.87694257e-04
  4.04315306e-04  3.37435950e-04  1.75853521e-04  7.06428996e-05]","[12.39128141  7.11829814  8.27575024  6.11437623  4.65578635  4.96045192
  4.47679762  4.17853088  4.19981311  3.94434005  3.89096006  3.89523539
  3.8586119   3.6938314   3.65646364  3.67534587  3.74491088  3.81702123
  3.62075159  3.62870784]","[-6.75288254e-03 -5.82846704e-03  4.82744188e-04  2.57932681e-03
  9.67397725e-04 -3.05937697e-04 -3.71182154e-04 -4.25183064e-04
 -6.23682948e-04 -4.71101240e-04  2.45357707e-05  2.77820511e-04
 -1.50371676e-04 -6.61482823e-04 -4.14156267e-04  1.11006444e-04
  1.11069174e-05 -3.28594838e-04 -1.88902493e-04  8.24456314e-05]","[12.48063589  7.82456681  8.87717873  6.97482954  5.5984227   5.84299564
  5.54857289  5.36599698  5.35180948  5.09563737  5.04443197  5.09932522
  5.01198834  4.8545482   4.82866809  4.8661784   4.90528367  4.92239579
  4.75759949  4.76527298]"
41.16731192722214,50.80869871226105,18070.667053833222,52.80587790236636,79.19439565844125,61397.61259669445,22.881474687685603,45.548026965097996,29493.786582031502,1981.7472602681132,3076.928256845422,1.2814492103078363,1408.2195174083395,3.374483831103104,2.0,21.069403299999994,127.59153488028821,-29.95590395,163.86524262626463,39.197978493171426,47.22188337385773,15609.34388561955,50.89912973025007,76.66110577388433,57744.295757676126,25.003635710694066,46.963015351238376,31319.536262979018,2662.341249022419,3822.732499157853,1.453570124511174,1518.2683908700953,3.0560221987745027,1.8856180831641267,20.543545868421052,127.7839522831281,-29.7492018111111,165.84777404542714,41.36269153648492,50.44039597271433,17809.63482118951,54.78221321199127,85.00428030757193,71158.22520686124,24.610387344679165,45.037020865089964,28851.62711210409,2610.0262580278577,4000.589337410553,1.3863231474673365,1265.3877746551304,2.4968475397081344,0.4330127018922193,21.41777706947369,127.53764732532586,-29.841306843333328,162.42641766306627,45.11761844804009,53.18729447534228,19802.218055247427,53.82026127360645,83.250567160437,68368.6884026926,23.875120314431335,44.19404511217484,27816.588142963414,2119.726979070341,3595.891658846898,1.2220977821576995,1292.7661059687139,2.497030059073759,0.4330127018922193,21.744640663157895,127.870572405911,-29.9778807,161.81118326736558,43.81925221064484,52.238006389216665,19101.665180638887,49.65252171667278,77.98608574061873,60179.43434849925,23.444867790242004,44.13666623515911,27774.685142300088,2062.380718846613,3298.1954107594415,1.2737937578991783,1477.7778721318996,2.9379530843153723,2.6246692913372702,21.285390805263162,128.31252229494456,-30.44369761888889,162.42483453689238,41.03862912677323,52.554018236955564,19333.473829951803,49.75459541719593,77.23460305648308,58639.04539612027,23.650277663148927,44.361999506611575,28023.44189461017,2315.2240626127546,3336.515935506897,1.3710999349711204,1477.98990366379,3.0430940038918166,2.160246899469287,21.200417915789473,128.42159304098402,-30.339846400000006,162.93604770113612,43.03735266296743,54.2321760636773,20587.90244421185,53.603598335914334,83.03274497212361,67727.39990093527,23.40660702977278,43.84513681615712,27378.088395068437,2320.8985896858753,3368.9224416273046,1.3746300183454412,1212.1323769500393,3.1964176720719144,2.160246899469287,21.683851036842096,127.68050383712799,-30.181107049999994,161.18127290132756,43.64435319798342,54.74810346290413,20981.48382949399,51.62619047527912,80.30661909479537,63303.08546171596,23.52999918834889,44.50246618723111,28171.303942961575,2466.025023663107,3411.314618230681,1.433461482391767,1075.3272602351337,2.231752613463979,2.160246899469287,21.424366421052635,127.08520553169159,-29.880447277777776,161.77630391135327,42.79127133845714,52.18090547673876,19059.92827460641,51.36954907831212,80.66603891447276,64272.153144312055,23.47258618751806,44.17801994059255,27747.00852134014,3111.4639632333237,3786.024529756125,1.571665381051105,1276.0476929474507,2.228650664457033,2.160246899469287,21.334455226315782,127.7156097199734,-30.065215483333336,161.67210783915604,45.598251439555,53.931137531898266,20359.973168391683,57.32706498980663,84.68295963119132,70159.04876918046,23.359618069083954,44.31449040388453,27947.557112182538,2946.988512138941,3464.9001151081316,1.4776260058019155,1165.444648269767,2.1998771209318155,2.160246899469287,21.44719956315789,127.31789918895551,-30.245624866666667,161.42397861145704,42.62563219721443,53.418699362869106,19974.902091344145,54.15935856638069,79.6771952845094,61769.358033852426,22.76164241716555,44.69146539127334,28375.128468555577,3019.6948307865273,3275.4497474286013,1.4981081703847043,1242.2539383347419,2.649395550961495,1.699673171197595,21.257476236842106,127.49688699210986,-30.042455938888892,162.59058733549543,46.43468682792791,54.034133637035445,20437.813185335035,55.39434636759675,78.74399130088767,60188.549094188435,22.842192942852368,44.752595575961784,28425.029831039403,3456.982818072166,3316.7511533018687,1.4573396242030814,1281.712718509259,2.2696237529749115,2.494438257849294,21.481949289473683,127.51269391387659,-29.620016750000005,162.96871307256902,44.131858264792626,52.93098504413861,19611.824244199775,55.79290947014067,81.33415146688576,64398.428076535805,23.85063894331817,45.10492630193057,28837.50464133585,3136.752956222057,3643.866857864642,1.5155998842176532,1260.0573827524058,2.5654769849943477,1.699673171197595,21.54946475263158,127.58504007178044,-29.568488761111112,163.10256516401572,"[-289.67562863  197.72887764  -40.27947558  -15.42319099   34.93885485
  -13.17498969  -21.57160687    2.08264389  -10.59746177  -16.31133706
   -6.88924788  -11.27433888  -11.24254025   -6.39071752  -12.13336426
  -14.07394445   -9.82076236  -10.60020052  -10.49963241   -8.30001818]","[53.4929173  30.17564049 27.27014866 13.14772304 13.6713179  12.63056844
  9.52620878  9.28458701  8.67408999  9.85907935  9.48454337  9.86387316
  8.36998124  7.68062243  8.57946389  8.11373227  6.76915038  6.78476355
  6.03076431  5.92283058]","[-2.05214778 -3.02456924  0.43578183  0.59016749 -0.12441287  0.14363241
  0.85759923  0.16079696  0.02132089  0.20700772  0.48463398 -0.2565465
  0.05761771  0.03174516  0.1182107   0.211862    0.14781973  0.11212551
 -0.06744895  0.10516026]","[ 6.28903498e+00  1.30706955e+01  8.93003479e-02  9.33932787e-01
  6.60522140e-03 -2.66029859e-01  1.80170175e+00 -1.23076271e-02
  4.32572294e-01  4.42854590e-01  5.36228603e-01  7.31730252e-01
  1.04075051e+00  9.67601127e-01  8.27456537e-01  6.68531526e-01
  2.07299415e-01  3.82227924e-01  1.71744804e-01  2.59497612e-01]","[-9.33969119e-03 -7.77044171e-03  5.98456421e-04  2.10315533e-03
 -4.96237358e-04 -1.23301655e-03 -5.90390051e-04 -4.09802014e-04
 -1.46926636e-04  2.33825278e-04  3.36539840e-04  4.47459342e-04
  4.49060973e-04  2.67937397e-04  3.16389873e-04  4.49478286e-04
  2.17236304e-04 -8.74399750e-05 -1.33950342e-04 -1.99421867e-04]","[9.03631697 5.16335866 7.11929945 4.86875539 4.55717426 4.4472357
 3.74588929 3.72248883 3.74925394 3.46931362 3.44695928 3.45549157
 3.47408961 3.34179259 3.28451709 3.2219312  3.18422562 3.17189205
 3.12366116 3.10093192]","[-6.16379723e-04 -5.48651533e-04 -1.10902560e-04 -2.03700072e-04
 -4.00501775e-04 -1.62261532e-04  1.42609927e-04  1.71219559e-04
  1.38861329e-04  2.38221674e-04  2.64856936e-04  3.98154249e-05
 -2.19334461e-04 -1.71530277e-04  1.50789138e-04  2.11713213e-04
 -1.22358160e-05  2.20662461e-05  1.68576658e-04  9.16611452e-05]","[10.10959148  6.33931101  8.13474003  6.30116525  5.86991809  5.72460533
  4.97324842  4.94434048  4.97668058  4.70535117  4.62445085  4.63598326
  4.67294267  4.52688602  4.45287503  4.35592261  4.32640737  4.37936858
  4.31075208  4.29345107]"
70.62924588809189,89.86200589497106,56526.26072427469,91.26138144476363,152.62627147972006,227898.27673725632,10.74305265903958,25.524670605380244,9687.954529115856,735.0,1039.4469683442248,0.6365141682948128,0.0,0.0,0.0,28.751577368421056,121.98261196212118,-30.348887222222224,125.13166763718041,70.62924601738317,89.86200605946911,56526.260931224446,91.26138161182337,152.62627175911211,227898.2775716208,10.743052678705423,25.524670652104767,9687.954564584687,734.9999999999998,1039.4469683442248,0.6365141682948128,0.0,0.0,0.0,28.751577421052634,121.98261218541809,-30.34888727777778,125.13166786624183,70.62924614667448,89.86200622396723,56526.261138174275,91.26138177888306,152.6262720385041,227898.27840598507,10.743052698371251,25.52467069882929,9687.954600053508,735.0,1039.4469683442248,0.6365141682948128,0.0,0.0,0.0,28.75157747368421,121.98261240871496,-30.348887333333337,125.13166809530324,70.62924627596581,89.8620063884653,56526.26134512406,91.26138194594277,152.62627231789614,227898.27924034948,10.74305271803709,25.524670745553802,9687.95463552233,734.9999999999994,1039.4469683442246,0.6365141682948128,0.0,0.0,0.0,28.751577526315792,121.98261263201182,-30.34888738888889,125.13166832436464,70.62924640525712,89.86200655296341,56526.26155207387,91.26138211300253,152.62627259728822,227898.280074714,10.743052737702925,25.52467079227833,9687.954670991156,735.0,1039.4469683442248,0.6365141682948128,0.0,0.0,0.0,28.75157757894737,121.98261285530869,-30.348887444444447,125.13166855342607,70.62924653454841,89.86200671746147,56526.261759023626,91.26138228006224,152.62627287668022,227898.28090907822,10.743052757368762,25.52467083900285,9687.954706459985,735.0,1039.4469683442248,0.6365141682948128,0.0,0.0,0.0,28.75157763157895,121.9826130786056,-30.348887500000004,125.13166878248751,70.62924666383971,89.86200688195957,56526.26196597345,91.26138244712195,152.62627315607227,227898.28174344276,10.743052777034599,25.524670885727378,9687.95474192881,735.0,1039.446968344225,0.6365141682948128,0.0,0.0,0.0,28.751577684210528,121.98261330190245,-30.348887555555557,125.13166901154895,70.62924679313096,89.86200704645759,56526.26217292316,91.26138261418168,152.62627343546427,227898.28257780703,10.743052796700441,25.5246709324519,9687.954777397641,734.9999999999997,1039.4469683442248,0.6365141682948127,0.0,0.0,0.0,28.75157773684211,121.98261352519934,-30.348887611111113,125.13166924061035,70.62924692242224,89.86200721095565,56526.26237987292,91.2613827812414,152.6262737148563,227898.28341217138,10.743052816366271,25.52467097917642,9687.954812866463,735.0000000000001,1039.4469683442248,0.6365141682948128,0.0,0.0,0.0,28.751577789473686,121.9826137484962,-30.34888766666667,125.13166946967176,70.62924705171356,89.86200737545374,56526.26258682272,91.26138294830115,152.62627399424838,227898.284246536,10.74305283603211,25.52467102590094,9687.954848335288,735.0,1039.4469683442248,0.6365141682948128,0.0,0.0,0.0,28.751577842105263,121.9826139717931,-30.348887722222223,125.13166969873322,70.62924601738317,89.86200605946911,56526.260931224446,91.26138161182337,152.62627175911211,227898.2775716208,10.743052678705423,25.524670652104767,9687.954564584687,734.9999999999998,1039.4469683442248,0.6365141682948128,0.0,0.0,0.0,28.751577421052634,121.98261218541809,-30.34888727777778,125.13166786624183,70.62924603031233,89.86200607591897,56526.26095191948,91.26138162852929,152.62627178705125,227898.27765505709,10.743052680672005,25.524670656777218,9687.954568131565,735.0,1039.4469683442248,0.6365141682948128,0.0,0.0,0.0,28.75157742631579,121.98261220774776,-30.348887283333333,125.13166788914795,70.62924604324151,89.86200609236883,56526.26097261453,91.26138164523526,152.62627181499045,227898.27773849352,10.743052682638584,25.524670661449665,9687.954571678447,735.0000000000002,1039.446968344225,0.6365141682948128,0.0,0.0,0.0,28.751577431578948,121.98261223007741,-30.34888728888889,125.13166791205407,"[-2.37308132e+02  1.39637624e+02 -4.66535054e+01  3.05047785e+01
  4.57484604e+00  7.78484240e+00  1.18996897e+00  7.96059384e+00
 -5.57335846e+00 -9.62994542e+00  3.69960621e+00  3.55594970e-01
 -4.75018111e+00 -8.06693381e-01 -2.91780829e-01 -3.42316658e+00
  2.34875216e-01 -3.29426094e+00 -6.46066534e+00 -7.44065634e+00]","[73.00313942 26.92506472 25.65459864 19.22335191 16.07959528 11.52537377
 11.95710262 12.83544019 10.2140276   9.63687163 10.89592473  9.33624618
 10.54867238  9.23118571  8.89851991  8.8974743   8.48669391  9.45785929
  8.47355001  9.9957176 ]","[-1.39236132 -2.46849691  0.29449509 -0.00715191 -0.29596976  0.28418412
 -0.25360256  0.41752131 -0.08030562  0.03366577  0.11157327 -0.02375144
  0.05162248  0.01491299 -0.02417622 -0.03756993  0.13287214  0.21117382
  0.25319428  0.40592331]","[ 4.0895273  10.25007812 -0.36607026 -0.45941349 -0.1340245   0.85065302
 -0.12238619  0.22670382  0.01082591 -0.08271372 -0.22889845  0.12145531
  0.19556269  0.30600768  0.10426116  0.34541032  0.45674942  0.20852552
  0.94314562  0.82471445]","[-1.56880685e-10  2.36542045e-18 -3.54813068e-18  1.77406534e-18
 -2.36542045e-18  3.06765465e-18 -3.25245312e-18  1.10879084e-18
 -2.80893679e-18 -7.31801952e-18 -5.32219602e-18  3.17853373e-18
 -3.17853373e-18 -1.58926687e-18 -8.27897158e-18 -4.50908273e-18
 -4.13948579e-18 -1.25662961e-18  1.84798473e-18  3.62205007e-18]","[23.74946041  7.9169403   8.84732854  7.54955128  6.57906945  4.97510407
  5.35477502  5.08420425  4.91231977  4.41931237  4.53114086  4.00290776
  4.47995719  3.9249698   3.8622477   4.012355    4.03767742  4.12490683
  3.91315518  4.16101979]","[ 4.11984967e-11 -1.33060437e-18 -2.80905368e-18 -9.97953281e-18
  5.91379722e-19 -8.39019980e-18  1.73717793e-18  1.84806163e-18
 -8.57500597e-18 -7.39224652e-19  2.58728628e-19  1.92198410e-18
 -6.09860338e-18  4.02877435e-18  2.29159642e-18 -3.21562724e-18
 -2.43944135e-18  5.17457257e-18 -1.14949433e-17 -7.83578131e-18]","[22.51811911  8.84125864  8.91165104  8.25893428  7.44737576  6.08802336
  6.49874863  6.08377466  6.00405711  5.54879166  5.55544294  5.02643791
  5.51587756  4.98622934  4.95357776  5.06727811  5.10543278  5.18015057
  4.9209339   5.07956627]"
79.27654908527573,100.86402072763897,71214.8547414191,102.43472508766628,171.31266163928643,287118.63239688403,12.058349636062669,28.649715520664866,12205.41153248753,735.0000000000001,1039.446968344225,0.6365141682948128,0.0,0.0,0.0,32.271699999999996,136.9172274625074,-34.06457222222222,140.45182936370352,79.27655037818874,100.86402237261984,71214.85706429048,102.43472675826354,171.31266443320683,287118.6417620598,12.058349832721033,28.649715987910085,12205.4119306011,734.9999999999997,1039.4469683442248,0.6365141682948127,0.0,0.0,0.0,32.27170052631579,136.91722969547624,-34.064572777777784,140.45183165431777,79.27655167110174,100.86402401760063,71214.8593871618,102.43472842886078,171.3126672271271,287118.6511272357,12.0583500293794,28.649716455155314,12205.412328714676,735.0,1039.4469683442248,0.6365141682948128,0.0,0.0,0.0,32.27170105263158,136.917231928445,-34.064573333333335,140.45183394493202,79.27655296401471,100.86402566258141,71214.86171003316,102.43473009945802,171.31267002104744,287118.66049241164,12.058350226037769,28.649716922400536,12205.412726828261,734.9999999999998,1039.4469683442248,0.6365141682948129,0.0,0.0,0.0,32.271701578947365,136.91723416141377,-34.06457388888889,140.45183623554627,79.27655425692767,100.86402730756221,71214.86403290457,102.43473177005525,171.31267281496775,287118.66985758784,12.058350422696135,28.649717389645758,12205.413124941851,734.9999999999997,1039.4469683442248,0.6365141682948127,0.0,0.0,0.0,32.27170210526316,136.91723639438254,-34.064574444444446,140.4518385261605,79.27655554984064,100.86402895254298,71214.866355776,102.4347334406525,171.31267560888804,287118.67922276404,12.058350619354501,28.649717856890977,12205.413523055444,734.9999999999998,1039.4469683442248,0.6365141682948128,0.0,0.0,0.0,32.27170263157895,136.91723862735134,-34.064575,140.45184081677473,79.27655684275362,100.86403059752382,71214.86867864754,102.43473511124975,171.31267840280842,287118.68858794065,12.058350816012867,28.64971832413621,12205.413921169053,735.0,1039.4469683442248,0.6365141682948128,0.0,0.0,0.0,32.27170315789474,136.91724086032013,-34.06457555555556,140.45184310738898,77.50828504480458,100.08749087909779,70122.54081331438,101.87068895779205,170.39693080054673,283982.4958721806,15.101117723576449,27.092610561549773,10969.245026194727,1263.576519404832,3130.101241024228,0.7828731823596156,123.93182188257954,0.8192544408988459,0.5,31.74986994210527,134.1335043236562,-33.528230077777785,135.94802008708058,77.46657388167225,100.05770647587165,70080.81237648182,101.82702979979364,170.33383467609775,283769.51737784105,15.343572396195906,27.0322379886779,10914.165490396983,1335.2867572609136,3309.0565850517646,0.7980111943117945,135.34344649517374,0.8344762480360626,0.5,31.729458189473682,133.9581321700121,-33.454671907222206,135.72087555556993,79.26568828717075,100.85976879838984,71208.85073445257,102.43300095540474,171.30958887946227,287107.9745836466,12.067394232956424,28.642523464263707,12199.926428675137,735.0075173226577,1039.51006061551,0.6365214582771099,0.26951556727457165,0.9193521533462969,0.5,32.26906909173684,136.90734498131476,-34.06478109594444,140.4333479741962,79.27655813566653,100.86403224250458,71214.87100151902,102.43473678184702,171.31268119672876,287118.69795311743,12.058351012671231,28.649718791381428,12205.41431928266,735.0,1039.4469683442248,0.6365141682948128,0.0,0.0,0.0,32.27170368421053,136.91724309328896,-34.06457611111111,140.45184539800317,79.27655942857953,100.86403388748535,71214.87332439056,102.43473845244424,171.31268399064902,287118.70731829404,12.0583512093296,28.64971925862665,12205.414717396277,735.0,1039.4469683442248,0.6365141682948128,0.0,0.0,0.0,32.271704210526316,136.91724532625767,-34.06457666666667,140.45184768861742,79.27656072149252,100.86403553246618,71214.87564726219,102.43474012304148,171.31268678456937,287118.716683471,12.058351405987965,28.649719725871872,12205.415115509897,735.0,1039.4469683442248,0.6365141682948128,0.0,0.0,0.0,32.2717047368421,136.91724755922647,-34.06457722222222,140.45184997923167,"[-249.58406038  129.59221017    3.39657935   41.21356004  -21.33416773
   23.90396697  -13.27383036   12.73688283   -9.84316512   -0.29268589
  -12.69612937    0.73118963   -9.04237007   -1.9751788    -7.01031943
   -5.13871861   -4.36489842   -4.49478862    2.73585286    3.67834692]","[118.95545323  41.03518864  17.25174067  21.69131877  13.01149268
  18.45796738  11.52233247  15.32366548  12.90509044  15.25445443
  10.8301      10.79141755  10.17696043  10.80986316  10.39902656
   8.29130925   8.40716296   8.94808375   8.75890316   9.9316278 ]","[-1.35839014 -0.67968322  0.73272603 -0.81194153  0.24837752 -0.81492036
  0.15217174 -0.0813555  -0.20165366 -0.56628387 -0.19627622  0.0029325
 -0.33030227 -0.21781812 -0.01403215 -0.04381069 -0.13803632  0.28051238
  0.56951857  0.85377448]","[ 1.21061136  1.07798596  0.8788819  -0.13243838 -0.27237933  0.13413737
 -0.25168361 -0.54028398 -0.26396971  0.17461555 -0.09960461  0.1649437
 -0.07755625  0.18528529 -0.07422228  0.00793322  0.0203764   0.06426456
  0.65705698  0.61358515]","[-1.01738810e-09  5.25743793e-18  2.72729592e-17 -6.57179741e-18
 -1.80724429e-18 -4.60025819e-18  9.85769611e-19  3.61448857e-18
  1.64294935e-18  4.92884806e-18 -3.12160377e-18 -6.07891260e-18
 -5.42173286e-18  1.80724429e-18 -2.79301390e-18 -8.95407397e-18
 -5.25743793e-18  7.72186195e-18 -8.54333663e-18 -3.03945630e-18]","[14.10132439  9.3249056   5.03028697  4.21437209  4.56147646  4.03047286
  4.02174402  4.14566062  4.55613788  4.19028592  4.11345375  3.98760605
  4.11783038  3.87582765  3.80372942  3.56350126  3.55518821  3.47920479
  3.35118068  3.30306211]","[-1.25567478e-05 -1.77554334e-05 -1.77514661e-05 -1.77447368e-05
 -1.77354250e-05 -1.77233540e-05 -1.77087004e-05 -1.76912941e-05
 -1.76714855e-05 -1.76485774e-05 -1.76232754e-05 -1.75952308e-05
 -1.75646231e-05 -1.75312848e-05 -1.74953927e-05 -1.74567783e-05
 -1.74157941e-05 -1.73717556e-05 -1.73253612e-05 -1.72762705e-05]","[13.9399593   9.86203515  6.05807522  5.29618007  5.57729593  4.95533458
  4.92845091  5.08984147  5.39340834  5.17472942  5.09525724  4.95663301
  5.1250592   4.87288873  4.76316524  4.5614548   4.58441746  4.48836271
  4.37725419  4.32156811]"
72.32010195629981,92.01329203796051,59265.12138164105,93.44616847835891,156.2801269620274,238940.60672759343,11.000240110940114,26.13572830024079,10157.363918135557,735.0,1039.4469683442248,0.6365141682948128,0.0,0.0,0.0,29.439886842105263,124.90286174050347,-31.07543611111111,128.1273054482444,72.32010208559115,92.01329220245867,59265.12159354528,93.44616864541867,156.28012724141945,238940.60758193253,11.000240130605949,26.135728346965305,10157.363954453504,735.0000000000001,1039.446968344225,0.6365141682948128,0.0,0.0,0.0,29.43988689473684,124.90286196380039,-31.075436166666666,128.12730567730583,72.32010221488243,92.01329236695672,59265.12180544938,93.44616881247838,156.28012752081145,238940.60843627134,11.000240150271786,26.13572839368984,10157.363990771448,734.9999999999999,1039.4469683442248,0.6365141682948128,0.0,0.0,0.0,29.43988694736842,124.90286218709723,-31.075436222222223,128.12730590636724,72.32010234417375,92.01329253145482,59265.12201735357,93.44616897953811,156.28012780020353,238940.60929061047,11.000240169937623,26.13572844041436,10157.364027089394,734.9999999999999,1039.4469683442248,0.6365141682948128,0.0,0.0,0.0,29.439887,124.90286241039409,-31.075436277777776,128.12730613542868,72.32010247346507,92.01329269595291,59265.12222925771,93.44616914659782,156.2801280795955,238940.61014494929,11.000240189603467,26.135728487138884,10157.364063407345,735.0,1039.4469683442248,0.6365141682948128,0.0,0.0,0.0,29.439887052631576,124.902862633691,-31.075436333333332,128.1273063644901,72.32010260275635,92.01329286045097,59265.12244116182,93.44616931365755,156.28012835898758,238940.6109992884,11.0002402092693,26.135728533863396,10157.364099725288,735.0,1039.4469683442248,0.6365141682948128,0.0,0.0,0.0,29.439887105263157,124.90286285698785,-31.07543638888889,128.12730659355154,72.3201027320476,92.01329302494904,59265.12265306595,93.44616948071727,156.28012863837958,238940.61185362734,11.00024022893513,26.13572858058792,10157.36413604323,734.9999999999999,1039.4469683442248,0.6365141682948128,0.0,0.0,0.0,29.439887157894734,124.90286308028472,-31.075436444444442,128.12730682261295,72.32010286133888,92.01329318944708,59265.12286497003,93.446169647777,156.2801289177716,238940.6127079663,11.000240248600969,26.135728627312442,10157.364172361176,735.0,1039.4469683442248,0.6365141682948128,0.0,0.0,0.0,29.439887210526315,124.9028633035816,-31.0754365,128.12730705167436,72.32010299063015,92.01329335394513,59265.12307687414,93.44616981483674,156.2801291971637,238940.61356230543,11.000240268266806,26.13572867403696,10157.364208679122,735.0,1039.4469683442248,0.6365141682948128,0.0,0.0,0.0,29.439887263157893,124.90286352687852,-31.075436555555555,128.1273072807358,72.32010311992154,92.01329351844329,59265.123288778384,93.44616998189646,156.28012947655571,238940.61441664433,11.000240287932643,26.13572872076149,10157.364244997065,735.0,1039.4469683442248,0.6365141682948128,0.0,0.0,0.0,29.439887315789473,124.90286375017536,-31.075436611111108,128.12730750979725,72.32010208559115,92.01329220245867,59265.12159354528,93.44616864541867,156.28012724141945,238940.60758193253,11.000240130605949,26.135728346965305,10157.363954453504,735.0000000000001,1039.446968344225,0.6365141682948128,0.0,0.0,0.0,29.43988689473684,124.90286196380039,-31.075436166666666,128.12730567730583,72.32010209852021,92.01329221890839,59265.1216147356,93.44616866212465,156.28012726935864,238940.60766736642,11.000240132572532,26.135728351637763,10157.363958085296,735.0,1039.4469683442248,0.6365141682948128,0.0,0.0,0.0,29.439886899999998,124.90286198613005,-31.07543617222222,128.12730570021196,72.3201021114494,92.01329223535828,59265.121635926116,93.44616867883062,156.28012729729787,238940.60775280034,11.00024013453912,26.135728356310217,10157.363961717096,734.9999999999999,1039.4469683442248,0.6365141682948128,0.0,0.0,0.0,29.439886905263158,124.90286200845972,-31.075436177777778,128.12730572311816,"[-2.09598296e+02  1.22778199e+02 -2.46139821e+01  4.74099475e+01
  8.83777272e+00  1.87288617e+01 -3.78298080e+00  1.93686326e+01
 -7.05760990e+00  4.44360072e+00 -7.86452632e+00  6.64313614e-02
 -2.68534867e+00  1.31664482e+00 -6.01817288e+00  7.02658308e-02
 -7.43683180e+00 -2.00146383e+00 -4.08525807e+00 -4.19739417e+00]","[93.88251296 34.55924214 33.55427872 22.67383069 20.13097081 14.99285636
 14.22037537 13.94102664 12.49191706 12.04214327 11.11880146 13.29049055
 13.23377554 11.89660539 12.41617014 11.54565448 13.00337534 11.25112947
  9.94891863 10.16336197]","[-0.82212295 -0.82997504  0.63052825 -0.0780961   0.04168082 -0.14212564
  0.054014    0.13197456  0.04599205  0.26404289  0.46776528  0.31926061
  0.3164152   0.38684329  0.90735309  0.59419127  1.10140418  0.5863021
  0.30509     0.78511771]","[ 1.64580545  1.26815393  0.55415026  0.08492534 -0.48965553  0.0199399
  0.19198677  0.08868929 -0.071751    1.08241931  1.2767075   2.06903836
  0.73759516  1.46284076  3.12980369  2.09917015  4.65115555  2.94872517
  2.11985637  2.70576915]","[-1.33577317e-10  6.50084845e-18 -1.65771636e-17  6.50084845e-18
  3.57546665e-18 -2.92538180e-18  8.12606056e-20  3.57546665e-18
 -3.33168483e-18  2.43781817e-19 -3.41294544e-18 -1.78773332e-18
  1.78773332e-18 -3.65672725e-18  6.82589087e-18 -1.25953939e-18
 -4.06303028e-19  5.28193937e-18 -4.06303028e-19  9.75127268e-19]","[20.73717304  8.46076785  7.26797024  6.9731993   5.88492647  4.83211809
  4.76299826  4.39208866  4.52991081  4.13667941  4.04726502  4.09004228
  4.25765695  4.03841632  3.95869205  3.94673969  3.89394591  3.83488829
  3.75547807  3.83863641]","[ 4.52902934e-11  1.21896485e-17  3.77879103e-18 -5.44470965e-18
 -7.72011070e-19  2.84425131e-19  6.17608856e-18  9.67045445e-18
 -2.31603321e-18  4.99775587e-18  3.45373373e-18  7.33410516e-18
 -4.34764129e-18 -1.13770052e-18 -1.01580404e-17  7.59821421e-18
 -3.00677996e-18  8.61401825e-18 -4.83522723e-18 -3.20994076e-18]","[19.48221001  8.80165539  7.77804341  7.6170362   6.48943836  5.64099597
  5.64914445  5.33900863  5.47465971  5.16233531  5.05379507  5.00208511
  5.16740721  4.97278506  4.9221052   4.85292018  4.81684856  4.77708912
  4.69165614  4.75365145]"
73.12158517144054,93.03302385723852,60586.004696150594,94.4817800652988,158.01209214503854,244266.04356510288,11.122149615669015,26.425375949808252,10383.748209706793,735.0,1039.4469683442248,0.6365141682948128,0.0,0.0,0.0,29.76615263157895,126.28709025373962,-31.41982777777778,129.5472686664936,73.12158646435354,93.03302550221933,60586.00683867615,94.48178173589605,158.01209493895885,244266.05220317427,11.12214981232738,26.425376417053467,10383.748576911164,735.0,1039.4469683442248,0.6365141682948128,0.0,0.0,0.0,29.76615315789474,126.28709248670842,-31.419828333333335,129.54727095710783,73.12158775726651,93.03302714720013,60586.00898120174,94.48178340649329,158.01209773287917,244266.0608412459,11.122150008985747,26.425376884298686,10383.748944115541,735.0,1039.4469683442248,0.6365141682948128,0.0,0.0,0.0,29.766153684210526,126.2870947196772,-31.419828888888887,129.54727324772205,73.12158905017944,93.03302879218087,60586.01112372729,94.48178507709055,158.01210052679951,244266.06947931767,11.122150205644118,26.42537735154392,10383.749311319929,735.0,1039.4469683442248,0.6365141682948128,0.0,0.0,0.0,29.766154210526313,126.28709695264594,-31.419829444444442,129.5472755383363,73.1215903430925,93.03303043716177,60586.013266253074,94.48178674768779,158.01210332071986,244266.07811738955,11.122150402302482,26.42537781878914,10383.74967852432,734.9999999999999,1039.4469683442248,0.6365141682948127,0.0,0.0,0.0,29.766154736842108,126.28709918561475,-31.419830000000005,129.54727782895054,73.12159163600535,93.03303208214244,60586.01540877861,94.48178841828505,158.0121061146402,244266.08675546167,11.122150598960854,26.42537828603437,10383.750045728724,734.9999999999999,1039.4469683442248,0.6365141682948128,0.0,0.0,0.0,29.766155263157895,126.28710141858356,-31.419830555555556,129.54728011956476,73.12159292891837,93.03303372712331,60586.017551304445,94.48179008888229,158.01210890856052,244266.0953935339,11.122150795619216,26.42537875327958,10383.75041293312,735.0,1039.4469683442248,0.6365141682948128,0.0,0.0,0.0,29.766155789473686,126.2871036515523,-31.41983111111111,129.54728241017904,73.12159422183139,93.03303537210412,60586.019693830254,94.48179175947953,158.01211170248084,244266.10403160623,11.12215099227758,26.425379220524803,10383.750780137527,735.0,1039.4469683442248,0.6365141682948128,0.0,0.0,0.0,29.766156315789473,126.2871058845211,-31.419831666666667,129.54728470079323,73.12159551474433,93.03303701708492,60586.02183635604,94.48179343007678,158.01211449640118,244266.11266967878,11.12215118893595,26.425379687770025,10383.751147341949,734.9999999999997,1039.4469683442248,0.6365141682948127,0.0,0.0,0.0,29.76615684210526,126.2871081174899,-31.41983222222222,129.54728699140747,73.12159680765733,93.03303866206572,60586.02397888191,94.48179510067402,158.0121172903215,244266.1213077514,11.122151385594314,26.425380155015255,10383.751514546373,735.0,1039.4469683442248,0.6365141682948128,0.0,0.0,0.0,29.766157368421055,126.28711035045866,-31.41983277777778,129.54728928202175,73.12158646435354,93.03302550221933,60586.00683867615,94.48178173589605,158.01209493895885,244266.05220317427,11.12214981232738,26.425376417053467,10383.748576911164,735.0,1039.4469683442248,0.6365141682948128,0.0,0.0,0.0,29.76615315789474,126.28709248670842,-31.419828333333335,129.54727095710783,73.12158659364484,93.03302566671742,60586.00705292871,94.48178190295579,158.0120952183509,244266.0530669815,11.12214983199322,26.425376463777997,10383.748613631602,734.9999999999998,1039.4469683442248,0.6365141682948128,0.0,0.0,0.0,29.766153210526316,126.28709271000528,-31.419828388888888,129.54727118616927,73.12158672293609,93.03302583121547,60586.00726718123,94.48178207001548,158.01209549774293,244266.0539307886,11.122149851659058,26.425376510502524,10383.748650352045,735.0,1039.4469683442248,0.6365141682948128,0.0,0.0,0.0,29.766153263157896,126.28709293330215,-31.419828444444445,129.54727141523065,"[-2.49714968e+02  1.15095448e+02 -5.03865827e+01  4.94407161e+01
  6.07102012e+00  2.11804444e-01 -9.09786314e+00  1.18475538e+01
 -1.28551849e+00 -5.18902454e+00 -6.83578448e-01 -5.09651328e+00
 -4.92548151e+00  6.91715889e-01 -2.69062416e+00  4.83470241e+00
  7.52931092e+00 -8.42385669e-01  4.10765596e+00  4.93822510e+00]","[75.26470256 31.01598903 29.84115057 24.05406514 21.98932716 17.70933834
 16.70623462 13.34068196  9.80394016 13.46905712 11.99372211 12.64777753
 14.82103535 14.87732147 15.87331401 14.77571152 16.3475537  16.922292
 17.01574492 17.28933046]","[-1.68595214 -1.22013978  0.34302778  0.06520451 -0.03597001  0.1546558
 -0.03384594  0.17883546 -0.0861174  -0.12510643 -0.19820449  0.04759991
  0.1063714   0.39542118  0.6187336   0.51588949  0.38331904 -0.1453957
 -0.23511352  0.16167153]","[ 4.84017699  2.80632884 -0.46932823 -0.24299274 -0.60155898  0.05698522
 -0.31524485 -0.13406657  0.07800505  0.41358932  0.78649126  0.44032849
  1.16274676  0.7701298   0.25850508  0.43149182 -0.36227283 -0.0119048
  0.35638507 -0.0534582 ]","[-1.83570198e-09 -7.65011559e-19 -7.65011559e-18 -2.67754046e-18
 -9.56264448e-20  4.97257513e-18  2.86879335e-18  3.82505779e-19
  3.39473879e-18  1.53002312e-17  0.00000000e+00  4.68569580e-18
  4.39881646e-18 -3.44255201e-18 -2.67754046e-18  1.14751734e-18
 -4.01631068e-18 -3.82505779e-18  7.65011559e-19  2.29503468e-18]","[13.89182624  6.39581624  5.4614561   4.80696189  5.18820384  4.80724092
  4.41991802  4.02069317  4.0264792   3.85623829  4.00909592  4.11340923
  3.87563276  3.87526232  3.98783313  3.68891089  3.92304504  3.74610544
  3.73475424  3.72733719]","[ 5.32974425e-10  3.82526372e-18 -1.92458581e-18  3.53836894e-18
  8.46339598e-18 -4.66204016e-19  1.57792128e-18 -4.59031646e-18
  6.21605354e-18  1.91263186e-19 -5.16410602e-18  2.72550040e-18
 -8.24822489e-19  8.36776438e-18  4.44686907e-18  7.60271164e-18
  4.01652690e-18  3.53836894e-18 -2.24734243e-18  5.06847443e-18]","[13.819835    6.74832617  5.93672175  5.30623414  5.72330782  5.2941141
  5.24257157  4.89130347  4.95122554  4.72402334  4.92030597  5.04634654
  4.76238236  4.71107437  4.75434095  4.48324088  4.6769799   4.49287727
  4.48675082  4.46851119]"
75.08607592660663,95.53245702549096,63885.15241729091,97.02013564162752,162.25725851411542,257567.29630525917,11.420958237587273,27.135322358019646,10949.184392778403,734.9999999999997,1039.446968344225,0.6365141682948128,0.0,0.0,0.0,30.56585263157895,129.6799300112289,-32.263955555555555,133.0276966557893,75.08607721951965,95.53245867047174,63885.154617377746,97.02013731222473,162.25726130803568,257567.30517540156,11.420958434245637,27.13532282526487,10949.184769848118,734.9999999999999,1039.4469683442248,0.6365141682948128,0.0,0.0,0.0,30.565853157894736,129.67993224419772,-32.26395611111111,133.02769894640352,75.0860785124326,95.53246031545255,63885.156817464616,97.020138982822,162.25726410195608,257567.3140455445,11.420958630904,27.135323292510087,10949.185146917831,734.9999999999997,1039.4469683442248,0.6365141682948127,0.0,0.0,0.0,30.565853684210527,129.67993447716648,-32.263956666666665,133.02770123701774,75.08607980534559,95.5324619604334,63885.159017551574,97.02014065341925,162.2572668958764,257567.32291568734,11.420958827562371,27.13532375975531,10949.185523987564,734.9999999999998,1039.4469683442248,0.6365141682948128,0.0,0.0,0.0,30.565854210526314,129.67993671013525,-32.26395722222222,133.027703527632,75.08608109825862,95.5324636054142,63885.16121763852,97.02014232401648,162.2572696897967,257567.33178583035,11.420959024220736,27.135324227000535,10949.185901057299,735.0,1039.4469683442248,0.6365141682948128,0.0,0.0,0.0,30.56585473684211,129.67993894310408,-32.26395777777778,133.0277058182462,75.08608239117156,95.53246525039496,63885.163417725445,97.02014399461373,162.25727248371706,257567.34065597368,11.420959220879105,27.135324694245757,10949.186278127043,735.0,1039.4469683442248,0.6365141682948128,0.0,0.0,0.0,30.565855263157896,129.67994117607282,-32.263958333333335,133.02770810886048,75.08608368408451,95.53246689537578,63885.16561781248,97.02014566521098,162.25727527763738,257567.349526117,11.420959417537471,27.135325161490975,10949.18665519679,735.0,1039.4469683442248,0.6365141682948128,0.0,0.0,0.0,30.565855789473684,129.6799434090416,-32.26395888888889,133.0277103994747,75.08608497699745,95.53246854035653,63885.16781789947,97.02014733580822,162.2572780715577,257567.35839626053,11.420959614195839,27.135325628736208,10949.187032266544,734.9999999999999,1039.4469683442248,0.6365141682948128,0.0,0.0,0.0,30.56585631578947,129.67994564201038,-32.263959444444446,133.02771269008895,75.08608626991047,95.53247018533737,63885.17001798661,97.02014900640548,162.257280865478,257567.3672664042,11.420959810854203,27.135326095981426,10949.187409336302,735.0,1039.446968344225,0.6365141682948128,0.0,0.0,0.0,30.565856842105262,129.67994787497918,-32.26396,133.02771498070314,75.08608756282345,95.53247183031814,63885.17221807371,97.02015067700273,162.25728365939835,257567.37613654803,11.42096000751257,27.13532656322665,10949.187786406072,735.0,1039.4469683442248,0.6365141682948128,0.0,0.0,0.0,30.565857368421053,129.67995010794797,-32.263960555555556,133.02771727131744,75.08607721951965,95.53245867047174,63885.154617377746,97.02013731222473,162.25726130803568,257567.30517540156,11.420958434245637,27.13532282526487,10949.184769848118,734.9999999999999,1039.4469683442248,0.6365141682948128,0.0,0.0,0.0,30.565853157894736,129.67993224419772,-32.26395611111111,133.02769894640352,75.08607734881102,95.53245883496992,63885.15483738656,97.02013747928447,162.25726158742776,257567.30606241585,11.420958453911478,27.135322871989388,10949.184807555088,734.9999999999999,1039.4469683442248,0.6365141682948128,0.0,0.0,0.0,30.565853210526317,129.67993246749455,-32.26395616666667,133.02769917546496,75.08607747810224,95.53245899946792,63885.15505739515,97.02013764634418,162.25726186681973,257567.30694943006,11.420958473577313,27.13532291871392,10949.184845262063,735.0,1039.4469683442248,0.6365141682948128,0.0,0.0,0.0,30.565853263157894,129.67993269079147,-32.26395622222222,133.02769940452637,"[-2.64438878e+02  1.30562103e+02 -1.24736213e+01  2.80926322e+01
 -1.14311062e+01  1.39977786e+01 -1.79722204e+01  5.07743573e+00
 -1.05274908e+01 -3.71345970e+00 -1.10634913e+01 -2.31842831e-01
 -5.90387441e+00 -2.00280348e+00 -1.24654695e+00 -4.07834821e+00
 -1.37903264e+00 -4.68273902e+00  7.22555166e-01 -3.32713137e+00]","[131.41922283  37.17677933  33.81715173  24.68328139  20.26686459
  23.46799507  14.0394205   16.37301534  11.06506522  14.51670465
   9.59997016  11.10232002   9.70787004  10.05243007  10.13220927
   9.47701981   8.99539041   8.02571176   8.49936525   8.22730025]","[-0.44382862 -1.08489645 -0.13045721 -0.52415669 -0.04910917 -0.91819204
 -0.09368506  0.02695629 -0.09195788  0.11416417 -0.06891756  0.19927727
  0.95430108  1.61547079  1.41664817  0.78630566  0.15228573  0.09406965
  0.02728834  0.50726031]","[-0.53858784  1.54197824 -0.55812164  0.54368567 -0.47243881  0.48641234
 -0.51273908 -0.23071051  0.09806874 -0.41721026  0.30332062  0.33621719
  2.8318635   6.61781502  3.92959209  1.33792551 -0.1257575   0.43548058
  0.55750801  1.27240202]","[-6.23899385e-10 -5.00508091e-18 -3.03879912e-18 -2.50254045e-18
  5.80946891e-18 -3.57505779e-18  7.41824491e-18 -1.34064667e-18
  2.18972290e-18 -3.08348734e-18  2.94942268e-18 -2.72598156e-18
 -6.47979224e-19  1.34064667e-18 -5.36258668e-19 -3.48568135e-18
  8.84826803e-18  9.83140892e-19  6.70323336e-20 -2.70363745e-18]","[18.66527204  9.87883677  7.0064902   5.02933362  5.87712701  5.00363524
  4.85155123  5.02563507  5.07372049  4.85183351  3.83163574  4.03297635
  3.70179737  3.69402089  3.52681653  3.55862658  3.65503529  3.68646434
  3.59486577  3.62996687]","[ 2.49062872e-10 -1.20661236e-18 -3.57514773e-18  1.83226321e-18
 -6.25650853e-19 -6.70340200e-19  4.54714102e-18  1.02785497e-18
 -7.39608687e-18 -4.78176009e-18 -1.56412713e-18 -9.74227757e-18
 -5.77609805e-18  5.80961506e-18 -3.61983708e-18  1.38536975e-18
 -1.49709311e-18 -1.50826545e-18  6.03306180e-18  4.24548793e-18]","[15.86209621  9.14183447  7.85174204  5.98485072  6.38148748  5.76569518
  5.62749204  5.51767928  5.57053259  5.42039837  4.9073745   5.0509452
  4.80550037  4.82630679  4.69945382  4.77456898  4.77335447  4.77332688
  4.72077908  4.75988949]"
72.96938345652237,92.83937671813592,60334.04908588371,94.28511735727972,157.68319184363094,243250.2281076786,11.098998992756332,26.370371842231954,10340.565900027264,735.0,1039.4469683442248,0.6365141682948128,0.0,0.0,0.0,29.7041947368421,126.02422516864085,-31.354427777777776,129.27761755857819,72.96938474943532,92.83937836311674,60334.051223949646,94.285119027877,157.6831946375513,243250.23672777013,11.0989991894147,26.370372309477187,10340.56626646731,734.9999999999998,1039.4469683442248,0.6365141682948128,0.0,0.0,0.0,29.704195263157896,126.02422740160965,-31.354428333333335,129.27761984919246,72.96938604234832,92.83938000809756,60334.0533620156,94.28512069847423,157.68319743147163,243250.24534786167,11.098999386073066,26.3703727767224,10340.566632907354,734.9999999999997,1039.4469683442248,0.6365141682948128,0.0,0.0,0.0,29.704195789473687,126.02422963457839,-31.35442888888889,129.27762213980665,72.96938733526127,92.83938165307833,60334.055500081566,94.28512236907147,157.68320022539194,243250.25396795335,11.098999582731436,26.370373243967634,10340.56699934741,735.0,1039.4469683442248,0.6365141682948128,0.0,0.0,0.0,29.704196315789474,126.02423186754719,-31.354429444444445,129.2776244304209,72.96938862817426,92.83938329805913,60334.057638147584,94.28512403966873,157.6832030193123,243250.2625880452,11.0989997793898,26.37037371121284,10340.567365787465,735.0,1039.4469683442248,0.6365141682948128,0.0,0.0,0.0,29.70419684210526,126.02423410051597,-31.354429999999997,129.27762672103512,72.96938992108728,92.83938494303997,60334.0597762137,94.28512571026596,157.68320581323258,243250.27120813722,11.098999976048164,26.37037417845807,10340.56773222753,734.9999999999995,1039.4469683442248,0.6365141682948128,0.0,0.0,0.0,29.70419736842105,126.02423633348472,-31.354430555555552,129.27762901164937,72.9693912140002,92.83938658802072,60334.061914279715,94.2851273808632,157.6832086071529,243250.27982822934,11.099000172706534,26.37037464570329,10340.568098667609,734.9999999999999,1039.4469683442248,0.6365141682948128,0.0,0.0,0.0,29.704197894736843,126.02423856645356,-31.35443111111111,129.27763130226361,72.9693925069132,92.83938823300153,60334.06405234588,94.28512905146047,157.68321140107327,243250.28844832178,11.099000369364896,26.37037511294851,10340.568465107679,735.0,1039.4469683442248,0.6365141682948128,0.0,0.0,0.0,29.70419842105263,126.02424079942233,-31.354431666666667,129.27763359287786,72.96939379982611,92.83938987798224,60334.06619041194,94.28513072205772,157.6832141949936,243250.29706841425,11.099000566023268,26.37037558019374,10340.56883154777,735.0,1039.446968344225,0.6365141682948128,0.0,0.0,0.0,29.704198947368422,126.0242430323911,-31.354432222222222,129.27763588349205,72.96939509273908,92.83939152296304,60334.068328478155,94.28513239265496,157.68321698891393,243250.30568850684,11.099000762681632,26.370376047438953,10340.56919798786,735.0,1039.4469683442248,0.6365141682948128,0.0,0.0,0.0,29.70419947368421,126.02424526535991,-31.354432777777774,129.27763817410633,72.96938474943532,92.83937836311674,60334.051223949646,94.285119027877,157.6831946375513,243250.23672777013,11.0989991894147,26.370372309477187,10340.56626646731,734.9999999999998,1039.4469683442248,0.6365141682948128,0.0,0.0,0.0,29.704195263157896,126.02422740160965,-31.354428333333335,129.27761984919246,72.91213683662741,92.8332751315251,60326.11880151805,94.32763825641725,157.75322752932655,243467.1634221879,11.104317395428804,26.382683482266046,10350.224148464598,735.1894493667401,1039.51413170577,0.6365743223010555,28.1834417749851,0.0,0.0,29.711059984210525,126.08464967515536,-31.369783505555557,129.33801328812453,72.91752731711055,92.8259785752244,60316.63608913614,94.3099550496349,157.72387791526927,243376.4102142518,11.102169245644347,26.377649039084584,10346.274265623952,735.1490210671487,1039.4997692105703,0.6365613982652083,16.65177881286134,0.0,0.0,29.706870035263155,126.06025416035831,-31.363644805000003,129.3133246192671,"[-2.10638356e+02  1.49443679e+02 -6.94086996e+00  3.55973055e+01
 -8.70065870e+00  2.18296352e+01 -4.99353014e+00  1.90434105e+01
  6.33365791e-02  3.60207141e+00 -7.86826881e+00  5.07749548e+00
 -8.26878035e+00 -5.87568596e+00 -3.85239659e+00 -9.05294110e+00
 -3.61610533e-01 -6.29698037e+00 -4.60558381e+00  1.05212426e-01]","[79.32851863 30.14684206 22.68034398 15.10442939 16.3539941  11.34488896
 15.54530865 12.24430184  9.90209988 12.15236033  9.28223788 13.15490057
  8.57571294  8.88415375  8.03293498 12.78746831 11.27706261 10.19473429
 12.10062519 12.36029906]","[-2.31515576e+00 -2.13766088e+00  8.89674683e-01  7.46677925e-02
  4.09650458e-02  1.93835803e-01 -2.42720808e-01 -1.98654514e-02
 -3.09486039e-01 -7.81369165e-02 -8.81525120e-02 -5.56460263e-01
 -2.01487133e-01 -3.29441215e-04 -3.45230756e-02  1.11142308e+00
  5.02433418e-01 -3.51912831e-02  5.62301840e-01  9.26929507e-02]","[ 7.00159949  8.01551005  1.85914947  0.37431656 -0.33101056  0.28033876
 -0.44446619 -0.18067411  0.08561464 -0.38677536  0.01301391  0.45981399
 -0.08682325  0.59060374  0.10454603  2.11901355  0.7459581   0.04522549
  0.85802774  0.3223228 ]","[7.98586957e-05 1.12892446e-04 1.12773891e-04 1.12576359e-04
 1.12300239e-04 1.11945696e-04 1.11513370e-04 1.11003554e-04
 1.10417098e-04 1.09754500e-04 1.09016750e-04 1.08204576e-04
 1.07319109e-04 1.06361283e-04 1.05332424e-04 1.04233558e-04
 1.03067224e-04 1.01831707e-04 1.00531591e-04 9.91672935e-05]","[9.27498931 6.8604776  4.5276984  4.06003052 3.84925255 3.78346034
 3.90315581 3.73163202 3.78151716 3.87995387 3.67981666 3.53643792
 3.55635483 3.50549734 3.39912854 3.48209719 3.46034464 3.42727484
 3.39612447 3.34919045]","[-7.22893793e-05 -1.02199587e-04 -1.02073780e-04 -1.01864355e-04
 -1.01571453e-04 -1.01195630e-04 -1.00737102e-04 -1.00196695e-04
 -9.95754756e-05 -9.88726057e-05 -9.80906077e-05 -9.72300359e-05
 -9.62917817e-05 -9.52771932e-05 -9.41873899e-05 -9.30239015e-05
 -9.17875139e-05 -9.04814219e-05 -8.91056376e-05 -8.76625285e-05]","[9.04690783 7.23765187 5.25165529 4.77567966 4.70168979 4.61772694
 4.73530888 4.62356171 4.65699303 4.79385536 4.55749106 4.34948626
 4.39070299 4.333442   4.31438922 4.35665783 4.31631197 4.30880321
 4.24455561 4.22620587]"
73.93628195714244,94.069567380234,61943.58454973069,95.53446515611186,159.77261119383613,249739.4307164887,11.246068968904272,26.719798845548244,10616.421868332165,735.0,1039.4469683442248,0.6365141682948128,0.0,0.0,0.0,30.097797368421055,127.69413970793492,-31.769897222222223,130.99064196223932,73.93628208643376,94.06956754473215,61943.58476637046,95.53446532317162,159.77261147322818,249739.43158992013,11.246068988570109,26.719798892272767,10616.421905461726,734.9999999999997,1039.4469683442248,0.6365141682948128,0.0,0.0,0.0,30.097797421052633,127.6941399312318,-31.76989727777778,130.99064219130076,73.9362822157251,94.06956770923024,61943.58498301016,95.53446549023133,159.7726117526202,249739.43246335152,11.246069008235942,26.71979893899728,10616.421942591289,735.0,1039.4469683442248,0.6365141682948128,0.0,0.0,0.0,30.09779747368421,127.69414015452868,-31.769897333333333,130.99064242036218,73.93628234501637,94.06956787372832,61943.58519964984,95.53446565729105,159.77261203201223,249739.43333678294,11.24606902790178,26.71979898572181,10616.421979720855,735.0,1039.4469683442248,0.6365141682948128,0.0,0.0,0.0,30.09779752631579,127.69414037782553,-31.76989738888889,130.9906426494236,73.93628247430765,94.06956803822635,61943.58541628947,95.53446582435079,159.77261231140426,249739.43421021433,11.246069047567618,26.71979903244632,10616.422016850422,734.9999999999999,1039.4469683442248,0.6365141682948128,0.0,0.0,0.0,30.097797578947368,127.69414060112241,-31.769897444444446,130.990642878485,73.93628260359898,94.06956820272448,61943.58563292924,95.53446599141053,159.77261259079634,249739.43508364586,11.246069067233451,26.71979907917084,10616.422053979977,735.0,1039.4469683442248,0.6365141682948128,0.0,0.0,0.0,30.09779763157895,127.69414082441929,-31.7698975,130.99064310754648,73.93628273289028,94.06956836722257,61943.58584956892,95.53446615847022,159.77261287018834,249739.43595707716,11.246069086899288,26.719799125895374,10616.422091109545,735.0,1039.446968344225,0.6365141682948128,0.0,0.0,0.0,30.097797684210526,127.69414104771617,-31.769897555555556,130.9906433366079,73.93628286218163,94.0695685317207,61943.586066208685,95.53446632552996,159.7726131495804,249739.4368305086,11.246069106565127,26.719799172619886,10616.422128239112,734.9999999999999,1039.4469683442248,0.6365141682948128,0.0,0.0,0.0,30.097797736842107,127.69414127101304,-31.769897611111112,130.9906435656693,73.93628299147288,94.06956869621871,61943.58628284828,95.5344664925897,159.77261342897245,249739.43770394006,11.246069126230964,26.719799219344416,10616.422165368676,735.0000000000001,1039.4469683442248,0.6365141682948128,0.0,0.0,0.0,30.097797789473685,127.6941414943099,-31.769897666666665,130.99064379473072,73.93628312076416,94.06956886071679,61943.58649948797,95.53446665964941,159.77261370836445,249739.4385773714,11.246069145896799,26.71979926606894,10616.422202498241,734.9999999999999,1039.4469683442248,0.6365141682948128,0.0,0.0,0.0,30.097797842105262,127.69414171760681,-31.769897722222222,130.99064402379213,73.92433610937096,94.07063387056542,61944.98909766979,95.54744575735103,159.79405858191825,249806.68244943552,11.24767369559147,26.723531553986483,10619.388236387893,735.0455306444402,1039.4630764597096,0.636528521894007,8.655127728294328,0.0,0.0,30.100293959473685,127.7123652300691,-31.774510623888887,131.00895008848917,73.93628208643376,94.06956754473215,61943.58476637046,95.53446532317162,159.77261147322818,249739.43158992013,11.246068988570109,26.719798892272767,10616.421905461726,734.9999999999997,1039.4469683442248,0.6365141682948128,0.0,0.0,0.0,30.097797421052633,127.6941399312318,-31.76989727777778,130.99064219130076,73.93628209936286,94.06956756118191,61943.58478803437,95.53446533987757,159.77261150116738,249739.43167726332,11.246068990536688,26.719798896945214,10616.42190917468,735.0,1039.4469683442248,0.6365141682948128,0.0,0.0,0.0,30.09779742631579,127.69413995356149,-31.769897283333332,130.9906422142069,"[-182.49578848  149.3339229   -67.44108496   62.1283928    -3.07247989
    5.95827798    2.40304456    6.95045229    3.25950343   -0.82034046
   -1.57709791   -3.75369596    2.42844779  -12.17698485    2.06477509
   -2.74818767   -3.73292478   -0.46077018   -2.56838441   -3.46595552]","[71.80041278 28.47516478 25.50913948 20.60015337 19.0307306  13.22170271
 12.76879203 10.62771107 10.35097551 10.05732615  9.06351584  9.35849662
 11.2091673  11.19261195 10.41519271  9.52822451 10.59583348 10.56459206
  9.97424572  8.95794605]","[-2.20853748 -1.48960289  1.22662919 -0.1239978   0.17165846  0.25938221
 -0.10936365 -0.25185365  0.21065744  0.62781145  0.08509395  0.2296421
  0.28592224  0.61733432  0.56765941  0.24950899  0.3847557   0.26628613
  0.45491314  0.35443066]","[ 8.62341268e+00  6.71828960e+00  3.56649366e+00  4.39519521e-01
 -4.94067069e-02  3.59161284e-01  1.50888639e-01  5.86080138e-01
  7.77118140e-01  1.23326365e+00  4.93070257e-01  8.47315573e-01
 -2.78672055e-04  1.09019495e+00  8.82125511e-01  3.54198297e-01
  1.83547847e-01  5.01601053e-01  6.33149167e-01  7.17206523e-01]","[-9.95749844e-11  1.72566542e-18 -3.88274719e-18 -1.29424906e-18
  5.71626670e-18  8.62832709e-19 -7.11836985e-18 -1.50995724e-18
  5.12306921e-18  9.70686797e-19  3.66703901e-18 -1.61781133e-19
  3.72096606e-18 -4.31416354e-18  3.45133084e-18  1.13246793e-18
 -5.39270443e-20 -7.01051576e-19 -4.15238241e-18  4.26023650e-18]","[15.03489014  7.96882279  6.70569025  7.22850863  6.55055175  5.0124924
  4.60949062  4.38246479  4.2831741   4.11587973  3.95015156  3.94355859
  4.0046078   4.09242944  3.96032423  3.95577741  3.88499951  3.88205994
  3.95587528  3.8480032 ]","[ 3.00555505e-11 -5.93215496e-19 -4.96143870e-18 -9.70716267e-19
  5.47376117e-18 -2.29196896e-18 -2.66946973e-18  2.42679067e-18
 -6.06697667e-18 -4.20643716e-18 -8.89823244e-18  4.34125886e-18
  2.61554105e-18  2.64250539e-18 -5.93215496e-18 -7.22644332e-18
  4.85358133e-19 -1.94143253e-18 -7.95448052e-18  5.28501079e-18]","[12.2303829   8.34387996  7.00623687  7.23197922  6.55086411  5.78856864
  5.59073228  5.49200538  5.38507744  5.25285547  5.08989991  5.03358798
  5.08588734  5.12974154  5.08157887  5.07524259  4.95852503  4.97590477
  5.04607311  4.9398624 ]"
70.8441655183088,90.13544940742335,56870.79467914722,91.53908315467953,153.09070206248157,229287.34251990085,10.775742982656233,25.602340311448028,9747.003708130605,735.0000000000001,1039.446968344225,0.6365141682948128,0.0,0.0,0.0,28.839066315789477,122.35379612989966,-30.44123666666667,125.51243415109195,70.84416564760008,90.13544957192143,56870.79488672673,91.53908332173928,153.09070234187362,229287.3433568042,10.77574300232207,25.602340358172555,9747.003743707359,735.0000000000001,1039.446968344225,0.6365141682948128,0.0,0.0,0.0,28.839066368421054,122.35379635319657,-30.441236722222225,125.51243438015335,70.84416577689142,90.13544973641953,56870.79509430629,91.53908348879898,153.0907026212656,229287.34419370737,10.775743021987903,25.60234040489707,9747.00377928411,735.0,1039.4469683442248,0.6365141682948128,0.0,0.0,0.0,28.83906642105263,122.35379657649347,-30.441236777777778,125.5124346092148,70.84416590618271,90.13544990091758,56870.79530188577,91.5390836558587,153.09070290065765,229287.34503061068,10.775743041653744,25.602340451621593,9747.003814860866,735.0000000000001,1039.4469683442248,0.6365141682948128,0.0,0.0,0.0,28.839066473684213,122.35379679979032,-30.441236833333335,125.51243483827619,70.84416603547405,90.13545006541577,56870.79550946541,91.53908382291843,153.09070318004967,229287.345867514,10.775743061319579,25.602340498346113,9747.00385043762,735.0,1039.4469683442248,0.6365141682948128,0.0,0.0,0.0,28.83906652631579,122.35379702308718,-30.44123688888889,125.51243506733765,70.84416616476533,90.13545022991379,56870.795717044864,91.53908398997814,153.0907034594417,229287.3467044173,10.775743080985414,25.60234054507064,9747.003886014378,734.9999999999995,1039.4469683442246,0.6365141682948128,0.0,0.0,0.0,28.83906657894737,122.35379724638409,-30.441236944444444,125.51243529639905,70.84416629405663,90.13545039441188,56870.795924624384,91.53908415703788,153.09070373883372,229287.34754132063,10.775743100651251,25.602340591795155,9747.00392159113,735.0,1039.4469683442248,0.6365141682948128,0.0,0.0,0.0,28.839066631578948,122.35379746968097,-30.441237,125.51243552546049,70.8441664233479,90.13545055890994,56870.79613220388,91.5390843240976,153.09070401822578,229287.34837822392,10.775743120317088,25.602340638519685,9747.003957167888,734.9999999999999,1039.4469683442248,0.6365141682948128,0.0,0.0,0.0,28.839066684210525,122.35379769297786,-30.441237055555558,125.51243575452189,70.84416655263925,90.13545072340806,56870.796339783454,91.53908449115733,153.09070429761775,229287.34921512712,10.775743139982925,25.602340685244197,9747.003992744641,735.0,1039.4469683442248,0.6365141682948128,0.0,0.0,0.0,28.839066736842106,122.35379791627469,-30.44123711111111,125.51243598358332,70.84416668193047,90.13545088790607,56870.796547362894,91.53908465821706,153.09070457700983,229287.35005203058,10.775743159648762,25.60234073196873,9747.004028321397,734.9999999999999,1039.4469683442248,0.6365141682948128,0.0,0.0,0.0,28.839066789473684,122.35379813957158,-30.441237166666667,125.51243621264476,70.84416564760008,90.13544957192143,56870.79488672673,91.53908332173928,153.09070234187362,229287.3433568042,10.77574300232207,25.602340358172555,9747.003743707359,735.0000000000001,1039.446968344225,0.6365141682948128,0.0,0.0,0.0,28.839066368421054,122.35379635319657,-30.441236722222225,125.51243438015335,70.84416566052919,90.1354495883712,56870.79490748464,91.53908333844522,153.09070236981273,229287.34344049438,10.775743004288652,25.602340362845,9747.003747265033,735.0,1039.4469683442248,0.6365141682948128,0.0,0.0,0.0,28.83906637368421,122.35379637552624,-30.441236727777778,125.51243440305949,70.84416567345836,90.13544960482106,56870.794928242656,91.53908335515118,153.09070239775195,229287.34352418463,10.775743006255235,25.602340367517442,9747.003750822703,735.0,1039.4469683442248,0.6365141682948128,0.0,0.0,0.0,28.839066378947365,122.35379639785592,-30.44123673333333,125.51243442596562,"[-176.72582157  119.9197482   -53.19833578   62.80768231   -1.15709319
   19.68420048  -15.4739479    -2.29824899    0.83691101   -9.50464359
  -11.02456027   -0.17902059    1.93998111   -7.98513609   -3.88210199
   -0.35673341   -5.9196085    -5.07185424   -4.84017292    0.8768945 ]","[78.52590533 33.23215589 24.01852196 20.26735399 20.95279157 17.83007314
 13.89750523 13.37652669 11.21112934 12.83048394 10.94025432 11.35937905
 10.30859656  9.95680507  7.80282891  8.93556761  9.13832093  9.58210692
  7.71658016  8.07965212]","[-2.43132100e+00 -1.58771926e+00  4.00372819e-01 -1.31020852e-01
 -1.42058170e-01  2.02931027e-02 -1.03268648e-01 -4.87513172e-01
  7.04004864e-04 -1.42154060e-01 -3.17960841e-01  1.08773442e-01
  1.30843268e-01  2.00965393e-01 -4.45640731e-02  1.68244730e-01
  7.36772329e-02 -9.27047619e-02  2.26086699e-01  1.13750933e-01]","[ 9.0430811   3.50314621 -0.04257127  2.2502294  -0.27887643 -0.57550178
 -0.51022058  0.38205449 -0.05239832 -0.23326099  0.54520868 -0.25623008
 -0.01322336  0.15362927  0.07557989  0.31096096  0.0587404  -0.13040171
  0.77464898  0.5412178 ]","[-1.99496760e-10 -6.38517915e-18  5.95950054e-18 -1.06419652e-19
  1.70271444e-18 -5.48061210e-18  7.23653637e-18 -9.57776872e-19
 -5.85308089e-19  4.84209419e-18 -7.44937567e-18  4.30999593e-18
 -1.54308496e-18  1.06419652e-19  5.85308089e-18  4.33660084e-18
 -3.24579940e-18 -2.44765201e-18  1.30364074e-18 -1.22382600e-18]","[16.65797124 10.36276961  5.76402721  6.16715869  7.2981957   5.73153588
  4.70744995  4.94179101  4.76112957  4.74813267  4.31782479  4.14903527
  4.26177125  4.07163412  3.84552147  3.90188634  3.88838343  3.83500848
  3.77789136  3.66130126]","[ 5.93134171e-11  1.60703303e-17  6.81126582e-18  1.80924248e-18
 -1.39418097e-17  1.22389933e-18  6.38556170e-19  2.23494660e-18
  6.43877472e-18  4.04418908e-18 -3.56527195e-18  3.27260037e-18
  1.11747330e-17 -3.68500123e-18  4.29695090e-18  8.14159117e-18
 -1.47400049e-17  1.70281645e-18 -1.04829638e-17  1.01104727e-18]","[14.76099022 10.45174791  6.19323885  6.68577284  7.56730432  6.29864624
  5.69274686  5.69498572  5.59053744  5.60421509  5.40949623  5.19104064
  5.21891289  5.02089844  4.88953803  4.88450087  4.86750662  4.81784884
  4.73879444  4.64997241]"
71.31639034466323,90.73626383770694,57631.487026581744,92.14925376408821,154.11115631822742,232354.24404294946,10.847570681120816,25.77299742370824,9877.377675524953,734.9999999999999,1039.4469683442248,0.6365141682948128,0.0,0.0,0.0,29.03129842105263,123.16936788105973,-30.64414833333333,126.34906038542873,71.3163904739545,90.73626400220498,57631.48723554488,92.14925393114794,154.11115659761944,232354.24488543125,10.847570700786653,25.772997470432752,9877.377711338851,735.0000000000002,1039.446968344225,0.6365141682948128,0.0,0.0,0.0,29.031298473684206,123.16936810435665,-30.644148388888887,126.34906061449011,71.31639060324576,90.73626416670302,57631.487444508006,92.14925409820768,154.1111568770115,232354.24572791313,10.847570720452488,25.77299751715728,9877.37774715275,735.0,1039.4469683442248,0.6365141682948128,0.0,0.0,0.0,29.031298526315787,123.16936832765347,-30.64414844444444,126.34906084355154,71.31639073253712,90.73626433120114,57631.48765347124,92.14925426526739,154.1111571564035,232354.24657039493,10.847570740118325,25.77299756388181,9877.377782966647,735.0,1039.4469683442248,0.6365141682948128,0.0,0.0,0.0,29.031298578947364,123.1693685509504,-30.644148499999996,126.34906107261297,71.30324210151052,90.74946005872707,57648.25150665348,92.18448693505539,154.1696042896292,232530.87230138286,10.85185887352004,25.783039440760643,9885.076442205955,735.0870865909138,1039.4777963982538,0.636541682073473,22.486978302189712,0.0,0.0,29.039471963157883,123.21806971048467,-30.656411508888894,126.3983063817446,71.06945577145241,90.66966657515835,57546.919057952706,92.26702058739298,154.30329875969366,232937.29090090038,10.862570701607233,25.80751704735492,9903.85560012351,735.6892609669744,1039.6935450713402,0.6367386592396062,77.26826941646324,0.0,0.0,29.043755352631585,123.34029721982937,-30.687685972222223,126.51854441739114,71.10603978250461,90.63333526623504,57500.81023037234,92.23265035374808,154.23796215800897,232742.94021775387,10.857999970435735,25.797643778461985,9896.278254626415,735.0514463236624,1039.4692504799493,0.6365411130737488,54.96300400841056,0.0,0.0,29.035761100000006,123.29210209821584,-30.67390635555556,126.47114211030191,71.11966172345271,90.63971804346751,57508.90940899502,92.22678871144298,154.22899021720525,232715.45917804126,10.857269693706266,25.795917022600996,9894.953514200048,735.0466584271426,1039.4670368745944,0.6365383330034362,51.10423059578414,0.0,0.0,29.03535404210526,123.28352329266157,-30.671822349999996,126.46259485999346,70.5084326525671,90.21230937698948,56967.82534190765,92.23763787174734,154.21193227863094,232680.42767752922,10.859785276791113,25.80194072945401,9899.57676707478,734.9184643585304,1039.4664334880345,0.636592827125221,63.86424704257408,0.0,0.0,28.988253149473675,123.3235527684623,-30.678993362777767,126.4957085177768,70.48778655136694,90.21045013667572,56965.477197031585,92.24216059754143,154.22084662729026,232706.93626680036,10.860384286837313,25.8033203962376,9900.635033898747,735.0667575979122,1039.518800806301,0.6366390863567631,66.97932224496478,0.0,0.0,28.98826457894738,123.33054928817916,-30.681033999999997,126.5023085002056,71.34435397679557,90.79167194455826,57701.893861418015,92.21983151152256,154.22889632915474,232709.636468902,10.85597248736389,25.792860615781017,9892.608634420289,735.0585737923673,1039.4676935392272,0.6365326425561125,44.503513930457906,0.0,0.0,29.051607184210518,123.26476322261628,-30.667984244444444,126.44644542121198,71.20644929215997,90.64883831258292,57520.48321194561,92.23956898994807,154.2179431527768,232685.17478470088,10.857249398834371,25.7952904098121,9894.477506307367,734.2441355027654,1039.1844639607523,0.6362898370114147,49.53282187405237,1.2870396816182714,0.0,29.03923151052631,123.27912322976546,-30.669381883333333,126.46053735839304,70.94495387481915,90.37833934857058,57177.70956383766,92.28009428614524,154.1963199037455,232636.17248474478,10.859762525451954,25.79973714457558,9897.898652176336,732.7697301879695,1038.69631496129,0.6359024341966907,58.70722187748437,2.064223325403218,0.0,29.015624021052627,123.30558444836333,-30.67184167222222,126.48646867209376,"[-2.92220634e+02  1.98445588e+02 -1.51098039e+01 -1.00390212e+01
  2.31679912e+01 -1.25914190e+01 -1.28451841e+01 -5.85588128e-02
 -1.46205683e+01 -1.49266371e+01 -7.05153610e+00 -9.98333269e+00
 -8.72575062e+00 -5.88935862e+00 -5.99965851e+00 -3.83534418e+00
 -3.10364076e+00 -3.96924620e+00 -3.81154813e+00 -3.70600209e+00]","[48.13049297 33.22740835 26.65956289 18.0155145  16.35066714 13.02584295
 11.85063527 10.88444057 10.05628167 10.04822392 10.37163032  9.76355064
 10.97020985 12.68771862 13.56268249 13.31029242 13.02123022 13.88141523
 14.17911472 13.71108984]","[-2.65418802 -3.26797284  0.49612385  0.27781833  0.14853445 -0.09744679
 -0.10714299  0.06429884 -0.13986629 -0.20695258 -0.09053381 -0.07250705
  0.43843227  1.04816397  0.78049384  0.85376655  1.01281787  0.93173763
  0.54785462  0.42214471]","[11.20256247 15.88263703 -0.07683639 -0.06508097 -0.25643737 -0.17637722
  0.10623434  0.0455666   0.24146084  0.16784916  0.12856386  0.09183828
  0.90669865  2.15494423  1.00573488  0.84517275  1.47594249  1.21838471
  1.27872097  0.93389067]","[-4.94071152e-11  0.00000000e+00 -9.87352492e-18 -2.52323415e-18
  7.45999661e-18 -4.16882163e-18  2.41352831e-18 -2.85235164e-18
 -4.22367455e-18  0.00000000e+00  2.08441082e-18 -1.31646999e-18
 -2.85235164e-18  4.38823330e-18 -6.36293828e-18 -1.53588165e-18
 -2.24896957e-18 -3.83970414e-18  3.07176331e-18 -1.75529332e-18]","[9.57760599 5.25520382 8.19249488 5.26631369 5.30038366 4.83868675
 4.35265318 4.21455707 4.01380429 4.0940478  4.05714654 3.95596359
 4.07258383 4.01545587 3.95510885 4.0047094  4.1903714  4.08188533
 4.1047523  4.14620659]","[ 3.05715959e-11 -5.48546101e-20 -3.07185817e-18  7.67964542e-19
 -1.18760231e-17  1.04772305e-17 -4.08666845e-18  2.96214895e-18
 -9.59955677e-19 -2.82501242e-18  3.62040427e-18  2.19418440e-19
 -1.42621986e-18  1.23422873e-18  3.01700356e-18  4.78606473e-18
  2.57816668e-18 -4.52550533e-18 -1.75534752e-18 -7.56993620e-18]","[7.91461518 5.67476439 7.27270279 5.65642954 5.66161992 5.42329779
 5.2083856  5.07505085 4.88624137 5.03537734 4.96631616 4.86968749
 4.99609668 4.93854747 4.81843611 4.87117105 4.96386222 4.83296722
 4.89893049 4.92497653]"
72.29045416896727,91.97557098336694,59216.53960401458,93.40786001286808,156.21605957490905,238744.73841329053,10.995730537936286,26.12501390004685,10149.037557138765,734.9999999999998,1039.4469683442248,0.6365141682948128,0.0,0.0,0.0,29.427817894736844,124.85165753334753,-31.062696666666668,128.0747793731883,72.29045429825862,91.97557114786505,59216.539815831915,93.40786017992781,156.21605985430105,238744.73926727922,10.995730557602124,26.125013946771368,10149.037593441819,735.0,1039.446968344225,0.6365141682948128,0.0,0.0,0.0,29.427817947368425,124.85165775664441,-31.062696722222224,128.07477960224972,72.29045442754996,91.97557131236319,59216.54002764924,93.40786034698753,156.2160601336931,238744.74012126794,10.99573057726796,26.125013993495884,10149.037629744875,734.9999999999998,1039.4469683442248,0.6365141682948128,0.0,0.0,0.0,29.427818000000002,124.85165797994128,-31.06269677777778,128.07477983131113,72.29045455684114,91.97557147686113,59216.54023946635,93.40786051404724,156.2160604130851,238744.7409752567,10.995730596933793,26.125014040220403,10149.037666047929,735.0,1039.4469683442248,0.6365141682948128,0.0,0.0,0.0,29.42781805263158,124.85165820323815,-31.062696833333334,128.07478006037258,72.29045468613246,91.97557164135924,59216.54045128363,93.40786068110697,156.21606069247716,238744.74182924547,10.995730616599634,26.12501408694493,10149.03770235099,734.9999999999999,1039.4469683442248,0.6365141682948128,0.0,0.0,0.0,29.42781810526316,124.85165842653502,-31.06269688888889,128.074780289434,72.29045481542376,91.97557180585734,59216.540663100954,93.40786084816669,156.21606097186915,238744.7426832341,10.99573063626547,26.12501413366945,10149.037738654048,735.0,1039.4469683442248,0.6365141682948128,0.0,0.0,0.0,29.427818157894738,124.85165864983189,-31.062696944444447,128.0747805184954,72.29045494471508,91.97557197035545,59216.54087491823,93.40786101522642,156.21606125126124,238744.74353722294,10.995730655931304,26.125014180393972,10149.037774957105,734.9999999999997,1039.4469683442248,0.6365141682948127,0.0,0.0,0.0,29.42781821052632,124.8516588731288,-31.062697,128.07478074755682,72.29045507400639,91.97557213485354,59216.541086735524,93.40786118228615,156.21606153065326,238744.74439121172,10.995730675597144,26.125014227118488,10149.037811260163,735.0000000000001,1039.446968344225,0.6365141682948128,0.0,0.0,0.0,29.427818263157896,124.85165909642566,-31.062697055555557,128.07478097661826,72.29045520329764,91.97557229935157,59216.54129855273,93.40786134934586,156.2160618100453,238744.74524520047,10.995730695262978,26.125014273843025,10149.037847563219,735.0,1039.4469683442248,0.6365141682948128,0.0,0.0,0.0,29.427818315789477,124.85165931972254,-31.062697111111113,128.0747812056797,72.290455332589,91.97557246384967,59216.54151037005,93.4078615164056,156.21606208943734,238744.74609918921,10.995730714928818,26.125014320567544,10149.037883866278,735.0,1039.4469683442248,0.6365141682948128,0.0,0.0,0.0,29.427818368421054,124.85165954301941,-31.062697166666666,128.0747814347411,72.29045429825862,91.97557114786505,59216.539815831915,93.40786017992781,156.21605985430105,238744.73926727922,10.995730557602124,26.125013946771368,10149.037593441819,735.0,1039.446968344225,0.6365141682948128,0.0,0.0,0.0,29.427817947368425,124.85165775664441,-31.062696722222224,128.07477960224972,72.2904543111877,91.97557116431481,59216.53983701358,93.40786019663375,156.21605988224024,238744.73935267804,10.995730559568706,26.125013951443812,10149.037597072127,735.0,1039.4469683442248,0.6365141682948128,0.0,0.0,0.0,29.427817952631578,124.85165777897407,-31.062696727777777,128.07477962515588,72.29045432411684,91.97557118076463,59216.53985819532,93.40786021333972,156.21605991017944,238744.73943807688,10.995730561535291,26.12501395611627,10149.03760070243,734.9999999999999,1039.4469683442248,0.6365141682948128,0.0,0.0,0.0,29.427817957894735,124.85165780130376,-31.062696733333333,128.07477964806196,"[-2.00180090e+02  1.09507634e+02 -5.69165940e+01  5.54386452e+01
 -7.77187333e+00  8.88126401e+00 -6.96174377e+00  8.57343260e+00
 -1.20051586e+01 -8.88507644e-01  2.00098030e-01 -8.08195823e+00
 -9.58824598e+00 -5.31705434e+00 -1.15002205e+00 -1.03233501e+00
  5.74842809e+00  2.44672555e+00  3.18935901e+00 -2.17823315e+00]","[80.23352307 30.18463508 25.72082338 19.52992204 19.48408671 15.64125228
 13.90970299 12.53290561 12.21349268 10.3843976  12.0529359  10.40357662
 11.56227971 10.78560197 12.65465715 13.53122152 13.77385464 13.46094151
 14.77646745 15.01579486]","[-2.17400616e+00 -1.02738185e+00  6.29751746e-01 -1.04444473e-01
 -2.10062721e-01 -4.59846664e-02  1.59110799e-01  2.56929261e-01
 -1.22171576e-01  1.47942535e-03  7.52905775e-02 -1.39441812e-01
  1.95230550e-01  7.64184595e-01  8.30340634e-01  7.19736000e-01
  6.26124351e-01  4.59489263e-01  3.51142488e-01 -1.94876662e-01]","[ 7.04064542e+00  2.06526758e+00  3.52493627e-01  4.78194002e-01
  1.52071231e-01 -1.72308518e-01  6.09217745e-02  1.35907158e-01
 -2.07165392e-01  1.65451285e-01  1.28580305e-01 -6.30474001e-02
  5.89987300e-01  2.26495529e+00  1.61693088e+00  5.92379055e-01
 -1.98094797e-03  5.68862742e-01  3.99337821e-01  4.26209593e-01]","[-1.82613763e-10  4.97462826e-18  3.73097119e-18 -3.31641884e-18
  5.80373296e-18  7.66921856e-18  4.87099017e-18  5.33736157e-18
 -3.42005693e-18 -3.10914266e-18 -1.89139512e-18  6.42556150e-18
  3.21278075e-18 -3.42005693e-18  1.45093324e-18  4.14552355e-18
  1.55457133e-18  4.14552355e-19  3.52369501e-18  4.66371399e-18]","[19.31192415  9.8077297   6.52219242  6.23159605  7.61782332  6.02857282
  5.1911965   4.87022372  4.80999075  4.73341782  4.70507831  4.33245749
  4.32014864  4.16884231  4.12982399  4.15761534  4.15061063  4.16683709
  4.40534194  4.52438098]","[ 5.77629952e-11  6.42593640e-18  1.96923858e-18  3.10932407e-18
  1.40956024e-17 -3.00567993e-18 -6.94415708e-18 -8.29153084e-18
 -5.49313918e-18 -6.42593640e-18 -1.12842553e-17 -6.63322468e-18
  3.53685613e-18  1.04680577e-17 -1.14008549e-18 -4.97491851e-18
  9.84619288e-19  5.59678332e-18 -2.48745925e-18  3.31661234e-18]","[17.39808027 10.50378525  6.98826975  6.88748412  7.87722934  6.61939197
  5.94559057  5.74191004  5.73495968  5.51499154  5.56334068  5.3286194
  5.30266453  5.09856711  5.03610699  4.98587366  4.99220646  4.97731852
  5.14871063  5.21478703]"
75.34856311793096,95.86642102634566,64332.594762803994,97.35930029488974,162.82448021978786,259371.26030668282,11.460883819168417,27.2301824830633,11025.870892861523,734.9999999999998,1039.4469683442248,0.6365141682948128,0.0,0.0,0.0,30.672705263157894,130.1332673334915,-32.37674444444444,133.49273715807422,75.32736491806517,95.85966490936137,64323.527495745344,97.3672517750147,162.8374492232347,259412.8333435916,11.461915375950007,27.232533523571266,11027.774987855122,735.0553664826681,1039.4665592082204,0.6365316327841468,5.55678488773325,0.0,0.0,30.673228383157895,130.1449839441936,-32.37975672944445,133.50427453531435,74.4363311323407,95.46579892518335,63796.03135096477,97.54690858661922,163.118086907576,260320.65097659297,11.486313040146628,27.287642085439586,11072.454878524733,736.8457626358488,1040.1282407337592,0.6371587046112244,135.66122622915003,0.0,0.0,30.65369566842104,130.42656592681524,-32.45177946111111,133.7758826040209,73.7948634850286,95.05393245052126,63246.75052015779,97.58637060860214,163.14433561027363,260423.1270224648,11.492736766283551,27.302124494665033,11084.223624014709,736.7836770122315,1040.1714148090236,0.6372607156886483,169.14753630661158,0.0,0.0,30.611174663157886,130.50789482809458,-32.47078785555556,133.85046643252753,75.08840056313872,95.79965251575933,64243.01395498162,97.48759181295372,163.03412606491244,260043.2081242151,11.477203938830447,27.26774304471247,11056.31081425756,735.7053658501479,1039.6992201831538,0.636743684016514,88.83601598351532,0.0,0.0,30.68696047368421,130.31910232228273,-32.42410749444444,133.67711476620678,75.01408804178683,95.75831028276018,64187.577917465605,97.48539619501234,163.02935471557527,260028.76781788855,11.477186822732452,27.267469961636667,11056.08973983697,735.8450136175165,1039.7499010326135,0.6367908142368028,88.1447515803243,0.0,0.0,30.68096215789474,130.3190783457433,-32.42429944444444,133.67584136988464,75.36113686696139,95.89133394779228,64366.03548400914,97.3910374767372,162.8774251597468,259540.07058414575,11.464662137911748,27.239114532227493,11033.105522511285,735.0249227465796,1039.4557828099048,0.6365220149951474,21.13544672741962,0.0,0.0,30.681837552631585,130.17616426676835,-32.38746287,133.53652880709788,75.3485644108439,95.86642267132646,64332.5969705819,97.35930196548699,162.8244830137082,259371.26920783386,11.460884015826789,27.230182950308524,11025.871271249413,735.0000000000001,1039.446968344225,0.6365141682948128,0.0,0.0,0.0,30.672705789473685,130.13326956646034,-32.376745,133.49273944868847,75.34856570375696,95.86642431630735,64332.599178359975,97.35930363608423,162.82448580762855,259371.27810898505,11.460884212485153,27.230183417553743,11025.8716496373,735.0,1039.4469683442248,0.6365141682948128,0.0,0.0,0.0,30.672706315789476,130.13327179942908,-32.37674555555556,133.49274173930272,75.34856699666987,95.86642596128806,64332.601386137874,97.35930530668145,162.82448860154884,259371.2870101362,11.460884409143516,27.230183884798958,11025.872028025187,735.0,1039.446968344225,0.6365141682948128,0.0,0.0,0.0,30.672706842105264,130.13327403239785,-32.37674611111111,133.49274402991693,75.34856828958281,95.86642760626881,64332.603593915854,97.3593069772787,162.82449139546918,259371.2959112877,11.460884605801882,27.23018435204418,11025.872406413087,735.0,1039.4469683442248,0.6365141682948128,0.0,0.0,0.0,30.67270736842105,130.13327626536667,-32.37674666666666,133.49274632053118,75.34856958249581,95.86642925124967,64332.605801694,97.35930864787598,162.82449418938955,259371.30481243946,11.460884802460251,27.230184819289406,11025.872784800998,735.0000000000001,1039.4469683442248,0.6365141682948128,0.0,0.0,0.0,30.67270789473684,130.13327849833541,-32.37674722222222,133.4927486111454,75.34857087540877,95.86643089623041,64332.60800947204,97.3593103184732,162.82449698330987,259371.31371359123,11.460884999118623,27.230185286534642,11025.873163188922,735.0,1039.4469683442248,0.6365141682948128,0.0,0.0,0.0,30.672708421052633,130.1332807313042,-32.37674777777778,133.49275090175965,"[-2.38439664e+02  1.64543962e+02 -5.60076341e+01  4.20648601e+01
  2.01342566e-01 -4.23220236e+00  6.05023498e+00 -4.33665578e+00
  3.77750745e+00 -6.47767527e+00 -3.35859956e+00 -7.27477811e-01
 -8.63685856e+00 -3.91559995e+00 -2.12051460e+00  5.43667220e-01
  3.62775256e+00  1.45265975e+00  2.67301056e+00 -1.31469808e+00]","[81.18724719 35.39202678 34.96555656 23.44670981 17.82446025 13.19308556
 12.41670099 11.04601941  9.34970999 11.88599916 10.24251577  8.8691686
  9.82484393 10.47535293 11.79811326 12.05812744 11.58313167 11.11011448
 12.08596544 11.97076227]","[-2.05871425 -1.99101973  1.96760838 -1.02810524  0.0815527  -0.26114593
 -0.29630597 -0.0949876   0.10101164  0.84652426  0.87361213  0.14616916
  0.1365143   0.26192598  0.63938719  0.65164987  0.41158586  0.44507349
  0.61787478  0.44480658]","[ 5.30702216  6.73453569  5.36754874  2.12691857  0.22427331  0.80568147
  0.13721868 -0.08156199  0.065009    1.84715186  3.10215518  0.97801324
  0.19855976  0.56436863  0.45109662  0.2862405   0.04686495  0.20882447
  0.60616651  0.12437666]","[-1.61524627e-09  2.94912591e-18  0.00000000e+00 -4.91520985e-19
  3.68640739e-18 -5.77537157e-18 -3.93216788e-18  3.87072776e-18
  6.14401231e-19 -1.22880246e-18  7.49569502e-18  2.97984597e-18
 -4.05504813e-18 -2.45760492e-18 -1.13664228e-18  4.11648825e-18
 -4.91520985e-19  3.68640739e-19 -6.88129379e-18 -3.07200616e-19]","[12.28621921  7.77680679  6.26129546  6.22068183  5.41226889  4.48834899
  4.64933896  4.50688121  4.1241503   3.96165604  4.03555113  3.94164745
  4.20265521  3.96569133  3.92449165  3.9631649   3.95392303  3.97205396
  4.12829211  3.98907853]","[-4.21051157e-06 -5.94799453e-06 -5.93590087e-06 -5.91576147e-06
 -5.88767078e-06 -5.85147176e-06 -5.80740618e-06 -5.75547093e-06
 -5.69579572e-06 -5.62828059e-06 -5.55319913e-06 -5.47059147e-06
 -5.38062364e-06 -5.28325551e-06 -5.17878212e-06 -5.06728996e-06
 -4.94915949e-06 -4.82386358e-06 -4.69226039e-06 -4.55429698e-06]","[11.60954421  8.60620112  6.89009286  6.90899821  6.16268186  5.63179653
  5.726314    5.5621885   5.14045003  5.12335908  5.1461065   5.13103549
  5.44803568  5.10487468  4.9673749   5.01034898  4.98847367  5.00148706
  4.99085371  4.96194965]"
70.44292419987529,89.62494771270742,56228.41876753877,91.0206316753733,152.2236396207679,226697.46019976647,10.7147122218331,25.457335896385846,9636.907824509026,735.0,1039.4469683442248,0.6365141682948128,0.0,0.0,0.0,28.67573,121.66081883084712,-30.268826111111114,124.80156721956496,70.44292432916662,89.62494787720554,56228.41897394267,91.02063184243303,152.22363990015992,226697.46103192976,10.714712241498937,25.457335943110373,9636.907859884284,734.9999999999995,1039.4469683442246,0.6365141682948128,0.0,0.0,0.0,28.675730052631582,121.66081905414397,-30.26882616666667,124.80156744862639,70.4429244584579,89.62494804170358,56228.419180346464,91.02063200949274,152.22364017955195,226697.4618640931,10.714712261164774,25.4573359898349,9636.907895259543,735.0,1039.4469683442248,0.6365141682948128,0.0,0.0,0.0,28.67573010526316,121.66081927744085,-30.268826222222224,124.80156767768781,70.44292458774916,89.62494820620164,56228.419386750276,91.02063217655245,152.22364045894398,226697.46269625632,10.714712280830614,25.457336036559422,9636.907930634805,735.0,1039.4469683442248,0.6365141682948128,0.0,0.0,0.0,28.675730157894737,121.66081950073776,-30.26882627777778,124.80156790674926,70.44292471704051,89.62494837069978,56228.41959315422,91.02063234361219,152.22364073833603,226697.46352841973,10.714712300496448,25.45733608328394,9636.907966010062,735.0,1039.4469683442248,0.6365141682948128,0.0,0.0,0.0,28.675730210526318,121.6608197240346,-30.268826333333337,124.80156813581065,70.44292484633178,89.62494853519783,56228.41979955801,91.0206325106719,152.22364101772803,226697.46436058302,10.714712320162288,25.45733613000847,9636.908001385322,734.9999999999998,1039.4469683442248,0.6365141682948128,0.0,0.0,0.0,28.675730263157895,121.66081994733152,-30.26882638888889,124.80156836487205,70.4429249756231,89.62494869969593,56228.420005961896,91.02063267773164,152.22364129712008,226697.46519274634,10.71471233982812,25.457336176732987,9636.908036760575,735.0,1039.4469683442248,0.6365141682948128,0.0,0.0,0.0,28.675730315789476,121.66082017062838,-30.268826444444446,124.80156859393352,70.44292510491434,89.62494886419394,56228.42021236565,91.02063284479138,152.22364157651214,226697.46602490972,10.714712359493957,25.457336223457506,9636.908072135833,734.9999999999999,1039.4469683442248,0.6365141682948128,0.0,0.0,0.0,28.675730368421053,121.66082039392525,-30.268826500000003,124.80156882299491,70.44292523420562,89.62494902869203,56228.420418769514,91.02063301185109,152.22364185590416,226697.46685707304,10.71471237915979,25.45733627018203,9636.90810751109,735.0000000000001,1039.4469683442248,0.6365141682948128,0.0,0.0,0.0,28.675730421052634,121.66082061722214,-30.268826555555556,124.80156905205638,70.44292536349695,89.6249491931901,56228.42062517336,91.02063317891083,152.22364213529625,226697.46768923648,10.714712398825633,25.45733631690656,9636.908142886356,735.0000000000003,1039.4469683442248,0.636514168294813,0.0,0.0,0.0,28.67573047368421,121.660820840519,-30.268826611111113,124.80156928111779,70.44292432916662,89.62494787720554,56228.41897394267,91.02063184243303,152.22363990015992,226697.46103192976,10.714712241498937,25.457335943110373,9636.907859884284,734.9999999999995,1039.4469683442246,0.6365141682948128,0.0,0.0,0.0,28.675730052631582,121.66081905414397,-30.26882616666667,124.80156744862639,70.44292434209571,89.6249478936553,56228.41899458301,91.020631859139,152.22363992809915,226697.46111514617,10.714712243465518,25.457335947782827,9636.907863421806,735.0,1039.4469683442248,0.6365141682948128,0.0,0.0,0.0,28.675730057894736,121.66081907647369,-30.268826172222223,124.80156747153252,70.44292435502481,89.62494791010506,56228.419015223335,91.02063187584494,152.22363995603828,226697.46119836226,10.714712245432107,25.457335952455278,9636.907866959335,734.9999999999999,1039.4469683442248,0.6365141682948128,0.0,0.0,0.0,28.675730063157893,121.66081909880339,-30.268826177777775,124.80156749443867,"[-1.81591487e+02  1.39560908e+02 -3.80081113e+01  5.32227773e+01
 -2.81310658e+00  1.07284232e+01  3.04465609e+00  7.75147149e+00
 -1.02191437e+01 -3.29421999e+00 -3.86439588e-01 -1.85950136e+00
 -1.16954999e+01 -1.89945527e-01 -1.86897476e+00 -1.05426543e+00
  3.62839669e+00 -1.97237382e+00  8.72964041e-03  1.84179670e+00]","[81.0151703  34.97863071 27.97139898 21.93737647 19.53352186 19.26313381
 14.76754629 16.52278777 12.09419182 12.56388924 11.48197948 12.08597512
 11.5942594  12.11267944 12.82949041 12.47195733 11.53721558 11.11372578
 10.81194233 12.09829151]","[-2.11701047 -1.51531345  0.74106183  0.09768256 -0.22602822  0.26758573
 -0.21673057 -0.67715828 -0.09099867  0.27190951 -0.26248384 -0.21698507
  0.30738169  0.62722168  0.210714    0.36901609  0.67122857  0.55765405
  0.17384564 -0.08474769]","[ 6.97073869  3.49215826  0.67934535  0.18976883 -0.20358131 -0.12197341
 -0.06397951  0.53540826  0.37258621  0.39351698  0.40411113  0.37466084
  1.03009915  1.8979548   0.91017808  0.48335741  1.01178029  0.91742913
  0.77470373  0.7549749 ]","[-1.97961131e-10 -1.68454892e-18  7.15933292e-18  2.94796062e-18
  1.24235483e-17  3.89551938e-18 -5.36949969e-18 -1.04231465e-17
 -2.42153908e-18  4.68515169e-18  6.31705846e-18  4.15873015e-18
 -9.47558769e-19  3.15852923e-18 -4.00080369e-18 -1.63190677e-18
 -4.47458308e-18 -1.36869600e-18 -4.68515169e-18  1.05284308e-18]","[18.68609952  8.59473346  6.86299539  5.86394757  7.03122704  5.97692562
  5.61357455  4.98758004  4.77899643  4.64556521  4.65373091  4.59865361
  4.42898486  4.28837669  4.46604383  4.2224362   4.41827214  4.31828203
  4.17680328  4.40179385]","[ 5.86805713e-11 -2.84284480e-18 -3.47458809e-18  3.57987864e-18
 -2.42168261e-18  7.31769310e-18  7.47562893e-18  1.09502170e-17
  3.15871645e-19 -8.68647023e-18 -2.84284480e-18 -2.84284480e-18
 -3.26400700e-18 -7.89679112e-18 -3.84310501e-18 -1.86890723e-18
 -5.26452741e-19 -6.60698190e-18  4.73807467e-19  2.73755425e-18]","[15.95842087  8.66457701  6.98485416  6.23270186  7.0660177   6.23328599
  6.37456112  5.82405171  5.67546912  5.47843998  5.53940395  5.52443823
  5.3088554   5.08925767  5.2767264   5.05094189  5.26100241  5.13055843
  4.94370898  5.15010913]"
71.51860581202939,90.9935437688746,57958.77505332669,92.41054018544656,154.54813383981292,233673.77900486308,10.878328639627544,25.846075978221098,9933.471099721117,735.0,1039.446968344225,0.6365141682948128,0.0,0.0,0.0,29.11361578947368,123.51861089757948,-30.731038888888886,126.70731932385287,71.51860710494243,90.99354541385547,57958.77714888365,92.41054185604384,154.54813663373326,233673.78745356985,10.878328836285915,25.846076445466334,9933.471458875605,734.9999999999997,1039.4469683442248,0.6365141682948128,0.0,0.0,0.0,29.113616315789475,123.51861313054829,-30.73103944444445,126.70732161446712,71.51860839785535,90.99354705883621,57958.779244440484,92.41054352664109,154.54813942765364,233673.79590227676,10.878329032944276,25.846076912711542,9933.471818030079,734.9999999999999,1039.4469683442248,0.6365141682948128,0.0,0.0,0.0,29.113616842105262,123.51861536351709,-30.73104,126.70732390508135,71.51860969076833,90.99354870381703,57958.78133999745,92.41054519723835,154.548142221574,233673.8043509839,10.878329229602645,25.84607737995677,9933.472177184573,735.0,1039.4469683442248,0.6365141682948128,0.0,0.0,0.0,29.113617368421053,123.51861759648585,-30.731040555555555,126.70732619569557,71.51861098368127,90.9935503487978,57958.783435554404,92.41054686783559,154.5481450154943,233673.81279969105,10.878329426261011,25.846077847201997,9933.472536339068,735.0000000000003,1039.446968344225,0.6365141682948129,0.0,0.0,0.0,29.11361789473684,123.5186198294546,-30.73104111111111,126.7073284863098,71.51861227659428,90.99355199377862,57958.785531111454,92.41054853843283,154.54814780941464,233673.82124839837,10.878329622919383,25.84607831444722,9933.472895493578,735.0,1039.4469683442248,0.6365141682948128,0.0,0.0,0.0,29.113618421052635,123.51862206242343,-30.73104166666667,126.70733077692405,71.51861356950728,90.99355363875944,57958.78762666853,92.41055020903008,154.54815060333493,233673.8296971057,10.878329819577747,25.846078781692444,9933.473254648085,735.0,1039.4469683442248,0.6365141682948128,0.0,0.0,0.0,29.113618947368423,123.5186242953922,-30.731042222222225,126.7073330675383,71.51861486242024,90.99355528374022,57958.78972222562,92.4105518796273,154.54815339725525,233673.83814581335,10.878330016236108,25.84607924893766,9933.473613802595,735.0,1039.4469683442248,0.6365141682948128,0.0,0.0,0.0,29.11361947368421,123.51862652836098,-30.731042777777777,126.70733535815252,71.51861615533315,90.99355692872098,57958.791817782694,92.41055355022459,154.54815619117565,233673.84659452125,10.878330212894479,25.846079716182892,9933.473972957121,735.0,1039.4469683442248,0.6365141682948128,0.0,0.0,0.0,29.113619999999997,123.51862876132977,-30.731043333333332,126.70733764876675,71.51861744824612,90.99355857370175,57958.793913339825,92.41055522082183,154.54815898509597,233673.85504322915,10.878330409552847,25.8460801834281,9933.47433211165,735.0000000000001,1039.446968344225,0.6365141682948128,0.0,0.0,0.0,29.11362052631579,123.51863099429852,-30.731043888888887,126.70733993938099,71.51860710494243,90.99354541385547,57958.77714888365,92.41054185604384,154.54813663373326,233673.78745356985,10.878328836285915,25.846076445466334,9933.471458875605,734.9999999999997,1039.4469683442248,0.6365141682948128,0.0,0.0,0.0,29.113616315789475,123.51861313054829,-30.73103944444445,126.70732161446712,71.51860723423367,90.9935455783535,57958.77735843928,92.41054202310357,154.54813691312532,233673.78829844052,10.878328855951752,25.84607649219086,9933.471494791049,734.9999999999999,1039.4469683442248,0.6365141682948128,0.0,0.0,0.0,29.113616368421056,123.51861335384515,-30.7310395,126.70732184352855,71.51860736352499,90.9935457428516,57958.77756799498,92.4105421901633,154.5481371925174,233673.78914331135,10.878328875617589,25.84607653891537,9933.471530706496,734.9999999999998,1039.4469683442248,0.6365141682948127,0.0,0.0,0.0,29.113616421052633,123.51861357714208,-30.731039555555558,126.70732207258999,"[-229.9746152   145.89241557  -26.28240616   35.21846412    1.18239694
   -1.14095274   -5.07945224   13.16978929   -3.39252743   -3.41561055
   -9.740481     -6.60510487  -13.36265331   -6.23008817   -3.6532799
   -1.3922701     0.60886188   -2.60881466   -3.34068743    2.34996214]","[79.66346867 35.29531809 22.62121445 16.91767183 14.96832736 12.78215295
 13.9621706  11.59116102 12.83367707 13.30467145 12.91333489 12.27302689
 10.21104055 11.34071924 12.14216364 12.12644448 10.77836157 12.1167194
 13.44363179 13.45798903]","[-1.76228504 -1.86174592  0.08227644  0.11898955 -0.31106692  0.51469437
 -0.03948633 -0.10975337 -0.40060107  0.51584533 -0.45577374  0.45866659
  0.23927084  0.8202012   0.88393779  0.43793272  0.40301236  0.51235993
  0.45168733  0.39970167]","[ 5.54075177  4.79276222 -0.22107789  0.47817112  0.27988601  0.83955217
 -0.24742932 -0.21807689  0.26660542  0.1420157   0.33411295  1.07335782
  0.35129112  1.63289732  1.09961703  0.1592756   0.20750225  0.62493444
  0.26591237  0.11223098]","[-1.83196814e-09  3.14608251e-18 -1.10112888e-17 -1.27809602e-17
 -8.84835707e-18  1.27809602e-18 -4.52249361e-18 -1.37641110e-18
 -3.04776744e-18  3.14608251e-18  4.12923330e-18 -6.98037058e-18
  8.65172691e-18  3.14608251e-18  4.32586346e-18 -3.24439759e-18
  8.55341183e-18  1.96630157e-19 -5.11238409e-18 -4.52249361e-18]","[18.89114048  9.63095476  6.29720196  5.17451065  5.45910515  4.92630945
  4.73232229  4.4137629   5.6587385   4.95127792  4.55267221  4.11375201
  4.38344501  4.0097474   3.82372996  3.93636972  3.87088925  3.91566633
  4.11494181  4.1872664 ]","[ 5.47960378e-10 -2.85129509e-18 -7.52151980e-18 -6.09587226e-18
  4.91602601e-18 -3.53953873e-18  1.22409048e-17 -9.24212890e-18
 -1.90250207e-17  5.85007096e-18  4.62106445e-18 -8.35724422e-18
  9.63541098e-18 -4.27694263e-18 -5.94839148e-18  5.50594913e-18
  1.08152572e-18 -2.28595210e-18  8.01312240e-18  4.84228562e-18]","[18.03998831 10.01408982  7.098504    5.99204861  6.29597189  5.77221922
  5.73827003  5.47701479  6.53866528  5.61301342  5.28720444  5.07167769
  5.39901431  4.94975793  4.79442546  4.84399255  4.78822657  4.76363948
  4.87295565  4.97277797]"
72.57111454500861,92.33265683426602,59677.236626520316,93.77050658104636,156.82255262475914,240602.14161282592,11.038420349517947,26.226441623935997,10227.995757248707,734.9999999999998,1039.4469683442248,0.6365141682948128,0.0,0.0,0.0,29.542068421052633,125.3363814648197,-31.183294444444446,128.57201674918085,72.57111583792157,92.3326584792468,59677.23875291658,93.7705082516436,156.82255541867943,240602.1501858685,11.038420546176313,26.226442091181216,10227.996121688708,735.0000000000002,1039.446968344225,0.6365141682948129,0.0,0.0,0.0,29.54206894736842,125.33638369778845,-31.183295,128.57201903979507,72.57111713083451,92.33266012422759,59677.240879312885,93.77050992224082,156.82255821259974,240602.1587589113,11.03842074283468,26.226442558426438,10227.996486128712,734.9999999999999,1039.4469683442248,0.6365141682948128,0.0,0.0,0.0,29.542069473684208,125.33638593075723,-31.183295555555553,128.57202133040929,72.5711184237475,92.33266176920839,59677.24300570924,93.77051159283806,156.8225610065201,240602.16733195432,11.038420939493049,26.226443025671664,10227.996850568734,734.9999999999999,1039.4469683442248,0.6365141682948128,0.0,0.0,0.0,29.542070000000002,125.33638816372606,-31.183296111111115,128.5720236210236,72.57111971666045,92.33266341418914,59677.24513210561,93.77051326343532,156.8225638004404,240602.1759049975,11.038421136151415,26.22644349291689,10227.99721500875,735.0,1039.4469683442248,0.6365141682948128,0.0,0.0,0.0,29.54207052631579,125.33639039669481,-31.183296666666667,128.57202591163778,72.57112100957346,92.33266505916997,59677.24725850208,93.77051493403258,156.82256659436075,240602.18447804087,11.038421332809783,26.22644396016211,10227.997579448775,734.9999999999999,1039.4469683442248,0.6365141682948128,0.0,0.0,0.0,29.54207105263158,125.33639262966359,-31.183297222222222,128.572028202252,69.50292458890013,89.95298099590536,56640.771530347985,91.23438552897237,152.54160988648343,227447.9692087315,13.323443615325901,14.035183874129974,4007.658375055962,3784.3896636505897,7057.946645598248,1.1906248352782438,1074.7165641789143,1.1886912988150808,0.34992710611188266,27.54134392631579,111.14505824927501,-27.058607392777773,105.84866436462731,67.87366561088078,87.72476864357658,53869.44523498327,88.75988663605625,148.22379103932334,214527.69328046954,19.318526536378872,23.706526523689647,8888.961473356161,8703.392441775835,9437.230070685377,1.6143731757475872,2418.487989359936,1.2025926378305751,0.34992710611188266,25.537872789473685,105.43402005710114,-22.966293055555553,114.39475018888324,67.55958636923317,87.35643105863281,53418.022331111664,88.30567499299178,147.44012592081464,212227.02563531947,21.42301273840449,26.846161883013888,10965.452188994497,9535.808265966454,9546.63749503195,1.6530495567921528,2699.9794550205443,1.199663594521687,0.34992710611188266,25.199653684210528,105.4689638212556,-22.14590677777777,119.3004640020853,68.2260276191009,88.32855609274237,54613.536750001156,89.34501201724694,149.26137169874085,217606.45115327655,16.6698633738639,19.90723966038542,6684.03998450878,7664.707320433105,9234.386761041595,1.5458550902451336,2084.4672874132616,1.1909299639229027,0.34992710611188266,26.073447078947364,105.89401400185469,-23.79224458333333,109.60898979683284,71.34812712961353,91.54312416524596,58661.005073535474,92.97411323142832,155.51242646772226,236539.07022647487,11.277883200016019,21.39791136466154,7287.7160870505095,1107.8996481597858,2788.3053078643798,0.7504901081685381,277.83010609417084,1.1433744193413082,0.5,28.91324167894737,120.36591483088368,-30.001146261111117,119.19089279832905,72.57112230248647,92.33266670415082,59677.249384898605,93.77051660462986,156.82256938828112,240602.19305108447,11.038421529468147,26.226444427407333,10227.997943888806,735.0,1039.4469683442248,0.6365141682948128,0.0,0.0,0.0,29.54207157894737,125.33639486263237,-31.183297777777778,128.57203049286625,72.57112359539936,92.33266834913151,59677.25151129498,93.77051827522706,156.8225721822014,240602.20162412795,11.038421726126511,26.22644489465255,10227.998308328846,735.0,1039.4469683442248,0.6365141682948128,0.0,0.0,0.0,29.542072105263156,125.33639709560116,-31.18329833333333,128.57203278348047,"[-2.15015964e+02  1.31077685e+02 -5.15130403e+01  5.06721777e+01
 -1.95044611e+00  5.79540028e+00 -1.34927377e+00  7.69221072e+00
 -9.55783522e+00 -7.42483586e+00  1.48149313e+00 -9.04841148e+00
 -1.03407818e+01  1.71643480e+00  3.83229447e+00  1.12479415e-01
  7.52102287e+00 -1.29760311e-01 -4.98676518e+00 -8.99321537e+00]","[77.90838194 33.55185787 28.16727159 20.86639034 19.35387338 15.87647218
 14.8240302  10.68624178 13.92459632 10.96895111 12.42102242 10.4126773
 11.06421011 11.11521622 12.50983946 12.04909041 13.70001326 12.5617858
 13.73126734 13.71764587]","[-2.33011865 -1.60801491  1.19516643 -0.00360887 -0.34260358  0.44815416
  0.14932813  0.09117581 -0.40616191 -0.03343244  0.21839585 -0.13548494
 -0.15539031  0.27060836  0.14906173  0.05366417  0.09707132 -0.13901722
 -0.06832531  0.10265419]","[ 7.82270926e+00  4.15978081e+00  2.03965446e+00  7.32196633e-01
 -6.99654837e-03  4.33691765e-01  1.12029395e-02 -1.53743832e-01
  2.26977798e-01  1.80265796e-01 -5.41271150e-02 -4.20223708e-02
  4.94379897e-01  4.12049242e-01  1.52800065e-01  4.18436653e-02
  1.10927640e-01  6.51028922e-01 -3.39235842e-02 -2.17073369e-01]","[-2.19973890e-09 -3.71040593e-18  9.27601483e-18  4.63800741e-18
 -1.85520297e-18 -6.60916056e-18 -1.62330259e-18 -3.71040593e-18
 -2.31900371e-18  9.27601483e-19  4.63800741e-18 -9.27601483e-19
 -2.08710334e-18  2.37697880e-18  1.27545204e-18  1.39140222e-18
  4.17420667e-18  3.13065500e-18  2.43495389e-18  3.24660519e-18]","[17.58661244  9.4369092   6.91932559  5.5304274   7.11430648  5.69086162
  5.20304022  4.16257084  4.3074595   4.61196043  4.37188408  4.29975964
  4.10930153  4.07010857  4.05838741  4.12653169  4.11304325  4.05140868
  4.08937477  4.00100564]","[ 6.46256289e-10  3.94256365e-18  4.75426793e-18 -2.43511284e-18
  3.71064814e-18  7.07342302e-18  1.04361979e-18 -3.94256365e-18
 -1.20016276e-17 -4.75426793e-18  1.62340856e-18 -7.71119067e-18
 -2.89894386e-18 -3.47873263e-19  1.56542968e-18  4.87022568e-18
  8.69683158e-20  4.75426793e-18 -8.23300056e-18  1.31612051e-17]","[15.93969617  9.79465161  7.41129542  6.08823398  7.02046915  5.9910463
  5.81316491  5.10047584  5.28957788  5.42921339  5.29630855  5.33018199
  5.08874307  4.91966919  4.84437571  4.91923364  4.90995557  4.86697838
  4.83176069  4.79865571]"
68.2573233471882,86.84419486395963,52793.39927098574,88.1965755695059,147.50066537838305,212848.40997438814,10.382271676039055,24.667482611982006,9048.184773261073,734.9999999999998,1039.4469683442248,0.6365141682948128,0.0,0.0,0.0,27.78602105263158,117.88610345104777,-29.32968888888889,120.92940525539356,68.25732464010119,86.84419650894046,52793.40127098426,88.19657724010312,147.50066817230334,212848.41803782963,10.38227187269742,24.667483079227228,9048.185116037934,735.0,1039.4469683442248,0.6365141682948128,0.0,0.0,0.0,27.786021578947366,117.88610568401654,-29.32968944444444,120.9294075460078,68.16854567343748,86.73793167965997,52664.28154445752,88.09750622936795,147.33282066753054,212398.0850047288,10.388324692770054,24.672966530070404,9052.1234597201,732.3897146532771,1038.6640375804313,0.635975179784436,6.045303584135848,0.9457143254713435,0.0,27.767945040526314,117.90539906710312,-29.340593161722218,120.96231543970751,66.07239857303428,84.5572715748392,50049.52523326777,87.21469939325202,145.66813463559615,208017.21554616105,10.461353529925633,24.76224192193044,9117.01305712666,711.7887956679378,1047.2322679877288,0.6451066555133251,139.29007507209096,1.9405031940946096,0.0,27.49211624736842,118.29161926554596,-29.48644375722222,121.47670221083253,65.63948778633603,84.21674714431724,49647.22349698906,87.46173558482849,146.00022941154893,208925.10905594105,10.450986836364176,24.760171951838153,9115.666365278748,707.2144189308598,1038.4764839427546,0.6374687713922769,145.47698305330496,2.4065690989230357,0.0,27.479472263157888,118.30785058721106,-29.468071387222217,121.46134587086293,64.86008772002957,83.03561941404857,48264.39864032303,87.34945857432723,145.6008262605698,207915.70325755197,10.471726669527857,24.794689235209113,9141.046090500548,694.5828920425027,1038.9723203790231,0.6374364245866188,206.03506988944895,2.460786394700363,0.0,27.3620907263158,118.47922498801469,-29.512427092777777,121.66008624521447,65.25462646531189,83.70926122275384,49050.68290121467,87.59161031478092,146.03025934343103,209044.32016187708,10.461222828294508,24.779601038733247,9130.164533643485,699.5907954019773,1036.0849812494196,0.6352710291812477,187.27243438554135,4.641661933209476,0.0,27.436543394736855,118.4160521826419,-29.49946261833334,121.56466203784323,66.68256831997219,84.74325000318208,50269.928947712724,87.54100593395516,146.06212689476345,209091.7016762351,10.450802609920995,24.758294263480902,9114.437781896479,704.0446573854963,1038.5257703643483,0.6376393516844269,143.6179556997696,2.909923025386037,0.0,27.55259109736842,118.28611626881303,-29.46913697833334,121.45053237558695,66.47905324126792,82.36773773344726,47491.10953528166,87.38470748162345,145.07407276323008,206618.34778191624,10.48486283516444,24.831543469601183,9168.581311390133,657.2496130170373,1039.6094320708053,0.634428812314648,270.69648907511004,1.6285041531459825,0.0,27.39792368421053,118.62475118538485,-29.52609584444444,121.89712794824156,65.20701810288175,80.42219798501961,45274.10950119184,87.10050680736002,144.20671480334,204408.2665787591,10.520909531001992,24.886379504210755,9208.997495097186,639.8841550715164,1061.2750804761959,0.6421839665808532,362.57330952263703,1.3991995829337387,0.0,27.208423814210523,118.88662244998852,-29.595981188333333,122.22454501415386,63.466026740790774,80.59635848268438,45470.41100468559,87.41249785947302,145.0518659804778,206610.56278271202,10.50496659805073,24.869391528227204,9196.43418735591,658.3739976379543,1037.674107981826,0.6330362614271843,348.5574246355835,2.528020116967977,0.0,27.18764029999999,118.8552786501282,-29.582772613888885,122.09288653574265,64.61740921172851,81.05898267397697,45993.91070498068,87.40143960516214,145.03673298207585,206565.74719118778,10.497263547305279,24.86194283707279,9190.97266495439,654.4845389196953,1036.9170058055677,0.6321420159276896,332.488274650319,2.1846055501245525,0.0,27.264016797894737,118.80023314599886,-29.55977648111112,122.0585233451552,63.305609150073174,79.10254977085295,43800.49366175187,86.88349833845002,143.89002132926566,203592.42255948827,10.529708040785378,24.904651178515994,9222.265588465287,639.7673741711212,1062.5078160889936,0.6424848281476172,391.3767913725122,1.2406756990032706,0.0,27.05269874736842,118.99069919031156,-29.613016272222215,122.3306614308928,"[-186.0156062   114.61256677  -16.86310166   45.17317128  -19.26839016
   24.89211217  -17.53215627   18.11779527   -5.91496125    8.40955181
    1.69944205    4.58122209    6.52673757   -2.85368004    7.43571585
   -3.44146538    7.67654934   -4.80175191    3.93249367   -3.72911773]","[116.65611193  36.63614752  37.23173375  24.21195368  29.21794315
  18.67655643  19.99200487  13.8700443   14.00895158  10.08199813
  10.82980602   9.25475982   8.54388354   8.69622196   8.15107897
   7.8053842    7.49732302   8.11885445   7.18779203   9.23043007]","[-7.30059117e-01 -1.13485620e+00  7.38757267e-01  8.68714240e-02
 -1.50495841e-01  5.59860365e-02 -8.84581681e-02  1.70727931e-01
  7.25513492e-02 -1.98271957e-01  4.19076462e-01  2.34607860e-01
  1.69375224e-01 -1.40313998e-01 -1.88899858e-01 -8.03487093e-02
 -3.92502900e-01 -5.70769074e-04  1.07317735e-01  8.34548116e-02]","[ 1.10045356e-01  2.17399898e+00  6.47042775e-02  4.89577567e-02
 -7.11546441e-01 -4.34038049e-01 -5.12676880e-01 -1.14821770e-03
  1.20789933e-01  2.78588455e-01  3.21598485e-01  5.82891745e-01
  3.47577707e-01  4.46709195e-01  9.05448700e-02  1.22375588e-01
  9.10349189e-01 -1.08629505e-01  5.26557298e-01 -2.01948685e-01]","[-1.96708596e-09 -4.72461508e-18  5.90576885e-18 -3.93717923e-19
  9.84294808e-19 -7.08692262e-18  9.00629749e-18  1.16146787e-17
  4.03560871e-18  1.08272429e-18 -3.93717923e-18 -2.16544858e-18
  7.77592898e-18  1.50104958e-18  2.26387806e-18 -1.96858962e-19
 -4.42932663e-18  1.18115377e-18 -4.13403819e-18 -1.37801273e-18]","[33.04559065 12.12465229  9.97240267  8.09876978 10.03897026  7.58315329
  7.70023484  6.21440838  6.27438169  4.69663966  4.83189118  4.79464246
  4.49876561  4.42114156  4.5255634   4.43080375  4.2576039   4.35768146
  4.09621464  4.60063085]","[ 2.49355810e-10 -8.41595377e-18  5.46298754e-18  1.47648312e-19
  1.46171829e-17  5.97975663e-18  1.16150005e-17  1.42726701e-18
 -7.38241559e-20 -6.98868676e-18  5.06925871e-18  6.00436468e-18
 -4.60170572e-18  2.80531792e-18 -7.62849611e-19 -4.98313052e-18
  3.51895143e-18 -3.45743130e-18 -5.90593247e-19  7.28398338e-18]","[30.41430387 13.09177737 10.40945385  8.89567824 11.08218189  8.40772409
  8.48482029  7.41054054  7.57245955  6.03000331  6.00438548  6.25525046
  5.94208398  5.69150351  5.84288674  5.71395561  5.64853016  5.5996019
  5.53334023  5.91263133]"
62.74906157219879,79.83600093704987,44616.5093193444,81.07924658454974,135.59758689467762,179881.4472711756,9.544438204020317,22.676854428897943,7646.759364502952,734.9999999999999,1039.4469683442248,0.6365141682948129,0.0,0.0,0.0,25.54373157894737,108.37287489769585,-26.962827777777775,111.17058689311568,62.74906286511182,79.83600258203072,44616.51115794611,81.07924825514696,135.59758968859788,179881.45468390972,9.54443840067868,22.676854896143166,7646.759679618242,734.9999999999999,1039.4469683442248,0.6365141682948128,0.0,0.0,0.0,25.54373210526316,108.37287713066463,-26.962828333333334,111.17058918372993,62.74906415802477,79.8360042270115,44616.51299654778,81.07924992574422,135.59759248251825,179881.46209664422,9.544438597337047,22.676855363388388,7646.759994733541,735.0,1039.446968344225,0.6365141682948128,0.0,0.0,0.0,25.543732631578948,108.3728793636334,-26.96282888888889,111.17059147434415,62.749065450937756,79.8360058719923,44616.51483514952,81.07925159634146,135.59759527643857,179881.4695093787,9.544438793995417,22.676855830633613,7646.760309848852,734.9999999999999,1039.4469683442248,0.6365141682948128,0.0,0.0,0.0,25.54373315789474,108.37288159660221,-26.962829444444445,111.17059376495841,62.74906674385072,79.83600751697308,44616.51667375129,81.07925326693871,135.5975980703589,179881.47692211348,9.544438990653783,22.676856297878828,7646.760624964164,734.9999999999997,1039.4469683442248,0.6365141682948128,0.0,0.0,0.0,25.543733684210526,108.37288382957097,-26.96283,111.17059605557263,62.74906803676369,79.8360091619539,44616.5185123531,81.07925493753595,135.59760086427923,179881.48433484827,9.544439187312149,22.676856765124054,7646.760940079483,734.9999999999997,1039.4469683442248,0.6365141682948128,0.0,0.0,0.0,25.543734210526313,108.37288606253975,-26.962830555555556,111.17059834618686,62.749069329676665,79.8360108069347,44616.52035095495,81.0792566081332,135.59760365819955,179881.4917475833,9.544439383970518,22.676857232369283,7646.761255194811,735.0000000000001,1039.446968344225,0.6365141682948128,0.0,0.0,0.0,25.543734736842104,108.37288829550853,-26.96283111111111,111.1706006368011,62.749070622589606,79.83601245191544,44616.52218955678,81.07925827873045,135.5976064521199,179881.49916031846,9.544439580628879,22.676857699614494,7646.761570310137,734.9999999999999,1039.4469683442248,0.6365141682948128,0.0,0.0,0.0,25.543735263157895,108.37289052847733,-26.962831666666666,111.17060292741533,62.749071915502626,79.83601409689629,44616.52402815876,81.0792599493277,135.59760924604024,179881.5065730538,9.54443977728725,22.676858166859724,7646.7618854254815,734.9999999999998,1039.4469683442248,0.6365141682948128,0.0,0.0,0.0,25.543735789473686,108.3728927614461,-26.96283222222222,111.17060521802958,62.74907320841554,79.83601574187703,44616.52586676066,81.07926161992494,135.59761203996055,179881.51398578926,9.54443997394562,22.676858634104953,7646.762200540831,734.9999999999999,1039.4469683442248,0.6365141682948128,0.0,0.0,0.0,25.543736315789474,108.37289499441488,-26.962832777777777,111.1706075086438,62.74906286511182,79.83600258203072,44616.51115794611,81.07924825514696,135.59758968859788,179881.45468390972,9.54443840067868,22.676854896143166,7646.759679618242,734.9999999999999,1039.4469683442248,0.6365141682948128,0.0,0.0,0.0,25.54373210526316,108.37287713066463,-26.962828333333334,111.17058918372993,62.74906299440308,79.83600274652879,44616.51134180626,81.07924842220669,135.59758996798996,179881.45542518323,9.544438420344521,22.676854942867696,7646.759711129778,735.0000000000001,1039.4469683442248,0.6365141682948128,0.0,0.0,0.0,25.543732157894738,108.37287735396151,-26.96282838888889,111.17058941279134,62.74906312369443,79.83600291102691,44616.51152566648,81.07924858926643,135.59759024738202,179881.45616645672,9.544438440010358,22.67685498959222,7646.759742641308,735.0000000000001,1039.4469683442248,0.6365141682948128,0.0,0.0,0.0,25.543732210526315,108.3728775772584,-26.962828444444444,111.17058964185277,"[-161.75892309  134.65586721  -13.36050769   38.62593257   -5.55311565
   17.62816032   -6.20310893   12.302524     -4.65657323    2.03708383
   -4.30921395    5.42788735   -3.64973087   -2.40197991    0.32635903
   -1.86457168    2.29095012   -1.14035361    4.68066353   -2.15459681]","[133.09418953  32.3176971   29.72091374  17.60886708  17.09724068
  10.90561368  11.2027855   13.53785454  10.18016943  11.36073287
   8.60870923   9.03552633   7.27893275   8.14679294   7.0524228
   6.4176879    8.13638659   7.56252206   7.82297255   7.50420003]","[-0.64706775 -1.93020252  0.37339237 -0.54228213  0.60061023 -0.25600414
 -0.11197886 -0.1285118   0.20252938 -0.24788003 -0.07097485  0.17259456
  0.25969387  0.18349701  0.19219353  0.16718151 -0.18874415  0.36817933
  0.01012431  0.4045117 ]","[-0.74240025  4.53497833 -0.46574902  0.66125911  0.15111178  0.83988682
  0.27180841 -0.5430286   0.55207895  0.1715291   0.06524482  0.30916143
  0.82370653  1.18006742  0.54688974  0.39000549  0.3660351   0.68165608
  0.18877436  1.03296665]","[-4.71698117e-10  0.00000000e+00 -1.62502627e-18  6.09384851e-19
 -4.06256567e-19 -7.10948992e-19  1.62502627e-18  2.03128284e-18
 -3.04692425e-18 -1.26955177e-18  1.01564142e-19 -3.32622564e-18
 -1.62502627e-18 -2.50101699e-18  9.64859347e-19 -6.60166921e-19
 -5.99228436e-18  0.00000000e+00  5.53524573e-18  8.63295205e-19]","[9.38825389 5.3162535  4.57608962 4.25227405 4.24977991 4.01473158
 4.02029128 3.95599196 3.85168947 3.92811902 3.66871875 3.64862077
 3.52245871 3.51390716 3.5204421  3.51586391 3.51937752 3.54866788
 3.52994023 3.4771613 ]","[ 2.83026963e-10 -2.53917613e-19  4.44355823e-18  2.37412968e-18
 -4.25312002e-18 -7.66831192e-18  1.62507273e-18 -6.39872386e-18
  7.43978607e-18  6.11941448e-18  2.64074318e-18  5.45922869e-18
  1.05375810e-17  1.14262926e-18  9.01407527e-19 -9.14738202e-18
 -8.78554942e-18  6.34794033e-19  4.90060994e-18 -2.24717088e-18]","[8.92136197 5.79402268 5.35143241 5.32577111 5.30509856 5.04611121
 5.0343439  5.00508576 4.91223039 4.90935598 4.7933352  4.77613142
 4.70807362 4.69734195 4.74545835 4.76614946 4.75592023 4.76814544
 4.73740221 4.7155354 ]"
42.383057392582586,47.80070438595855,15994.351378556577,58.07795744502596,89.06848481823295,79063.20907081034,22.23532993092903,45.68033831783763,29994.483131632885,3136.3221870154507,4501.587203587843,1.5399605936789373,1588.6049853817426,3.939415137117361,1.019803902718557,22.17438237894737,134.5617769629055,-32.468786877777774,169.55594118125657,40.97020940835874,45.06316113647932,14214.819441286105,53.781628415763755,82.48664092395718,68686.7944808811,22.548997984660517,46.625955425208986,31106.880981308965,3048.504520482251,4447.303592645026,1.2497839846902232,2040.8321089628848,2.8724994966828072,1.019803902718557,22.046537884210526,137.11838548273064,-32.63839257222222,173.13963303291914,41.416931878981146,46.70468443450033,15269.2928368838,53.83182581785805,84.83560456438325,72768.19965278039,22.297796262189706,45.54859096593856,29742.13739592584,2106.804585907376,4073.1035287978807,1.0689579910821103,2234.6503214325585,4.692275519293398,0.82915619758885,22.758896842105266,138.81686457167237,-32.775359766666675,172.83675859705104,37.62447732295535,44.56885313003941,13904.678685289166,52.19958463260453,83.19163188656773,70031.39694809407,22.92161100613879,45.92543516133125,30248.810481579305,2248.6068005884777,4338.076903836872,1.1093292376448478,2265.2254452174957,4.208353541817752,0.82915619758885,22.33188844210527,138.85337601900548,-32.855450461111126,173.43428498052702,34.61904778243595,41.25689351877352,11914.91883973592,49.94195214625803,79.71277502287028,64764.28758712174,22.86300571448125,46.69445865649212,31187.445098723256,2665.8621998409667,4017.716351366559,1.3961176798804604,2533.3036469319622,5.887156991744908,1.5,21.79517340526316,139.73583967831655,-33.08288604444445,175.16553915013472,37.70300334960837,42.99091312399013,12937.530278641269,51.83107182540255,84.16189030285297,71790.1999955044,24.13302711901128,47.098899211631036,31599.48848327148,2718.11197199432,4399.680191976401,1.3687498678305654,2447.488001099719,3.489923546212506,1.6393596310755,21.785445052631573,140.09922817658278,-33.300308,175.31685764508964,38.582231405590036,44.34545163483325,13765.633564881347,53.58073355115795,87.65237421961083,77570.33383007595,24.40701084953618,47.5518740798878,32178.62271160151,2949.7185986574023,4565.643505679253,1.3976774840405861,2291.2552716426167,4.037103711778511,1.0897247358851685,21.97094944736842,139.6786185072876,-33.21406239444445,175.23788568479495,36.753073257299945,42.92362035015037,12897.060287746903,53.464121499301136,85.83268467624175,74547.37482371017,25.297303120235178,47.9940590812524,32729.970517329682,3782.446731775529,5094.328848488629,1.5139334502019854,2297.8745875391487,2.678062871240574,1.0897247358851685,21.781081473684214,139.77858676369328,-33.18390022222223,175.86583856576374,35.86120973023314,42.83338599386387,12842.892689895336,54.46000977479773,87.54083787843138,77696.78096010491,25.191925368488477,47.06740860504204,31516.00721924629,4118.595233860895,5182.995639502932,1.5573759429929923,2360.0516579203145,2.0729589983872114,0.8,22.07454394736842,140.10350859002466,-33.311686055555555,174.7321703900462,37.0625038856989,43.327082750730085,13140.652697820286,53.47392493273877,87.29276780378412,77181.81180295505,25.3705726149191,47.2782996898993,31780.940587825302,3601.0970366720085,4982.246609533036,1.4652470595248102,2285.1807134626847,1.976751621613593,0.4898979485566356,21.958322052631573,139.90319769618984,-33.35851405555556,174.8347532683655,41.35736853069797,45.42374466194433,14443.216053794615,52.50037039737478,87.8679612713071,78290.69019734918,24.948914582770975,46.597725431832885,30902.233197143087,3046.481024778126,4467.270018075752,1.4330780306638262,2321.2795463198886,2.7852173032807164,1.0897247358851685,21.959142552631576,139.96505047465254,-33.492356750000006,173.92862341966037,42.07987950995694,46.197643491196665,14939.55584897794,54.825541670801364,90.6487292904727,83051.50253440776,24.536315915608256,46.287421891540866,30522.368695721125,3094.3896905579827,4474.5891543222615,1.4023369461933641,2279.13850101839,2.697811711281132,0.82915619758885,22.188749894736848,140.06421788291848,-33.45469166666666,173.4820575608942,41.93184657619737,46.8858153801411,15387.957787024732,57.3036689706999,93.81471299518394,88674.58848589112,24.0983657030637,45.537319598905476,29591.93474559948,3141.46816254867,4503.109423982606,1.3729677898410644,2217.4739296806383,3.3624016528027236,0.816496580927726,22.63254781578948,140.0931025777009,-33.34189147222223,172.42514266358978,"[-258.0944633   183.75582552  -64.22122674   23.27560432   17.30119834
   -2.09535218   -2.20161413   -4.86538374   -4.21867028   -6.14602202
   -7.86232926   -1.43927431   -2.99357513   -5.42593835   -5.83451649
   -8.35623941   -5.74104687   -4.44390606   -3.20431091   -6.58236897]","[60.98072797 22.71341326 21.49236226 18.18297908 15.11889935 11.64779273
 13.22661677 10.31395119  8.75298497 10.23477821  8.910077    8.74439168
  8.78971757  8.57829448  8.27548042  8.08014797  7.26405186  6.41856614
  6.19710982  6.55012976]","[-1.21219303 -1.46604192  1.18512132  0.04126377 -0.21163706  0.10863003
  0.21812215  0.13383597  0.14050679 -0.13564527  0.08717048 -0.14151955
  0.21565916  0.27699242  0.09601021 -0.00738153  0.12817659 -0.13124862
  0.07855149  0.06928199]","[ 2.75551107  6.18022494  2.24660137 -0.08874715 -0.27457434 -0.09349541
 -0.06668692  0.14430868 -0.13234226  0.24266723  0.30828662  0.41861092
  0.42707804  0.11257965  0.03031509  0.24071135 -0.03163545  0.76047384
  0.01190566 -0.07912524]","[-4.71447771e-03 -2.86019162e-03  9.82351297e-04  7.43328232e-05
 -7.35120537e-04 -4.47087922e-04 -8.48791306e-04 -7.71563375e-04
  9.79355955e-05  2.38389044e-04  6.17611710e-04  5.97839854e-04
 -9.36580838e-05 -9.21273941e-05  3.33864986e-04  5.19038929e-04
  1.80185363e-04 -5.43732589e-04 -7.97203415e-04 -2.34303659e-05]","[13.81176209  6.76765298  6.22567004  5.7846387   5.24627686  4.62795901
  5.09825365  3.93094383  3.9656655   4.22305691  3.8353085   3.94255947
  3.7941915   3.67263694  3.8469727   3.71851791  3.50602655  3.47103458
  3.48689719  3.46259523]","[-3.84103708e-03 -3.16067956e-03  6.09319863e-04  6.65639713e-04
 -8.22515059e-04 -1.33325200e-04  8.35181246e-04  5.90944389e-04
  2.60141235e-04  4.59084147e-04  3.27145449e-05 -1.29865219e-04
  1.82389039e-04  9.59017344e-05 -1.78912859e-04 -3.72767852e-04
 -1.97125115e-04  9.87421496e-05  1.55736910e-04  4.26006166e-05]","[11.71890952  7.37268478  6.86749129  6.55498691  6.14907888  5.68179356
  6.00021196  5.06980231  5.1520474   5.46537131  5.01613056  5.12843407
  5.00700229  4.82480113  5.00498306  4.92125204  4.72218587  4.73782268
  4.72953625  4.65605541]"
65.54283575720305,83.39053630161901,48677.87081270147,84.68913492984194,141.63479332173043,196255.73549904738,9.96938487886547,23.686495193447996,8342.830269774196,734.9999999999999,1039.4469683442248,0.6365141682948128,0.0,0.0,0.0,26.681014210526317,113.1979564631868,-28.16329277777778,116.1202308879728,65.54283588649433,83.39053646611704,48677.87100474757,84.68913509690168,141.63479360112248,196255.73627332444,9.969384898531311,23.68649524017253,8342.830302688719,735.0000000000001,1039.446968344225,0.6365141682948128,0.0,0.0,0.0,26.681014263157895,113.19795668648365,-28.163292833333333,116.12023111703421,65.5428360157856,83.39053663061509,48677.8711967937,84.68913526396139,141.63479388051448,196255.73704760152,9.969384918197145,23.68649528689704,8342.830335603228,735.0000000000001,1039.446968344225,0.6365141682948128,0.0,0.0,0.0,26.681014315789476,113.19795690978054,-28.16329288888889,116.12023134609564,65.54283614507698,83.39053679511323,48677.87138883995,84.68913543102111,141.63479415990653,196255.7378218787,9.969384937862982,23.68649533362157,8342.830368517745,735.0,1039.4469683442248,0.6365141682948128,0.0,0.0,0.0,26.681014368421053,113.19795713307742,-28.163292944444446,116.12023157515705,64.5147499929892,79.48905813804099,44229.57254571003,84.81475832356352,140.29513165715792,193080.10148992678,10.911242239826104,23.21948833282002,8113.740738018413,727.9843217766507,1558.2343774654246,0.6546216674751677,375.6852266661051,2.3948065086543853,1.118033988749895,26.361741710526314,113.36328479906204,-28.200928055555554,115.96932958665744,59.48959937215238,71.7875664127109,36074.18284021565,81.50831088711172,134.48816669260984,178090.96459877826,12.568449550168582,23.736993745760547,8598.225810560256,1183.2191808430148,3328.010808605976,0.8202340518898192,560.3940241347666,4.706362504855847,1.16619037896906,25.141411315789473,110.98980421297277,-27.383286472222224,115.54124487517731,57.55964736550617,70.41086371568284,34703.82810431924,81.26751201185542,133.25351195707285,174613.80390360893,12.236891702074367,23.234946192766472,8397.220107489593,1337.5585043290203,3694.5880113240305,0.8333310408818001,467.76664126973253,4.0300399767928345,0.4517539514526256,24.498185157894735,108.4880715072536,-26.912179277777778,113.15204721703115,56.64761100173724,71.01692796246918,35303.828400585764,79.62646788243441,131.85828942972913,170869.0196031573,12.368053196877211,23.361794590842653,8473.74838307722,1411.7088683445365,3692.621561317692,0.8786120376274933,381.9841033768648,4.15163149864429,1.1055415967851334,24.355344884210524,107.89444302993711,-26.712804577777774,112.97917074161613,56.16896477936087,71.19857886227204,35484.663424050195,78.72292618957344,131.96332280448445,171226.81409039506,12.122399888718913,23.85592865662088,8779.159491493127,1441.1470460829971,3644.753487465754,0.8971719886776971,334.3260467157057,3.811121816383902,1.1055415967851334,24.41534094736842,108.02326693317013,-26.671954427777774,113.68656628922274,57.776094824551784,72.0929159655797,36381.71972694096,81.19548219844266,135.05626610499053,178696.77049479706,13.153007350715974,24.25719477059072,9046.229119979247,1457.6452224569427,3488.7858724288108,0.9072722503664941,233.69488275936723,3.2968769128933255,0.49487165930539345,24.201657634210527,107.57974940074254,-26.810183036111113,113.45884001730964,58.95590557280762,73.84946102770108,38176.20025857358,80.50539841407978,134.36043235830525,176690.9301015583,12.185179218237765,23.432585736045482,8502.238323188425,1375.360963425113,3253.680794767351,0.8932596876622567,300.91764669148085,2.3662799109219144,1.1055415967851334,24.36071754736842,107.70269854171458,-26.787084549999996,112.52025613061676,57.95748346981811,72.86276603457057,37162.87871946,80.21622530925428,132.84563256349693,172922.4219993178,12.327487226108907,22.999869372465835,8174.012729971668,1333.579772493896,3282.6776151568665,0.8724264157961954,446.38220922303435,2.995517665166998,0.9797958971132712,24.6090687368421,108.48983565390621,-26.736071622222216,112.7302517791834,60.9132427334391,73.38673068011856,37699.28567941378,81.00752766817034,133.74562462269213,175093.74402149944,12.649299426771499,23.573709593345683,8559.263073532595,1188.092546449318,2934.132492144273,0.8047770981938435,372.2200842326533,3.979449676630682,0.9797958971132712,24.22348475263158,108.90510395046945,-26.862297461111112,113.89212796382274,"[-167.51250355  154.08344326  -36.47251008   26.08649013  -19.71626249
    4.00842339    5.67580313   -6.60802443   -5.19358169    2.83406514
   -0.84733506   -1.22490251   -8.84266737    2.78953081   -4.08802193
    0.68572475    5.18001508    7.66070421    5.88302267    7.9580546 ]","[64.78741378 28.29705026 26.08030391 22.26012914 18.46363508 11.07172652
 15.59315996 14.64590651 12.47243042 10.51743441 10.7174932   8.92730548
 10.28586775 10.21978546  9.48518889  8.73644449 11.88367734 10.78207373
 10.72632226 11.62343973]","[-0.7711986  -1.02570728  0.63341227  0.51971919  0.08819921  0.17849729
  0.20391411 -0.05750992  0.060286   -0.06957276  0.08780126  0.06664001
 -0.14839128  0.42335741  0.32826854  0.15356987  0.429589   -0.00118855
 -0.18445207 -0.19421286]","[ 2.11594387e+00  2.58965859e+00  5.80331260e-01  1.08886186e-01
  4.40472656e-02  1.90532910e-01  1.59945371e-03 -2.30643396e-01
 -1.97342733e-01 -1.60434088e-01 -2.20740677e-01  9.04803512e-02
  1.04361169e-01  2.72734636e-01  4.42145808e-01  4.29005436e-01
 -8.20991878e-02  1.77442866e-02  1.28734706e-01  4.57390141e-02]","[-1.60842827e-10  2.28571390e-18  1.71428542e-17  8.57142711e-18
 -4.71428491e-18 -7.28571304e-18 -8.57142711e-19  2.14285678e-18
 -6.42857033e-19 -3.28571372e-18  1.85714254e-18 -1.07142839e-18
 -4.92857059e-18 -1.49999974e-18  1.71428542e-18 -4.35714211e-18
  7.14285592e-19 -1.21428551e-18  6.85714169e-18 -2.85714237e-19]","[20.57831085  9.33439869  8.56059245  6.94891101  6.93839222  5.13863125
  6.2958918   5.84778655  5.29417894  4.95804733  4.98062353  4.6604926
  4.6230979   4.59389271  4.55304894  4.49971787  4.67630422  4.71577447
  4.65100079  4.72821391]","[-1.06255951e-04 -5.63427055e-05 -1.36595842e-04 -5.39205123e-05
 -1.03550121e-04 -5.71476516e-05 -6.73220203e-05 -7.06822101e-05
 -3.83249960e-05 -8.76975028e-05 -1.70182685e-05 -9.59316592e-05
 -2.39546264e-06 -9.06270347e-05  1.84361722e-07 -7.83751046e-05
 -1.64299501e-05 -6.74871079e-05 -4.95131092e-05 -5.75961074e-05]","[19.11595899 10.51423396  9.00684729  7.87679906  7.70077274  6.29388526
  7.35963702  6.9812783   6.4400942   6.05685266  6.12583267  5.94896339
  5.90807572  5.81050826  5.75088073  5.79113438  5.88976962  5.89623695
  5.78179424  5.7513393 ]"
76.00062696686655,96.6960457051903,65450.876785141765,98.20184429908792,164.23355761794448,263879.8646709476,11.560065909789493,27.465831536772978,11217.53164034988,734.9999999999999,1039.4469683442248,0.6365141682948128,0.0,0.0,0.0,30.93814578947368,131.25943611044923,-32.656931666666665,134.64797867024484,76.00062709615791,96.69604586968845,65450.87700783024,98.20184446614768,164.23355789733654,263879.86556876585,11.560065929455334,27.465831583497508,11217.531678516129,734.9999999999999,1039.4469683442248,0.6365141682948128,0.0,0.0,0.0,30.938145842105268,131.25943633374612,-32.656931722222225,134.64797889930628,76.0006272254492,96.69604603418652,65450.87723051863,98.2018446332074,164.23355817672856,263879.866466584,11.560065949121169,27.46583163022203,11217.531716682372,734.9999999999998,1039.4469683442248,0.6365141682948127,0.0,0.0,0.0,30.938145894736845,131.25943655704302,-32.65693177777778,134.6479791283677,76.00062735474046,96.69604619868457,65450.877453206995,98.20184480026714,164.2335584561206,263879.8673644021,11.560065968787008,27.465831676946557,11217.531754848615,735.0,1039.4469683442248,0.6365141682948128,0.0,0.0,0.0,30.938145947368422,131.2594367803399,-32.65693183333334,134.6479793574291,76.00062748403174,96.69604636318266,65450.877675895375,98.20184496732685,164.23355873551264,263879.8682622202,11.560065988452846,27.465831723671084,11217.531793014865,735.0,1039.4469683442248,0.6365141682948128,0.0,0.0,0.0,30.938146000000003,131.2594370036368,-32.65693188888889,134.64797958649058,76.00062761332308,96.69604652768074,65450.87789858379,98.20184513438657,164.2335590149047,263879.8691600384,11.560066008118683,27.465831770395607,11217.531831181106,735.0,1039.4469683442248,0.6365141682948128,0.0,0.0,0.0,30.93814605263158,131.25943722693364,-32.656931944444445,134.647979815552,76.00062774261438,96.69604669217884,65450.87812127222,98.2018453014463,164.2335592942967,263879.87005785643,11.560066027784522,27.465831817120122,11217.531869347353,735.0,1039.4469683442248,0.6365141682948128,0.0,0.0,0.0,30.93814610526316,131.25943745023054,-32.656932000000005,134.6479800446134,76.00062787190566,96.6960468566769,65450.8783439606,98.20184546850601,164.23355957368872,263879.87095567456,11.560066047450352,27.465831863844638,11217.531907513589,734.9999999999999,1039.4469683442248,0.6365141682948128,0.0,0.0,0.0,30.93814615789474,131.2594376735274,-32.65693205555556,134.64798027367482,76.00062800119697,96.69604702117499,65450.87856664899,98.20184563556576,164.23355985308078,263879.8718534928,11.560066067116189,27.465831910569154,11217.531945679832,734.9999999999998,1039.4469683442248,0.6365141682948128,0.0,0.0,0.0,30.938146210526316,131.25943789682432,-32.65693211111111,134.64798050273623,76.00062813048825,96.69604718567304,65450.878789337374,98.20184580262546,164.2335601324728,263879.8727513108,11.560066086782026,27.465831957293684,11217.531983846078,735.0,1039.4469683442248,0.6365141682948128,0.0,0.0,0.0,30.938146263157897,131.25943812012113,-32.65693216666667,134.64798073179767,76.00062709615791,96.69604586968845,65450.87700783024,98.20184446614768,164.23355789733654,263879.86556876585,11.560065929455334,27.465831583497508,11217.531678516129,734.9999999999999,1039.4469683442248,0.6365141682948128,0.0,0.0,0.0,30.938145842105268,131.25943633374612,-32.656931722222225,134.64797889930628,76.00062710908699,96.69604588613822,65450.877030099036,98.20184448285364,164.23355792527576,263879.86565854773,11.560065931421915,27.465831588169955,11217.531682332752,734.9999999999998,1039.4469683442248,0.6365141682948128,0.0,0.0,0.0,30.93814584736842,131.2594363560758,-32.65693172777778,134.64797892221242,76.00062712201613,96.696045902588,65450.877052367825,98.2018444995596,164.23355795321493,263879.8657483294,11.560065933388499,27.46583159284241,11217.531686149374,735.0,1039.4469683442248,0.6365141682948128,0.0,0.0,0.0,30.93814585263158,131.2594363784055,-32.65693173333333,134.64797894511858,"[-2.22291084e+02  1.41262795e+02 -3.62333283e+01  5.70027161e+01
 -7.78142181e-01  1.43388202e+01  1.58693416e-01 -1.74242990e+00
 -2.52249424e+00  2.40081143e+00 -1.06050321e+01 -6.25007467e-01
 -3.14524844e+00  1.83558017e+00  1.47336148e+00 -3.30782706e+00
 -6.67117658e+00 -3.40286168e+00 -1.27535938e-01 -3.51645401e+00]","[65.16261253 27.97623668 26.56746677 20.56936611 24.13322837 18.06991924
 21.33973899 14.09615285 13.84665726 12.49593288 10.71639515 10.91055695
 10.65040512 12.48583893 10.21438206 10.48014931 10.07985496  9.10132765
  8.93617099  9.39084865]","[-2.50240088 -1.90416388  0.57336266 -0.0115116  -0.19728535 -0.16562502
  0.4777724   0.16857403 -0.19572969  0.242785    0.07789356 -0.18119308
  0.07098903  0.55057191  0.09438819  0.23031409  0.31883086  0.15091322
 -0.20319382  0.0445438 ]","[11.86417316  7.5705314  -0.22514014  0.20793369 -0.11490241  0.1199424
 -0.2792706  -0.02692883  0.15979058 -0.04474772  0.37462581  0.24175244
  0.1513796   0.63235165  0.69214538  0.59081622  0.43910733  0.95109353
  0.96291156  0.55644011]","[-1.22615801e-10 -5.09495723e-19 -1.01899145e-18  4.58546151e-18
 -6.11394868e-18 -2.54747862e-19 -6.36869654e-18 -3.69384399e-18
 -5.73182689e-19  3.43909613e-18  6.36869654e-19 -4.58546151e-18
  1.21005234e-18  1.91060896e-18  6.68713137e-18 -2.48379165e-18
 -1.78323503e-18 -1.46480020e-18  2.29273075e-18 -5.09495723e-18]","[15.16297594  8.31448174  5.78413504  6.1637949   6.90499277  5.2062348
  4.5594552   4.49110806  4.58363662  4.2680566   4.26609242  4.32408955
  4.29656846  3.93826689  3.76437683  3.78461361  3.71548231  3.63414711
  3.6544477   3.67665239]","[ 3.54953212e-11  2.03805596e-18  4.13980117e-18  3.94873343e-18
 -1.33747423e-17 -2.45203608e-18  4.45824742e-19  1.43300810e-18
 -1.30562960e-18  5.73203240e-19 -4.42640279e-18 -2.32465758e-18
 -9.10756258e-18 -3.02523932e-18 -6.11416789e-18 -1.01106683e-17
 -1.36931885e-18 -4.07611193e-18 -3.59844256e-18  5.20659609e-18]","[13.91083556  8.9163872   6.25296331  6.40823689  7.15653344  5.67931171
  5.3490868   5.32282379  5.45527748  5.19926571  5.19738346  5.328085
  5.21880715  4.8120319   4.63489621  4.64649923  4.62597443  4.54981345
  4.55867124  4.57262582]"
77.25709659972247,98.29465942582168,67632.88050146792,99.8253524223307,166.94872571692352,272677.1012192954,11.751181066981502,27.919906518050936,11591.502119119797,735.0000000000001,1039.446968344225,0.6365141682948128,0.0,0.0,0.0,31.449626315789477,133.4294642020658,-33.19682777777778,136.87402736321616,77.25709789263549,98.29466107080252,67632.88276516758,99.82535409292792,166.9487285108438,272677.1103459071,11.751181263639868,27.91990698529616,11591.502507092015,735.0,1039.446968344225,0.6365141682948128,0.0,0.0,0.0,31.449626842105264,133.42946643503458,-33.196828333333336,136.8740296538304,77.25709918554843,98.29466271578332,67632.88502886723,99.82535576352517,166.94873130476415,272677.1194725191,11.751181460298229,27.919907452541363,11591.50289506423,734.9999999999999,1039.4469683442248,0.6365141682948128,0.0,0.0,0.0,31.44962736842105,133.42946866800338,-33.19682888888889,136.87403194444462,77.25710047846142,98.2946643607641,67632.88729256688,99.82535743412244,166.94873409868453,272677.12859913125,11.751181656956598,27.919907919786596,11591.503283036463,734.9999999999998,1039.4469683442248,0.6365141682948128,0.0,0.0,0.0,31.44962789473684,133.42947090097212,-33.19682944444444,136.87403423505884,77.25710177137444,98.29466600574492,67632.88955626661,99.82535910471968,166.94873689260484,272677.13772574335,11.751181853614964,27.919908387031814,11591.503671008706,735.0000000000001,1039.446968344225,0.6365141682948128,0.0,0.0,0.0,31.449628421052633,133.42947313394097,-33.196830000000006,136.87403652567312,77.25710306428739,98.2946676507257,67632.89181996635,99.8253607753169,166.94873968652516,272677.14685235574,11.751182050273334,27.91990885427704,11591.50405898095,735.0,1039.4469683442248,0.6365141682948128,0.0,0.0,0.0,31.44962894736842,133.42947536690974,-33.19683055555556,136.87403881628737,77.25710435720033,98.29466929570648,67632.89408366612,99.82536244591417,166.94874248044547,272677.15597896825,11.751182246931702,27.919909321522265,11591.5044469532,734.9999999999999,1039.4469683442248,0.6365141682948128,0.0,0.0,0.0,31.44962947368421,133.42947759987845,-33.19683111111111,136.87404110690161,77.25710565011333,98.29467094068733,67632.89634736601,99.82536411651141,166.94874527436582,272677.165105581,11.751182443590064,27.919909788767477,11591.50483492545,734.9999999999999,1039.4469683442248,0.6365141682948128,0.0,0.0,0.0,31.44963,133.4294798328473,-33.19683166666667,136.87404339751583,77.25710694302627,98.29467258566808,67632.89861106582,99.82536578710867,166.94874806828616,272677.1742321939,11.751182640248432,27.919910256012702,11591.505222897717,735.0,1039.4469683442248,0.6365141682948128,0.0,0.0,0.0,31.449630526315786,133.42948206581605,-33.19683222222222,136.87404568813002,77.25710823593928,98.29467423064891,67632.90087476576,99.8253674577059,166.94875086220645,272677.1833588068,11.7511828369068,27.91991072325793,11591.505610869988,734.9999999999997,1039.4469683442248,0.6365141682948128,0.0,0.0,0.0,31.44963105263158,133.42948429878487,-33.19683277777778,136.8740479787443,77.25709789263549,98.29466107080252,67632.88276516758,99.82535409292792,166.9487285108438,272677.1103459071,11.751181263639868,27.91990698529616,11591.502507092015,735.0,1039.446968344225,0.6365141682948128,0.0,0.0,0.0,31.449626842105264,133.42946643503458,-33.196828333333336,136.8740296538304,77.25709802192671,98.29466123530054,67632.88299153747,99.82535425998766,166.94872879023586,272677.1112585683,11.751181283305707,27.919907032020667,11591.502545889234,735.0,1039.4469683442248,0.6365141682948128,0.0,0.0,0.0,31.44962689473684,133.42946665833145,-33.19682838888889,136.87402988289185,77.25709815121806,98.29466139979867,67632.8832179075,99.82535442704739,166.9487290696279,272677.1121712295,11.75118130297154,27.919907078745197,11591.502584686456,734.9999999999995,1039.4469683442246,0.6365141682948128,0.0,0.0,0.0,31.449626947368422,133.42946688162834,-33.19682844444444,136.87403011195323,"[-2.00788281e+02  1.27443297e+02 -7.33761736e+01  5.40791490e+01
 -6.96005353e+00  5.74236273e+00 -2.14984581e+00  1.08089370e+01
 -1.03763373e+01 -3.99045517e+00  1.10963323e-01 -3.70162401e+00
 -6.58740196e+00 -1.99409767e+00 -3.44841208e+00 -3.88309289e+00
  3.14652857e+00 -3.46324490e+00 -3.86279597e-01 -1.57546513e+00]","[83.8400769  33.49630249 26.74107005 20.13644661 18.66734718 15.98723374
 14.83746646 12.06923262 12.55206962 12.01133758 12.75237482  9.83515743
 10.79225626 10.02401075 11.25394637 10.58092211 11.11339837 11.04662693
 11.58159824 11.85384186]","[-2.5689745  -1.10402906  1.40847743 -0.55716295  0.16809466 -0.08536318
 -0.03996681 -0.00959206  0.02534197  0.16403247  0.08717429 -0.04261792
 -0.11513651  0.62435596  0.37754206  0.66667537  0.18865458  0.30009762
  0.42359918  0.13313717]","[ 9.21319589  2.99112421  2.71050957  0.87854164 -0.03814805 -0.24778719
 -0.07761689  0.0841099  -0.07497054  0.10947233 -0.10328134 -0.06909073
  0.08771213  2.04128641  1.21102776  1.03261064  0.2220184   0.47740198
  0.79007675  0.56829687]","[-1.88028025e-09  2.92826184e-18  2.92826184e-18 -2.56222911e-18
  6.95462187e-18 -9.33383462e-18  3.47731094e-18 -5.49049095e-19
 -1.09809819e-18 -5.94803186e-18  7.13763824e-18  9.24232644e-18
  1.28111456e-18  4.02636003e-18  6.31406460e-18 -3.47731094e-18
  8.60176916e-18  4.02636003e-18 -4.02636003e-18 -2.65373729e-18]","[19.49596274  9.58246036  6.8677767   5.62865471  6.82205445  5.73820539
  5.58681922  4.5285974   4.83931855  4.68685664  4.85095927  4.48928264
  4.34887544  4.29312874  4.1283362   4.17359568  4.15053292  4.22671991
  4.15681654  4.16203405]","[ 5.10020093e-10 -7.50405754e-18 -4.94169643e-18 -2.56236111e-18
  2.01328373e-18 -7.22951885e-18 -8.51069940e-18  5.21623512e-18
 -3.93505456e-18  4.48413194e-18 -4.02656746e-18  3.01992559e-18
 -3.52324653e-18  4.57564484e-20 -4.66715774e-18 -2.19630952e-18
 -3.29446428e-18  8.23616071e-19 -2.10479663e-18 -4.75867063e-18]","[17.33960356 10.15224624  7.28812746  6.26590336  7.03561864  6.38891759
  6.32498343  5.52579288  5.89955603  5.60565374  5.78781904  5.57519142
  5.40370584  5.3537568   5.10718497  5.2493903   5.15002374  5.19931424
  5.11057136  5.081515  ]"
32.33755930929518,34.38703083790509,8277.275228929248,40.23098713383979,58.254602874219614,34556.86466666414,26.639584602551942,48.043722220296786,32816.204809287236,8684.63118806271,4666.084190890809,1.8853441529464248,2141.1893057624484,2.5769222611357,0.4898979485566356,17.731675010526313,124.84299194971715,-29.563302877777783,166.10592264717872,33.24267833066458,35.186796091290056,8666.774334190177,41.201008642440975,58.117232784409964,34327.79954713788,28.349932232114636,51.856166219134806,37859.4518605183,8665.948800477156,4384.941662949562,1.889365624755267,2261.6913276560904,2.4967353804890564,0.4898979485566356,17.70991925263158,127.59846095367831,-29.5828672888889,173.18727237088027,33.01232691539878,34.98003031703995,8565.217646867237,45.462484199982086,64.74388376348229,42224.383696332756,28.31131109292094,51.667160182562625,37571.43982290635,7994.462153772979,4095.5849455805155,1.8527377678388153,2141.435435700196,2.660796841648999,0.4898979485566356,17.995062405263162,127.24364167047379,-29.500159738888883,172.35381848770731,32.40991902407891,34.448970458212074,8307.120959415377,42.40985764335616,61.128859332832306,37750.2721612613,29.231515134801306,52.184789549859076,38288.22552412689,8051.388397309658,4285.066241655305,1.8415923608664444,2045.7324321559904,2.4049174546136562,0.4898979485566356,17.739825562105263,126.84517668344616,-29.424373295555547,172.82138472855883,32.6826201115136,34.840714765102085,8497.12783740242,39.369914669016445,57.66418759496824,33793.20670555399,29.329684558449337,52.33211699450895,38492.67420262882,8527.180853922988,4777.143718089723,1.8784297825459346,1923.2911311148896,1.8011560822312112,0.4898979485566356,17.55236242105264,126.62865132139784,-29.425882700000003,172.95636147877988,33.52453728467919,35.50216542212916,8822.82624762156,41.45900866991697,60.224284143270935,36948.21219075824,29.408534448865836,51.88460585236868,37848.12587698957,8655.389464009491,4735.739759739619,1.826411766897093,2021.5071317979216,2.0251334678023447,0.4898979485566356,17.812479142105264,126.933628663185,-29.466646850000004,172.37932685979442,32.91480769649171,34.89475529832102,8523.507631307923,43.194734939100506,62.36501927762355,39533.01720318295,27.909824382114657,51.464266776782345,37305.594813475276,8128.103039190559,4684.905204037432,1.8095523282922898,2002.9115393262755,2.1291273034987235,0.4898979485566356,17.8572222,126.84750918243334,-29.498466788888877,171.8177324093142,30.69331719892147,32.80998561340483,7535.46609166282,40.35302036587967,58.25531761208642,34398.6988961576,27.553450035171714,52.37382233691976,38634.19679622334,8327.147047499291,4626.283226179573,1.8590851600843137,2139.36884933473,2.266621233574284,0.4898979485566356,17.392152031578956,127.36395061653974,-29.647390077777782,173.65794775753244,32.105586439810764,34.333456254347475,8251.50352858434,38.620567813033055,56.64277982972768,32652.859625997535,27.673958859527772,51.265428147391496,37037.93449743535,8370.259141489354,4887.164825489785,1.8501643175509748,2237.849162441034,2.4058607111558548,0.4898979485566356,17.758168700000002,127.95571385961922,-29.944233094444446,172.57952389097028,31.35198875432815,34.02770714534478,8105.1939749854355,40.36159774340473,59.27506367045674,35580.900128590634,26.77949392312273,50.06547254783637,35401.731329128444,7911.117822926573,4431.109718910619,1.895854393402492,2239.79603642601,2.8025447400336,0.4898979485566356,18.03641276842106,127.94103043115467,-29.989584577777787,170.99715878376753,29.369218181932435,32.73353096930346,7500.38834802844,41.97641989487112,62.05302673661972,39204.91895182635,25.66768055766733,48.9533721084723,33941.46178601315,8058.671894173232,4372.858059193225,1.9169522309362055,2230.4577569115577,2.699482438475728,1.224744871391589,18.047593826315794,128.01574934932916,-30.19735530555556,169.41519751955806,30.453049091907967,34.529765195627526,8346.13279125619,45.02333151948454,68.11749097544404,47061.87362324589,25.039491843249518,48.07676146404528,32721.204525230412,7631.863257114228,4989.587788921872,1.877047481676429,2010.3950237969839,2.434138744094393,0.4898979485566356,18.671416789473685,127.65832672822016,-30.082346080555553,167.50443325719704,30.47328858772406,34.27717970489026,8224.475339649383,49.46692528416707,72.2298815374509,52513.91638129781,23.976692169745014,47.34012016791927,31807.83669205416,6846.9926882418495,4450.309205099676,1.9039620073661283,1994.5596645429318,2.998296939967955,1.299038105676658,18.842713236842105,127.46799703503005,-30.04261216333333,166.3313477176705,"[-273.53560539  207.92999442  -42.36699865  -27.85189818   33.04996073
    6.36782724   -9.96085039    1.15939906   -8.71371738  -17.76753999
  -14.44650709  -12.01291187   -6.85029201   -2.13317367   -8.33909583
   -6.21230679   -0.68244639   -2.3044515    -7.72466416   -9.14142513]","[35.7396878  24.61984461 26.65244894 17.38018349 22.67569574 14.13733404
  9.66340446 11.05955178  9.07202741  8.94185794  8.20473993  9.55665672
  8.32740321  8.03914612  7.81883328  8.04332105  8.78295538  6.99082305
  6.45196268  6.14954252]","[-0.97494654 -1.35451327  0.0272086   0.85464778 -0.92566315 -0.73648737
  0.09027592 -0.62386522 -0.06852747  0.14706293  0.17422254  0.13795887
  0.05569924  0.11134299  0.09494877  0.26957784 -0.33352943 -0.15222835
  0.06057784  0.08607142]","[ 2.04301597e+00  2.19477550e+00 -1.58815380e-01  9.64345658e-01
  8.57061619e-01  1.42031656e+00  9.77677772e-02  7.69289536e-01
 -5.57860112e-02  1.88760504e-02  4.85834264e-01  1.77001166e-01
  1.03082621e-01  1.09178530e-03  7.07464776e-02  8.18370336e-02
  3.21865315e-01  2.83787246e-01  3.53465051e-01  2.82520320e-01]","[-2.67359779e-03 -2.13471199e-03 -1.08864183e-03 -1.12608857e-03
 -3.56535926e-04  3.98277079e-04  4.05748374e-04 -7.12030293e-05
  6.59768938e-04  9.75711134e-04 -4.03564349e-05 -8.28313710e-04
  3.00646913e-04  9.42608415e-04  7.05402572e-05  2.45466120e-04
  5.88880689e-04 -4.64996855e-05 -6.44851797e-04 -1.82462808e-04]","[8.87748815 5.63063179 6.08254847 4.21774428 4.60710732 4.25922457
 3.71125946 3.67371301 3.75009197 3.62168391 3.55813322 3.49554853
 3.52335628 3.46251076 3.44069407 3.39868971 3.35517602 3.3371923
 3.27521296 3.26655926]","[-3.91123806e-03 -2.40092078e-03  1.54421859e-03  7.29790207e-05
 -9.70338893e-04  3.53693264e-04 -5.87493830e-05 -1.64285665e-04
  3.79728256e-04  3.78101847e-04  1.07672691e-04  3.12460012e-04
  5.86465764e-05 -5.23257166e-05  2.21066055e-04 -1.17471557e-04
 -1.09286708e-04  6.97810647e-05  1.21525040e-04  2.84929299e-05]","[8.36366262 6.21521514 6.45325012 5.26488566 5.44725468 5.13094513
 4.83812823 4.73395472 4.8375693  4.76432467 4.67364543 4.59715599
 4.63395453 4.57576959 4.55351169 4.53897038 4.52190576 4.50329119
 4.43243029 4.42287584]"
18.58658368552368,21.2000381545201,3146.091324271756,17.401829248069173,22.120712595842136,5158.896715415611,22.553816453165098,43.825171963844106,29117.0750938653,10350.06104813344,5810.263162353667,2.005581409805987,1345.1675519462335,1.8129078914702168,1.1055415967851334,10.883860263157896,97.08970823505929,-20.32411513888889,145.4716201988628,12.286822646850888,13.658257937832872,1305.8360692746226,14.519348922420217,18.036976614964146,3411.0858794055034,21.15732114400358,42.40118873590673,27789.3670271518,12085.213259044902,6660.621086737614,2.070221950147705,1258.0302868446965,1.5901879308469609,1.1055415967851334,9.909880284210526,93.99594813214381,-19.33962247777778,142.82741588270363,9.79224538086988,11.337661237739036,899.7979363921119,14.69238795994754,17.58232438563084,3162.279698637604,22.05639300147387,42.17349186457335,27534.139480357735,13823.079841337616,7152.778971370755,2.0139175045614897,1349.219147460526,1.4410716637540275,0.45175395145262565,10.09669460105263,94.86250949950025,-19.49141653222222,142.67068435148337,10.420076149572035,12.026383799462177,1012.4373510437642,13.348311473145188,16.80152346455652,2955.27620896784,23.42213819883424,43.181979539020595,28510.560139080728,14506.5891762849,6521.461233141894,2.02884855742106,1430.1903588668995,1.551561126279729,0.45175395145262565,10.27693262631579,96.37201086141661,-20.04733595,144.29963221413644,11.171205713423495,13.124137645441525,1205.700922555468,14.648522488432436,19.11364805787982,3832.536099582303,23.633527358538295,42.749341081296535,27913.260440771555,13660.582739040898,6673.534455292161,2.075188474725634,1356.3196857381688,1.5674253308328197,0.45175395145262565,10.654397621052633,96.75658349896555,-20.144798844444452,143.77830847489844,15.201199846823362,16.22785103668607,1843.4020448821125,18.630665198216622,23.502456864502488,5735.794374236721,22.09100456752539,41.31856523935065,26224.297137179954,12364.755152245618,6882.191819377403,2.142107833498559,1271.7168136130467,1.8518597170844646,1.4907119849998598,11.307061431578948,96.624301192707,-20.38390615555555,141.64437152309458,13.627466643406468,15.749425530237938,1736.3108317275737,19.70404276069628,25.999262377364825,6981.222853688917,22.16783415545399,41.97185950478483,26842.28756231851,11099.857065335533,6593.621024629573,2.1689188727419433,1312.8032872506537,2.0460908134593208,1.4907119849998598,11.581131289473687,98.38850075772297,-21.047415194444447,143.30232753417087,15.217294098257884,16.764687564680337,1967.3832439894327,18.814711026365583,25.88113621070937,6978.020151779402,21.459012023885972,41.53191171973925,26501.979714254587,12729.50124645616,6754.650452104719,2.157993267946896,1170.2567571394825,1.8493243211598622,1.1055415967851334,11.499998768421053,96.95362349072134,-20.64616691111111,142.1369656330587,20.901221531170137,22.449612630315364,3527.895750758506,21.044736730326953,29.321979294980558,9022.505682468965,20.76819976935869,40.16448393711793,24882.534243673654,14928.317255133094,6327.33796134373,2.0134709389217362,1067.223686067198,1.6556221070993842,0.45175395145262565,12.126264563157896,95.94059798421424,-20.4571716,139.39344635446216,19.083044324298815,20.30617563985061,2886.3853838152368,20.184334544955163,29.22266484913703,8969.964002644683,20.585864843732754,40.429598003269774,25171.614501410248,15809.994252114828,6170.581644859033,1.9636315664829789,1071.9393292008126,1.9474652391518354,0.6998542122237652,11.950110526315791,95.76599783820593,-20.362369522222224,139.6817071102252,15.618043756430344,17.12530802564701,2052.933224813028,19.076526640465126,28.98984711530822,8830.139190243668,20.582589424499588,40.81434632506801,25723.880511054922,15861.991514527766,6819.670743451332,1.8863832282746718,1061.6722792890753,1.645756762221872,0.0,11.607813499999999,95.81137217712119,-20.539619249999998,140.32589901636598,17.01046764115009,18.037905502295068,2277.5622443680872,15.77909026477481,23.491373501076644,5822.789753686555,20.76199767055551,41.259160783526895,26191.824417219595,13548.907174505615,6807.556689505221,2.0340969210714324,1074.0634640474536,1.4045096428919088,0.4714045207910317,11.442933605263159,95.59728844009845,-20.240705194444445,141.20547169686074,19.14272369411168,20.315922178911432,2889.1568578570977,16.175151848092316,22.512727541133728,5322.47326370321,21.608656571694283,41.65309886354176,26555.239951910156,13683.355307452779,6710.459042785564,2.012212656268015,1092.7336476474309,1.23006123196323,0.4714045207910317,11.642167421052633,96.02067714190316,-20.218795722222218,141.74710732929535,"[-225.40804321  177.45167048  -76.26178722   42.8928909    25.60499797
  -20.6778815     9.12204567  -14.17074037   -4.32371217   -1.29916693
  -16.49980023   -1.35768524   -9.39941558   -9.13714954   -1.84011359
  -10.09292582   -4.28367071   -7.39960677   -9.46650094   -4.06494128]","[29.2532974  15.42372692 17.39079892 16.9183164  11.71245911  9.28655556
 11.12935643  8.51356434  6.95044463  6.78205628  7.11462732  7.68983992
  7.39808664  6.71776483  6.88325152  6.85101861  6.63987675  6.28492097
  5.83893697  5.3425051 ]","[-1.47672828 -0.34572815  1.16873706 -0.48975668 -0.04332497  0.31299357
 -0.13868602  0.03541584  0.14031629 -0.1833638  -0.05740211  0.08120298
  0.53877682  0.17973025  0.18364591  0.1073831   0.04846274  0.20681072
  0.09215204 -0.04591396]","[ 4.03590428  1.08982591  2.70391008  0.0442094  -0.24777437  0.57478332
 -0.47692076 -0.08386515  0.21800331  0.1576127  -0.21252505 -0.08682748
  0.64485625  0.35806217  0.12331184  0.01386357 -0.02050751  0.10429941
 -0.02925306 -0.00424147]","[-2.11481954e-02 -9.75628503e-03  1.53167646e-03 -4.76826139e-04
  4.31473230e-04 -3.50829331e-04  9.79626825e-04 -1.44801679e-04
  1.40216078e-03  1.34898012e-03  1.19140746e-03 -3.84664097e-04
 -4.09935465e-04  6.16129460e-04  8.66062833e-04  4.02703497e-04
  6.55388285e-04 -1.13127519e-05  3.21332056e-05 -3.54265168e-04]","[9.49399291 5.9848165  5.19312302 4.94613752 4.57960668 4.14644236
 4.20423145 4.01820315 3.64272464 3.64441819 3.67510617 3.57928415
 3.49894576 3.43747261 3.40337516 3.48207034 3.37293288 3.36368213
 3.30939881 3.23616513]","[-0.01337998 -0.00795391  0.00198616 -0.0010539  -0.00161956  0.00042432
  0.00067497 -0.00017472 -0.0001582   0.00011659  0.00029265  0.0002967
  0.00093105  0.00062593 -0.00071783 -0.00090758 -0.00073844  0.0005561
  0.00095144  0.0004485 ]","[9.74230507 7.01367131 5.93779957 5.78412776 5.61075467 5.39143667
 5.2209265  5.2044667  4.87591056 4.8958018  4.91275834 4.76617504
 4.7399156  4.64522497 4.64807223 4.71375454 4.60450537 4.57169711
 4.51340169 4.43086674]"
84.82632629575622,107.92503498785295,81534.69223990498,109.60569695025151,183.3054529048319,328725.36795622867,12.902497808231988,30.655346947838947,13974.113639298956,735.0,1039.4469683442248,0.6365141682948128,0.0,0.0,0.0,34.53088947368421,146.5021566434717,-36.44927222222222,150.28419934911395,84.82632758866927,107.92503663283381,81534.69472538965,109.60569862084877,183.30545569875218,328725.37797701615,12.902498004890353,30.65534741508416,13974.114065282574,734.9999999999999,1039.4469683442248,0.6365141682948129,0.0,0.0,0.0,34.53089,146.50215887644046,-36.44927277777778,150.2842016397282,84.82632888158223,107.92503827781458,81534.69721087422,109.60570029144598,183.30545849267244,328725.3879978036,12.902498201548717,30.655347882329373,13974.114491266198,735.0,1039.4469683442248,0.6365141682948128,0.0,0.0,0.0,34.53089052631579,146.5021611094092,-36.44927333333333,150.28420393034244,84.82633017449517,107.92503992279534,81534.69969635877,109.60570196204327,183.3054612865929,328725.3980185917,12.90249839820709,30.65534834957461,13974.114917249848,734.9999999999999,1039.4469683442248,0.6365141682948128,0.0,0.0,0.0,34.53089105263158,146.50216334237803,-36.44927388888889,150.2842062209567,84.82633146740818,107.92504156777618,81534.70218184349,109.60570363264047,183.3054640805131,328725.40803937934,12.902498594865456,30.655348816819824,13974.115343233487,734.9999999999997,1039.4469683442248,0.6365141682948127,0.0,0.0,0.0,34.53089157894737,146.5021655753468,-36.44927444444445,150.28420851157094,84.82633276032116,107.92504321275695,81534.70466732819,109.60570530323773,183.3054668744335,328725.41806016763,12.902498791523819,30.655349284065043,13974.115769217133,734.9999999999998,1039.4469683442248,0.6365141682948128,0.0,0.0,0.0,34.530892105263156,146.5021678083156,-36.449275,150.28421080218513,84.82633405323409,107.92504485773776,81534.70715281296,109.605706973835,183.3054696683538,328725.4280809558,12.902498988182177,30.655349751310254,13974.116195200782,734.9999999999999,1039.4469683442248,0.6365141682948128,0.0,0.0,0.0,34.53089263157894,146.5021700412844,-36.44927555555555,150.28421309279938,84.8263353461471,107.92504650271859,81534.70963829778,109.60570864443223,183.30547246227414,328725.4381017443,12.902499184840549,30.655350218555483,13974.116621184447,734.9999999999998,1039.4469683442248,0.6365141682948128,0.0,0.0,0.0,34.53089315789473,146.50217227425313,-36.44927611111111,150.2842153834136,84.82633663906007,107.92504814769934,81534.71212378256,109.6057103150295,183.3054752561945,328725.4481225329,12.90249938149892,30.655350685800723,13974.117047168123,734.9999999999999,1039.4469683442248,0.6365141682948128,0.0,0.0,0.0,34.530893684210525,146.50217450722195,-36.44927666666667,150.28421767402784,84.82633793197306,107.92504979268017,81534.71460926745,109.60571198562671,183.3054780501148,328725.45814332156,12.902499578157286,30.65535115304594,13974.117473151797,735.0,1039.4469683442248,0.6365141682948128,0.0,0.0,0.0,34.53089421052632,146.50217674019072,-36.44927722222222,150.2842199646421,84.82632758866927,107.92503663283381,81534.69472538965,109.60569862084877,183.30545569875218,328725.37797701615,12.902498004890353,30.65534741508416,13974.114065282574,734.9999999999999,1039.4469683442248,0.6365141682948129,0.0,0.0,0.0,34.53089,146.50215887644046,-36.44927277777778,150.2842016397282,84.82632771796055,107.92503679733186,81534.69497393804,109.60569878790847,183.30545597814418,328725.3789790948,12.902498024556188,30.655347461808677,13974.114107880938,735.0,1039.4469683442248,0.6365141682948128,0.0,0.0,0.0,34.53089005263158,146.50215909973736,-36.44927283333333,150.2842018687896,84.82632784725187,107.92503696182996,81534.69522248654,109.60569895496815,183.30545625753615,328725.3799811734,12.902498044222027,30.6553475085332,13974.1141504793,735.0,1039.4469683442248,0.6365141682948128,0.0,0.0,0.0,34.530890105263154,146.50215932303422,-36.449272888888885,150.28420209785105,"[-260.29036203  144.35450437  -71.43215223   22.98775619  -11.54284829
   10.85936457  -13.46301094    9.09328752   -8.57572281    2.11288584
   -3.61279044   -2.41332253   -2.83361448   -3.59406097    1.79936552
   -2.04622774    3.99552538   -6.01807216    0.90344787   -1.50433908]","[83.92964416 30.86195396 21.0767064  19.15917182 18.20038572 13.58641646
 14.55684195 11.22712058 10.45240441 12.71708337  9.46404899  8.80446459
  9.05049089  9.05044527  9.49789695 10.12298114 10.3957588  10.08631196
  9.98952824  9.95363688]","[-1.86624007 -1.6868524   0.70392439 -0.44332446  0.16514559  0.13343518
 -0.00887593 -0.0150976  -0.01612686  0.06752429  0.25839848 -0.17051888
 -0.57487437 -0.06616553  0.12254105  0.09519566  0.67778139  0.68428114
  0.29179722  0.42587576]","[ 6.02279483  5.48017146  1.35169357  0.37216806 -0.06394274  0.86795309
 -0.09096862  0.66467405 -0.0299926  -0.27552663  0.29493326  0.79447939
  1.89557046  1.22431005  0.9119462   0.57426711  0.98906911  1.48773416
  0.70658772  0.83465761]","[-1.39862628e-09  3.03445419e-18  1.01148473e-18  3.41376096e-18
 -2.65514742e-18 -4.74133467e-18 -5.87925499e-18 -3.79306774e-19
 -6.95395752e-19  1.89653387e-19 -5.15225034e-18 -1.32757371e-18
  6.32177956e-20 -1.64366269e-18 -1.77009828e-18  4.17237451e-18
  1.07470253e-18  1.13792032e-18 -5.87925499e-18 -1.45400930e-18]","[23.3551972   9.45161884  7.07816788  6.04063572  6.96025593  5.50253223
  6.41762919  4.72689776  5.02975714  4.88515861  4.42988565  4.20832178
  4.03099483  4.15612268  4.19317935  4.32505636  4.21708195  4.17177082
  4.24575181  4.41921466]","[ 3.52338233e-10  2.40236173e-18 -2.84490205e-19 -1.20118087e-18
  0.00000000e+00  4.77311344e-18  8.15538587e-18 -3.79320273e-19
  6.06912437e-18 -4.23574305e-18 -1.92821139e-18  4.01447289e-18
 -5.87946423e-18 -4.96277357e-18 -7.04903508e-18  4.33057312e-18
 -1.13796082e-18  9.19851663e-18 -9.79910706e-19  4.39379316e-18]","[21.90643311 10.52280191  7.70481985  6.91188896  7.66580665  6.50415534
  7.36106204  5.8532551   6.11958202  5.83254442  5.58633667  5.34795975
  5.25658269  5.33728508  5.35269378  5.45474632  5.33712208  5.24595029
  5.27850964  5.50431223]"
64.39824059079429,81.93426112413584,46992.562021706566,83.21018191586,139.1613803551036,189461.03575565983,9.795286373474452,23.2728504740157,8053.987619907106,735.0,1039.4469683442248,0.6365141682948128,0.0,0.0,0.0,26.215075263157896,111.22114492736799,-27.671468333333333,114.09238675426761,64.39824072008557,81.93426128863392,46992.56221039895,83.21018208291973,139.1613806344956,189461.03651641548,9.795286393140286,23.27285052074022,8053.987652246821,734.9999999999999,1039.4469683442248,0.6365141682948129,0.0,0.0,0.0,26.215075315789473,111.22114515066485,-27.67146838888889,114.09238698332904,64.39824084937686,81.93426145313201,46992.56239909135,83.21018224997947,139.16138091388765,189461.03727717116,9.795286412806123,23.272850567464747,8053.987684586541,735.0,1039.4469683442248,0.6365141682948128,0.0,0.0,0.0,26.215075368421054,111.22114537396173,-27.671468444444443,114.09238721239046,64.39824097866814,81.93426161763006,46992.56258778372,83.21018241703919,139.16138119327968,189461.03803792683,9.795286432471958,23.272850614189267,8053.987716926258,735.0,1039.4469683442248,0.6365141682948128,0.0,0.0,0.0,26.21507542105263,111.22114559725861,-27.6714685,114.09238744145189,64.39824110795942,81.93426178212812,46992.56277647611,83.21018258409889,139.16138147267168,189461.03879868242,9.795286452137798,23.27285066091379,8053.987749265983,734.9999999999999,1039.4469683442248,0.6365141682948128,0.0,0.0,0.0,26.21507547368421,111.22114582055549,-27.671468555555556,114.0923876705133,64.39824123725074,81.93426194662624,46992.562965168545,83.21018275115863,139.16138175206376,189461.03955943816,9.795286471803635,23.272850707638316,8053.987781605702,734.9999999999999,1039.4469683442248,0.6365141682948128,0.0,0.0,0.0,26.21507552631579,111.22114604385237,-27.67146861111111,114.09238789957475,64.39824136654202,81.93426211112428,46992.56315386091,83.21018291821835,139.1613820314558,189461.0403201938,9.795286491469472,23.272850754362835,8053.987813945421,734.9999999999999,1039.4469683442248,0.6365141682948128,0.0,0.0,0.0,26.215075578947367,111.22114626714924,-27.671468666666666,114.09238812863616,64.39824149583332,81.93426227562236,46992.563342553316,83.2101830852781,139.1613823108478,189461.0410809495,9.795286511135304,23.272850801087355,8053.987846285136,734.9999999999999,1039.4469683442248,0.6365141682948129,0.0,0.0,0.0,26.215075631578948,111.22114649044615,-27.671468722222222,114.09238835769756,64.3982416251246,81.93426244012042,46992.56353124569,83.21018325233777,139.16138259023984,189461.04184170504,9.795286530801139,23.272850847811867,8053.9878786248555,735.0,1039.4469683442248,0.6365141682948128,0.0,0.0,0.0,26.215075684210525,111.22114671374301,-27.671468777777775,114.092388586759,64.39824175441596,81.93426260461857,46992.56371993817,83.21018341939751,139.16138286963184,189461.04260246074,9.795286550466981,23.2728508945364,8053.987910964581,735.0,1039.4469683442248,0.6365141682948128,0.0,0.0,0.0,26.215075736842106,111.22114693703989,-27.671468833333332,114.09238881582044,64.39824072008557,81.93426128863392,46992.56221039895,83.21018208291973,139.1613806344956,189461.03651641548,9.795286393140286,23.27285052074022,8053.987652246821,734.9999999999999,1039.4469683442248,0.6365141682948129,0.0,0.0,0.0,26.215075315789473,111.22114515066485,-27.67146838888889,114.09238698332904,64.39824073301467,81.9342613050837,46992.56222926815,83.2101820996257,139.16138066243482,189461.03659249106,9.795286395106872,23.272850525412682,8053.987655480797,734.9999999999999,1039.4469683442248,0.6365141682948128,0.0,0.0,0.0,26.215075321052634,111.22114517299457,-27.671468394444446,114.09238700623519,64.39824074594381,81.93426132153353,46992.562248137416,83.21018211633168,139.16138069037405,189461.03666856667,9.795286397073456,23.272850530085126,8053.987658714767,735.0,1039.4469683442248,0.6365141682948128,0.0,0.0,0.0,26.215075326315787,111.22114519532424,-27.6714684,114.09238702914134,"[-117.93565706  124.28064251   -9.35464446   53.6543069   -12.82879743
   34.41196562  -10.8746839    20.5958712    -6.97435248    7.94889201
   -4.49931322    2.35962564   -8.47737624   -1.37735988    2.53336503
   -1.88818017    5.54059496   -2.39875829    2.70084202   -3.0632048 ]","[79.9675941  30.48418623 26.84386407 20.00823476 17.09381013 13.98785043
 13.90834333 12.76634038 11.29610692 11.34945032  9.69334645  8.77338062
  9.35906722  8.28596979  8.55882044  8.32296896  9.1710206   9.10122844
  8.98107874  9.80730633]","[-1.83742280e+00 -6.77890811e-01  1.78585963e-01 -1.05622996e+00
 -1.62242731e-01 -1.41811855e-01 -9.44043841e-02 -2.06695910e-01
 -4.25035829e-02  1.29223432e-01  4.21826703e-02  3.42540822e-01
 -2.04944868e-01 -4.59222361e-02 -4.40219011e-04 -3.96985800e-02
  1.08995380e-01  2.20871965e-01  1.35377420e-01  3.38322336e-01]","[ 5.45794533e+00  1.31439265e+00 -2.04887476e-01  3.15163251e+00
  3.38368780e-01  3.19736077e-01 -1.84080638e-03  3.97871795e-01
  6.80095554e-02  8.64786866e-02  1.63922650e-01  1.28445423e+00
  7.65573508e-01  6.30224905e-01  4.26498587e-01  3.17172951e-01
  8.62643568e-02  7.64116891e-01  3.23447045e-01  6.70036119e-01]","[-5.17339869e-11  0.00000000e+00  1.07742494e-17  4.30969977e-18
  5.95752615e-18  4.05618802e-18  1.01404700e-18  3.80267627e-18
 -9.88695829e-18  9.50669066e-19  5.07023502e-19 -2.53511751e-19
 -2.28160576e-18 -5.51388058e-18  2.53511751e-18  3.99281008e-18
 -2.21822782e-19 -3.48578658e-18  1.90133813e-18 -1.39431463e-18]","[22.40021581 11.422634    7.86487015  7.18329625  7.30840771  5.89541196
  6.01891443  5.30217901  5.52275903  5.3212979   4.42583554  4.17850959
  4.14823486  4.03136496  4.04292143  3.99757033  4.13753828  4.13786682
  4.13351127  4.32682904]","[ 3.53230863e-11 -4.24647334e-18 -1.14084358e-18 -2.09154657e-18
  5.89435851e-18 -4.15140304e-18  6.27463971e-18 -2.85210896e-19
  2.72534856e-18  9.72886056e-18  9.19012887e-19 -2.91548916e-18
  3.92957234e-18 -6.33801991e-19  3.13731985e-18 -2.28168717e-18
  6.02111891e-19  8.17604568e-18 -1.45774458e-18  4.08802284e-18]","[19.55717042 10.96554594  8.16315916  7.72531528  7.64909576  6.5040088
  6.54276074  6.06651462  6.07899339  6.0468111   5.5249798   5.38335172
  5.35806089  5.20717218  5.15590732  5.17572643  5.29639655  5.23906194
  5.3033579   5.28222359]"
74.00856225677298,94.16153003153828,62064.75616516199,95.62785989525398,159.92880530996075,250227.96121527656,11.257063154887394,26.745920189704307,10637.189297231149,735.0000000000001,1039.4469683442248,0.6365141682948128,0.0,0.0,0.0,30.12722105263158,127.81897382773143,-31.800955555555554,131.11869875112828,74.00856354968589,94.16153167651902,62064.75833367667,95.62786156585122,159.9288081038811,250227.96995812934,11.25706335154576,26.745920656949526,10637.189668889769,734.9999999999999,1039.4469683442248,0.6365141682948128,0.0,0.0,0.0,30.127221578947367,127.81897606070024,-31.80095611111111,131.11870104174255,74.00856484259887,94.16153332149982,62064.76050219146,95.62786323644848,159.92881089780144,250227.97870098226,11.257063548204131,26.745921124194762,10637.190040548405,735.0,1039.4469683442248,0.6365141682948128,0.0,0.0,0.0,30.12722210526316,127.81897829366899,-31.800956666666668,131.11870333235677,74.00856613551187,94.16153496648063,62064.762670706274,95.6278649070457,159.92881369172173,250227.98744383513,11.257063744862496,26.745921591439977,10637.190412207035,735.0000000000001,1039.446968344225,0.6365141682948128,0.0,0.0,0.0,30.12722263157895,127.81898052663776,-31.800957222222223,131.11870562297102,74.00856742842484,94.16153661146143,62064.76483922114,95.62786657764299,159.92881648564213,250227.99618668843,11.25706394152086,26.745922058685192,10637.190783865677,735.0,1039.4469683442248,0.6365141682948128,0.0,0.0,0.0,30.127223157894736,127.81898275960656,-31.80095777777778,131.11870791358527,74.00856872133782,94.16153825644224,62064.767007736045,95.6278682482402,159.9288192795624,250228.0049295416,11.257064138179224,26.74592252593041,10637.191155524324,735.0,1039.4469683442248,0.6365141682948128,0.0,0.0,0.0,30.127223684210524,127.81898499257532,-31.80095833333333,131.11871020419946,74.00857001425076,94.16153990142304,62064.76917625098,95.62786991883746,159.92882207348276,250228.01367239523,11.257064334837596,26.74592299317564,10637.191527182984,735.0,1039.4469683442248,0.6365141682948128,0.0,0.0,0.0,30.127224210526318,127.81898722554416,-31.800958888888893,131.11871249481374,74.00857130716373,94.1615415464038,62064.77134476589,95.62787158943472,159.92882486740308,250228.0224152488,11.257064531495963,26.74592346042086,10637.191898841646,734.9999999999999,1039.4469683442248,0.6365141682948128,0.0,0.0,0.0,30.127224736842106,127.81898945851293,-31.800959444444445,131.11871478542798,74.00857260007675,94.16154319138464,62064.77351328097,95.62787326003193,159.92882766132337,250228.0311581025,11.257064728154328,26.74592392766608,10637.192270500307,734.9999999999997,1039.4469683442248,0.6365141682948128,0.0,0.0,0.0,30.127225263157897,127.8189916914817,-31.80096,131.11871707604217,74.00857389298969,94.16154483636538,62064.77568179594,95.6278749306292,159.92883045524377,250228.0399009566,11.257064924812692,26.74592439491131,10637.192642158981,734.9999999999999,1039.4469683442248,0.6365141682948128,0.0,0.0,0.0,30.127225789473684,127.8189939244505,-31.800960555555555,131.11871936665642,74.00856354968589,94.16153167651902,62064.75833367667,95.62786156585122,159.9288081038811,250227.96995812934,11.25706335154576,26.745920656949526,10637.189668889769,734.9999999999999,1039.4469683442248,0.6365141682948128,0.0,0.0,0.0,30.127221578947367,127.81897606070024,-31.80095611111111,131.11870104174255,74.00856367897724,94.16153184101714,62064.75855052819,95.62786173291093,159.9288083832731,250227.97083241452,11.257063371211594,26.745920703674038,10637.18970605563,735.0,1039.4469683442248,0.6365141682948128,0.0,0.0,0.0,30.127221631578944,127.81897628399712,-31.800956166666666,131.11870127080397,74.00856380826859,94.16153200551524,62064.7587673797,95.62786189997064,159.92880866266512,250227.97170669978,11.25706339087743,26.745920750398568,10637.189743221496,734.9999999999998,1039.4469683442246,0.6365141682948128,0.0,0.0,0.0,30.127221684210525,127.81897650729395,-31.80095622222222,131.11870149986538,"[-207.00012693  132.3819985   -46.562592     54.84106733   -3.04415402
   13.06389917   -4.59580764    6.49814748   -3.24147336   -1.70012757
   -4.81838177   -0.60049023   -1.62410034   -6.00267398   -2.34167914
   -5.36491415   -3.95901843   -3.31135615   -0.87712207   -1.04094895]","[75.19503707 33.69413498 24.01063904 19.48195209 20.78014512 17.1670158
 12.86668757 12.30353712 11.09446718 11.4098709  10.60040169 10.33760319
 10.18015176  8.83884611  8.85396859  9.92853574 10.09680406  9.62481691
  9.31786156  9.17425467]","[-2.08835477 -1.46250982  0.30245435 -0.03020675 -0.43567857  0.15463883
 -0.17871425 -0.21198889 -0.09037727 -0.18411335 -0.13789906  0.02915864
  0.04534434  0.02082746  0.25301759  0.30407088  0.39610502  0.40129789
  0.62930215 -0.17654996]","[ 8.26633135  2.97059334  0.0706912   0.38139951 -0.03253808 -0.04507269
  0.30978231  0.16355934  0.05387964  0.29343033  0.31990475  0.46458029
  0.09501345  0.4463039   0.54748853  0.14400428  1.03046628  0.84552647
  1.58644579  0.55049657]","[-1.53686679e-09 -6.40474793e-19  3.20237397e-18  2.24166178e-18
 -2.24166178e-18 -6.40474793e-19 -5.68421379e-18  1.20089024e-18
  8.00593492e-19 -3.12231462e-18 -6.56486663e-18 -4.96367965e-18
  2.08154308e-18  4.80356095e-19  1.60118698e-18  2.00148373e-18
 -4.48332355e-18  4.72350160e-18  1.20089024e-18  2.40178048e-19]","[18.35060667 10.20028653  5.9468804   6.4523884   7.7803282   5.65329589
  4.69567377  4.4643119   4.53905011  4.55115706  4.33205978  4.13682012
  4.03156022  3.96512166  3.90419203  3.92251591  3.92116896  3.78393683
  3.78057289  3.82831701]","[ 4.46207234e-10  6.40503660e-19  4.08321084e-18 -1.84144802e-18
  0.00000000e+00  6.40503660e-19  4.72371450e-18 -6.00472182e-18
  8.16642167e-18 -7.44585505e-18  1.78540395e-17  6.60519400e-18
 -2.80220351e-19 -9.04711420e-18  2.96232943e-18 -1.40110176e-18
  6.72528844e-18 -4.96390337e-18  3.00236091e-18  5.68446999e-18]","[15.94561841 10.07450019  6.24462528  6.95770301  7.74995959  6.17060413
  5.70976214  5.48904956  5.42381365  5.48257476  5.38106701  5.19045119
  5.02367416  4.86491262  4.83718732  4.79534935  4.87144305  4.69623967
  4.71086673  4.69261119]"
72.13365744135099,91.77607758252145,58959.93891503097,93.20526000223008,155.87722968064378,237710.19528095407,10.971880991188812,26.068349202950284,10105.05913409856,735.0000000000001,1039.4469683442248,0.6365141682948128,0.0,0.0,0.0,29.36398947368421,124.58085647719504,-30.99532222222222,127.79698742227656,72.13365873426395,91.77607922750224,58959.941028609384,93.20526167282732,155.87723247456412,237710.2038023186,10.971881187847174,26.068349670195488,10105.059496341717,735.0,1039.4469683442248,0.6365141682948128,0.0,0.0,0.0,29.363989999999998,124.58085871016381,-30.995322777777776,127.79698971289076,72.13366002717699,91.77608087248309,58959.94314218788,93.20526334342456,155.87723526848444,237710.2123236834,10.971881384505545,26.06835013744072,10105.059858584893,735.0,1039.4469683442248,0.6365141682948128,0.0,0.0,0.0,29.363990526315792,124.58086094313263,-30.995323333333335,127.79699200350501,72.13366132008993,91.77608251746388,58959.94525576636,93.20526501402182,155.87723806240479,237710.2208450483,10.97188158116391,26.068350604685946,10105.060220828069,735.0,1039.4469683442248,0.6365141682948128,0.0,0.0,0.0,29.36399105263158,124.58086317610136,-30.99532388888889,127.79699429411924,72.13366261300285,91.7760841624446,58959.9473693448,93.20526668461906,155.8772408563251,237710.2293664133,10.971881777822281,26.068351071931176,10105.060583071256,734.9999999999997,1039.4469683442248,0.6365141682948128,0.0,0.0,0.0,29.363991578947367,124.58086540907019,-30.995324444444446,127.79699658473348,72.13366390591588,91.77608580742545,58959.94948292344,93.20526835521629,155.87724365024542,237710.2378877785,10.971881974480645,26.068351539176394,10105.060945314443,734.9999999999997,1039.4469683442248,0.6365141682948127,0.0,0.0,0.0,29.363992105263158,124.58086764203892,-30.995324999999998,127.79699887534773,72.1336651988288,91.77608745240619,58959.95159650196,93.20527002581356,155.8772464441658,237710.24640914387,10.971882171139008,26.068352006421602,10105.061307557635,734.9999999999999,1039.4469683442248,0.6365141682948128,0.0,0.0,0.0,29.363992631578945,124.58086987500772,-30.995325555555553,127.79700116596196,72.13366649174182,91.77608909738703,58959.95371008066,93.20527169641085,155.87724923808614,237710.25493050955,10.971882367797377,26.068352473666828,10105.061669800842,734.9999999999999,1039.4469683442248,0.6365141682948128,0.0,0.0,0.0,29.36399315789474,124.58087210797655,-30.995326111111112,127.79700345657619,72.13366778465475,91.77609074236778,58959.9558236593,93.20527336700809,155.87725203200645,237710.26345187516,10.971882564455743,26.06835294091205,10105.062032044048,735.0,1039.4469683442248,0.6365141682948128,0.0,0.0,0.0,29.363993684210527,124.58087434094529,-30.995326666666667,127.79700574719043,72.1336690775677,91.77609238734854,58959.95793723795,93.2052750376053,155.87725482592674,237710.27197324092,10.971882761114115,26.068353408157275,10105.06239428727,735.0,1039.4469683442248,0.6365141682948128,0.0,0.0,0.0,29.363994210526315,124.58087657391408,-30.995327222222222,127.79700803780463,72.13365873426395,91.77607922750224,58959.941028609384,93.20526167282732,155.87723247456412,237710.2038023186,10.971881187847174,26.068349670195488,10105.059496341717,735.0,1039.4469683442248,0.6365141682948128,0.0,0.0,0.0,29.363989999999998,124.58085871016381,-30.995322777777776,127.79698971289076,72.13365886355521,91.77607939200027,58959.941239967164,93.20526183988702,155.8772327539561,237710.20465445492,10.971881207513016,26.068349716920025,10105.05953256604,734.9999999999999,1039.4469683442248,0.6365141682948128,0.0,0.0,0.0,29.36399005263158,124.58085893346066,-30.995322833333333,127.79698994195218,72.13365899284655,91.77607955649842,58959.94145132508,93.20526200694675,155.87723303334818,237710.2055065915,10.971881227178853,26.068349763644544,10105.059568790355,734.9999999999999,1039.4469683442248,0.6365141682948128,0.0,0.0,0.0,29.363990105263156,124.58085915675755,-30.995322888888886,127.79699017101362,"[-211.24884063  146.35286941  -22.08693018   42.04516596   -5.68963213
   10.66422384   -6.35986874    7.5295714   -10.54004978   -3.38726417
  -11.89217839   -4.07248188    1.59594767   -2.36748324    1.09819269
   -3.835876     -5.8591368    -3.40551621   -6.80446789   -8.98474328]","[73.62907016 33.70475747 20.6723142  15.89453763 16.69255322 14.34362183
 11.77187345 12.85640233 13.3962721  10.60649309  8.67627891  9.1437782
  9.56533356 10.10858238  9.63626519  9.3600455   8.71446632  8.44902805
  7.66280777  7.94810365]","[-2.01825221 -1.46981313 -0.0574385   0.22813396 -0.00432609 -0.12881613
 -0.23010609 -0.10950131 -0.34821212 -0.05427688  0.11626156 -0.11853566
 -0.0817671   0.2240369   0.37800163  0.63359615  0.47611037  0.00913278
  0.02287401  0.77652254]","[ 7.2676276   3.87354661  0.2185811   0.26531896 -0.05020767 -0.14992275
 -0.1021757  -0.08928421 -0.34083598  0.21248619  0.06470236  0.47798063
 -0.07106808  0.21053172  1.0001733   1.90633034  1.37221958  0.31387644
  1.5387436   3.37776649]","[-1.33763839e-09 -3.27741114e-18 -8.19352786e-20  1.63870557e-18
 -1.34373857e-17 -6.55482229e-19 -2.29418780e-18 -6.55482229e-19
 -6.55482229e-19 -4.58837560e-18 -6.55482229e-19 -5.40772839e-18
 -1.31096446e-18 -3.80999045e-18  1.55677029e-18 -1.31096446e-18
 -4.91611671e-18 -1.39289974e-18  5.73546950e-18  4.91611671e-19]","[19.7226847   9.93292686  6.19307704  5.43516541  5.38068365  4.99958753
  4.80525981  5.09915027  5.0837612   4.30750684  3.88572871  3.85770118
  4.07894815  3.96112027  4.07911749  3.61589978  3.69769475  3.71587321
  3.52072361  3.50301215]","[ 4.56663105e-10  1.14714681e-18 -9.34105262e-18  3.68725761e-18
 -3.93307479e-18 -8.72650968e-18 -3.72822714e-18  2.86786703e-18
  1.39296399e-18 -5.89961218e-18 -2.78592797e-18  2.19186980e-18
 -9.01329639e-19  6.55512464e-19  4.21986149e-18  1.06520775e-18
  3.68725761e-18  4.17889196e-18  5.12119113e-18 -6.55512464e-19]","[17.32145941  9.75838105  6.66168232  5.9818299   5.98435464  5.70373357
  5.67779742  5.57316079  5.63739313  5.24674255  5.01082924  4.91921264
  4.98011206  4.8289313   4.93212354  4.60269341  4.73625004  4.63312476
  4.60185577  4.53562816]"
68.39852883729002,87.02385144140682,53012.05503787231,88.37902984793185,147.8058033873724,213729.96965715566,10.403749719544058,24.718512798942132,9085.659870675703,734.9999999999999,1039.4469683442248,0.6365141682948128,0.0,0.0,0.0,27.84350263157895,118.12997713664974,-29.390363888888892,121.17957468922793,68.39852896658138,87.02385160590498,53012.055238286,88.37903001499157,147.80580366676443,213729.97046516795,10.403749739209891,24.71851284566665,9085.659905024297,734.9999999999999,1039.4469683442248,0.6365141682948128,0.0,0.0,0.0,27.843502684210527,118.1299773599466,-29.390363944444445,121.17957491828935,68.39852909587262,87.023851770403,53012.05543869951,88.3790301820513,147.8058039461565,213729.97127318024,10.403749758875726,24.718512892391168,9085.659939372892,735.0,1039.4469683442248,0.6365141682948128,0.0,0.0,0.0,27.843502736842108,118.12997758324352,-29.390364,121.17957514735077,68.39852922516395,87.0238519349011,53012.05563911313,88.37903034911099,147.80580422554848,213729.97208119236,10.403749778541568,24.7185129391157,9085.659973721496,734.9999999999999,1039.4469683442248,0.6365141682948128,0.0,0.0,0.0,27.843502789473686,118.12997780654037,-29.39036405555556,121.1795753764122,68.39852935445529,87.02385209939925,53012.05583952681,88.37903051617074,147.80580450494057,213729.97288920477,10.403749798207404,24.71851298584022,9085.66000807009,735.0,1039.4469683442248,0.6365141682948128,0.0,0.0,0.0,27.843502842105266,118.12997802983726,-29.39036411111111,121.17957560547363,68.3985294837465,87.02385226389721,53012.05603994026,88.37903068323045,147.80580478433257,213729.973697217,10.40374981787324,24.718513032564733,9085.660042418687,734.9999999999999,1039.4469683442248,0.6365141682948128,0.0,0.0,0.0,27.843502894736844,118.12997825313414,-29.390364166666668,121.17957583453504,68.39852961303781,87.02385242839532,53012.056240353864,88.37903085029018,147.8058050637246,213729.97450522927,10.403749837539078,24.718513079289263,9085.660076767286,735.0,1039.4469683442248,0.6365141682948128,0.0,0.0,0.0,27.84350294736842,118.129978476431,-29.390364222222225,121.17957606359647,68.39852974232916,87.02385259289345,53012.056440767534,88.37903101734993,147.80580534311665,213729.97531324156,10.403749857204911,24.718513126013775,9085.66011111588,734.9999999999999,1039.4469683442248,0.6365141682948128,0.0,0.0,0.0,27.843503000000002,118.12997869972789,-29.390364277777778,121.17957629265788,68.39852987162043,87.02385275739151,53012.056641181116,88.37903118440964,147.80580562250867,213729.9761212538,10.403749876870744,24.718513172738298,9085.660145464477,735.0,1039.4469683442248,0.6365141682948128,0.0,0.0,0.0,27.84350305263158,118.12997892302474,-29.390364333333334,121.17957652171933,68.39853000091173,87.02385292188957,53012.05684159468,88.37903135146938,147.80580590190073,213729.97692926612,10.403749896536587,24.718513219462825,9085.660179813076,735.0,1039.4469683442248,0.6365141682948128,0.0,0.0,0.0,27.84350310526316,118.12997914632166,-29.39036438888889,121.17957675078073,68.39852896658138,87.02385160590498,53012.055238286,88.37903001499157,147.80580366676443,213729.97046516795,10.403749739209891,24.71851284566665,9085.659905024297,734.9999999999999,1039.4469683442248,0.6365141682948128,0.0,0.0,0.0,27.843502684210527,118.1299773599466,-29.390363944444445,121.17957491828935,68.39852897951043,87.02385162235473,53012.05525832728,88.37903003169752,147.80580369470363,213729.97054596912,10.403749741176473,24.718512850339096,9085.659908459154,735.0,1039.446968344225,0.6365141682948128,0.0,0.0,0.0,27.843502689473684,118.12997738227631,-29.39036395,121.1795749411955,68.3985289924396,87.02385163880456,53012.05527836866,88.37903004840351,147.80580372264282,213729.9706267703,10.40374974314306,24.71851285501155,9085.659911894018,734.9999999999998,1039.4469683442248,0.6365141682948128,0.0,0.0,0.0,27.84350269473684,118.12997740460598,-29.390363955555554,121.17957496410165,"[-1.92711049e+02  1.45729705e+02 -5.38902547e+01  3.66588297e+01
  1.14508154e+01  5.24585807e+00 -2.21428260e+00  9.53178469e+00
 -7.00790770e-01  3.88778775e-03  3.37186942e+00 -3.85836744e+00
 -5.70473008e+00 -2.93178413e+00 -7.53112416e+00  5.23595927e-01
  2.26478459e+00 -8.43458345e+00 -1.69768239e+00 -1.85637110e+00]","[67.80924766 32.0134327  25.12008145 23.68232103 19.32623058 16.13629111
 17.23273155 12.72479378 11.4704816  11.71238257 11.05233004 13.11748178
 11.32248399 12.59375775 14.00191486 13.98366522 14.76107508 13.94768254
 13.96721169 13.67690426]","[-2.01464556 -1.45525381  0.94335601  0.04935976 -0.34378962  0.19389273
 -0.16895693  0.28281901  0.02145887 -0.05029637 -0.08496133 -0.02763361
  0.03290944  0.03983522  0.41532968  0.50303407  0.65243739  0.18985767
  0.33483582 -0.02174893]","[ 6.98852815  4.23155634  1.82337845 -0.12081873  0.28732671  0.24642231
  0.07174653  0.25201708  1.2269337   0.1846082   0.49769259  0.22640339
  0.67311948  0.66154967  0.53817483  0.43455551  0.49872349  0.25702186
  0.62761703  0.57685241]","[-1.00948809e-10 -1.56783481e-18  3.13566962e-18  8.62309145e-18
 -1.56783481e-18 -4.89948378e-19 -2.84170059e-18  8.81907080e-19
 -9.79896756e-19 -1.17587611e-18 -3.13566962e-18 -7.83917405e-19
  5.97737021e-18  3.52762832e-18 -1.66582449e-18  1.95979351e-18
  5.29144248e-18 -1.27386578e-18  3.91958702e-19  1.76381416e-18]","[13.55682473  7.308581    6.11835873  5.30570782  5.66466226  4.6910021
  4.71609515  4.36371529  4.22405021  4.16078873  3.84252142  4.26211545
  3.89845542  4.19564178  3.9140492   4.01852605  4.05273245  4.03871073
  3.94946025  3.96946646]","[ 5.46146607e-11  1.17594098e-18 -5.04674669e-18 -6.36968029e-19
 -1.19553999e-17 -5.87970488e-19 -1.17594098e-18 -5.58571964e-18
 -7.83960651e-18  7.10464340e-18  1.22493852e-18 -2.03339794e-18
  3.42982785e-19 -2.40087949e-18  1.12694344e-18  1.17594098e-18
 -6.71266307e-18 -4.06679588e-18  3.42982785e-18  6.61466799e-19]","[12.8349125   7.74018015  6.70421687  5.93040856  6.05715322  5.2488948
  5.50146319  5.22660123  5.08734574  4.98534131  4.72264931  5.14035876
  4.82299933  5.00462174  4.66460919  4.84737302  4.86933816  4.76102002
  4.67595444  4.68222151]"
68.05916245489831,86.59207359256276,52487.31046341864,87.94052814111683,147.0724495909566,211614.34441124432,10.35213043816989,24.595869338486462,8995.724652750961,735.0000000000001,1039.446968344225,0.6365141682948128,0.0,0.0,0.0,27.70535421052632,117.54386302463057,-29.24454055555556,120.57832968321495,68.05916258418956,86.59207375706082,52487.31066283783,87.94052830817657,147.07244987034866,211614.34521524765,10.352130457835727,24.59586938521099,8995.724686929134,735.0,1039.4469683442248,0.6365141682948128,0.0,0.0,0.0,27.705354263157897,117.54386324792743,-29.244540611111113,120.57832991227636,68.05916271348089,86.59207392155892,52487.31086225706,87.94052847523629,147.0724501497407,211614.34601925086,10.352130477501563,24.59586943193551,8995.724721107306,735.0,1039.4469683442248,0.6365141682948128,0.0,0.0,0.0,27.705354315789474,117.54386347122431,-29.24454066666667,120.57833014133779,68.05916284277212,86.59207408605694,52487.311061676206,87.94052864229603,147.07245042913272,211614.3468232541,10.352130497167405,24.595869478660042,8995.724755285484,734.9999999999999,1039.4469683442248,0.6365141682948128,0.0,0.0,0.0,27.705354368421055,117.54386369452118,-29.244540722222226,120.57833037039923,67.33719408248507,85.37584597184934,51023.24552786261,86.19514191990312,143.93400836987058,202562.1998116816,14.473824546629977,16.343736789039824,4499.617922814019,2813.957037367358,5827.089856645757,1.0646807025647058,693.0683097571111,1.2527168833792754,0.5,26.571798210526314,106.86791891835382,-25.611041138888886,103.13691380146285,64.52606062646075,83.52828928206681,48838.82577272046,84.27413777487915,140.9026555033245,193966.08302980554,15.137212180754851,17.282797776396706,5044.350078439517,6278.062819403915,8507.530242931864,1.4625341332024386,1515.261971303447,1.3489443134558436,0.7637626158259734,25.04061756842105,100.50822578920922,-23.017061111111108,100.52519249487966,63.28043419274092,82.08616754567633,47166.97231635793,82.71483829086503,138.18408622552164,186418.38667233585,20.113849284392323,26.234631511477822,10176.466511823897,9341.88127859046,9313.889136917103,1.6619433069962168,2379.53455586079,1.2134332874183547,0.7637626158259734,23.760805,99.04068680923257,-20.483677238888887,112.45521919767793,63.19093375000204,81.9941219474461,47061.25223752864,82.58852825089487,137.9667439951345,185823.2930571854,20.466062750925936,27.025029908841443,10730.192303337975,9598.118011529892,9332.17210960339,1.6728941506132122,2454.083306111731,1.214937216325149,0.7637626158259734,23.66905497894737,99.1202511502496,-20.26854547222222,113.95820111798615,64.1627331490132,83.29376751861611,48564.961952116864,84.05203953685675,140.51308228773357,192877.59442099018,14.385814649647951,17.91538589473242,5378.150582963442,6905.702909605014,8769.42700833246,1.5112475402452796,1631.2144999995057,1.196477794116557,0.7637626158259734,24.822264763157904,100.09676506546467,-22.76745758333334,101.62742872286455,68.0591629720635,86.5920742505551,52487.31126109553,87.94052880935575,147.07245070852477,211614.34762725735,10.35213051683324,24.59586952538456,8995.724789463655,734.9999999999999,1039.4469683442248,0.6365141682948128,0.0,0.0,0.0,27.705354421052633,117.54386391781806,-29.24454077777778,120.57833059946064,68.05916310135474,86.5920744150531,52487.31146051467,87.94052897641546,147.0724509879168,211614.34843126053,10.352130536499072,24.595869572109073,8995.724823641824,734.9999999999995,1039.4469683442246,0.6365141682948128,0.0,0.0,0.0,27.705354473684213,117.54386414111495,-29.244540833333335,120.57833082852206,68.05916323064609,86.59207457955125,52487.311659933956,87.94052914347519,147.07245126730885,211614.34923526383,10.35213055616491,24.5958696188336,8995.724857819998,735.0,1039.4469683442248,0.6365141682948128,0.0,0.0,0.0,27.70535452631579,117.54386436441183,-29.244540888888892,120.57833105758348,68.05916335993733,86.59207474404926,52487.311859353096,87.94052931053491,147.07245154670085,211614.35003926704,10.352130575830747,24.595869665558116,8995.724891998172,735.0,1039.4469683442248,0.6365141682948128,0.0,0.0,0.0,27.705354578947368,117.5438645877087,-29.244540944444445,120.57833128664491,"[-1.88166469e+02  1.41461656e+02 -2.74426323e+01  5.40387468e+01
  8.11154445e+00  1.46732256e+01 -5.10708670e+00  2.66791118e+00
  6.98947058e+00  1.55034424e-01 -1.10299165e+01  1.62023731e+00
 -4.62572874e+00 -2.10460959e+00  8.33383267e-01 -3.01405106e+00
 -6.02548194e+00 -1.27554980e+00  3.21149339e+00 -2.08925819e+00]","[68.42539327 30.24501327 26.39631885 19.7924222  21.60624603 16.98038254
 16.34595847 13.74944628 12.03450163 12.8340979   9.21198987 10.97892646
 10.45655899  9.89407695 10.04346818 10.2340762  11.19692906  8.29347126
  8.69911179  9.16531372]","[-2.31848171 -1.95295366  0.76411879 -0.22201344 -0.22871312 -0.04032384
  0.03006226 -0.05253517 -0.34447592  0.31590246 -0.23393521 -0.06465153
 -0.01516866  0.07490501 -0.25517836  0.53340365  0.62540481  0.17926949
 -0.05901438  0.02712418]","[ 8.77863226  7.08010528  0.47589838  0.20937041  0.04264361  0.15918792
 -0.41544723  0.38186495  0.25176647  0.21318521  0.14844695  0.20885871
 -0.14770924  0.08032019  0.47537433  1.56254885  1.41809689  0.51945692
  0.08607308  0.23386607]","[-1.55273805e-10  2.61132942e-18 -1.14245662e-17  5.22265884e-18
 -2.77453751e-18  4.24341031e-18  8.48682062e-18  1.02821096e-17
  3.99859818e-18 -7.50757209e-18  1.46887280e-18  7.18115591e-18
 -8.16040444e-20  4.48822244e-18  3.99859818e-18 -8.97644489e-19
  9.79248533e-19 -2.28491324e-18  1.63208089e-18  5.46747098e-18]","[13.95650862  7.53786668  5.69112983  5.60549375  6.30776581  4.97219443
  4.24132788  4.3834158   4.37484325  4.13080151  3.85890702  4.03371122
  4.08180215  3.67478681  3.60912874  3.59947226  3.56326545  3.54758547
  3.46910689  3.4837975 ]","[ 4.54817002e-11  2.28501822e-18  4.89646761e-18  3.83556629e-18
  9.62971962e-18 -2.48903770e-18  1.93818509e-18  1.10578560e-17
 -3.30511563e-18 -7.75274038e-18  3.18270394e-18  3.22350784e-18
 -9.14007286e-18 -3.10109615e-18  1.02009742e-18  7.95675986e-18
  4.73325202e-18  6.81425075e-18 -8.16077934e-19 -1.42813638e-18]","[13.5133453   8.00050453  6.07401644  6.07467201  6.6377005   5.40368786
  5.06143219  5.15754493  5.26640649  4.91635949  4.79359957  4.96545709
  5.08874139  4.60280924  4.51495202  4.52545095  4.44728244  4.45041822
  4.37118037  4.34993114]"
73.63620719993217,93.68778049772806,61441.80150213331,95.14673289965961,159.12416463629037,247716.38000734622,11.200426135290183,26.611354967400118,10530.421993471924,735.0,1039.4469683442248,0.6365141682948128,0.0,0.0,0.0,29.975643684210528,127.1758855172218,-31.640957222222223,130.4590087228722,73.6362073292235,93.68778066222616,61441.801717893795,95.14673306671934,159.12416491568237,247716.3808772327,11.200426154956022,26.61135501412464,10530.422030450796,735.0,1039.4469683442248,0.6365141682948128,0.0,0.0,0.0,29.975643736842105,127.1758857405187,-31.64095727777778,130.4590089519336,73.6362074585148,93.68778082672425,61441.80193365423,95.14673323377906,159.12416519507443,247716.38174711927,11.200426174621857,26.611355060849156,10530.422067429665,735.0000000000001,1039.446968344225,0.6365141682948129,0.0,0.0,0.0,29.975643789473686,127.17588596381556,-31.640957333333333,130.45900918099505,73.63620758780613,93.68778099122237,61441.80214941472,95.14673340083878,159.12416547446648,247716.38261700585,11.200426194287692,26.611355107573676,10530.422104408535,735.0,1039.4469683442248,0.6365141682948128,0.0,0.0,0.0,29.975643842105264,127.17588618711245,-31.64095738888889,130.45900941005647,73.63620771709738,93.6877811557204,61441.80236517511,95.14673356789852,159.12416575385848,247716.38348689227,11.20042621395353,26.611355154298206,10530.422141387406,734.9999999999998,1039.4469683442248,0.6365141682948128,0.0,0.0,0.0,29.975643894736844,127.17588641040929,-31.640957444444446,130.4590096391179,73.63620784638871,93.68778132021848,61441.80258093554,95.14673373495825,159.12416603325053,247716.38435677878,11.200426233619366,26.611355201022725,10530.42217836628,735.0,1039.4469683442248,0.6365141682948128,0.0,0.0,0.0,29.97564394736842,127.17588663370621,-31.6409575,130.4590098681793,73.63620797568,93.68778148471658,61441.80279669602,95.14673390201797,159.12416631264256,247716.3852266654,11.200426253285203,26.611355247747248,10530.422215345152,735.0000000000001,1039.446968344225,0.6365141682948128,0.0,0.0,0.0,29.975644,127.17588685700309,-31.640957555555556,130.45901009724074,73.63620810497126,93.68778164921463,61441.80301245642,95.1467340690777,159.1241665920346,247716.38609655196,11.200426272951036,26.611355294471764,10530.42225232402,735.0000000000001,1039.4469683442248,0.6365141682948128,0.0,0.0,0.0,29.97564405263158,127.17588708029997,-31.640957611111112,130.45901032630215,73.63620823426258,93.68778181371272,61441.80322821688,95.1467342361374,159.1241668714266,247716.3869664384,11.200426292616875,26.6113553411963,10530.422289302895,735.0,1039.4469683442248,0.6365141682948128,0.0,0.0,0.0,29.975644105263157,127.17588730359681,-31.640957666666665,130.45901055536356,73.63620836355385,93.6877819782108,61441.8034439773,95.14673440319713,159.12416715081866,247716.38783632498,11.200426312282712,26.611355387920817,10530.422326281765,735.0000000000001,1039.446968344225,0.6365141682948128,0.0,0.0,0.0,29.975644157894738,127.17588752689369,-31.640957722222222,130.459010784425,73.6362073292235,93.68778066222616,61441.801717893795,95.14673306671934,159.12416491568237,247716.3808772327,11.200426154956022,26.61135501412464,10530.422030450796,735.0,1039.4469683442248,0.6365141682948128,0.0,0.0,0.0,29.975643736842105,127.1758857405187,-31.64095727777778,130.4590089519336,73.63620734215259,93.68778067867594,61441.80173946978,95.14673308342532,159.12416494362162,247716.38096422143,11.200426156922601,26.611355018797088,10530.422034148678,735.0,1039.4469683442248,0.6365141682948128,0.0,0.0,0.0,29.975643742105262,127.17588576284838,-31.640957283333332,130.45900897483975,73.63620735508174,93.68778069512574,61441.801761045834,95.14673310013127,159.1241649715608,247716.38105121,11.200426158889183,26.611355023469535,10530.422037846563,735.0000000000001,1039.446968344225,0.6365141682948128,0.0,0.0,0.0,29.97564374736842,127.17588578517807,-31.640957288888885,130.45900899774588,"[-1.93258050e+02  1.33930142e+02 -4.22595518e+01  6.02266148e+01
  1.79377981e-01  1.63121407e+01 -7.75552621e+00  8.29280589e+00
  8.47274601e-01  6.92921656e-01 -4.38844953e+00  2.90312458e+00
  1.56501030e+00 -2.57660102e+00  2.97638645e+00 -3.14646955e+00
 -9.24767904e+00  1.19745762e-01 -8.89852688e-01 -7.76103241e+00]","[80.86459912 34.09153208 24.04915877 19.84623637 18.58088849 16.4144685
 10.8383793  12.37786616 11.01984968 10.62872724  9.24783482  9.99206704
 10.72924274 10.38321047 10.25289109  9.80498562  9.77794584  8.60781545
  8.26729683  9.29375119]","[-2.21721076 -1.55639291 -0.08442146 -0.54705151  0.07263641 -0.07556081
 -0.30416749  0.03508051 -0.03502175  0.233271    0.28798062 -0.25135054
 -0.03207417  0.44707461  0.31687836  0.47721594  0.13809691 -0.41881722
 -0.18550733  0.35751974]","[ 8.33945157  3.72313107 -0.35171549  1.35290909 -0.08160446 -0.19086334
  0.51199557 -0.1575498   0.01110185  0.45470099  0.46792762  0.91538177
 -0.02941802  1.5278323   0.83311676  1.55237796  0.65217826  0.84595027
  0.73025768  0.54833575]","[-1.91833058e-10 -5.57976122e-18 -9.96385932e-19  3.18843498e-18
  9.36602776e-18 -8.76819620e-18 -2.69024202e-18 -7.67217168e-18
 -3.78626654e-18 -7.97108746e-19 -7.27361730e-18  7.77181027e-18
  2.54078413e-18  4.98192966e-19  2.88951920e-18  2.39132624e-18
  1.99277186e-18 -6.72560504e-19  2.69024202e-18  6.47650856e-18]","[15.14663354  8.45792579  5.25428891  5.35350219  6.47244794  5.20897598
  4.31795099  4.14240684  4.45946546  4.16794288  4.07902925  3.98970772
  4.06727774  3.81877138  3.76249515  3.72548142  3.81224316  3.68687533
  3.61176163  3.7455385 ]","[ 5.55337372e-11 -4.88256494e-18  7.77224623e-18  5.08185330e-18
 -4.58363239e-18  3.38790220e-18  4.03558939e-18 -1.79359528e-18
  9.96441824e-19  8.71886596e-19 -1.24555228e-18 -1.34519646e-17
  1.06619275e-17 -4.98220912e-20 -4.98220912e-19  7.97153459e-19
  5.13167539e-18 -4.48398821e-19  7.77224623e-18 -4.53381030e-18]","[13.77034979  8.30640568  5.8364418   5.82904398  6.40459304  5.552059
  5.31804431  5.05098125  5.39087206  5.12844127  5.0976435   5.03586386
  5.05291139  4.72082568  4.69185042  4.6756085   4.80821744  4.72598745
  4.57671556  4.70106907]"
36.809410509845556,40.75929022404077,11629.238176973098,49.37559585289323,79.74548645890741,63847.63897111796,21.724538354193506,43.358819942775405,27843.995203190865,3784.988082895814,6089.567970742339,1.5695033367354356,1258.6521124268465,14.157903582951889,1.0954451150103321,19.10935501578947,122.44152614568081,-28.893642294444444,158.46629598706303,32.60304525706417,39.17205019611899,10741.14661597086,42.6027683577382,72.21998717887963,52710.86555212482,24.74150253672462,51.41295947135392,37727.034809702505,2879.360640496139,5008.837751816349,1.391644722525184,1572.3163570664246,8.141911840277773,1.019803902718557,19.33492181578948,130.74571647391014,-30.35298782222222,175.57015810903567,31.256967288837593,37.817606849219636,10011.19971461501,39.88363569207956,66.22766063717698,44337.282212167236,26.432486177839085,54.729181091941484,42338.248555902275,3545.50539391797,5626.535271065836,1.3783979838685008,1543.1606545342813,3.4968422045140017,2.165063509461097,18.768334400000004,131.99354702536556,-30.461593021111113,181.22289228673364,31.535357253559607,34.28683439839805,8229.1090914422,32.892328894240535,51.87627639876011,27245.32230629842,28.03080436199423,59.073151914228895,49300.1348052195,6163.3953797417025,6644.335671036367,1.8237250864568468,1533.2182938826454,2.1002888184714004,1.7320508075688772,16.6953341631579,129.03864911867674,-28.712741738888887,187.16550884286667,25.151255887532443,27.113617248654908,5146.0376821458985,31.42877697530958,46.940640085780444,22435.025170320165,27.961562241146687,59.450448319087265,50136.85141572752,7264.241030133378,6910.67789637572,1.8896790807738737,1543.7885481731407,2.034839983673955,2.345207879911715,15.235589315789472,126.54875088052134,-27.81491303888889,187.3555754975318,21.52395479544528,23.913384970915104,4002.9498653703195,33.41733690918587,48.47287315104289,24115.126854997547,27.39980746768627,58.84375539760133,49103.43470880953,8190.446255200102,7176.154615357171,1.8377226234158355,1697.4016390690153,2.0307879035674268,1.8547236990991407,15.227395810526318,126.9627496875146,-27.853425422222223,186.5000898449614,23.553778550096883,25.334013252244503,4492.685592254301,33.17063071314933,48.18322208186277,23921.391153317272,27.814926944813013,59.24354979187101,49708.64159929408,9223.136777503107,6831.468972048831,2.0149260167216942,1732.154657511221,1.6908719944779442,0.6871842709362768,15.34035350526316,126.98001296674134,-27.595628361111107,187.0866902384458,23.97514864145834,25.969495121391223,4720.902738019738,33.43851191748438,49.28932326096745,24883.832054805516,28.03210376548913,58.718528492768364,48849.0469173725,8201.841385226788,6506.800999467544,2.110624610938815,1610.6186645592738,1.7929857388829413,0.6871842709362768,15.409548084210524,126.54608074983474,-27.788515424444448,185.8862503344858,21.486240168570983,24.311132330281872,4137.218086263335,31.482943189916618,47.12182358891256,22672.997384014656,27.620834880364022,59.35547471968612,49999.14069088546,7310.411212675937,6699.437158881141,2.019545328952572,1538.0344871609323,1.7969389375958753,1.0671873729054748,14.982549921052632,125.61960988484066,-27.15010856111111,186.74493617457244,20.63564168363095,24.74211763843291,4285.20669663837,31.40643315548808,49.68040849426776,25144.590958824796,27.353747313989075,59.5862519914256,50370.582358699794,6453.96548795327,6865.877921869319,1.9101396723486734,1444.459110995571,2.4138155548059945,1.0954451150103321,14.968961768421055,125.47284698621417,-27.009284761111108,186.95646900087795,21.234110769921788,25.13873858239499,4423.69324259796,32.01622383195004,50.69408598647336,26227.130326972598,27.73887692751845,59.45844215803787,50151.836866253354,7558.805428915179,7107.525195800994,1.9696665384931853,1357.7444652925371,1.8169630452470116,0.6871842709362768,15.04488052631579,124.9556428844848,-27.008854666666668,186.51141003137693,23.683278886807976,26.115245169032995,4774.04221167091,31.796733328222455,49.819140041973554,25490.030255880774,26.716057931963675,58.46969647272137,48569.131700109974,7861.40963394964,6512.520326293248,2.0262960272181627,1550.446540936685,2.127604845184733,1.0671873729054748,15.425761526315787,126.05503488478885,-27.506636455555554,185.46859749257578,21.82060777406925,26.367694698946593,4866.787266157993,31.990717664557714,51.54235701398051,27388.64205187751,26.97065497310325,58.19469616117187,47892.66898963362,7288.119453026595,6497.582365555127,1.9332131795212344,1887.2342617778113,2.461970793008532,1.0954451150103321,16.137957868421054,129.8414302207991,-28.79434775,186.33268725284046,"[-207.78507368  177.85915827  -93.96170465   46.38803853    2.75172213
   -8.5102903    13.72942829  -15.61390427    1.4042538    -8.20042609
   -6.4013146    -0.620259     -9.32583429   -0.61203034   -7.26817865
   -6.45538147   -2.11832634   -7.70959729   -2.31689608   -3.68531905]","[57.31012767 18.89904762 22.70071778 18.69205209 14.68849569 10.370815
 10.89801902 10.15913702  9.44665436  8.31895663  8.23516281  8.86532003
  8.61308316  7.38758731  7.80193617  7.83659672  7.49107184  6.75870353
  6.81525099  7.69835655]","[-1.59059371 -1.30581128  1.12408962 -0.56379029  0.04429759 -0.10963825
  0.05675853  0.13751796 -0.03837372  0.0582064  -0.12906641  0.08827246
  0.18292943 -0.23060994  0.00401658  0.12164744 -0.01525877  0.02745334
 -0.14467615  0.07630577]","[ 2.94151427  2.71956807  1.59318134  0.57191287 -0.30099057  0.38194915
  0.04894147 -0.20242383 -0.01175959  0.04593664  0.04702817 -0.06610678
 -0.09860413  0.06380937  0.44768518  0.19175775  0.12875661  0.15035943
  0.07980364  0.46100112]","[-0.00089907 -0.00065559 -0.00256889  0.00067297  0.00067834 -0.00225553
  0.00027762 -0.00117089 -0.00072834  0.0007524   0.00079733 -0.00121873
 -0.00095485  0.00042632  0.00021067 -0.00011801 -0.00030772  0.00049498
  0.00021841  0.000723  ]","[10.37236657  4.77963948  5.22399169  5.43302443  4.63760601  3.73030875
  3.81068979  3.86011852  3.84198776  3.60071667  3.50966579  3.57687861
  3.56264785  3.50748076  3.44304774  3.44999401  3.44654197  3.41958589
  3.34473554  3.38881901]","[-2.55323606e-03 -2.33539467e-03  2.52923851e-03  1.27718113e-03
 -8.01677434e-05  1.32853587e-03 -2.49232021e-04  4.01577367e-04
 -3.05657578e-04  4.52029776e-05 -3.49707778e-04 -5.57364424e-04
  8.23552462e-05 -1.63370313e-05  1.31015628e-04  1.99642289e-04
  4.69501529e-04  3.68251949e-05 -8.17827282e-05  4.99735056e-05]","[9.38187487 5.7321754  5.86106757 5.88313743 5.50786152 4.89324605
 4.93866341 4.9518291  4.96117367 4.70035661 4.70460784 4.76867093
 4.73070789 4.69637806 4.61269064 4.60670778 4.6095664  4.59643003
 4.53610887 4.60741701]"
69.04047952096835,87.84060908047867,54011.808225406305,89.20850644045721,149.19302674069715,217760.698484469,10.501393548421824,24.950507060522515,9257.006131635933,735.0,1039.4469683442248,0.6365141682948128,0.0,0.0,0.0,28.104826315789477,119.23867963178924,-29.666205555555557,122.31689901684102,69.04048081388139,87.84061072545956,54011.810248352034,89.20850811105444,149.19302953461744,217760.70664042715,10.501393745080183,24.95050752776773,9257.00647834567,735.0,1039.446968344225,0.6365141682948128,0.0,0.0,0.0,28.104826842105265,119.23868186475802,-29.666206111111112,122.31690130745523,67.13841487887137,85.57740618897785,51264.44715023312,89.44221730917556,149.45811335606055,218602.2341204775,10.541864215263,25.03755317055085,9321.714491886745,744.2613459309616,1043.4784595218991,0.6406481764135896,186.55966208530197,0.0,0.0,27.833971650526326,119.73572603259905,-29.79129263333334,122.75470033586542,67.20900945377713,85.670658048079,51376.231552736186,89.48507354054917,149.5403940813746,218838.7587684906,10.547269028734908,25.049449974786544,9330.576674092756,744.6884824586685,1043.580746667225,0.6407136482636361,212.75199815961818,0.0,0.0,27.85010978,119.79233391217922,-29.807351943333327,122.8117414518036,67.31209068022915,86.00801753303426,51781.653559739105,89.47528541932599,149.5470040655057,218846.54596243502,10.54447656396314,25.043598452984146,9326.218161159477,743.2036552699178,1042.8487204182525,0.6399420334459747,200.43847976937894,0.0,0.0,27.89702473421052,119.75278338672703,-29.798361447222224,122.78083211932262,67.27200224643035,85.85876492392266,51602.09259982989,89.48659978553343,149.55605611073045,218878.10765155562,10.546615491743223,25.048225321942855,9329.664522167408,743.924434790202,1043.1930759499,0.6403021128563401,210.3459894844346,0.0,0.0,27.877228149999993,119.78034067471025,-29.80499669166666,122.8044452487513,67.32661631008621,86.0700134418867,51856.3304972059,89.47001476453289,149.54178524385924,218829.35310800438,10.543475142117027,25.041492885319677,9324.649805963596,742.8680543738603,1042.69598552094,0.6397849208515944,195.9146741067311,0.0,0.0,27.905401935263153,119.74035536653385,-29.795209446111105,122.7701954538647,67.36175075012804,86.16258406706856,51967.93625180261,89.47167638573261,149.5523448535286,218856.6519907272,10.543396808834482,25.04125282678833,9324.471401333602,742.6927688897259,1042.5859157018726,0.6396567342556128,195.54150833795777,0.0,0.0,27.91762728421052,119.73659163961835,-29.794933905555556,122.7682114424768,67.32873139156024,86.02789272345782,51805.58828507137,89.48019937732714,149.55905583769263,218880.37015719563,10.545200120112055,25.04498191402314,9327.248583879016,743.3986562954949,1042.9061630844587,0.6399866042460428,203.53058471042422,0.0,0.0,27.899059889473687,119.75942156098613,-29.800687777777778,122.78716592849453,67.34038384769946,86.04892431570043,51830.92163122398,89.49886077701761,149.58930451008592,218969.20328547875,10.54729484200499,25.050120365759323,9331.076221670728,743.283200963902,1042.8651577233964,0.6399497935946535,214.7498892959805,0.0,0.0,27.90600068947368,119.78367690354987,-29.80646177777777,122.81248407664557,67.41117714884798,86.31398455775366,52150.727511652956,89.47456093754114,149.56725586392446,218895.32332801333,10.543089822287264,25.040794874073345,9324.13017660429,742.2041672665631,1042.3438919192313,0.63939571808361,194.75085716187235,0.0,0.0,27.939026915789476,119.72967963951825,-29.793655994444446,122.7649839579152,67.49545560984582,86.57440774060761,52465.89652945885,89.4837433740108,149.59892318852616,218979.89599839866,10.543056829512933,25.041227380092906,9324.452231937616,741.409692032374,1041.9618028217285,0.6389843748245098,196.046242088003,0.0,0.0,27.97636292631579,119.72378844261692,-29.792819749999992,122.76553241815196,67.48205945725357,86.49262312030538,52366.81697961829,89.49396584430666,149.61244443217532,219021.62987967866,10.544840584851274,25.04497133737352,9327.240885585426,741.8946180386114,1042.165946646033,0.6391902270557015,204.13980012130853,0.0,0.0,27.965805594736846,119.74497797442672,-29.798398588888883,122.78416259908029,"[-1.49537955e+02  1.66522770e+02 -8.46597893e+01  4.87553161e+01
 -2.26449152e+00 -7.14542152e+00  1.61359014e+01 -7.72056815e+00
  5.57385922e+00 -1.60655136e+00 -4.66070079e+00  3.90911687e+00
 -6.98755620e+00 -2.00800706e+00  4.95576811e-02 -5.08386746e+00
  2.51048468e+00  8.30098710e-02  2.32632234e+00  2.23604728e+00]","[68.65275151 31.40967707 23.08497167 21.27453397 18.12811883 10.34255408
 14.66642322 11.49674576  9.14600402  9.43549798  8.02889263  8.92708836
  8.60379963  7.95545554  8.84831755 10.23493031 10.27805714 10.23942252
 10.2582899  10.49319097]","[-3.14274332 -2.18376154  1.83250783 -0.47545284  0.11218505 -0.15889426
  0.23195894  0.69563076  0.10714496  0.18370124  0.00445094 -0.11860458
  0.08192541  0.11994867  0.5311205   0.58288358  0.26981358  0.5512384
  0.35080634  0.32412922]","[14.15295101  9.16038386  5.053851    0.35425683 -0.47473259  0.06035359
 -0.10195295  1.35980626  0.55059103 -0.2440491   0.03487169  0.46295266
  0.02982018  0.26339915  0.84913083  0.3631314  -0.03739936  0.34316633
  0.07585953  0.11791607]","[2.01975075e-04 2.84978495e-04 2.83009628e-04 2.79743690e-04
 2.75203716e-04 2.69421694e-04 2.62438242e-04 2.54302447e-04
 2.45071022e-04 2.34808341e-04 2.23585459e-04 2.11479714e-04
 1.98573942e-04 1.84956116e-04 1.70717911e-04 1.55954776e-04
 1.40764404e-04 1.25246547e-04 1.09501543e-04 9.36302245e-05]","[14.47053384  7.85959715  7.0790327   7.54718757  6.78796413  5.0543062
  5.08225744  4.78704864  4.34531348  4.23546613  4.26467121  4.31309434
  4.11094925  3.95316839  4.19075378  4.07959109  4.22546061  4.10357411
  4.19308489  4.19314768]","[-3.54494736e-06 -4.88819401e-06 -4.51091514e-06 -3.89152344e-06
 -3.04406551e-06 -1.98759561e-06 -7.45824710e-07  6.53554396e-07
  2.17932152e-06  3.79806083e-06  5.47416539e-06  7.17140286e-06
  8.85351840e-06  1.04853595e-05  1.20331729e-05  1.34663457e-05
  1.47566589e-05  1.58825115e-05  1.68232700e-05  1.75660938e-05]","[13.27591337  8.58394066  7.69914105  7.88561507  7.18770168  6.20475081
  6.09094475  5.86905999  5.59022963  5.4509638   5.46167924  5.49819857
  5.27576373  5.18156463  5.39516932  5.2520611   5.41139548  5.25385815
  5.3467646   5.36504109]"
59.93257995668913,76.25257477479093,40701.18611849558,77.44001753979317,129.51131084484507,164095.945118551,9.116037618283082,21.65900743650757,6975.717752151493,734.9999999999998,1039.4469683442248,0.6365141682948128,0.0,0.0,0.0,24.397205263157893,103.50857570147444,-25.752605555555554,106.18071284042374,59.9325812496021,76.25257641977174,40701.187874571915,77.44001921039045,129.51131363876542,164095.9521985659,9.116037814941448,21.659007903752794,6975.718053122888,735.0,1039.4469683442248,0.6365141682948128,0.0,0.0,0.0,24.397205789473684,103.50857793444325,-25.752606111111113,106.18071513103797,59.93258254251511,76.25257806475257,40701.189630648296,77.44002088098766,129.51131643268573,164095.95927858085,9.116038011599814,21.65900837099801,6975.718354094288,735.0,1039.4469683442248,0.6365141682948128,0.0,0.0,0.0,24.397206315789475,103.50858016741199,-25.752606666666665,106.18071742165219,59.93258383542808,76.25257970973335,40701.19138672468,77.44002255158495,129.5113192266061,164095.96635859614,9.116038208258184,21.659008838243246,6975.718655065697,735.0,1039.4469683442248,0.6365141682948128,0.0,0.0,0.0,24.397206842105263,103.50858240038079,-25.75260722222222,106.18071971226644,59.93258512834099,76.2525813547141,40701.19314280104,77.44002422218217,129.51132202052636,164095.97343861134,9.11603840491655,21.659009305488464,6975.718956037109,735.0,1039.4469683442248,0.6365141682948128,0.0,0.0,0.0,24.397207368421054,103.50858463334959,-25.75260777777778,106.18072200288067,59.932586421253994,76.25258299969492,40701.19489887754,77.4400258927794,129.5113248144467,164095.98051862675,9.116038601574916,21.659009772733683,6975.719257008528,735.0,1039.4469683442248,0.6365141682948128,0.0,0.0,0.0,24.39720789473684,103.50858686631838,-25.75260833333333,106.1807242934949,59.93258771416698,76.25258464467574,40701.19665495406,77.44002756337667,129.51132760836708,164095.98759864247,9.116038798233282,21.659010239978908,6975.719557979955,735.0,1039.4469683442248,0.6365141682948128,0.0,0.0,0.0,24.397208421052632,103.50858909928714,-25.75260888888889,106.18072658410915,59.56523885488561,76.07058201304177,40507.13413462039,77.29688414988259,129.27752671675384,163492.37099877687,9.161211306004871,20.945521353938098,6576.283591993079,765.3204880461155,1264.1299193854732,0.6501698704594472,28.25608921895703,1.032352839449516,0.4714045207910317,24.267070899999997,102.66949289240031,-25.60521044444444,104.60613941755801,59.18805758366623,75.8977933596047,40323.3252580008,77.17869963683492,129.08233060417922,162989.80969542312,9.222904916793626,20.266553237248438,6224.419548567645,812.0298634597635,1549.982937251812,0.6673644490036515,58.254316523383444,1.0756539839089037,0.4714045207910317,24.14450545263158,101.95204579249788,-25.49432110555556,103.22850260717391,59.9325890070799,76.25258628965646,40701.19841103054,77.44002923397392,129.5113304022874,164095.99467865817,9.116038994891646,21.659010707224127,6975.719858951385,735.0,1039.4469683442248,0.6365141682948128,0.0,0.0,0.0,24.39720894736842,103.5085913322559,-25.752609444444445,106.18072887472339,59.93259029999289,76.25258793463729,40701.20016710714,77.44003090457116,129.51133319620774,164096.00175867416,9.116039191550017,21.659011174469356,6975.720159922827,734.9999999999999,1039.4469683442248,0.6365141682948128,0.0,0.0,0.0,24.39720947368421,103.50859356522471,-25.75261,106.18073116533763,59.93259159290589,76.2525895796181,40701.20192318379,77.4400325751684,129.51133599012806,164096.0088386902,9.116039388208382,21.65901164171457,6975.720460894272,735.0000000000001,1039.446968344225,0.6365141682948128,0.0,0.0,0.0,24.39721,103.5085957981935,-25.752610555555556,106.18073345595185,59.9325812496021,76.25257641977174,40701.187874571915,77.44001921039045,129.51131363876542,164095.9521985659,9.116037814941448,21.659007903752794,6975.718053122888,735.0,1039.4469683442248,0.6365141682948128,0.0,0.0,0.0,24.397205789473684,103.50857793444325,-25.752606111111113,106.18071513103797,"[-2.02500523e+02  1.52708249e+02  2.62703657e+01  1.62479787e+01
  1.80138019e-01  2.59102259e+01 -4.98988771e+00 -9.88933126e-01
  2.85240961e+00  4.75529143e+00 -5.05406599e+00  3.23456988e+00
 -6.78111280e+00  3.95709991e-01 -2.53681070e+00 -3.93536080e+00
 -7.82234998e+00 -4.47602254e+00 -6.27889929e+00  7.85624045e-01]","[65.93479265 41.04126226 17.09172966 15.67967084 12.40790987 13.75581499
 10.08960263  9.99365678  9.54826314 10.01974923  8.72836777  8.64045187
  7.49939437  6.57509746  6.33048476  6.74869202  6.97556674  7.20582192
  7.67918878  6.94860287]","[-1.78239648 -1.20118195 -0.09846927  0.3398134  -0.37277859  0.18638142
 -0.23313108  0.08059317 -0.26951751  0.24185572 -0.15806618  0.20973001
 -0.08626077  0.09707604  0.13633496  0.4302734  -0.04938932  0.26102057
 -0.13693862  0.12426961]","[ 4.79049616e+00  2.36312984e+00 -4.19761718e-01 -1.59380161e-01
  1.68053811e-01 -1.38548204e-01 -4.58208632e-02 -1.79982811e-01
  2.02642071e-01 -1.24125067e-01 -9.68009690e-02  2.52383515e-01
  1.13064572e-01  1.97101682e-03  5.09696243e-01  5.41719238e-01
  3.27126348e-01  2.76924750e-02  7.68428142e-01  3.25557012e-01]","[-1.84336823e-09  6.20019839e-18  1.16253720e-17 -1.93756200e-18
  7.75024799e-18 -1.93756200e-18  8.52527279e-18  9.68780999e-19
  1.76318142e-17 -1.35629340e-18  9.30029759e-18  1.44348369e-17
 -5.32829549e-18  6.78146699e-19 -9.68780999e-19  2.51883060e-18
 -8.71902899e-18 -5.90956409e-18 -7.75024799e-19  3.10009920e-18]","[16.40420272 12.53478116  5.91354789  5.76760878  4.80104409  4.64873056
  4.20292634  4.29750211  5.2158339   4.86042891  4.0958945   3.86758102
  3.83439697  3.50542039  3.22927138  3.42058251  3.50072621  3.43415529
  3.41744018  3.33714656]","[ 1.07996075e-09  7.16976143e-18 -4.84443340e-18  1.45333002e-18
 -9.01064613e-18 -1.59866302e-18  2.51910537e-18  8.57464712e-18
 -1.54052982e-17  1.93777336e-18  4.74754473e-18  2.05403976e-17
  6.97598410e-18 -1.42426342e-17  5.71643141e-18  9.68886680e-18
  7.07287277e-18 -1.64710736e-18 -3.58488072e-18  3.77865805e-18]","[16.37382645 13.03649919  7.0164664   6.5026801   5.71471596  5.37016123
  5.14878257  5.27691421  6.33384485  5.86501746  5.07174678  4.72141861
  4.95014101  4.55194823  4.27393863  4.35312697  4.5321569   4.35026994
  4.26030673  4.23241475]"
72.31708300451314,92.00945100780594,59260.17352330488,93.44226763378518,156.27360315805373,238920.6583288507,10.999780913654178,26.134637282646583,10156.515911811357,735.0,1039.4469683442248,0.6365141682948128,0.0,0.0,0.0,29.438657894736846,124.8976477583959,-31.074138888888893,128.12195686400227,72.31708429742612,92.00945265278673,59260.175642257826,93.4422693043824,156.273605951974,238920.66687188376,10.99978111031254,26.1346377498918,10156.516274975647,734.9999999999999,1039.4469683442248,0.6365141682948128,0.0,0.0,0.0,29.438658421052633,124.89764999136469,-31.074139444444445,128.12195915461655,72.31708559033906,92.0094542977675,59260.17776121077,93.44227097497966,156.27360874589434,238920.6754149172,10.9997813069709,26.134638217137013,10156.516638139943,735.0,1039.4469683442248,0.6365141682948128,0.0,0.0,0.0,29.43865894736842,124.89765222433344,-31.07414,128.12196144523077,72.31708688325197,92.00945594274826,59260.179880163734,93.4422726455769,156.27361153981468,238920.68395795068,10.999781503629272,26.13463868438225,10156.517001304259,735.0000000000001,1039.446968344225,0.6365141682948128,0.0,0.0,0.0,29.438659473684208,124.89765445730221,-31.074140555555555,128.121963735845,72.317088176165,92.0094575877291,59260.18199911685,93.44227431617414,156.27361433373497,238920.6925009842,10.999781700287636,26.134639151627457,10156.517364468571,735.0000000000001,1039.4469683442248,0.6365141682948128,0.0,0.0,0.0,29.43866,124.89765669027098,-31.074141111111107,128.12196602645926,72.31708946907796,92.00945923270989,59260.18411806993,93.44227598677142,156.27361712765534,238920.70104401823,10.99978189694601,26.134639618872697,10156.517727632903,735.0,1039.4469683442248,0.6365141682948128,0.0,0.0,0.0,29.43866052631579,124.89765892323982,-31.07414166666667,128.12196831707348,72.31709076199093,92.00946087769066,59260.18623702303,93.44227765736865,156.27361992157566,238920.70958705214,10.999782093604374,26.13464008611792,10156.518090797226,735.0,1039.4469683442248,0.6365141682948128,0.0,0.0,0.0,29.43866105263158,124.8976611562086,-31.07414222222222,128.12197060768773,72.3170920549039,92.00946252267146,59260.188355976185,93.4422793279659,156.273622715496,238920.7181300863,10.999782290262734,26.134640553363123,10156.518453961555,735.0,1039.4469683442248,0.6365141682948128,0.0,0.0,0.0,29.438661578947368,124.89766338917737,-31.074142777777777,128.12197289830195,72.31709334781685,92.00946416765225,59260.1904749294,93.44228099856313,156.27362550941632,238920.72667312055,10.999782486921104,26.134641020608353,10156.5188171259,735.0,1039.4469683442248,0.6365141682948128,0.0,0.0,0.0,29.438662105263155,124.89766562214616,-31.074143333333332,128.12197518891617,72.3170946407299,92.0094658126331,59260.1925938827,93.44228266916038,156.27362830333666,238920.73521615498,10.999782683579472,26.13464148785358,10156.51918029025,735.0,1039.4469683442248,0.6365141682948128,0.0,0.0,0.0,29.43866263157895,124.89766785511496,-31.07414388888889,128.12197747953044,72.31708429742612,92.00945265278673,59260.175642257826,93.4422693043824,156.273605951974,238920.66687188376,10.99978111031254,26.1346377498918,10156.516274975647,734.9999999999999,1039.4469683442248,0.6365141682948128,0.0,0.0,0.0,29.438658421052633,124.89764999136469,-31.074139444444445,128.12195915461655,72.31708442671736,92.00945281728475,59260.17585415305,93.44226947144213,156.27360623136605,238920.66772618718,10.999781129978377,26.134637796616328,10156.516311292078,735.0000000000001,1039.446968344225,0.6365141682948128,0.0,0.0,0.0,29.43865847368421,124.89765021466157,-31.0741395,128.12195938367796,72.31708455600862,92.00945298178281,59260.17606604833,93.44226963850187,156.27360651075807,238920.66858049054,10.999781149644214,26.134637843340844,10156.516347608509,735.0,1039.4469683442248,0.6365141682948128,0.0,0.0,0.0,29.43865852631579,124.89765043795845,-31.074139555555558,128.1219596127394,"[-2.22414940e+02  1.37588528e+02 -3.27244841e+01  4.16298808e+01
  2.79521428e+00  1.21281942e+01 -1.48881331e+00  1.61095576e+01
 -1.39177016e+00  3.75244662e+00 -7.97169849e-01 -2.09258980e+00
 -4.42942309e+00 -4.36717190e+00 -4.17878827e+00 -2.66020528e+00
  4.61149998e-01 -8.08996841e-01  1.16273235e-01  4.47973839e+00]","[83.13558453 35.67366411 27.23813756 22.99285629 19.83923899 14.34324271
 15.1920378  12.54464931 14.20935665 12.61281468 12.31490867 10.98519582
 11.80613147 11.06073014 11.62349106 12.98281827 12.4816087  11.73011413
 12.36933323 15.46305419]","[-1.66119888 -1.43893108  0.53380575 -0.18450114 -0.07813981  0.49239758
 -0.06821185  0.48054965  0.27419191  0.32546745  0.0206305  -0.03558316
  0.05005801  0.39479296  0.36762953  0.79887699  0.82472462  0.15331601
  0.47697965  0.76256837]","[ 4.361289    2.96539373  0.71004894 -0.21894158 -0.31768301  1.00942268
  0.87256815  0.50324307  0.94754931  0.23811143  0.29763789 -0.08724157
 -0.2464248   0.71504987  0.74679749  1.15200957  0.90113041  0.407541
  0.63225147  0.79683338]","[-1.76348547e-09  3.27590012e-18 -4.91385018e-18 -8.59923781e-18
  4.29961891e-18  5.32333769e-18 -6.85891587e-18 -2.96878448e-18
  3.07115636e-18 -4.91385018e-18 -2.25218133e-18 -9.62295660e-18
  6.14231272e-19  1.22846254e-18 -1.43320630e-18  3.78775951e-18
  4.50436266e-18  3.01997042e-18  1.02371879e-19 -1.02371879e-19]","[18.75566016  9.35854372  6.47273295  5.9928678   5.9671432   5.09573324
  5.28107456  4.45032694  5.06810535  4.50251148  4.53021548  4.20134084
  4.51309007  4.06830466  3.89331517  3.91237934  4.01760102  4.00478208
  3.9844393   4.13761161]","[ 5.70572306e-10 -3.27608892e-18  8.29260008e-18 -1.00330223e-17
  7.93427785e-18  9.82826676e-18 -1.94517780e-18 -3.53203337e-18
 -8.80448897e-18 -8.49735564e-18  6.24504450e-18  3.37846670e-18
 -2.33421336e-17 -5.42602227e-18 -3.22490003e-18 -7.62714452e-18
 -4.40224449e-18  1.58685557e-17 -5.57958894e-18  5.42602227e-18]","[18.2540507   8.96793804  6.71923082  6.29139081  6.62629835  5.81055627
  6.18840987  5.41266265  5.94425954  5.42039716  5.34103316  5.02150465
  5.52252159  4.99018388  4.88418371  4.83955626  4.9234987   4.88983778
  4.87387815  4.9948324 ]"
26.624245818861937,31.7661941288693,7063.6376260310735,33.30608812127754,48.483392500770144,22868.405661966353,31.422530678057953,60.25314753199421,50940.966918558755,5945.523382494621,5278.389421931716,1.7965119759852446,1821.735476211525,1.7829802030040793,0.7071067811865476,15.054918052631578,125.48496128533063,-27.588594122222226,183.73921975804421,24.237183012551572,30.384610132404404,6462.571730287486,28.943232762756743,44.081905301988925,19162.121018472637,33.07892877377076,62.26943488184452,54287.65274534427,7118.596037145057,5727.38325534452,1.9072724061964148,2041.3942154383997,1.7371347554112548,1.224744871391589,15.238126473684217,127.38417598701601,-27.406606949999993,187.7629592643329,26.916542089251767,33.53648734101769,7872.87188221968,30.444510639333544,48.304515453302386,23108.098323026406,32.94920434487572,61.35993807697278,52703.887655753475,6706.44914584374,6054.991113672923,1.8920061697026076,1833.576039388359,1.520956193653044,0.39999999999999997,16.06604238421053,127.53859473092574,-27.441947611111114,186.23538410158426,26.867087048420775,32.1468322070985,7233.931746659418,29.173452796658417,46.098272681838516,21083.787198834554,33.03535287673038,62.58581864539878,54748.92096198813,7311.529965428652,6333.809571680613,1.8477448552684497,1963.9423029864654,1.3987634725816553,0.39999999999999997,15.630581578947371,127.7768478509573,-27.421851822222223,188.11768301961456,28.57348325369381,34.42731825196193,8296.681694153096,32.45270781495023,52.24219067395957,27026.090023741228,33.21646564444979,62.56155713139566,54678.02442117138,6210.607196234526,6050.523526432675,1.769263383041803,1738.0026896604597,1.4119247531920907,1.299038105676658,16.04324861578947,127.11118518307708,-27.225827638888887,187.12624380681876,29.122888972973335,35.581563814458505,8862.33378437668,35.837992367102466,59.66134142838117,35382.769244984935,33.54078147809411,61.2327099158954,52441.04047459458,5909.377928437776,5918.908696724705,1.726976157709516,1488.3568109365808,1.2375210995234815,0.39999999999999997,16.52821042105263,126.51858198898488,-27.443864499999997,184.28649135551123,27.277432946616734,33.93112134502692,8059.246970116587,32.65332067968273,55.20659272226022,30472.750896215388,33.9535196661922,61.05025240659057,52183.0630490452,6493.957334604247,6053.335810047976,1.7043891354722553,1633.306814395347,1.2920390241899276,0.7483314773547882,16.17669968421053,126.93268897432233,-27.69166038888889,184.58367445683587,28.756272441462915,33.96778667418073,8076.67372079855,34.138103311797614,54.0723873192751,28907.293431139107,32.99441014173236,61.800699842049056,53391.36366066348,5971.901813844146,6032.934183864091,1.8062384838842453,1627.1789625411623,1.4571576518211784,1.299038105676658,15.781694763157896,126.67380768206728,-27.245625194444443,185.78952135192125,30.725203471353,35.46506326969726,8804.394989065408,35.45410689278491,56.517479489082135,31540.73810243121,33.24512306120732,61.93441828148399,53641.986908106264,5830.700157311299,6044.731470198058,1.7808619433784132,1502.8338579902459,1.4064047235330255,1.224744871391589,15.803149052631582,126.16459247018335,-27.107287,185.6758905464698,30.26942715442238,36.36878999257804,9258.822198669712,36.938090568892335,59.59208606598873,35023.06070606948,34.43105786334086,61.59338503116985,53112.52568759199,6380.147390721493,5767.547712831576,1.8442640630898945,1472.7967838530176,1.4619390934620673,1.224744871391589,16.156860421052627,126.23158931783462,-27.345347,185.07075876993605,29.336168068016836,36.78102936484015,9469.908847960636,39.18874979668624,60.71218455987227,36118.703952459546,33.95160838675299,61.50474860163095,52929.55308543794,6396.657191719456,5677.935736245287,1.9235178246281393,1415.9129509762927,1.6752238283369556,1.224744871391589,16.658862831578944,126.09738957863804,-26.839564705555553,184.90180255723175,31.03438798005308,38.87300182603811,10577.771896770138,39.76814988061308,62.20655743841243,37854.053032467644,33.315557748482185,61.32147146407602,52587.53781767416,5430.867867815171,5777.958493216426,1.8046403713372088,1300.2004942494389,1.690651405027973,1.299038105676658,16.874766978947363,125.79344126691758,-26.642481799999995,184.37703785698542,31.466183852902024,37.818286129412186,10011.559360362633,42.369478349555585,65.37596344787914,41772.212065895634,32.931124221896624,61.58645274126138,52993.62415873919,5540.173002132952,5633.246232689998,1.868287312185156,1336.9291694426656,1.9343217221454028,1.4142135623730951,16.69255201578947,125.83930201648661,-26.85925470555556,184.44941513382602,"[-260.31876871  205.58683493  -36.75884763    7.99296094   24.71849876
   -5.34242528   -3.62399716   -9.29139333   -7.44063671   -3.57900898
  -10.08340908   -9.45872824   -7.23064876   -7.6538811    -7.02696756
   -8.47599872   -8.34324841   -7.06534093   -6.61297408   -7.50388223]","[48.37749843 21.80273496 26.22729291 16.73486331 12.06286915 10.08125984
  9.67480272  8.04831449  7.05553131  7.42627354  6.82407748  7.41591925
  7.80956444  6.87178684  6.48753125  6.70535906  6.30821558  5.94353595
  6.30550745  6.34704958]","[-1.18897755 -1.69969743  0.44696684  0.30346842 -0.11953593  0.28941447
  0.12153403  0.09816992  0.35501715  0.17167613  0.21436347  0.47872231
  0.21860374 -0.01368946  0.18771831  0.17125493  0.14636618  0.22702457
  0.33010533  0.35753578]","[ 2.98096976  5.34629997 -0.09988537 -0.18534795 -0.02553767 -0.05758131
 -0.14611225  0.13315076  0.96137433  0.19564655  0.3509189   1.48743562
  0.24802314  0.362359    0.56791048  0.16256485  0.14483425  0.50883684
  0.55816373  0.31814978]","[-1.57928525e-02 -1.06850728e-02  3.59808670e-03  2.39168195e-03
 -1.51626633e-03 -6.89097750e-04 -1.99384696e-04 -1.51028974e-04
  4.01028859e-04  3.55136442e-04  9.49142167e-04  1.12169726e-03
 -3.48405080e-05 -2.22059145e-04  3.05829049e-04  3.68841321e-04
  1.12686422e-04 -1.66669006e-04  1.41429883e-04  7.85115759e-04]","[10.94828947  6.6936909   6.95710099  5.84989427  4.98149524  4.3035541
  4.27463693  3.91499466  3.79686471  3.81077494  3.69128379  3.68402337
  3.67686336  3.63120198  3.63138945  3.59289874  3.40070581  3.37075196
  3.3554206   3.37398686]","[-1.45317031e-04 -3.31520713e-04  1.76289125e-04  3.29013003e-04
 -1.15444649e-04  4.90178124e-04  6.79874764e-04  1.01573418e-05
  9.86503107e-05  3.31901295e-04 -1.60727503e-04 -4.62313579e-05
  1.37165919e-04 -2.48630955e-04  1.15018774e-04  3.71625086e-04
  1.50404712e-04  2.44414258e-04  2.90816513e-05 -3.45601841e-04]","[11.15326548  7.90789122  7.66186514  6.96030114  6.11712803  5.62970798
  5.38115756  5.14452912  5.09595556  5.09085305  4.95844421  4.92482581
  4.88516482  4.84061787  4.8600278   4.84029109  4.66647606  4.58827964
  4.54247662  4.59663753]"
78.48174376562906,99.85278523416349,69794.05103313984,101.40774213551163,169.59512705478673,281390.3441190126,11.937455871797097,28.362481192670902,11961.902028334209,734.9999999999997,1039.4469683442248,0.6365141682948128,0.0,0.0,0.0,31.94815263157895,135.5445322330339,-33.72305,139.04369716798567,78.48174505854202,99.85278687914428,69794.05333272266,101.40774380610888,169.59512984870713,281390.35339029576,11.937456068455468,28.362481659916128,11961.902422456405,734.9999999999998,1039.4469683442248,0.6365141682948128,0.0,0.0,0.0,31.948153157894737,135.5445344660027,-33.72305055555555,139.04369945859986,78.48174635145497,99.85278852412503,69794.05563230545,101.40774547670613,169.59513264262745,281390.3626615789,11.937456265113836,28.362482127161346,11961.902816578602,734.9999999999995,1039.4469683442248,0.6365141682948128,0.0,0.0,0.0,31.948153684210524,135.54453669897146,-33.72305111111111,139.04370174921414,78.48174764436797,99.85279016910586,69794.0579318884,101.40774714730335,169.59513543654774,281390.3719328621,11.937456461772204,28.362482594406575,11961.903210700813,735.0,1039.4469683442248,0.6365141682948128,0.0,0.0,0.0,31.94815421052632,135.54453893194025,-33.72305166666667,139.04370403982836,78.48174893728086,99.85279181408661,69794.06023147125,101.40774881790065,169.59513823046814,281390.38120414584,11.937456658430566,28.362483061651787,11961.903604823017,735.0,1039.446968344225,0.6365141682948128,0.0,0.0,0.0,31.948154736842106,135.54454116490902,-33.72305222222222,139.04370633044257,78.48175023019382,99.85279345906741,69794.06253105422,101.4077504884979,169.59514102438848,281390.3904754295,11.937456855088932,28.36248352889702,11961.903998945234,735.0,1039.4469683442248,0.6365141682948128,0.0,0.0,0.0,31.948155263157894,135.54454339787782,-33.72305277777778,139.04370862105685,78.48175152310685,99.85279510404827,69794.06483063732,101.40775215909514,169.59514381830877,281390.39974671305,11.9374570517473,28.362483996142238,11961.904393067462,735.0,1039.4469683442248,0.6365141682948128,0.0,0.0,0.0,31.948155789473685,135.5445456308466,-33.72305333333333,139.04371091167104,78.48175281601982,99.85279674902901,69794.0671302203,101.40775382969237,169.5951466122291,281390.409017997,11.937457248405666,28.362484463387457,11961.904787189686,735.0,1039.4469683442248,0.6365141682948128,0.0,0.0,0.0,31.948156315789472,135.54454786381535,-33.723053888888884,139.0437132022853,78.48175410893278,99.85279839400978,69794.06942980333,101.40775550028964,169.59514940614946,281390.41828928114,11.937457445064037,28.362484930632682,11961.905181311931,735.0000000000001,1039.446968344225,0.6365141682948128,0.0,0.0,0.0,31.948156842105266,135.54455009678415,-33.72305444444444,139.04371549289954,78.48175540184577,99.85280003899062,69794.07172938652,101.40775717088687,169.59515220006978,281390.42756056524,11.937457641722403,28.362485397877908,11961.905575434173,735.0,1039.4469683442248,0.6365141682948128,0.0,0.0,0.0,31.948157368421054,135.54455232975295,-33.723055,139.04371778351378,78.48174505854202,99.85278687914428,69794.05333272266,101.40774380610888,169.59512984870713,281390.35339029576,11.937456068455468,28.362481659916128,11961.902422456405,734.9999999999998,1039.4469683442248,0.6365141682948128,0.0,0.0,0.0,31.948153157894737,135.5445344660027,-33.72305055555555,139.04369945859986,78.48174518783331,99.85278704364237,69794.05356268096,101.4077439731686,169.59513012809913,281390.354317424,11.937456088121305,28.362481706640647,11961.902461868624,735.0000000000001,1039.446968344225,0.6365141682948128,0.0,0.0,0.0,31.948153210526314,135.54453468929955,-33.72305061111111,139.04369968766127,78.48174531712459,99.85278720814041,69794.0537926392,101.40774414022835,169.59513040749118,281390.3552445523,11.93745610778714,28.362481753365163,11961.902501280842,734.9999999999997,1039.4469683442248,0.6365141682948127,0.0,0.0,0.0,31.948153263157895,135.54453491259642,-33.723050666666666,139.04369991672274,"[-239.5906902   132.98585177  -57.24632033   46.85552678   -3.55074361
    2.78701392   -9.41644969   12.12269249  -13.30262157    2.00440665
   -1.00335248   -8.1705531    -5.71660144   -8.24755913   -4.00992232
  -10.63815255    5.29459939   -1.79302282    5.81601333    5.70039421]","[79.05501668 29.24385215 21.04445104 15.85118788 15.19927534 10.484769
 12.69508556 13.29529879 11.66627629 10.93307068  9.43067316  8.38966703
  8.4583239   8.39715111  7.94583255  8.57031206  9.72150198  9.5290052
 10.22822217 11.81506285]","[-2.5073886  -2.20547685  0.64694694 -0.60838872 -0.20330184  0.1660494
 -0.3369968   0.16282773 -0.07333172 -0.28595228 -0.17121299  0.06760939
  0.01203696  0.08111252  0.2886827   0.17672269 -0.02430476  0.04654614
  0.18206038 -0.01838704]","[ 9.32615603  7.90104429  0.79595048  0.98019315 -0.23976802  2.28034507
 -0.16021095 -0.45665491 -0.35469767  0.21184344  0.37575071  0.08150938
  0.12827624  0.33536703  0.8201471   0.13118398  0.99222912  0.14821958
 -0.04890225 -0.12693825]","[-2.30199895e-09  1.65637330e-18 -3.72683992e-18 -2.48455995e-18
 -3.10569993e-19  3.00217660e-18 -5.17616656e-19 -2.89865327e-18
 -3.10569993e-19 -3.62331659e-18  1.25263231e-17  1.65637330e-18
 -1.34062714e-17  1.03523331e-18 -2.48455995e-18  4.86559656e-18
  2.79512994e-18  4.96911990e-18 -4.96911990e-18 -1.03523331e-18]","[17.23101559  8.69154368  6.70491166  5.36282178  5.28958396  4.63137075
  6.19149671  5.2490302   4.73554808  4.61653637  4.56829023  4.25459097
  4.02335164  4.02634329  3.99675544  4.07341031  4.1156664   4.24584516
  4.41284331  4.29681827]","[ 5.76990323e-10  3.72705713e-18 -4.76235078e-18 -8.59293727e-18
 -9.83528965e-18 -2.53646943e-18  7.71293767e-18 -1.96705793e-18
 -6.52234998e-18  7.09176148e-18  9.47293687e-18  6.31529125e-18
 -6.78117339e-18  1.34588174e-18 -9.52470155e-18  1.03658776e-17
 -2.48470475e-18 -3.10588094e-19  3.51999840e-18  4.81411546e-18]","[15.65051721  9.29787017  6.94746859  6.24746988  6.14309702  5.59832748
  7.04004277  6.17673208  5.70603653  5.62484801  5.65367382  5.42240367
  5.16881422  5.10509518  5.11692723  5.17409756  5.21094694  5.30143324
  5.36576421  5.23388488]"
76.01766368108233,96.71772161711657,65480.22372364239,98.22385775902313,164.27037310615086,263998.1834244988,11.562657277085801,27.471988427068037,11222.561369932557,734.9999999999999,1039.4469683442248,0.6365141682948128,0.0,0.0,0.0,30.94508105263158,131.2888599400988,-32.664252222222224,134.6781620940386,76.0176638103736,96.71772178161463,65480.22394638069,98.22385792608284,164.27037338554288,263998.1843225181,11.562657296751636,27.471988473792553,11222.561408107353,735.0,1039.4469683442248,0.6365141682948128,0.0,0.0,0.0,30.94508110526316,131.2888601633957,-32.66425227777778,134.67816232310003,76.01766393966496,96.71772194611277,65480.2241691191,98.22385809314257,164.27037366493488,263998.1852205375,11.562657316417473,27.47198852051708,11222.561446282152,735.0,1039.446968344225,0.6365141682948128,0.0,0.0,0.0,30.945081157894737,131.2888603866926,-32.66425233333334,134.67816255216144,76.0176640689562,96.71772211061075,65480.22439185728,98.22385826020229,164.27037394432693,263998.1861185569,11.562657336083303,27.471988567241596,11222.561484456945,734.9999999999999,1039.4469683442248,0.6365141682948128,0.0,0.0,0.0,30.945081210526315,131.28886060998946,-32.66425238888889,134.67816278122288,76.01766419824756,96.71772227510893,65480.22461459571,98.22385842726202,164.27037422371896,263998.1870165762,11.562657355749142,27.471988613966122,11222.561522631746,734.9999999999998,1039.4469683442248,0.6365141682948128,0.0,0.0,0.0,30.945081263157896,131.28886083328635,-32.66425244444444,134.67816301028432,76.01766432753875,96.71772243960692,65480.2248373339,98.22385859432174,164.27037450311101,263998.18791459565,11.562657375414982,27.47198866069065,11222.561560806551,735.0000000000001,1039.446968344225,0.6365141682948128,0.0,0.0,0.0,30.945081315789473,131.28886105658322,-32.6642525,134.67816323934574,76.01766445683005,96.71772260410498,65480.22506007219,98.22385876138145,164.270374782503,263998.188812615,11.562657395080818,27.471988707415164,11222.561598981347,734.9999999999999,1039.4469683442248,0.6365141682948129,0.0,0.0,0.0,30.945081368421054,131.28886127988008,-32.66425255555556,134.67816346840715,76.01766458612137,96.71772276860307,65480.22528281053,98.22385892844122,164.2703750618951,263998.1897106346,11.562657414746656,27.47198875413969,11222.56163715615,735.0,1039.4469683442248,0.6365141682948128,0.0,0.0,0.0,30.94508142105263,131.28886150317697,-32.66425261111111,134.6781636974686,76.01766471541269,96.7177229331012,65480.22550554891,98.2238590955009,164.27037534128704,263998.1906086537,11.562657434412491,27.471988800864214,11222.561675330948,735.0000000000001,1039.4469683442248,0.6365141682948128,0.0,0.0,0.0,30.945081473684212,131.28886172647384,-32.66425266666667,134.67816392653,76.01766484470399,96.71772309759928,65480.22572828721,98.22385926256065,164.27037562067915,263998.1915066733,11.562657454078325,27.471988847588722,11222.561713505742,735.0000000000001,1039.446968344225,0.6365141682948128,0.0,0.0,0.0,30.94508152631579,131.2888619497707,-32.66425272222222,134.67816415559142,76.0176638103736,96.71772178161463,65480.22394638069,98.22385792608284,164.27037338554288,263998.1843225181,11.562657296751636,27.471988473792553,11222.561408107353,735.0,1039.4469683442248,0.6365141682948128,0.0,0.0,0.0,30.94508110526316,131.2888601633957,-32.66425227777778,134.67816232310003,76.01766382330273,96.71772179806443,65480.22396865452,98.2238579427888,164.27037341348202,263998.18441231997,11.562657298718218,27.471988478464997,11222.56141192483,735.0,1039.4469683442248,0.6365141682948128,0.0,0.0,0.0,30.945081110526313,131.28886018572538,-32.66425228333333,134.67816234600616,76.0176638362318,96.71772181451419,65480.22399092829,98.22385795949477,164.2703734414212,263998.1845021219,11.562657300684801,27.47198848313745,11222.56141574231,735.0,1039.4469683442248,0.6365141682948128,0.0,0.0,0.0,30.94508111578947,131.28886020805507,-32.66425228888889,134.67816236891233,"[-2.44680881e+02  1.27964645e+02 -5.40855119e+01  4.59665936e+01
  8.59600496e+00  8.55234509e+00 -1.31586103e+01  6.36041323e+00
 -2.30521595e+00 -3.22562790e+00 -6.82834339e+00 -9.72208291e-01
 -2.89697290e-01 -3.93668669e+00  1.06170826e+00 -1.00036140e+01
 -5.55171077e+00  2.12162184e-01 -3.06325157e+00 -8.67788710e+00]","[81.7049713  32.8533499  29.99486851 21.41791497 24.05149046 17.75125576
 12.89856579 13.176699   11.70786445 10.30260446 10.03300342 10.52119479
 10.85779113  9.65448519 10.47089312 11.38781455 11.86446944  8.68998237
  8.77114016 10.35953043]","[-1.70089136 -1.29905604  0.14714978  0.23943813  0.06326908 -0.12846921
 -0.34685246  0.33810097 -0.30643147  0.15312591 -0.18607389 -0.23249548
 -0.09393615  0.41767293  0.2622052   0.73475108  0.99465241  0.33797053
 -0.12379413  0.60891255]","[ 4.82143176e+00  3.11178647e+00 -4.79868374e-01 -1.16972651e-03
 -5.07242979e-01 -4.47798704e-01 -2.52048020e-01 -3.19810390e-01
  2.19644821e-01  1.26620914e-01  1.64186024e-01  2.23179963e-01
 -9.95897641e-02  9.38143976e-01  4.92444928e-01  1.82592687e+00
  2.39124800e+00  9.15444892e-01  9.75825087e-01  1.25729970e+00]","[-1.82878212e-10 -4.24881046e-18  7.08135077e-18  1.77033769e-19
  3.18660784e-18 -6.37321569e-18 -1.77033769e-19 -3.71770915e-18
  3.71770915e-18 -4.60287800e-18  3.00957408e-18  4.42584423e-19
 -4.86842865e-18  2.83254031e-18  1.41627015e-18 -2.21292211e-18
  5.31101307e-19 -7.74522740e-18  3.00957408e-18  4.77991177e-18]","[14.56934559  7.62956381  4.95702554  5.4141256   6.52729171  4.79491156
  4.12121446  4.05150581  4.22425316  4.00657696  3.83988556  3.77439562
  3.74825431  3.54651294  3.55187362  3.52784739  3.58808303  3.44744055
  3.3500396   3.50192801]","[ 4.93347303e-11 -1.59338332e-18 -1.32781943e-19 -1.15077684e-18
  8.67508697e-18  8.23248049e-18  4.60310737e-18 -2.43433563e-18
  2.78842081e-18  1.34109763e-17 -8.07756823e-18  1.04455129e-17
  6.59483652e-18 -6.77187912e-18 -7.96691661e-19 -7.08170365e-18
  3.49659118e-18  3.54085183e-18  6.77187912e-18  4.73588932e-18]","[13.223428    7.99274891  5.31058103  5.78246638  6.56471728  5.34530643
  5.01946627  4.91211211  5.09293015  4.94373554  4.78585543  4.75388019
  4.62524306  4.43803085  4.43348652  4.44126945  4.53614375  4.41335984
  4.25385136  4.40121128]"
73.97938121102287,94.1244028150114,62015.82243697768,95.59015451536958,159.86574652808198,250030.67393349556,11.252624575553899,26.73537446503563,10628.80261593443,734.9999999999999,1039.4469683442248,0.6365141682948128,0.0,0.0,0.0,30.11534210526316,127.76857572230605,-31.788416666666667,131.06699958781155,73.96492068557436,94.13243947330648,62026.41312836993,95.61761945885296,159.9112568754312,250173.3726465128,11.255981855598732,26.74322205399981,10635.043409129823,735.0740902063961,1039.4731910307232,0.6365375607810259,18.21277061458057,0.0,0.0,30.121408389473686,127.80670781776817,-31.798032696111118,131.1054861426001,73.71171024450054,94.08216901919886,61960.1816914997,95.76529659033824,160.15350368806128,250935.40480062226,11.27462408707379,26.786238867421666,10669.28575659515,735.8279811772695,1039.7433380793298,0.6367841577674085,118.21037455878299,0.0,0.0,30.141242210526308,128.01875706532545,-31.85201212777778,131.3165787483875,73.9491195568687,94.18854420048012,62100.37301024058,95.72982411483713,160.09770981752942,250758.02398137623,11.269547486715364,26.775080996087524,10660.397845549158,735.2889616937061,1039.549546387661,0.63660629679234,92.31508165802356,0.0,0.0,30.149327842105254,127.96076759872872,-31.836736416666675,131.2617108620169,74.02055329447023,94.20598149335758,62123.36864388782,95.6940575765071,160.03908076605583,250573.49824342088,11.264993946681928,26.764616542278095,10652.066233943471,735.0831306970797,1039.4763921402007,0.6365404195868145,67.97777691922443,0.0,0.0,30.145240505263157,127.90901430454193,-31.823507299999992,131.21036731115922,74.02247921447851,94.20980152067936,62128.406917960594,95.69892316002127,160.04719785333913,250598.93266764467,11.2655728077798,26.765986009562816,10653.156387415791,735.0870386704313,1039.477776948282,0.636541658799214,71.16825512400656,0.0,0.0,30.146640510526314,127.91559115158503,-31.825150588888885,131.217081476069,74.0216608162319,94.20818162112792,62126.27039051598,95.69686150457474,160.04375855082748,250588.155699445,11.265327503127121,26.765405783687577,10652.694527334545,735.0853909620166,1039.4771930540344,0.6365411362390648,69.82034532024086,0.0,0.0,30.146047178947367,127.91280471005935,-31.824454366666657,131.2142368781269,74.02316096195355,94.21115191547727,62130.18801668796,95.70064212143828,160.05006539253336,250607.91819155452,11.265777767875493,26.76646978208652,10653.541410764998,735.088414333662,1039.4782644585725,0.6365420951442102,72.29312914298256,0.0,0.0,30.147135168421055,127.91791443190412,-31.825731116666663,131.21945310394136,74.02281710431721,94.21046804035619,62129.28601868082,95.69977033097274,160.0486112070515,250603.36144108936,11.265673758748672,26.766224421107946,10653.346112394087,735.0877130398088,1039.4780159290306,0.6365418726864233,71.71941780636566,0.0,0.0,30.146884442105268,127.9167361151853,-31.825436700000004,131.21825022829773,74.02176246534694,94.20838401207067,62126.5373271604,95.69711956113179,160.04418894245356,250589.50429537226,11.265358193158583,26.76547837844084,10652.752338138409,735.0855986807109,1039.4772666632346,0.6365412021230699,69.9909029078005,0.0,0.0,30.146121400000013,127.91315359163515,-31.82454153333333,131.2145930012697,74.0229471655798,94.21072779584047,62129.62862275363,95.70010214487047,160.04916474645606,250605.0960263118,11.26571324001186,26.766317764731028,10653.420493334312,735.0879812845238,1039.4781109877758,0.636541957753149,71.93917124234888,0.0,0.0,30.14697984210527,127.91718475093604,-31.825548783333335,131.21870826086783,74.02212251859335,94.20909612853625,62127.476553490465,95.69802559672121,160.04570066610282,250594.24123212174,11.26546615717687,26.765733544763084,10652.955433672056,735.0863295244106,1039.477525643629,0.6365414338768854,70.58198416847777,0.0,0.0,30.146382226315794,127.91437829455884,-31.824847516666676,131.21584347048756,74.02176604788659,94.20838478600822,62126.538347920105,95.69711782246796,160.04418622472696,250589.49577954426,11.265357995222105,26.765477835652877,10652.751851182205,735.0855874655131,1039.4772626873819,0.6365411985538366,69.98194918277918,0.0,0.0,30.146121178947368,127.91315086244884,-31.8245408611111,131.21459018111932,"[-263.8328157   206.57255893  -54.34601067  -12.85474101   28.84704452
  -11.91492364   -1.59034959    3.62308552  -10.98637212   -4.6665299
   -3.6233377    -6.60460516   -4.86041884   -6.17599199   -5.1969862
   -6.37789888   -8.29245266   -5.9768314    -7.96270908   -9.34853559]","[82.82741259 49.19402736 36.82569552 24.22869388 15.74927099 16.70369412
  9.38608875 10.37042173  9.94871041  8.65824887  7.79273986  7.54969691
  8.29399493  8.17246663  9.25185137  7.77418645  7.29542568  7.33648847
  7.27963724  7.05494296]","[-2.31175647e+00 -3.10798643e+00  4.05577669e-01  5.37595480e-04
 -5.60458184e-01  2.73980748e-01 -1.28022576e-01 -1.77688537e-01
  2.11399489e-01 -8.30888070e-02 -2.07723710e-01  3.01896301e-02
  4.89197782e-02  5.95955244e-02  5.13922397e-01  1.32391456e-01
  3.44924425e-01  7.68814586e-02 -2.23026055e-01 -8.64555145e-02]","[ 5.87710776e+00  9.84496163e+00 -6.42584665e-01 -2.28387730e-01
  5.64965646e-01 -6.59325628e-01  2.51203924e-03 -2.42538516e-01
 -3.03846264e-01  8.99014657e-02 -1.85545814e-02 -1.88933468e-01
  2.37692006e-01 -5.87765379e-03  8.08731156e-01  2.54312475e-01
  9.47913809e-01  6.67315728e-01  9.41878513e-01  2.39522950e-01]","[0.00062736 0.0008453  0.0007303  0.0005713  0.0004071  0.000275
 0.00020063 0.00019197 0.00023912 0.00031963 0.00040702 0.00047947
 0.00052559 0.0005457  0.00054838 0.00054436 0.00054018 0.00053454
 0.00051865 0.00048056]","[9.94438586 5.56662565 7.28801332 5.77051337 4.36138357 4.73172932
 3.96980227 3.88306244 3.68988073 3.67481087 3.70477169 3.52360798
 3.45906549 3.5416266  3.53743033 3.40264636 3.3413072  3.30228294
 3.33504848 3.28789094]","[-8.16568225e-05 -8.80493573e-05 -1.33882571e-05  8.79579738e-05
  1.88781600e-04  2.63346864e-04  2.94786500e-04  2.79429508e-04
  2.26798825e-04  1.55476444e-04  8.64130243e-05  3.60115427e-05
  1.13529783e-05  9.04971469e-06  1.79219491e-05  2.43277605e-05
  1.80797277e-05 -3.28650215e-06 -3.34412454e-05 -5.98102513e-05]","[9.3058628  6.48991848 7.05043324 6.08727054 5.31287862 5.38491087
 4.99805612 4.89799255 4.79990087 4.79251134 4.82818123 4.69631224
 4.5965526  4.66795127 4.64434928 4.5566136  4.52009214 4.47171584
 4.49744491 4.44621988]"
76.91295678264267,97.85680830788507,67031.68452544315,99.38068287047659,166.2050567666444,270253.2450299442,11.698835722917952,27.7955379882343,11488.46400543267,735.0,1039.4469683442248,0.6365141682948128,0.0,0.0,0.0,31.309534736842107,132.83510596930094,-33.04895333333334,136.2643254094422,76.91295691193397,97.85680847238316,67031.68475080478,99.38068303753629,166.2050570460364,270253.2459385398,11.698835742583794,27.795538034958835,11488.464044057077,735.0000000000001,1039.446968344225,0.6365141682948128,0.0,0.0,0.0,31.309534789473684,132.83510619259778,-33.04895338888889,136.2643256385036,76.91295704122523,97.85680863688123,67031.68497616635,99.38068320459598,166.20505732542838,270253.24684713536,11.698835762249633,27.795538081683357,11488.464082681478,734.9999999999998,1039.4469683442248,0.6365141682948128,0.0,0.0,0.0,31.309534842105265,132.8351064158947,-33.04895344444444,136.26432586756505,76.91295717051653,97.85680880137934,67031.68520152799,99.38068337165573,166.20505760482047,270253.2477557313,11.698835781915468,27.795538128407884,11488.464121305879,734.9999999999999,1039.4469683442248,0.6365141682948128,0.0,0.0,0.0,31.309534894736842,132.83510663919154,-33.0489535,136.2643260966265,76.91295729980789,97.85680896587746,67031.68542688964,99.38068353871549,166.20505788421252,270253.24866432714,11.698835801581303,27.795538175132396,11488.464159930278,734.9999999999999,1039.4469683442248,0.6365141682948128,0.0,0.0,0.0,31.309534947368423,132.83510686248843,-33.048953555555556,136.26432632568788,76.91295742909917,97.8568091303755,67031.6856522512,99.38068370577518,166.20505816360455,270253.2495729229,11.698835821247137,27.795538221856926,11488.464198554673,735.0000000000001,1039.446968344225,0.6365141682948128,0.0,0.0,0.0,31.309535,132.83510708578532,-33.04895361111111,136.26432655474935,76.91295755839045,97.85680929487357,67031.68587761278,99.38068387283491,166.20505844299655,270253.25048151845,11.698835840912977,27.795538268581442,11488.46423717908,734.9999999999998,1039.4469683442246,0.6365141682948127,0.0,0.0,0.0,31.309535052631578,132.8351073090822,-33.04895366666667,136.26432678381076,76.91295768768178,97.85680945937168,67031.6861029744,99.38068403989462,166.20505872238857,270253.25139011425,11.698835860578814,27.795538315305965,11488.464275803479,735.0,1039.4469683442248,0.6365141682948128,0.0,0.0,0.0,31.30953510526316,132.83510753237908,-33.04895372222222,136.26432701287214,76.91295781697305,97.85680962386972,67031.68632833599,99.38068420695436,166.20505900178063,270253.25229871,11.698835880244651,27.79553836203049,11488.46431442788,735.0,1039.4469683442248,0.6365141682948128,0.0,0.0,0.0,31.309535157894736,132.83510775567592,-33.048953777777776,136.26432724193356,76.91295794626434,97.85680978836783,67031.6865536976,99.3806843740141,166.20505928117265,270253.25320730585,11.698835899910486,27.795538408755007,11488.46435305228,735.0,1039.4469683442248,0.6365141682948128,0.0,0.0,0.0,31.309535210526317,132.8351079789728,-33.048953833333336,136.264327470995,76.91295691193397,97.85680847238316,67031.68475080478,99.38068303753629,166.2050570460364,270253.2459385398,11.698835742583794,27.795538034958835,11488.464044057077,735.0000000000001,1039.446968344225,0.6365141682948128,0.0,0.0,0.0,31.309534789473684,132.83510619259778,-33.04895338888889,136.2643256385036,76.91295692486311,97.85680848883297,67031.68477334094,99.38068305424225,166.20505707397558,270253.2460293993,11.698835744550376,27.79553803963129,11488.464047919513,735.0000000000001,1039.446968344225,0.6365141682948128,0.0,0.0,0.0,31.30953479473684,132.83510621492746,-33.048953394444446,136.26432566140977,76.91295693779225,97.8568085052828,67031.68479587711,99.38068307094822,166.20505710191478,270253.2461202589,11.698835746516961,27.795538044303733,11488.464051781952,735.0000000000001,1039.4469683442248,0.6365141682948128,0.0,0.0,0.0,31.309534799999998,132.83510623725712,-33.048953399999995,136.26432568431593,"[-301.25544658  185.06764901  -30.24959969   -8.417612     11.4863616
   -6.14087244  -15.1987055    -7.09036956   -8.68825915   -8.56779448
  -14.82351575   -5.24433422   -4.63623818   -6.74183003   -6.95332953
   -5.18994548   -6.1502883    -5.90096348   -8.20138931   -8.30440513]","[65.81300106 34.25539019 30.07502139 20.46693991 19.12735463 17.35385521
 11.61937386 11.64634737 10.89077294 10.51104612  8.80901028  7.94232118
  9.06456864  7.64710034  7.45708697  8.15744781  7.9474957   5.9500801
  5.82657083  6.48403735]","[-0.95877538 -1.84839847  0.04884936  1.19122699  0.37896403  0.05363975
  0.22089829 -0.42093241  0.19830945 -0.41008426 -0.00471387 -0.098308
  0.33631699 -0.24900902 -0.12180435  0.0772357  -0.21518067  0.14620163
  0.08960916  0.14876358]","[ 2.53926325e+00  6.79531491e+00 -8.05011510e-01  1.73067914e+00
  9.91714350e-02 -9.14836981e-01  6.99630837e-01  1.89392674e-01
  1.61574713e-01 -3.69670626e-01 -1.35213220e-01 -5.02406353e-01
 -3.49146067e-01  2.08617380e-03 -1.57968387e-01 -1.79087235e-01
 -3.40797274e-01 -2.22739499e-01  1.24493059e-01  8.00818624e-02]","[ 0.02546138  0.01245234 -0.00248521  0.00125445  0.00033268  0.00139232
  0.00049602  0.00075575 -0.00142611 -0.00265216 -0.00258732 -0.00061899
  0.00054341 -0.00040341 -0.00031511  0.00010979 -0.00037795 -0.00026282
 -0.0010892  -0.00049148]","[9.32200054 5.69664674 6.04764236 4.87945325 4.42020431 3.9691756
 3.72517856 3.69796205 3.57723122 3.52384797 3.49555761 3.3436043
 3.32193741 3.30921459 3.30009088 3.23592889 3.23555744 3.21959327
 3.15656157 3.09406812]","[-1.18588649e-02 -1.02496895e-03  1.95371507e-03 -8.05194025e-04
  3.39006806e-04 -2.09587964e-04  1.94146756e-03  4.65368241e-05
  7.99990684e-04 -5.44116608e-04  2.11046151e-05 -1.49156612e-04
  4.21947468e-04 -7.82934254e-05  1.64742049e-04 -5.37108641e-04
  1.26212464e-04  4.08104412e-04  4.49490524e-04 -3.94272648e-04]","[9.1656544  6.5060775  6.57719385 5.70307474 5.27855547 5.02965126
 4.81973256 4.69306616 4.7134225  4.66129137 4.65832826 4.42701707
 4.41635484 4.41782891 4.41507322 4.38429506 4.33021037 4.3655552
 4.29183451 4.20988747]"
77.22752768008118,98.25703871505658,67581.1195993649,99.78714586327195,166.88482875894536,272468.4155528366,11.746683490138029,27.909220619815535,11582.63089255118,735.0,1039.4469683442248,0.6365141682948128,0.0,0.0,0.0,31.437589473684213,133.3783962060056,-33.18412222222222,136.8216410156285,77.22752897299412,98.25704036003732,67581.12186219802,99.78714753386919,166.88483155286568,272468.4246759553,11.746683686796398,27.909221087060768,11582.631280374912,735.0,1039.4469683442248,0.6365141682948128,0.0,0.0,0.0,31.43759,133.37839843897436,-33.18412277777778,136.8216433062427,77.2275302659071,98.25704200501812,67581.12412503126,99.78714920446643,166.884834346786,272468.4337990741,11.746683883454763,27.90922155430598,11582.631668198648,735.0000000000001,1039.4469683442248,0.6365141682948128,0.0,0.0,0.0,31.437590526315788,133.37840067194315,-33.18412333333333,136.82164559685694,77.22753155882005,98.25704364999889,67581.12638786451,99.78715087506367,166.8848371407063,272468.44292219315,11.74668408011313,27.9092220215512,11582.632056022387,735.0,1039.446968344225,0.6365141682948128,0.0,0.0,0.0,31.437591052631575,133.37840290491192,-33.184123888888884,136.82164788747116,77.22753285173303,98.25704529497972,67581.12865069786,99.78715254566093,166.88483993462668,272468.4520453123,11.746684276771497,27.909222488796427,11582.632443846134,735.0,1039.4469683442248,0.6365141682948128,0.0,0.0,0.0,31.43759157894737,133.37840513788075,-33.18412444444445,136.82165017808543,77.22753414464599,98.25704693996047,67581.13091353116,99.78715421625817,166.88484272854697,272468.4611684316,11.746684473429863,27.909222956041646,11582.632831669885,735.0,1039.4469683442248,0.6365141682948128,0.0,0.0,0.0,31.43759210526316,133.37840737084952,-33.184125,136.82165246869965,77.22753543755898,98.2570485849413,67581.13317636462,99.78715588685544,166.88484552246737,272468.47029155126,11.746684670088232,27.909223423286875,11582.633219493651,734.9999999999998,1039.4469683442248,0.6365141682948128,0.0,0.0,0.0,31.437592631578948,133.37840960381828,-33.18412555555555,136.8216547593139,77.22753673047194,98.25705022992209,67581.13543919803,99.78715755745266,166.8848483163876,272468.47941467067,11.746684866746598,27.909223890532097,11582.633607317415,734.9999999999995,1039.4469683442248,0.6365141682948128,0.0,0.0,0.0,31.437593157894735,133.37841183678705,-33.18412611111111,136.8216570499281,77.22753802338491,98.2570518749029,67581.13770203151,99.7871592280499,166.88485111030798,272468.48853779054,11.74668506340497,27.909224357777326,11582.633995141196,735.0,1039.4469683442248,0.6365141682948128,0.0,0.0,0.0,31.43759368421053,133.37841406975585,-33.18412666666667,136.8216593405424,77.22753931629792,98.25705351988371,67581.13996486505,99.78716089864717,166.8848539042283,272468.4976609105,11.746685260063332,27.909224825022545,11582.634382964972,734.9999999999999,1039.4469683442248,0.6365141682948128,0.0,0.0,0.0,31.437594210526317,133.37841630272464,-33.18412722222222,136.82166163115662,77.22752897299412,98.25704036003732,67581.12186219802,99.78714753386919,166.88483155286568,272468.4246759553,11.746683686796398,27.909221087060768,11582.631280374912,735.0,1039.4469683442248,0.6365141682948128,0.0,0.0,0.0,31.43759,133.37839843897436,-33.18412277777778,136.8216433062427,77.22752910228542,98.2570405245354,67581.12208848132,99.7871477009289,166.8848318322577,272468.42558826716,11.746683706462234,27.90922113378528,11582.631319157288,735.0000000000001,1039.4469683442248,0.6365141682948128,0.0,0.0,0.0,31.437590052631577,133.37839866227125,-33.18412283333333,136.8216435353041,77.22752923157668,98.25704068903343,67581.1223147646,99.78714786798865,166.88483211164976,272468.4265005791,11.746683726128067,27.9092211805098,11582.631357939654,735.0,1039.4469683442248,0.6365141682948128,0.0,0.0,0.0,31.43759010526316,133.37839888556812,-33.184122888888886,136.82164376436555,"[-221.28113024  138.51859045  -44.23813594   51.26200743   -4.45437826
   13.54728549   -4.25795962   10.23339283   -5.64911245   -2.63118632
   -1.63251731    1.44401753   -3.14902668   -2.63380966   -2.42515804
   -6.40566644   -5.01098506   -2.65207333   -3.38462076   -4.04601681]","[89.66003415 31.70047502 26.34534523 20.10299814 20.7289806  15.47398946
 13.90639645  9.93879223 11.04465755 10.96127254  9.63186614  8.90045816
  9.24140099  8.29552635  9.13877631 10.00277217  9.6530785   9.35957298
  9.31947627  9.92028859]","[-1.66825546 -2.05712664  0.1415675   0.11713117 -0.45534581  0.44124684
 -0.0290863   0.19639291 -0.25916817  0.125216   -0.12416252 -0.23825548
 -0.03714356 -0.31156723  0.58554393  0.45408285  0.64986403  0.26591735
  0.83436569  0.15907098]","[ 5.18902512e+00  6.04219737e+00  8.24940292e-02  2.74605270e-01
 -2.27115787e-01 -6.90187250e-02  1.12835963e-01  2.19871820e-02
  5.48789743e-02  5.75669944e-01  3.03538383e-03  1.97937506e-01
  6.18914138e-01  1.25283170e+00  1.28729880e+00  1.13084341e+00
  1.84284422e+00  5.26872669e-01  2.09663393e+00  3.93815761e-01]","[-1.87484325e-09 -1.42571906e-17 -5.79198367e-18 -8.91074412e-19
  9.35628132e-18 -5.34644647e-18 -3.34152904e-19  3.78706625e-18
 -8.68797551e-18 -3.56429765e-18  2.22768603e-18  5.12367787e-18
 -3.67568195e-18  5.23506217e-18 -3.11876044e-18 -4.00983485e-18
  6.57167379e-18  1.00245871e-18 -6.90582669e-18 -4.00983485e-18]","[18.65187589  9.73965698  6.21802037  5.2754887   7.60887878  6.49666209
  5.5600391   4.67622725  4.7905444   4.51248555  4.19413373  4.09011176
  4.12172988  3.89913633  3.78860371  3.82755351  3.81428681  3.79498593
  3.64631018  3.71052111]","[ 6.20806427e-10  3.00756472e-18 -2.45060829e-18  2.67339087e-18
  1.32555630e-17 -6.23791202e-18 -1.78226058e-17 -1.78226058e-18
 -5.56956430e-18  5.01260787e-18 -4.84552095e-18 -1.94934751e-18
  4.56704273e-18 -7.12904231e-18  9.18978110e-18 -2.67339087e-18
 -9.46825932e-19  6.23791202e-18 -3.56452116e-18 -1.39239108e-18]","[15.50221609 10.18888006  6.36649554  5.8853668   7.42238537  6.71079139
  6.23045778  5.6297597   5.71829752  5.41543112  5.29366322  5.18311962
  5.19697022  4.92379429  4.76971122  4.82142147  4.86221325  4.82019223
  4.65900818  4.649906  ]"
68.02331256404491,86.54646156509892,52432.030066074,87.89420582062793,146.9949797680087,211391.46911168,10.346677494981623,24.582913562960847,8986.250224954685,735.0,1039.4469683442248,0.6365141682948128,0.0,0.0,0.0,27.690760526315792,117.48194726622401,-29.229136111111114,120.51481553166654,68.02331269333628,86.54646172959706,52432.030265388246,87.89420598768767,146.99498004740073,211391.46991525978,10.34667751464746,24.582913609685377,8986.250259114859,735.0,1039.4469683442248,0.6365141682948128,0.0,0.0,0.0,27.69076057894737,117.48194748952088,-29.229136166666667,120.51481576072796,68.02331282262755,86.54646189409512,52432.03046470239,87.8942061547474,146.99498032679273,211391.47071883944,10.346677534313297,24.582913656409893,8986.250293275027,734.9999999999999,1039.4469683442248,0.6365141682948128,0.0,0.0,0.0,27.69076063157895,117.48194771281774,-29.229136222222223,120.51481598978938,68.02331295191888,86.54646205859316,52432.03066401655,87.89420632180712,146.9949806061848,211391.47152241928,10.346677553979134,24.582913703134416,8986.250327435195,735.0,1039.4469683442248,0.6365141682948128,0.0,0.0,0.0,27.690760684210527,117.48194793611464,-29.22913627777778,120.5148162188508,68.02331308121013,86.54646222309125,52432.030863330736,87.89420648886686,146.99498088557684,211391.47232599894,10.346677573644971,24.582913749858943,8986.250361595368,735.0,1039.4469683442248,0.6365141682948128,0.0,0.0,0.0,27.690760736842105,117.48194815941152,-29.229136333333333,120.51481644791224,68.02331321050148,86.54646238758937,52432.03106264494,87.89420665592658,146.99498116496886,211391.47312957866,10.34667759331081,24.58291379658347,8986.25039575554,734.9999999999998,1039.4469683442248,0.6365141682948128,0.0,0.0,0.0,27.690760789473686,117.48194838270838,-29.22913638888889,120.51481667697365,68.02331333979274,86.5464625520874,52432.031261959084,87.8942068229863,146.9949814443609,211391.4739331584,10.346677612976643,24.58291384330798,8986.250429915704,735.0,1039.4469683442248,0.6365141682948128,0.0,0.0,0.0,27.690760842105263,117.48194860600528,-29.229136444444446,120.51481690603508,68.02331346908404,86.54646271658548,52432.031461273255,87.894206990046,146.9949817237529,211391.47473673805,10.34667763264248,24.582913890032504,8986.250464075876,734.9999999999999,1039.4469683442248,0.6365141682948128,0.0,0.0,0.0,27.690760894736844,117.48194882930215,-29.2291365,120.51481713509651,68.02331359837531,86.54646288108356,52432.03166058741,87.89420715710575,146.994982003145,211391.47554031786,10.346677652308317,24.58291393675703,8986.250498236046,734.9999999999999,1039.4469683442248,0.6365141682948128,0.0,0.0,0.0,27.69076094736842,117.48194905259903,-29.229136555555556,120.51481736415793,68.02331372766665,86.54646304558167,52432.03185990164,87.89420732416546,146.99498228253697,211391.4763438975,10.346677671974152,24.582913983481546,8986.250532396214,735.0,1039.4469683442248,0.6365141682948128,0.0,0.0,0.0,27.690761,117.48194927589591,-29.229136611111112,120.51481759321933,68.02331269333628,86.54646172959706,52432.030265388246,87.89420598768767,146.99498004740073,211391.46991525978,10.34667751464746,24.582913609685377,8986.250259114859,735.0,1039.4469683442248,0.6365141682948128,0.0,0.0,0.0,27.69076057894737,117.48194748952088,-29.229136166666667,120.51481576072796,68.02331270626539,86.54646174604686,52432.03028531967,87.89420600439365,146.99498007533995,211391.46999561778,10.346677516614042,24.582913614357828,8986.250262530872,735.0000000000001,1039.4469683442248,0.6365141682948128,0.0,0.0,0.0,27.690760584210526,117.48194751185056,-29.229136172222223,120.51481578363408,68.02331271919452,86.54646176249665,52432.03030525105,87.89420602109962,146.99498010327915,211391.47007597575,10.346677518580625,24.582913619030272,8986.250265946885,734.9999999999997,1039.4469683442248,0.6365141682948128,0.0,0.0,0.0,27.690760589473683,117.48194753418024,-29.229136177777775,120.51481580654021,"[-137.00079742  106.01533564   -5.18829197   62.18632848  -21.7243514
   36.89002678  -12.17879379   18.54054725  -12.43789582   10.27749046
   -9.04868737    5.82261888   -5.03523589    0.90964614    3.7216454
   -2.72346294    6.95983399   -3.08075288    9.38748676   -6.42532823]","[85.59085577 25.07674202 20.73366998 17.73482481 16.92347681 13.88496078
 11.63471369 12.0170252   9.26008488 10.05879252  8.71290338  9.88725859
  7.6201743   7.86699026  8.47164732  8.88057316  9.37123543  8.83941227
  9.28742504  9.19673709]","[-2.33435994 -0.95911338  0.60078746 -0.60670228  0.17594465 -0.8090542
  0.16433336 -0.22193581  0.06919528 -0.24379321  0.08108948 -0.2658972
 -0.020893    0.07083979  0.36162404 -0.01209992  0.02519288  0.24604137
 -0.00584792 -0.06572964]","[ 7.01891859  2.49572501  0.98140063  1.7116624   0.03594847  0.94920609
  0.01900989 -0.28234738  0.01689028 -0.07794295  0.06980046  0.03097707
  0.10303248  0.40780307  0.87975459  0.13544381  0.36656322  0.07366771
  0.11331282  0.52446101]","[ 1.00802737e-05  1.15381181e-05  5.02647609e-06 -1.69306923e-06
 -5.82699262e-06 -7.12033193e-06 -7.16740279e-06 -7.18682834e-06
 -6.55226189e-06 -3.56091519e-06  2.34380064e-06  9.15592264e-06
  1.32776433e-05  1.21904945e-05  6.47836608e-06 -6.25554803e-07
 -5.76652418e-06 -7.80682563e-06 -7.96962810e-06 -7.89270864e-06]","[22.99004824  8.49951232  7.53917211  6.51661869  6.5911429   5.70734448
  5.31501217  4.72313322  4.59537844  4.79736856  4.64213105  4.72360904
  4.35063751  4.3272719   4.49339055  4.54769695  4.44252409  4.50439732
  4.60076918  4.46490135]","[ 7.82511940e-06  8.86849778e-06  3.66486238e-06 -1.51948803e-06
 -4.40561339e-06 -4.94948989e-06 -4.69415269e-06 -4.78247231e-06
 -4.65022897e-06 -2.70396064e-06  1.70618873e-06  7.00414050e-06
  1.01959228e-05  9.17344206e-06  4.46538817e-06 -1.16559191e-06
 -4.92281753e-06 -5.99226915e-06 -5.62506534e-06 -5.38581445e-06]","[21.77038306  9.14206249  7.95136904  7.43945369  7.16110993  6.58089505
  6.39747711  5.73342661  5.75559948  5.72269148  5.66692147  5.82642976
  5.63419135  5.53765647  5.69656561  5.80467099  5.59167879  5.69740208
  5.78484127  5.50434251]"
78.7435198548193,100.18584449558124,70260.42406104949,101.74598796028758,170.16081210427708,283270.63140523207,11.977273291276635,28.45708433284226,12041.833030847092,734.9999999999999,1039.4469683442248,0.6365141682948128,0.0,0.0,0.0,32.05471578947368,135.996641422466,-33.83553333333333,139.50747783244054,78.7435211477323,100.18584614056206,70260.42636830261,101.74598963088484,170.16081489819743,283270.6407074395,11.977273487935001,28.45708480008748,12041.833426283882,735.0,1039.4469683442248,0.6365141682948128,0.0,0.0,0.0,32.05471631578948,135.9966436554348,-33.83553388888889,139.5074801230548,78.7435224406453,100.18584778554285,70260.42867555573,101.74599130148208,170.16081769211775,283270.65000964707,11.977273684593372,28.457085267332705,12041.833821720678,735.0,1039.4469683442248,0.6365141682948128,0.0,0.0,0.0,32.054716842105265,135.99664588840363,-33.83553444444445,139.50748241366904,78.74352373355829,100.18584943052369,70260.43098280893,101.74599297207932,170.1608204860381,283270.6593118548,11.977273881251737,28.45708573457793,12041.834217157475,734.9999999999999,1039.4469683442248,0.6365141682948128,0.0,0.0,0.0,32.05471736842105,135.99664812137237,-33.835535,139.50748470428323,78.7435250264713,100.1858510755045,70260.43329006214,101.74599464267654,170.16082327995832,283270.6686140623,11.9772740779101,28.457086201823145,12041.834612594279,735.0000000000001,1039.4469683442248,0.6365141682948128,0.0,0.0,0.0,32.05471789473684,135.99665035434117,-33.83553555555555,139.50748699489748,78.74352631938424,100.18585272048529,70260.43559731539,101.7459963132738,170.16082607387872,283270.6779162706,11.977274274568469,28.457086669068374,12041.835008031096,734.9999999999999,1039.4469683442248,0.6365141682948128,0.0,0.0,0.0,32.054718421052634,135.99665258730994,-33.83553611111111,139.50748928551175,78.74352761229717,100.18585436546606,70260.43790456861,101.74599798387106,170.1608288677991,283270.6872184788,11.977274471226833,28.45708713631359,12041.835403467912,734.9999999999997,1039.4469683442248,0.6365141682948127,0.0,0.0,0.0,32.05471894736842,135.9966548202787,-33.83553666666667,139.50749157612597,78.7435289052102,100.18585601044688,70260.44021182197,101.74599965446832,170.16083166171944,283270.69652068714,11.977274667885203,28.457087603558822,12041.835798904742,734.9999999999998,1039.4469683442248,0.6365141682948128,0.0,0.0,0.0,32.05471947368421,135.99665705324747,-33.83553722222222,139.50749386674022,78.74353019812308,100.18585765542758,70260.44251907518,101.74600132506554,170.1608344556397,283270.7058228955,11.977274864543567,28.457088070804037,12041.836194341573,734.9999999999998,1039.4469683442248,0.6365141682948128,0.0,0.0,0.0,32.054719999999996,135.99665928621627,-33.83553777777777,139.50749615735444,78.74353149103604,100.1858593004084,70260.44482632859,101.74600299566279,170.16083724956005,283270.71512510406,11.977275061201935,28.457088538049263,12041.83658977841,735.0,1039.4469683442248,0.6365141682948128,0.0,0.0,0.0,32.05472052631578,135.99666151918507,-33.83553833333333,139.50749844796866,78.7435211477323,100.18584614056206,70260.42636830261,101.74598963088484,170.16081489819743,283270.6407074395,11.977273487935001,28.45708480008748,12041.833426283882,735.0,1039.4469683442248,0.6365141682948128,0.0,0.0,0.0,32.05471631578948,135.9966436554348,-33.83553388888889,139.5074801230548,78.74352127702362,100.18584630506014,70260.42659902792,101.74598979794453,170.16081517758946,283270.6416376602,11.977273507600838,28.457084846812002,12041.833465827562,735.0,1039.446968344225,0.6365141682948128,0.0,0.0,0.0,32.054716368421055,135.99664387873167,-33.83553394444445,139.5074803521162,78.74352140631493,100.18584646955824,70260.42682975327,101.74598996500424,170.16081545698142,283270.6425678809,11.977273527266675,28.45708489353653,12041.833505371238,734.9999999999999,1039.4469683442248,0.6365141682948128,0.0,0.0,0.0,32.05471642105263,135.99664410202857,-33.835534,139.50748058117762,"[-2.64318414e+02  1.26806829e+02 -5.67996074e+01  3.99504400e+01
  2.58318929e+00  1.35250272e+01 -7.00161163e-01  1.12189853e+01
 -8.31052609e+00  1.48040713e+00 -3.55721950e+00 -4.76960027e+00
 -6.38600884e+00 -5.69189715e+00  7.58469250e-02 -1.24511961e+00
  4.54616351e+00 -2.33312830e+00  1.00778917e+01  3.30614511e+00]","[80.6256349  30.73317794 25.85106107 22.83043754 16.93541207 14.41464785
 13.50105744 12.05183376 11.92233949 12.91785293 10.55162669  9.77358809
 10.94278606 11.32488513 10.60501369  9.88901987 11.86717353 11.22915262
 11.06442025 11.53551449]","[-1.43002065 -1.21855135  0.44712034 -0.27920095  0.11200955  0.12192557
 -0.20252475 -0.47624778 -0.15001123  0.013383    0.1335844   0.2720698
  0.07446254  0.33362391  0.33493809  0.05206502  0.25848402 -0.23392362
 -0.01919679 -0.07261874]","[ 4.12656637  2.89041637  0.44267285 -0.04515956 -0.18287079  0.07788628
  0.01657481  0.45582429 -0.24302625 -0.13682757  0.01942879  0.2953129
 -0.04016679  0.0227932   0.42931916  0.00661141  0.21956661 -0.0160115
 -0.04198897  0.22420506]","[-1.39372822e-09  5.26757162e-19  5.26757162e-19 -8.42811459e-18
  7.50628956e-18  6.45277523e-18  5.00419304e-18 -3.95067871e-18
  5.13588233e-18  5.39926091e-18  5.99186272e-18  1.97533936e-19
 -1.05351432e-18 -6.84784311e-18  7.90135743e-19  1.18520361e-18
  5.33341626e-18  3.32515458e-18 -1.97533936e-19  3.55561084e-18]","[25.89968371  9.35327132  8.66016572  7.19342511  6.64096382  5.62833579
  5.69487178  4.76791285  4.83352598  4.73577108  4.73132261  4.26965695
  4.2440941   4.28042389  4.34254459  4.20671593  4.19161438  4.22302351
  4.16926712  4.22097124]","[ 3.66979285e-10  2.63388344e-18 -4.74099019e-18 -1.11940046e-18
  6.12377900e-18  6.91394403e-19  7.90165032e-19 -1.23792522e-17
  5.20191980e-18 -1.25109463e-18  3.42404847e-18  5.33361397e-18
  4.26359882e-18  2.89727178e-18  5.26776688e-18  3.95082516e-19
 -4.08251933e-18  8.82350953e-18 -3.29235430e-18 -1.11940046e-18]","[24.90152247  9.88577777  9.12112227  8.10623615  7.69907944  6.52797713
  6.6210772   5.97958687  5.89389519  5.80949014  5.77446235  5.5144972
  5.45265192  5.38882261  5.41783577  5.36466221  5.31261214  5.32278556
  5.2440441   5.25787697]"
72.55099681918355,92.30706093310702,59644.15448675832,93.74451208786948,156.77907922440312,240468.7635590514,11.035360345334112,26.219171288276055,10222.32585689384,734.9999999999999,1039.4469683442248,0.6365141682948128,0.0,0.0,0.0,29.533878947368418,125.30163647056092,-31.17465,128.5363747916616,72.55099811209644,92.30706257808774,59644.15661256505,93.74451375846678,156.77908201832352,240468.77212971775,11.035360541992478,26.219171755521288,10222.326221232814,735.0,1039.446968344225,0.6365141682948128,0.0,0.0,0.0,29.533879473684213,125.30163870352975,-31.17465055555556,128.53637708227583,72.55099940500945,92.30706422306858,59644.15873837196,93.74451542906402,156.77908481224387,240468.78070038412,11.035360738650844,26.2191722227665,10222.326585571791,735.0000000000001,1039.446968344225,0.6365141682948128,0.0,0.0,0.0,29.53388,125.30164093649854,-31.174651111111114,128.53637937289008,72.55100069792242,92.30706586804938,59644.16086417885,93.74451709966124,156.77908760616415,240468.78927105042,11.035360935309209,26.21917269001172,10222.326949910776,735.0,1039.4469683442248,0.6365141682948128,0.0,0.0,0.0,29.53388052631579,125.30164316946731,-31.174651666666666,128.5363816635043,72.55100199083543,92.3070675130302,59644.16298998581,93.74451877025851,156.7790904000845,240468.79784171714,11.03536113196758,26.219173157256954,10222.32731424977,735.0000000000001,1039.446968344225,0.6365141682948128,0.0,0.0,0.0,29.53388105263158,125.30164540243605,-31.17465222222222,128.53638395411855,72.64918094442845,91.58282601605514,58711.89814760919,92.84572759423536,155.3425469337161,236386.95426850894,11.079471643068503,26.27209078611907,10263.312990978817,717.8803521761239,1039.2582091776233,0.6383297424795094,63.8327211170306,1.1118729336540252,0.0,29.43274540210526,125.47326244470189,-31.256489903333332,128.84820583796719,73.78886630706116,89.61458609582255,56215.41828787915,87.4183942511393,148.36940862920983,216387.98745364617,11.359078528030974,26.65840500840835,10560.70856575055,731.5719691336388,1064.6699007563793,0.6568563652179378,301.2425618175854,16.071857776274094,4.5,29.16354844210527,126.06669174792756,-31.35928981111111,130.53835595007192,67.56394130068135,84.50308198741341,49985.39605760058,80.40181127823746,137.51580326088776,186106.71375791845,12.420798391085553,27.730532593042195,11379.56923602194,818.2577428385935,1166.9330700579294,0.7012205182432957,510.4277898217449,5.039278318146405,0.0,28.325555894736837,126.61146857243574,-31.29988421666667,133.67790804403626,64.4490961552466,83.22160797170507,48480.85223377316,77.07508685767584,130.6857193798295,167547.55637148334,12.7882352521849,29.061775234188982,12451.471098875141,865.9662299244885,1188.5019163003465,0.7083842722193034,393.54679705791955,3.8557959996626203,0.0,27.610747973684212,126.24783954026846,-31.103751907777777,136.27361394696655,64.0302736212727,82.97850683817548,48198.02817965195,76.0661965855441,129.82654083241437,165210.27822581533,13.859493851407551,30.00762997512748,13251.124844166383,899.7750832516532,1297.336912301771,0.7284668870935767,266.22091193776964,3.532826892043413,2.0548046676563256,27.31163687894737,125.69347913155461,-31.15725637222222,137.2685365295576,63.10264098372256,81.66801987721409,46687.65829465525,75.62886260912316,129.46222838762026,164294.58837195774,14.83917654759026,31.07775710893524,14153.530863731134,964.197530135652,1509.8163033804788,0.7596372782049815,200.72011597647202,5.394919906419504,0.4714045207910317,27.082210473684206,125.31338171506032,-30.860465294444438,138.5410533949731,60.429540753256525,77.43717165776489,41975.60888047902,73.62612427341857,124.38954962951291,151985.0520422724,15.227970699129438,31.84938914043937,14832.558247356112,871.1766654177429,1497.9500180249763,0.7153932381829347,365.3991259954846,4.940414006075367,0.4330127018922193,26.51495961052631,125.66305407850938,-30.772013180000002,140.407536923036,61.23401693505216,74.68272708900578,39042.56807815642,69.74759117533486,116.20019886302357,132897.277079989,14.539453235394356,32.120177758931064,15087.758741106945,809.3948632785513,1421.9199378656072,0.69968257976965,606.3294035119942,3.2905119620887016,0.0,26.09292694210526,126.35819207116157,-30.973462394444443,142.17978499636448,"[-210.87003143  182.3280449   -53.27991363   29.52198309    5.45962939
  -14.38960886    4.41093042   -1.74023029  -13.11541409    5.88801743
   -7.4796777   -10.45002632    2.24524698   -3.4521259    -1.93031197
   -6.82592623   -0.46230829   -3.56265165   -2.8947618    -1.47816616]","[52.37243795 20.95055531 23.9063996  17.06005523 15.75802876 15.70029015
 13.54064212 10.08696198  9.38317998  9.6281747   9.6029967   8.17066724
  8.14930793  9.71198552 10.68568878  9.64997755 10.47484113  9.64855185
  9.30000351  8.89684881]","[-0.58407745 -0.69233289  0.33104772 -0.13381165 -0.33979242  0.63077753
  0.07225511  0.08436989  0.0184469  -0.03186495  0.01682638 -0.09130335
  0.26367668  0.60657277  0.05336468  0.26627922  0.24155275  0.40942873
  0.40741595  0.12027622]","[ 1.75391482  2.03670273  0.25761781 -0.29478191 -0.20977438  0.11780393
 -0.51276993 -0.03657491  0.18706523  0.02152308 -0.06700519  0.01225762
  0.29499594  0.65473615  0.22017551  0.22403435 -0.19299383  0.23652764
  0.64059432  0.27705657]","[ 2.06249929e-03  2.28504957e-03  1.12164407e-03  3.16712068e-04
 -1.43440089e-04 -2.83621902e-04 -8.87296792e-05 -2.25216275e-05
 -2.08692288e-04 -2.34143040e-04 -1.55803043e-04 -2.31210814e-04
 -2.01470560e-04  2.73248219e-05  1.14095359e-04  5.31958435e-05
  3.55210187e-05 -4.67877756e-05 -1.68399208e-04 -9.83478263e-05]","[13.75557841  8.82995352  6.63031967  5.69843138  6.94215737  7.37254009
  5.7912017   4.74201454  4.27025135  4.11864934  4.17954584  4.08910473
  3.92639297  4.04428146  4.10461933  4.26884609  4.55571289  4.06812086
  3.97009897  4.0669497 ]","[-2.38444489e-04 -1.78326543e-04  8.59460984e-05  1.24293353e-04
 -2.88118487e-05 -7.77478875e-05 -5.15655394e-06 -3.84358870e-05
 -1.37437928e-04 -1.00587020e-04 -1.97306459e-05 -5.60891712e-05
 -8.54156890e-05 -6.17182701e-06  4.55111906e-05  1.26240506e-05
 -6.30224780e-06  8.41073189e-06  2.35231076e-05  4.81748554e-05]","[12.33007204  9.62501154  7.6322151   6.62254018  7.29984455  7.66353574
  6.78221094  5.854665    5.55100174  5.36803038  5.31545068  5.2663858
  5.13687908  5.24179459  5.3042116   5.44414021  5.48633783  5.23641405
  5.14986543  5.27161023]"
68.73071050230327,87.44648813197716,53528.218006312156,88.80824804584043,148.52363136850678,215810.9962369397,10.45427617037519,24.838559777697128,9174.124299487834,735.0,1039.4469683442248,0.6365141682948128,0.0,0.0,0.0,27.978726315789476,118.70368264114347,-29.533100000000005,121.76809075192895,68.73071179521624,87.44648977695796,53528.22002018129,88.80824971643767,148.52363416242716,215811.00435630413,10.454276367033556,24.838560244942357,9174.124644641965,735.0,1039.4469683442248,0.6365141682948128,0.0,0.0,0.0,27.978726842105264,118.70368487411227,-29.533100555555556,121.76809304254319,68.73071308812919,87.44649142193876,53528.22203405048,88.8082513870349,148.52363695634745,215811.01247566848,10.454276563691922,24.838560712187572,9174.124989796104,735.0,1039.4469683442248,0.6365141682948128,0.0,0.0,0.0,27.97872736842105,118.70368710708102,-29.53310111111111,121.76809533315739,68.73071438104218,87.44649306691959,53528.224047919706,88.80825305763217,148.52363975026782,215811.02059503322,10.45427676035029,24.8385611794328,9174.125334950255,735.0,1039.4469683442248,0.6365141682948128,0.0,0.0,0.0,27.978727894736842,118.70368934004983,-29.533101666666667,121.76809762377164,68.73071567395515,87.44649471190034,53528.226061788904,88.80825472822941,148.52364254418814,215811.02871439795,10.454276957008652,24.838561646678016,9174.125680104402,735.0,1039.4469683442248,0.6365141682948128,0.0,0.0,0.0,27.97872842105263,118.7036915730186,-29.53310222222222,121.76809991438586,68.73071696686812,87.44649635688114,53528.22807565818,88.80825639882669,148.5236453381085,215811.03683376295,10.454277153667023,24.83856211392325,9174.126025258569,735.0,1039.4469683442248,0.6365141682948128,0.0,0.0,0.0,27.978728947368424,118.70369380598738,-29.53310277777778,121.76810220500012,68.73071825978109,87.44649800186193,53528.2300895275,88.80825806942393,148.52364813202882,215811.044953128,10.454277350325388,24.838562581168464,9174.126370412734,735.0,1039.4469683442248,0.6365141682948128,0.0,0.0,0.0,27.97872947368421,118.7036960389562,-29.533103333333333,121.76810449561437,68.73071955269405,87.44649964684272,53528.232103396855,88.80825974002116,148.5236509259491,215811.05307249306,10.454277546983755,24.838563048413693,9174.126715566903,735.0,1039.4469683442248,0.6365141682948128,0.0,0.0,0.0,27.97873,118.70369827192496,-29.53310388888889,121.7681067862286,68.73072084560701,87.44650129182351,53528.234117266235,88.80826141061841,148.52365371986946,215811.0611918585,10.454277743642127,24.838563515658915,9174.127060721086,734.9999999999999,1039.4469683442248,0.6365141682948128,0.0,0.0,0.0,27.978730526315786,118.70370050489373,-29.533104444444444,121.7681090768428,68.73072213851998,87.4465029368043,53528.236131135665,88.80826308121567,148.52365651378983,215811.0693112241,10.454277940300488,24.838563982904127,9174.127405875264,735.0,1039.4469683442248,0.6365141682948128,0.0,0.0,0.0,27.97873105263158,118.70370273786254,-29.533105000000003,121.76811136745707,68.73071179521624,87.44648977695796,53528.22002018129,88.80824971643767,148.52363416242716,215811.00435630413,10.454276367033556,24.838560244942357,9174.124644641965,735.0,1039.4469683442248,0.6365141682948128,0.0,0.0,0.0,27.978726842105264,118.70368487411227,-29.533100555555556,121.76809304254319,68.73071192450756,87.44648994145608,53528.22022156825,88.80824988349741,148.5236344418192,215811.00516824055,10.454276386699394,24.838560291666877,9174.124679157381,735.0,1039.4469683442248,0.6365141682948128,0.0,0.0,0.0,27.978726894736845,118.70368509740916,-29.533100611111113,121.7680932716046,68.73071205379885,87.44649010595414,53528.22042295514,88.80825005055712,148.5236347212112,215811.00598017697,10.45427640636523,24.838560338391396,9174.124713672796,735.0,1039.4469683442248,0.6365141682948128,0.0,0.0,0.0,27.978726947368422,118.70368532070603,-29.53310066666667,121.76809350066603,"[-1.91955824e+02  1.22971861e+02 -4.33141864e+01  4.78744163e+01
  4.42284365e+00  7.12867404e+00 -8.62458285e+00  1.71976954e+01
 -1.27230464e+01 -4.52285724e+00 -6.59885185e-03 -6.76101735e+00
 -4.86301207e+00 -3.19535013e+00  7.71716492e-01 -3.89959752e-01
  3.71920560e+00 -2.22721688e-01  2.23815836e+00  6.77106984e+00]","[82.15020102 34.40368985 25.1791993  21.24053313 20.44039644 12.82330458
 15.8037543  15.32167176 13.21692585 12.75578601 12.79975225 11.76027188
 12.71796405 13.3397647  13.66864826 11.52488772 12.9961538  12.65529908
 14.71680114 14.29777414]","[-1.89396976 -1.50364523  0.5378445  -0.23977899 -0.04669404  0.02730748
 -0.13682339  0.06561877 -0.19841708  0.80305952 -0.14621674  0.40810935
 -0.13902866  0.97071862  0.76183772  0.38081214  0.46244281 -0.36092606
  0.42185093  0.53037466]","[ 4.95844179  2.73009021  0.22573532 -0.17699639 -0.58479081  0.57100194
 -0.35891584 -0.36991245 -0.15325116  1.61632301  1.2502511   0.97884245
  0.41690072  1.43251628  1.71018207  0.65931274  0.84002454  1.04987435
  0.28275205  0.23988779]","[-1.98338526e-09  7.37842924e-19  5.90274339e-18 -1.10676439e-18
  2.02906804e-18  2.21352877e-18 -4.05813608e-18  1.10676439e-18
  1.29122512e-18 -1.84460731e-18 -4.61151827e-19  2.49021987e-18
  3.13583243e-18  6.64058632e-18  1.10676439e-18 -1.29122512e-18
 -1.84460731e-19  4.79597901e-18 -9.22303655e-18  5.81051303e-18]","[14.92422694  6.72791935  5.47701758  5.3742939   5.82712431  4.5118422
  4.4044393   4.22218496  4.18059703  3.93822642  4.23702338  3.96241865
  3.87879736  3.73310664  3.79824483  3.65794895  3.90693225  3.71038105
  3.67999777  3.82279749]","[ 5.14045381e-10  1.84470309e-18 -3.68940618e-18 -7.00987174e-18
  4.38116984e-18  9.22351544e-19 -4.01222922e-18 -4.84234561e-18
  6.22587292e-19  7.74775297e-18 -2.92846615e-18 -3.11293646e-18
 -3.06681889e-18  1.56799763e-18 -7.83998813e-19 -9.22351544e-19
 -3.41270071e-18  1.93693824e-18  4.56564014e-18 -2.28282007e-18]","[13.93929195  7.43860277  5.96376961  5.8605226   6.18312745  5.25295806
  5.26489313  5.04608927  5.13773206  4.87559792  5.0986666   4.97399137
  4.89681431  4.62983909  4.69031091  4.53763978  4.79363186  4.59101128
  4.52644729  4.6765767 ]"
82.08424665006207,104.43627089038162,76348.54274242421,106.06260409472081,177.37995579438774,307816.2450417864,12.485414124857417,29.66438804901452,13085.266935677973,734.9999999999997,1039.4469683442248,0.6365141682948128,0.0,0.0,0.0,33.41465052631579,141.7663558688192,-35.27102,145.42614098327303,82.08424677935344,104.43627105487974,76348.54298293818,106.06260426178048,177.37995607377968,307816.2460114719,12.485414144523256,29.664388095739053,13085.266976899313,735.0,1039.4469683442248,0.6365141682948128,0.0,0.0,0.0,33.414650578947374,141.7663560921161,-35.27102005555556,145.42614121233444,82.08424690864472,104.43627121937784,76348.54322345214,106.06260442884025,177.3799563531718,307816.24698115786,12.485414164189093,29.664388142463572,13085.267018120652,734.9999999999999,1039.4469683442248,0.6365141682948128,0.0,0.0,0.0,33.41465063157895,141.76635631541296,-35.27102011111111,145.42614144139588,82.08424703793595,104.43627138387585,76348.54346396595,106.06260459589998,177.37995663256388,307816.24795084377,12.485414183854934,29.664388189188102,13085.267059341986,735.0,1039.4469683442248,0.6365141682948128,0.0,0.0,0.0,33.41465068421053,141.76635653870983,-35.271020166666666,145.4261416704573,82.08424716722722,104.4362715483739,76348.54370447983,106.0626047629597,177.37995691195584,307816.24892052927,12.485414203520767,29.66438823591262,13085.267100563322,735.0000000000001,1039.446968344225,0.6365141682948128,0.0,0.0,0.0,33.414650736842106,141.76635676200675,-35.271020222222226,145.42614189951874,82.08424729651863,104.43627171287206,76348.54394499389,106.06260493001942,177.37995719134784,307816.249890215,12.485414223186607,29.664388282637137,13085.267141784658,735.0,1039.4469683442248,0.6365141682948128,0.0,0.0,0.0,33.41465078947368,141.76635698530362,-35.27102027777778,145.42614212858012,82.08424742580989,104.43627187737013,76348.5441855078,106.06260509707916,177.37995747073992,307816.2508599008,12.485414242852436,29.66438832936166,13085.267183005988,735.0000000000001,1039.446968344225,0.6365141682948128,0.0,0.0,0.0,33.41465084210527,141.76635720860045,-35.27102033333333,145.42614235764154,82.08424755510119,104.43627204186818,76348.54442602168,106.06260526413884,177.3799577501319,307816.25182958634,12.485414262518278,29.664388376086187,13085.267224227331,735.0,1039.4469683442248,0.6365141682948128,0.0,0.0,0.0,33.414650894736845,141.76635743189735,-35.27102038888889,145.42614258670295,82.08424768439247,104.43627220636627,76348.54466653561,106.06260543119858,177.37995802952395,307816.25279927213,12.485414282184117,29.664388422810713,13085.267265448667,734.9999999999997,1039.4469683442248,0.6365141682948128,0.0,0.0,0.0,33.41465094736842,141.76635765519424,-35.271020444444446,145.42614281576442,82.08424781368379,104.43627237086434,76348.54490704955,106.06260559825832,177.37995830891603,307816.2537689581,12.485414301849952,29.664388469535226,13085.26730667,735.0,1039.4469683442248,0.6365141682948128,0.0,0.0,0.0,33.414651,141.7663578784911,-35.2710205,145.42614304482584,82.08424677935344,104.43627105487974,76348.54298293818,106.06260426178048,177.37995607377968,307816.2460114719,12.485414144523256,29.664388095739053,13085.266976899313,735.0,1039.4469683442248,0.6365141682948128,0.0,0.0,0.0,33.414650578947374,141.7663560921161,-35.27102005555556,145.42614121233444,82.08424679228254,104.4362710713295,76348.54300698951,106.06260427848645,177.3799561017189,307816.2461084405,12.48541414648984,29.6643881004115,13085.266981021447,734.9999999999998,1039.4469683442248,0.6365141682948128,0.0,0.0,0.0,33.41465058421053,141.76635611444576,-35.27102006111111,145.42614123524058,82.08424680521159,104.43627108777925,76348.54303104081,106.06260429519244,177.3799561296581,307816.24620540906,12.485414148456423,29.664388105083948,13085.266985143577,735.0,1039.4469683442248,0.6365141682948128,0.0,0.0,0.0,33.41465058947368,141.76635613677544,-35.271020066666665,145.4261412581467,"[-2.60564900e+02  1.19765667e+02 -7.17317167e+01  3.88645078e+01
 -1.04817960e+01  2.90737959e+00 -1.42025344e+01  1.28510857e+01
 -1.64675756e+01  1.56366799e+00  1.64594064e+00 -1.13105277e+01
 -3.31978253e+00 -6.41712511e+00 -3.00398754e+00 -3.52185124e+00
  7.63800207e+00  8.66416239e-02  2.15715746e+00  3.41817545e+00]","[90.15182196 32.27313437 25.12417583 20.37909184 17.81964689 12.29296371
 16.31449856 14.932515   15.74852824 12.00231959 10.65423761 10.13842922
  8.89343525  9.24626911 10.43634526 12.79670564 10.08164852 10.13948355
 10.34452484 11.37964917]","[-1.90013694 -1.12528595  0.59672552 -0.17907893  0.1257086  -0.13866713
  0.37528306  0.06878356 -0.0772495  -0.16819288  0.01720961  0.1993301
  0.16686516  0.15674117 -0.0824984   0.93794397  0.2286623  -0.4526509
  0.33215596 -0.09330042]","[ 5.65882863  2.48571503  0.56071575  0.21229537 -0.27687161  0.08276859
  0.31871958 -0.41432466 -0.42006574  0.25351292  0.30513661  0.08972904
  0.79007424  0.41369509  0.18677096  1.21565586  0.55297355  0.53749282
  0.52715906  0.37543382]","[-1.85293246e-10 -2.76448881e-18  1.38224440e-18  1.72780550e-19
  4.31951376e-18 -5.70175817e-18 -3.19644018e-18 -5.18341651e-18
  9.15736918e-18  8.63902752e-20 -7.77512477e-18 -5.18341651e-19
 -5.18341651e-19 -3.97395266e-18  9.15736918e-18 -3.97395266e-18
 -1.64141523e-18  2.24614716e-18 -1.46863468e-18  1.90058606e-18]","[20.03395369 10.58922019  7.07890179  6.03655151  5.80328598  4.90900985
  6.13461098  5.50766439  5.17877417  4.6169132   4.75810439  4.5835875
  4.26901421  4.28333425  4.29610439  4.44951721  4.29006545  4.43596375
  4.41982052  4.60147352]","[ 4.81494134e-11 -2.59183431e-19  7.34353054e-19  2.76462326e-18
  1.29591715e-18  7.21393882e-18 -1.24840019e-17  9.07142007e-18
 -6.39319129e-18  4.06054041e-18  2.24625640e-18  3.26139150e-18
 -7.34353054e-19 -6.69557196e-18  1.92227711e-18 -6.95475539e-18
  3.32618736e-18  5.18366861e-19  0.00000000e+00  4.57890728e-18]","[19.10071716 11.06817965  7.53404122  6.81919603  6.56382517  6.03923177
  6.95320666  6.34498552  5.9108058   5.69034175  5.88290171  5.67683413
  5.46310441  5.35772844  5.3410907   5.52168207  5.40467832  5.47404645
  5.41210589  5.62920527]"
80.79340751170449,102.793928645296,73966.14236433945,104.39468648483796,174.5905169112402,298211.0644813362,12.289071198306873,29.19789228799057,12676.950761260958,735.0,1039.4469683442248,0.6365141682948128,0.0,0.0,0.0,32.88917894736842,139.5369687680523,-34.71635555555556,143.13920089205405,80.7934088046173,102.79393029027668,73966.14473165582,104.39468815543522,174.59051970516046,298211.0740257029,12.289071394965244,29.1978927552358,12676.951166991943,735.0,1039.4469683442248,0.6365141682948128,0.0,0.0,0.0,32.88917947368421,139.53697100102107,-34.71635611111111,143.13920318266827,80.79341009753024,102.79393193525742,73966.14709897235,104.39468982603245,174.59052249908083,298211.08357006975,12.289071591623607,29.197893222481014,12676.95157272292,735.0,1039.4469683442248,0.6365141682948128,0.0,0.0,0.0,32.889179999999996,139.53697323398984,-34.71635666666666,143.1392054732825,80.79341139044327,102.79393358023832,73966.14946628915,104.39469149662972,174.59052529300115,298211.093114437,12.289071788281975,29.197893689726246,12676.951978453917,735.0,1039.4469683442248,0.6365141682948128,0.0,0.0,0.0,32.88918052631579,139.53697546695864,-34.71635722222223,143.13920776389676,80.7934126833563,102.79393522521912,73966.1518336058,104.39469316722696,174.5905280869215,298211.1026588043,12.289071984940339,29.19789415697146,12676.952384184919,735.0000000000001,1039.446968344225,0.6365141682948128,0.0,0.0,0.0,32.88918105263158,139.53697769992743,-34.71635777777778,143.13921005451098,80.79341397626919,102.79393687019984,73966.15420092239,104.39469483782418,174.59053088084178,298211.1122031715,12.289072181598705,29.19789462421668,12676.952789915922,735.0,1039.4469683442248,0.6365141682948128,0.0,0.0,0.0,32.889181578947365,139.53697993289617,-34.71635833333333,143.1392123451252,80.79341526918223,102.7939385151807,73966.15656823925,104.39469650842143,174.59053367476216,298211.121747539,12.289072378257076,29.197895091461913,12676.95319564694,735.0,1039.446968344225,0.6365141682948128,0.0,0.0,0.0,32.88918210526316,139.536982165865,-34.71635888888889,143.13921463573945,80.79341656209517,102.79394016016145,73966.15893555598,104.39469817901865,174.59053646868236,298211.13129190635,12.28907257491544,29.19789555870713,12676.953601377956,735.0,1039.4469683442248,0.6365141682948128,0.0,0.0,0.0,32.88918263157895,139.53698439883377,-34.71635944444444,143.13921692635367,80.79341785500814,102.79394180514228,73966.16130287283,104.39469984961592,174.59053926260276,298211.1408362744,12.289072771573807,29.197896025952357,12676.954007108981,734.9999999999997,1039.4469683442248,0.6365141682948128,0.0,0.0,0.0,32.88918315789474,139.53698663180256,-34.71636,143.13921921696792,78.58013380434467,100.35741097876212,70501.26956852114,104.60337412409521,173.70407458204735,295056.5231692641,12.528935499042166,29.410498201257006,12852.712447043501,747.4016389478254,1060.1737487167798,0.6494166916297237,216.49425671745811,3.231379368250338,0.5,32.54930443894737,140.04024272282152,-34.79203369777778,143.9341603264175,50.6399187891403,56.8005521569355,22584.119077329255,55.82923233938708,95.18315446955854,91109.23519083267,19.784220215015964,40.11005746190537,23791.088102636797,4409.110621938052,5650.342379249798,1.665196112640823,898.277148993234,1.94219341278084,0.8,23.51499621052632,127.77786962861384,-29.991872055555557,157.11501624436517,34.480367593280675,37.6444637126694,9919.739537501384,42.11128381750841,67.55383793833036,46480.59889243834,20.694148966784137,41.2635343499705,26021.62985110725,7801.823633655375,6403.127363061049,2.023236262953018,985.4468600447749,2.2231188733838514,0.8,18.485312963157888,115.39578695288377,-26.225439116666667,153.52788629756859,30.834924495637615,34.892094445286695,8522.207783451646,40.677796294585974,64.70575467329373,42395.39510293183,19.53400963940323,41.827705637471865,26879.874322559524,6983.712050662855,6488.7080066222115,2.020160738133011,806.3466298848087,2.82344512962677,1.5491933384829668,17.454771105263163,112.50580635267383,-25.517300983333328,153.0971460558381,"[-257.02045077  117.44387831  -37.7662401    30.87865314  -10.83255376
   17.56398945  -22.0214371    14.60844614  -11.78501622    9.33180825
   -8.8643858     5.80860492   -6.46666216   -0.87393678    0.61536257
   -4.62752839    3.99291878   -7.79920952    5.65015035   -3.31004122]","[109.15254699  33.90775926  26.32977663  30.2729912   20.41633981
  21.64252497  15.24774512  12.51484165  11.73482977   9.98569576
  10.26662661  10.30939982   9.22764171   9.11322217   7.88469306
   7.74189699   7.72103235   7.99765625   7.51967796   7.02189523]","[-1.23223702 -0.75944779  0.8669411  -0.26843909  0.19206147 -0.44810674
  0.01400432 -0.20798924 -0.18469476 -0.29415694 -0.29034326 -0.20182377
  0.12582651 -0.08235895 -0.10968479 -0.15011805 -0.27135016  0.13896873
  0.0085844   0.07942907]","[ 1.47619927  1.54404763  1.77865092 -0.58914692 -0.31469632 -0.43980357
 -0.06766852 -0.21404437  0.06717032  0.20344622 -0.02979108  0.14650276
  0.26599563  0.10333391  0.53191207  0.55045192  1.30701482  0.36733911
  0.24658775  0.85259189]","[-7.84118193e-10 -2.57641385e-18  3.22051732e-18 -1.30430951e-17
 -1.65856642e-17 -3.54256905e-18  3.22051732e-19 -2.57641385e-18
  0.00000000e+00  6.76308637e-18 -8.45385796e-18  9.66155195e-19
 -1.77128452e-18 -7.08513810e-18  3.62308198e-18 -1.44923279e-18
  5.47487944e-18  3.30103025e-18  4.91128891e-18 -2.25436212e-18]","[26.45453355 10.13791073  6.80792072  8.41446497  8.46535197  6.25980228
  5.2998173   5.14130907  5.40221126  4.67955838  4.49638157  4.45902492
  4.16327338  4.19091631  3.92715881  3.97508241  3.94613519  3.92818619
  3.85919924  3.94576082]","[ 4.48735391e-10  3.46221304e-18 -8.29320798e-18 -2.25446431e-18
 -4.99202810e-18  9.58147330e-18 -1.42916934e-18  3.78427937e-18
 -9.62173159e-18  5.35435273e-18  8.37372456e-18  4.66996178e-18
  2.69730551e-18  6.44132659e-18  2.81808038e-19  8.93734064e-18
  3.34143817e-18  3.34143817e-18  5.51538589e-18 -8.05165823e-19]","[24.09003501 11.07101921  7.5039469   8.94181571  8.90832834  6.88125568
  6.34757138  6.40523958  6.7013816   6.02132899  5.67180046  5.6482067
  5.39482031  5.37102127  5.21490472  5.19988447  5.20370635  5.09830885
  5.1281306   5.11385003]"
85.01964264314472,108.1709925162137,81906.74535359931,109.85548465075277,183.72319987277663,330225.38338939595,12.931902167201612,30.725209453486293,14037.879287365924,735.0,1039.4469683442248,0.6365141682948128,0.0,0.0,0.0,34.609584210526315,146.8360301358601,-36.53233888888889,150.62669198974862,85.01964393605779,108.17099416119456,81906.74784474832,109.85548632135001,183.72320266669692,330225.3934330204,12.931902363859978,30.72520992073152,14037.87971432035,735.0,1039.4469683442248,0.6365141682948128,0.0,0.0,0.0,34.6095847368421,146.8360323688289,-36.53233944444444,150.6266942803628,85.01964522897065,108.17099580617524,81906.75033589707,109.85548799194729,183.7232054606173,330225.4034766452,12.931902560518342,30.72521038797674,14037.880141274778,735.0,1039.4469683442248,0.6365141682948128,0.0,0.0,0.0,34.609585263157896,146.83603460179768,-36.532340000000005,150.6266965709771,85.01964652188363,108.17099745115604,81906.75282704606,109.8554896625445,183.72320825453758,330225.4135202699,12.931902757176708,30.725210855221956,14037.88056822922,735.0,1039.4469683442248,0.6365141682948128,0.0,0.0,0.0,34.609585789473684,146.83603683476647,-36.53234055555556,150.6266988615913,85.01964781479658,108.17099909613682,81906.75531819504,109.85549133314177,183.72321104845798,330225.42356389516,12.931902953835074,30.725211322467178,14037.880995183661,735.0,1039.4469683442248,0.6365141682948128,0.0,0.0,0.0,34.60958631578947,146.83603906773527,-36.53234111111111,150.62670115220556,85.01964910770955,108.17100074111764,81906.75780934411,109.85549300373899,183.72321384237821,330225.43360751995,12.931903150493444,30.72521178971241,14037.881422138118,735.0,1039.4469683442248,0.6365141682948128,0.0,0.0,0.0,34.60958684210526,146.836041300704,-36.53234166666667,150.62670344281977,84.93043189359699,108.13362405448112,81850.164558091,109.84354311060858,183.71213957089594,330184.349671287,13.07495947652928,30.613612376393288,13937.5699840527,736.7277991643975,1052.8454847765784,0.637533097245191,23.33050187862898,7.628658738090376,0.5,34.596239312631575,146.70770592611234,-36.486219302777776,150.36997687115928,83.06975211123805,106.96300231414828,80087.58704839542,108.80816928917005,181.8575303655354,323409.67908792105,14.948063078513194,24.265798797592197,9402.821534504235,1206.4248725798648,3096.270871267635,0.774323097609994,516.4277293559194,1.365377151685554,0.5,33.67634871052631,139.58806767117542,-34.736359345000004,137.12105745259063,83.0237673426626,106.91706541119653,80018.81213299453,108.71569026374196,181.70788869806972,322867.56750520057,15.175573487173075,24.244468578840568,9361.330583172983,1229.954081012222,3111.1918000057594,0.77995531577006,501.82036678053163,1.227688988018033,0.5,33.62921296842105,139.2936260685786,-34.67229209,136.7407666018833,84.88395695616043,108.10138253233329,81801.36233781297,109.798046684801,183.62653708824936,329869.3049366469,13.016312062188605,30.482765521647227,13833.042646470762,739.8854233375516,1078.7679177779469,0.6392167893067189,11.936008544858266,0.826601677553063,0.5,34.5616360336842,146.5027021641805,-36.462276330111116,150.027786184534,84.7827007762012,108.11867658462518,81827.53758487545,109.98506263125859,183.93561580838363,330993.0753039267,12.948312710192871,30.76302208951845,14072.45422446155,735.6004498313604,1039.6611861917906,0.6367083153871392,100.9052494381351,0.0,0.0,34.62592511578947,147.0226749001529,-36.57991076111111,150.81224727221294,84.7441220859145,108.11215900051037,81817.67246626146,110.00871036208754,183.97450508142646,331133.63457590266,12.951294891849168,30.769900429386755,14078.748338738495,735.7065843619386,1039.6993979818824,0.6367434469086347,119.29202939295283,0.0,0.0,34.62925831578947,147.05654718635327,-36.58854580555555,150.84598954523784,84.78044940461552,108.12097685760412,81831.01945649795,109.9967104802449,183.95423987484978,331060.5855551952,12.949692653605144,30.76633854081301,14075.488551375242,735.5855252986788,1039.656163647366,0.6367042525137669,109.76217298356995,0.0,0.0,34.628634178947365,147.0387304682912,-36.58378706666665,150.82860460185861,"[-291.42415473  141.26356051   -4.05786328   42.88562495  -18.98114816
   20.24998088   -9.77210799    5.22242112  -14.91710894   -7.70427843
  -19.12293884    8.20425807   -6.55070963  -11.74220194  -12.201264
   -6.46485037   -0.64029871   -9.42826628  -10.044491     -8.72490009]","[94.34313973 35.70486686 19.69444245 15.65263531 14.84665524 13.99384644
 13.07936502 13.81790191 10.4568917  13.09858262  8.78244429 12.50530324
  8.9520307   8.60710609  9.01196395  8.64572722  9.1194584  11.50003866
  9.00842646  8.65587004]","[-2.29826509e+00 -1.97581892e+00  7.71943260e-01  8.34463540e-02
 -1.66131589e-02  4.22533411e-01 -1.97784250e-01  2.12121727e-01
  1.40602527e-01  3.78120112e-01  9.13076310e-02 -4.88928076e-04
 -4.23261832e-01 -9.25613172e-02  1.52762507e-01  3.44322702e-01
  7.42387752e-02 -2.08282878e-01  6.41292540e-02  4.37748401e-01]","[ 5.64183696  4.9246188   0.69865321  1.28891688  0.40758506 -0.06969365
 -0.26579358 -0.10223842 -0.67896094 -0.20506129  0.2869199  -0.37303706
  0.18462916 -0.15378162  0.06034047  0.71810157 -0.17423201  0.2879505
  0.27748164  0.3263056 ]","[0.00013791 0.00019496 0.00019474 0.00019438 0.00019388 0.00019323
 0.00019244 0.00019151 0.00019044 0.00018923 0.00018788 0.00018639
 0.00018478 0.00018303 0.00018115 0.00017914 0.00017701 0.00017475
 0.00017238 0.00016989]","[7.46381057 5.60354136 4.022875   3.75227461 3.67045324 3.62883091
 3.64828072 3.51076087 3.4660763  3.42804538 3.27901621 3.35170527
 3.33989949 3.2354964  3.22119625 3.21439342 3.23909219 3.20981962
 3.33565591 3.2688926 ]","[-0.00014781 -0.00020894 -0.00020863 -0.0002081  -0.00020737 -0.00020643
 -0.00020529 -0.00020395 -0.00020242 -0.00020071 -0.00019881 -0.00019675
 -0.00019452 -0.00019213 -0.00018959 -0.00018692 -0.00018411 -0.00018118
 -0.00017813 -0.00017498]","[7.09176021 5.59586035 4.57267259 4.4310403  4.48813571 4.46272186
 4.59353163 4.42577448 4.38550984 4.32787486 4.30717255 4.31940966
 4.3545106  4.24696316 4.15690709 4.13505957 4.21265115 4.12757977
 4.283092   4.14490315]"
74.73830819573091,95.08999009144561,63294.743509138585,96.57077839389586,161.50574982338642,255186.93059533558,11.36806107014713,27.009642738109083,10847.995059139901,735.0,1039.446968344225,0.6365141682948128,0.0,0.0,0.0,30.42428421052632,129.07930606805976,-32.11452222222223,132.41156723846782,74.73830948864384,95.08999173642636,63294.74569903543,96.5707800644931,161.5057526173068,255186.93942439547,11.368061266805494,27.0096432053543,10847.995434463184,735.0000000000001,1039.446968344225,0.6365141682948128,0.0,0.0,0.0,30.424284736842107,129.07930830102856,-32.11452277777778,132.41156952908207,74.73831078155688,95.08999338140723,63294.74788893249,96.57078173509035,161.5057554112271,255186.94825345537,11.368061463463865,27.00964367259954,10847.995809786482,734.9999999999999,1039.4469683442248,0.6365141682948128,0.0,0.0,0.0,30.424285263157895,129.07931053399733,-32.11452333333333,132.41157181969632,74.73831207446979,95.08999502638797,63294.75007882941,96.57078340568759,161.50575820514743,255186.95708251535,11.368061660122233,27.00964413984476,10847.996185109776,735.0,1039.4469683442248,0.6365141682948128,0.0,0.0,0.0,30.424285789473682,129.07931276696613,-32.11452388888889,132.4115741103105,74.73831336738284,95.08999667136887,63294.7522687266,96.57078507628484,161.50576099906775,255186.96591157556,11.368061856780598,27.009644607089974,10847.996560433077,735.0,1039.4469683442248,0.6365141682948128,0.0,0.0,0.0,30.42428631578947,129.0793149999349,-32.11452444444444,132.41157640092476,74.73831466029576,95.0899983163496,63294.75445862356,96.5707867468821,161.50576379298812,255186.97474063607,11.368062053438962,27.009645074335197,10847.99693575639,735.0000000000001,1039.4469683442248,0.6365141682948128,0.0,0.0,0.0,30.424286842105264,129.0793172329037,-32.114525,132.41157869153903,74.7383159532087,95.08999996133035,63294.756648520655,96.57078841747935,161.50576658690844,255186.98356969657,11.368062250097326,27.009645541580422,10847.997311079702,735.0,1039.4469683442248,0.6365141682948128,0.0,0.0,0.0,30.42428736842105,129.07931946587246,-32.11452555555556,132.41158098215323,74.73831724612175,95.09000160631123,63294.758838417925,96.57079008807656,161.50576938082872,255186.99239875714,11.368062446755697,27.009646008825648,10847.997686403032,734.9999999999995,1039.4469683442246,0.6365141682948128,0.0,0.0,0.0,30.424287894736842,129.07932169884126,-32.11452611111111,132.41158327276747,74.73831853903472,95.09000325129202,63294.76102831508,96.57079175867379,161.505772174749,255187.0012278179,11.368062643414062,27.00964647607086,10847.998061726355,734.9999999999999,1039.4469683442248,0.6365141682948128,0.0,0.0,0.0,30.42428842105263,129.07932393181002,-32.11452666666666,132.4115855633817,74.73831983194772,95.09000489627283,63294.763218212334,96.57079342927108,161.5057749686694,255187.01005687908,11.368062840072433,27.009646943316096,10847.998437049699,735.0,1039.4469683442248,0.6365141682948128,0.0,0.0,0.0,30.424288947368424,129.07932616477882,-32.11452722222222,132.41158785399594,74.73830948864384,95.08999173642636,63294.74569903543,96.5707800644931,161.5057526173068,255186.93942439547,11.368061266805494,27.0096432053543,10847.995434463184,735.0000000000001,1039.446968344225,0.6365141682948128,0.0,0.0,0.0,30.424284736842107,129.07930830102856,-32.11452277777778,132.41156952908207,74.73830961793519,95.08999190092453,63294.745918025255,96.57078023155285,161.50575289669882,255186.94030730144,11.368061286471333,27.009643252078828,10847.995471995515,735.0,1039.4469683442248,0.6365141682948128,0.0,0.0,0.0,30.424284789473685,129.07930852432548,-32.11452283333333,132.4115697581435,74.73830974722644,95.08999206542254,63294.74613701484,96.57078039861256,161.50575317609088,255186.94119020744,11.36806130613717,27.009643298803358,10847.995509527846,734.9999999999999,1039.4469683442248,0.6365141682948128,0.0,0.0,0.0,30.424284842105266,129.07930874762232,-32.11452288888889,132.4115699872049,"[-2.03064879e+02  1.46219393e+02 -5.97908578e+01  4.47373802e+01
 -2.50497996e+00  3.30646562e+00  4.68555640e-02  1.41417040e+01
 -1.07685074e+01 -2.77909473e+00  3.62499687e+00 -2.30191730e+00
 -1.93908206e+00 -6.75351817e+00 -2.98750955e+00 -6.11905822e+00
 -4.42436856e+00  2.00479443e+00 -1.31099811e+00 -2.56039093e+00]","[64.46711122 28.81534424 24.220949   18.64542301 18.08927194 14.80856836
 14.29939292 11.34784837 13.35480337 13.8278167  14.10525711 11.68679169
 11.75582289  9.84837646 10.56080742 10.20676612  8.45532999  9.71971161
 10.87156499 10.87759587]","[-2.50766834 -1.45561228  0.87418844 -0.09687073  0.15335474 -0.0653817
 -0.21627781  0.11412685 -0.05835238  0.08491379 -0.12788939  0.08046612
  0.10771367 -0.07142347 -0.13608672 -0.11528063 -0.15001468 -0.0483049
  0.1609748   0.60684688]","[11.51308576  5.1520199   1.69660638 -0.13756248 -0.19856915  0.04980801
  0.02962271  0.05643546 -0.07825867 -0.18704801 -0.31792786 -0.09232149
 -0.17826954 -0.03901153  0.13313374 -0.03001644  0.45009589  0.21241447
  0.21842067  1.17579854]","[-5.11247460e-10  0.00000000e+00 -1.45305263e-18  3.26936842e-18
  7.26526315e-18 -1.19876842e-17 -6.35710525e-18  4.63160526e-18
 -1.28958421e-17  7.26526315e-18 -6.35710525e-19  1.02621842e-17
  1.27142105e-18 -1.68009210e-18  4.85864473e-18 -2.54284210e-18
  7.62852630e-18 -4.54078947e-19 -7.26526315e-19 -5.63057894e-18]","[19.65512939  8.06407132  6.42790885  5.70207468  5.85467039  4.79572831
  5.68972993  4.47804862  5.58460584  4.83347212  5.95715716  4.30520307
  4.46067147  4.06526909  4.38409219  3.93067849  3.81074826  4.27347491
  4.1893868   4.09147068]","[ 5.06160845e-09  2.72461298e-18 -1.99804952e-18  3.49658665e-18
 -1.47129101e-17 -8.71876152e-18  2.36133125e-18  3.81445817e-18
 -8.90040239e-18 -2.04345973e-18 -1.30781423e-17  1.08984519e-18
 -1.23969890e-17  5.26758509e-18 -1.99804952e-18 -8.67335130e-18
 -4.13232968e-18  1.90722908e-18 -5.67627703e-18  4.58643184e-18]","[18.85653874  8.73935131  6.80284863  6.28507405  6.56782246  5.53811789
  6.53852825  5.40153449  6.37226861  5.65223773  6.52486147  5.32317732
  5.23674017  4.89672005  5.26186545  4.81784991  4.8080561   5.09541967
  5.01780178  4.97182694]"
71.64379857498842,91.15282725918478,58161.86542139946,92.57230411695768,154.81866914549846,234492.58329711002,10.897371069262572,25.891319333102288,9968.278465819276,735.0,1039.4469683442248,0.6365141682948128,0.0,0.0,0.0,29.16457894736842,123.73482926480779,-30.78483333333333,126.92911950036874,71.64381150411806,91.15284370899266,58161.886413652304,92.57232082293017,154.81869708470177,234492.66793207798,10.89737303584624,25.891324005554512,9968.282063651315,735.0,1039.4469683442248,0.6365141682948128,0.0,0.0,0.0,29.164584210526318,123.73485159449562,-30.784838888888892,126.92914240651112,71.64382443324784,91.15286015880068,58161.90740590911,92.57233752890265,154.8187250239051,234492.75256706122,10.897375002429904,25.89132867800674,9968.285661484002,735.0,1039.4469683442248,0.6365141682948128,0.0,0.0,0.0,29.164589473684213,123.73487392418342,-30.784844444444445,126.92916531265345,71.64383736237748,91.15287660860857,58161.92839816952,92.57235423487515,154.81875296310847,234492.83720205992,10.897376969013568,25.891333350458964,9968.289259317333,734.9999999999998,1039.4469683442248,0.6365141682948127,0.0,0.0,0.0,29.164594736842105,123.73489625387126,-30.78485,126.92918821879583,71.64385029150718,91.1528930584165,58161.94939043379,92.57237094084758,154.81878090231172,234492.9218370735,10.897378935597235,25.891338022911178,9968.292857151318,734.9999999999999,1039.4469683442248,0.6365141682948128,0.0,0.0,0.0,29.164599999999997,123.7349185835591,-30.784855555555552,126.92921112493822,71.46985986979828,91.0015130933848,57968.9276969984,92.35274433302897,154.47546979958446,233440.93995528755,11.6398337942439,25.021723337447526,9339.111804712806,827.3801042875596,1635.5912477872812,0.6710542739717341,47.57474854622782,1.0818600501665272,0.5,29.052256429999996,122.54788718931611,-30.397914096111112,124.84874866981282,71.14356385608798,90.61546186880457,57478.13350787742,91.81530510690354,153.55636555915,230635.08916805038,13.097784630116534,22.249809576346042,7611.061212932514,1308.030660193975,3271.9408446399525,0.7933177291810525,234.8520452356043,1.1668124149132733,0.5,28.705657131578953,119.25441957663757,-29.411981577777787,119.0585609106331,71.79812176750372,91.08528881992507,58075.70887586416,92.36380044381302,154.40923918203595,233244.43649762592,11.813000071068585,24.781599038837264,9173.686148230114,873.4708780953559,1868.8026061165729,0.6844569700773535,64.5579266028422,1.0157365081231051,0.5,29.081672499999993,122.27377491184815,-30.219499238888886,124.388338077607,71.64386322063696,91.1529095082245,58161.97038270194,92.57238764682012,154.81880884151508,234493.00647210277,10.8973809021809,25.891342695363402,9968.296454985953,735.0,1039.4469683442248,0.6365141682948128,0.0,0.0,0.0,29.1646052631579,123.73494091324693,-30.784861111111113,126.92923403108057,71.64387614976663,91.15292595803241,58161.991374973775,92.57240435279256,154.81883678071836,234493.09110714687,10.897382868764565,25.89134736781563,9968.300052821234,735.0,1039.4469683442248,0.6365141682948128,0.0,0.0,0.0,29.16461052631579,123.73496324293475,-30.78486666666667,126.92925693722295,71.64388907889635,91.15294240784034,58162.0123672494,92.57242105876506,154.8188647199217,234493.17574220657,10.897384835348236,25.89135204026786,9968.303650657172,735.0000000000001,1039.446968344225,0.6365141682948128,0.0,0.0,0.0,29.164615789473686,123.73498557262256,-30.784872222222223,126.92927984336531,71.643902008026,91.15295885764826,58162.033359528825,92.57243776473751,154.81889265912494,234493.26037728135,10.897386801931898,25.89135671272008,9968.307248493751,735.0,1039.4469683442248,0.6365141682948128,0.0,0.0,0.0,29.164621052631578,123.7350079023104,-30.784877777777776,126.92930274950768,71.64391493715573,91.15297530745623,58162.05435181207,92.57245447071001,154.8189205983283,234493.34501237157,10.897388768515563,25.891361385172306,9968.310846330984,735.0,1039.4469683442248,0.6365141682948128,0.0,0.0,0.0,29.164626315789473,123.73503023199821,-30.78488333333333,126.92932565564999,"[-205.46137225  131.41488459  -53.88419529   47.401629      5.22040481
    4.00853792   -2.88790331   12.88901737  -13.02507685   -2.08093658
    5.43370962   -5.82085808   -5.53234288    1.49798487    1.34297889
   -0.70518482    1.45636813   -1.90818586   -2.22331737   -2.80541973]","[72.70492161 34.77661165 26.52293261 20.4288183  20.00945099 16.55727496
 16.23631413 13.34332513 12.36062632 10.33371093 13.33037455 10.84993839
 12.52485683 10.57098018 10.87359271 11.93183326 12.78936802 13.82742204
 14.4147755  13.73133644]","[-2.26992077 -1.07157643  0.20095333  0.23113869  0.14077767  0.37677495
  0.13050791 -0.19152471 -0.14712266  0.17308144  0.24731775  0.20620916
  0.44053201  0.38939567  0.55704516  0.42317238  0.79328783  1.09775991
  0.72033944  0.13477906]","[ 8.78834243  2.66006344 -0.19566707  0.47663746 -0.15070698  0.08743326
 -0.32990605  0.14782027 -0.21762662  0.38423006 -0.04745425  0.84156026
  1.16614858  1.36179358  1.94995834  1.13303678  1.65744097  2.16726214
  0.7095431   0.63925508]","[-1.69825383e-08  6.05232313e-18  7.56540392e-19 -4.16097215e-18
  6.05232313e-18  4.25553970e-18  3.78270196e-19 -2.64789137e-18
 -1.32394569e-18  7.09256617e-18  1.07807006e-17  2.83702647e-18
  2.17505363e-18 -3.35714799e-18  4.30282348e-18 -1.10407613e-17
  7.75453901e-18 -3.78270196e-18  3.21529666e-18 -1.60764833e-18]","[18.23897289  7.08582614  6.06198     5.12974865  6.20783839  5.38354542
  4.8747263   4.3633102   4.31663769  4.11624228  4.573289    4.33560314
  4.01043451  3.90010204  4.0684973   3.95574768  4.00019139  3.81008706
  3.8808398   3.92642866]","[ 5.27072351e-09 -1.41858876e-19  3.21546785e-18 -1.32401617e-18
  7.70766557e-18  1.46587505e-18 -1.96238111e-18  3.02632268e-18
  3.07360897e-18 -4.06662110e-18 -1.89145167e-18  8.51153253e-18
 -3.26275414e-18 -6.52550827e-18 -8.52335410e-18  2.34067145e-18
  3.31004043e-18  8.98439545e-18  7.56580669e-19 -1.51316134e-18]","[18.41259625  7.70343516  6.59928288  5.81783453  7.13617344  6.10780838
  5.76131489  5.30528731  5.25735412  5.01275938  5.42117581  5.30927306
  4.94394955  4.78832029  4.97158066  4.8061654   4.8247166   4.62786056
  4.69938293  4.70364908]"
71.71625341786991,91.24501198289613,58279.565482312,92.66592438672824,154.97524044086785,234967.11744655092,10.908391804125188,25.91750375536338,9988.450909982144,734.9999999999999,1039.4469683442248,0.6365141682948128,0.0,0.0,0.0,29.194073684210526,123.85996483538999,-30.815966666666668,127.05748552217965,71.7162547107829,91.24501362787697,58279.56758366019,92.66592605732548,154.97524323478814,234967.12591860624,10.90839200078355,25.9175042226086,9988.451270129171,735.0,1039.4469683442248,0.6365141682948128,0.0,0.0,0.0,29.194074210526317,123.85996706835877,-30.815967222222223,127.0574878127939,71.60530693044173,91.23086183388085,58261.491056668594,92.74497430564344,155.10526927363975,235363.13786379521,10.918288399492171,25.94041476633944,10006.118892421935,735.3622322633405,1039.5757416996382,0.6366301532906828,51.57376008203236,0.0,0.0,29.206485315789468,123.97248719436554,-30.84454584444444,127.1698950175073,70.58648039992798,90.68519297200179,57566.62957058441,92.84831120081272,155.24649452517198,235809.19959299918,10.933549705176981,25.97454176947081,10032.46578337991,736.857136826606,1040.1582580897662,0.6372131927200069,127.89718442546733,0.0,0.0,29.15571180526316,124.15513746651608,-30.890199272222226,127.33998493989962,70.7458884533217,90.7754198467681,57681.237938499144,92.8060770404142,155.18676903343834,235622.76759329924,10.92819481826647,25.961823892990918,10022.64268743687,736.8598097856342,1040.1399396742488,0.6371766722332883,99.37069948269995,0.0,0.0,29.158076831578946,124.09087161908323,-30.87492456111111,127.27656988474699,71.14357726239722,91.0378603988224,58015.244181968344,92.84466867633125,155.26353356614447,235849.3268393644,10.931800418573733,25.970828883594052,10029.5979075222,736.4414218806178,1039.969413099012,0.636998206412688,120.02053547823829,0.0,0.0,29.198447963157893,124.12734492665025,-30.884490527777782,127.31951338798605,71.01599604162932,90.74715595874916,57645.3242022108,92.8548116907011,155.1854646536202,235634.84972741274,10.930227237437053,25.968164547648197,10027.55129646874,733.5885677263645,1039.0117868201182,0.6362078340482843,112.87217036007524,1.6607963985444385,0.0,29.174565331578947,124.11739152348818,-30.87428626111112,127.31273884286486,70.66563641596953,90.51075831564904,57345.38159611684,92.82791837905084,155.13639638595387,235492.72045514933,10.92830600679611,25.963723215154303,10024.117708518901,733.9435277161716,1039.181972603441,0.6364014914980712,102.5467256036233,2.43228159513895,0.0,29.141791831578956,124.10214587636534,-30.869335061111105,127.2923595927748,70.53509128206747,90.51758018086842,57354.02625259961,92.85535629933045,155.2202983225432,235744.35783690767,10.933493870825721,25.97681602451472,10034.228966976973,735.0070312506163,1039.5534961753372,0.6367248427838982,132.31277279365887,0.0,0.0,29.14622292105263,124.16746531023611,-30.887936833333338,127.35528736091568,70.68362332589989,90.7461099770304,57643.995331743055,92.88531011316395,155.30568368059525,235989.54581567986,10.937637179421943,25.984537417282507,10040.191732211537,736.5042409224229,1040.0300375556913,0.6370953468135618,150.4747723172778,0.0,0.0,29.171605015789467,124.20174670861583,-30.901426799999992,127.38923851739989,70.95944728926307,90.89118020864133,57828.44647803799,92.848899562982,155.254890877615,235830.0046863746,10.932507691597039,25.9729215633617,10031.215361085182,736.1275974841196,1039.8738285269526,0.63693146610793,124.42909673972294,0.0,0.0,29.183471773684207,124.14080287619741,-30.88626397222222,127.33140834950734,71.15033198772458,91.02666691295273,58000.9786249715,92.81960084641752,155.22193957017845,235722.75013503176,10.92875875368662,25.963697602216975,10024.090465611795,736.3828300610201,1039.947838969799,0.6369778773737024,103.9124793062697,0.0,0.0,29.19244997368421,124.09280334842116,-30.87579765,127.28454200104191,70.938887611434,90.92795653636236,57875.25295915023,92.85097257025038,155.26974928115098,235870.84270321653,10.933187745973271,25.9735863978677,10031.727867698726,736.8217546469025,1040.113344891103,0.6371380692749034,126.1488621004566,0.0,0.0,29.184885526315792,124.1442313632495,-30.889005688888883,127.33336871808865,"[-179.32017783  141.35548773  -46.20382699   56.04461687   -7.44506112
   22.35487076   -0.80317792    7.53936527    7.92615896    4.73620157
    4.48594806    3.60843441    0.88663144    0.49631168    4.28895737
    1.66117781    5.18267476    1.13181376    7.73629101    1.03258347]","[87.66093443 28.13619678 31.52031065 16.90253067 15.41977266 12.17096007
 13.91683064 11.2501473  11.44543603 10.39683395  9.31336117  9.31610794
  7.78589124  7.90194769  7.56935222  7.6325052   7.99956584  7.9192718
  8.13371301  8.33081089]","[-1.84060343 -2.49193813  0.87277019 -0.27071959  0.2145536  -0.23839533
  0.01906228 -0.00292331  0.0567007  -0.12141452 -0.24131164  0.54283668
 -0.2591225   0.06374717  0.13114335  0.09161751  0.17410067  0.07723172
  0.09354242  0.05069075]","[ 5.22706269e+00  9.77388833e+00  4.71260582e-01  2.65601240e+00
  2.85634120e-02  2.13352181e-01 -3.83342620e-01  9.12698356e-02
 -2.20374041e-01  5.95004375e-02  3.19124426e-01  9.20890925e-01
  3.75631470e-01  2.05922992e-01  1.31629195e-01  1.01204504e-01
  1.40043497e-01  4.77840578e-01  3.40623891e-02  8.45202724e-03]","[2.00785582e-05 2.83883364e-05 2.83761784e-05 2.83559288e-05
 2.83277311e-05 2.82912126e-05 2.82468022e-05 2.81943993e-05
 2.81341682e-05 2.80657902e-05 2.79896811e-05 2.79057810e-05
 2.78142763e-05 2.77148872e-05 2.76080425e-05 2.74937015e-05
 2.73719963e-05 2.72429145e-05 2.71066608e-05 2.69633013e-05]","[29.59766565  9.59536359 12.14341227  7.14363886  7.47469686  6.23357836
  6.90259947  6.17948942  5.9002852   5.45771355  4.97837251  4.81232666
  4.62922732  4.66942819  4.54310741  4.60483043  4.42961284  4.62740074
  4.3977766   4.82107872]","[-5.83756181e-05 -8.25403392e-05 -8.24807570e-05 -8.23816396e-05
 -8.22427977e-05 -8.20649365e-05 -8.18476824e-05 -8.15915846e-05
 -8.12967143e-05 -8.09636397e-05 -8.05924765e-05 -8.01838070e-05
 -7.97378049e-05 -7.92554480e-05 -7.87367374e-05 -7.81825362e-05
 -7.75933176e-05 -7.69696996e-05 -7.63123786e-05 -7.56221110e-05]","[28.88191564 11.19540057 14.10679835  8.59153301  8.72540218  7.53982069
  7.93108735  7.33166337  6.97785829  6.58793363  6.19034291  5.99353649
  6.06977553  6.03015991  5.86324048  5.89651788  5.68101036  5.83720544
  5.80502695  6.0069738 ]"
77.10547669564114,98.1017525280765,67367.67694355975,99.62944148307315,166.62108267966505,271607.87369464664,11.72811894033377,27.865112670824686,11546.049262747303,735.0000000000001,1039.446968344225,0.6365141682948128,0.0,0.0,0.0,31.387905263157894,133.16760395291922,-33.131677777777774,136.6054070317072,77.10547798855409,98.1017541730573,67367.67920281675,99.6294431536704,166.62108547358534,271607.88280334714,11.72811913699214,27.86511313806992,11546.049649958115,735.0,1039.4469683442248,0.6365141682948128,0.0,0.0,0.0,31.387905789473688,133.16760618588802,-33.13167833333333,136.60540932232144,77.10547928146707,98.10175581803809,67367.68146207379,99.62944482426765,166.6210882675057,271607.8919120478,11.728119333650508,27.86511360531515,11546.050037168929,735.0,1039.4469683442248,0.6365141682948128,0.0,0.0,0.0,31.387906315789476,133.1676084188568,-33.13167888888889,136.60541161293563,77.10548057438004,98.10175746301888,67367.68372133086,99.6294464948649,166.62109106142603,271607.9010207486,11.728119530308877,27.865114072560374,11546.050424379755,735.0000000000001,1039.446968344225,0.6365141682948128,0.0,0.0,0.0,31.387906842105263,133.16761065182556,-33.131679444444444,136.60541390354987,77.10548186729302,98.1017591079997,67367.68598058801,99.62944816546216,166.6210938553464,271607.9101294496,11.728119726967238,27.865114539805585,11546.050811590576,734.9999999999999,1039.4469683442248,0.6365141682948128,0.0,0.0,0.0,31.38790736842105,133.16761288479438,-33.131679999999996,136.60541619416412,77.10548316020602,98.10176075298054,67367.68823984523,99.62944983605942,166.62109664926675,271607.91923815064,11.72811992362561,27.86511500705081,11546.051198801415,734.9999999999998,1039.4469683442248,0.6365141682948128,0.0,0.0,0.0,31.387907894736845,133.16761511776318,-33.13168055555556,136.60541848477837,77.10548445311898,98.10176239796131,67367.69049910239,99.62945150665664,166.62109944318703,271607.9283468518,11.728120120283977,27.865115474296044,11546.051586012256,734.9999999999998,1039.4469683442248,0.6365141682948128,0.0,0.0,0.0,31.387908421052632,133.16761735073194,-33.131681111111114,136.60542077539262,77.10548574603192,98.10176404294207,67367.69275835957,99.62945317725391,166.62110223710735,271607.9374555532,11.728120316942341,27.865115941541255,11546.0519732231,735.0,1039.4469683442248,0.6365141682948128,0.0,0.0,0.0,31.38790894736842,133.1676195837007,-33.131681666666665,136.60542306600686,77.10548703894491,98.1017656879229,67367.69501761688,99.62945484785112,166.62110503102764,271607.9465642546,11.728120513600706,27.86511640878647,11546.05236043395,734.9999999999999,1039.4469683442248,0.6365141682948128,0.0,0.0,0.0,31.38790947368421,133.1676218166695,-33.131682222222224,136.60542535662105,77.10548833185784,98.10176733290365,67367.69727687413,99.6294565184484,166.62110782494804,271607.95567295636,11.728120710259075,27.865116876031703,11546.052747644813,734.9999999999998,1039.4469683442248,0.6365141682948128,0.0,0.0,0.0,31.387909999999998,133.16762404963828,-33.131682777777776,136.6054276472353,77.10547798855409,98.1017541730573,67367.67920281675,99.6294431536704,166.62108547358534,271607.88280334714,11.72811913699214,27.86511313806992,11546.049649958115,735.0,1039.4469683442248,0.6365141682948128,0.0,0.0,0.0,31.387905789473688,133.16760618588802,-33.13167833333333,136.60540932232144,77.10547811784542,98.1017543375554,67367.6794287425,99.62944332073015,166.62108575297745,271607.8837142173,11.72811915665798,27.865113184794446,11546.049688679199,735.0,1039.4469683442248,0.6365141682948128,0.0,0.0,0.0,31.387905842105265,133.16760640918488,-33.13167838888889,136.60540955138285,77.1054782471367,98.10175450205347,67367.67965466819,99.62944348778986,166.62108603236945,271607.88462508726,11.728119176323816,27.865113231518972,11546.04972740028,735.0,1039.4469683442248,0.6365141682948128,0.0,0.0,0.0,31.387905894736843,133.16760663248178,-33.13167844444445,136.60540978044426,"[-240.92029047  126.41882663  -68.71882764   64.43801395   -4.69966708
    1.77586581    8.34948527    2.80852156    2.5148209    -6.78675989
    2.45184319    1.61792065   -7.27515687    3.77096184    6.41042724
    5.23315689    3.85120713    1.78248283    8.19841728   -1.36730697]","[86.09797421 33.09115164 27.93911438 22.99695997 20.58138321 13.25498181
 16.48404446 12.28215496 11.50325248 11.31331104 10.95176852 11.27321065
 12.08602317 12.3804496  15.38807315 15.35822929 12.99994231 11.60781778
 12.27652782 13.88315761]","[-1.78201414 -1.16213386  1.05152453 -0.23418827 -0.13611102  0.43298196
 -0.42595082  0.09654275 -0.01358002  0.0598699   0.24830119  0.17334459
  0.37822055  0.42976933  0.36055766  0.22431266  0.20862548  0.08077576
  0.33238046  0.19037982]","[ 4.95978687  2.51741458  1.05432903  0.23727052 -0.21898114  0.77059114
 -0.01279276  0.27322177  0.04373712  0.43597837  0.36357411  0.45932431
  0.4380776   0.43104131 -0.27246665 -0.27047452 -0.45415461  0.51875684
  0.207318   -0.01871954]","[-1.47345245e-09  2.40678376e-18  1.08305269e-17  0.00000000e+00
 -2.25635978e-18  9.02543910e-19  7.06992730e-18 -3.61017564e-18
  3.00847970e-19  1.65466384e-18 -4.51271955e-19 -1.72987583e-18
 -4.66314354e-18 -2.85805572e-18 -3.15890369e-18 -3.00847970e-18
  4.51271955e-19  3.30932767e-18  3.38453966e-18  4.66314354e-18]","[14.95769235  8.30686817  7.46489981  7.3597725   6.07158721  4.60494409
  4.97371216  4.79465897  4.31308231  4.19330469  4.15936554  3.99638519
  4.18800504  4.25362744  4.23141011  4.07731853  4.31145442  4.28075521
  4.09500534  4.26943881]","[ 4.19189565e-10 -1.72994908e-18 -2.70774638e-18 -8.42409984e-18
  6.91979630e-18  1.91798702e-18 -3.83597404e-18 -2.85817673e-18
  9.77797303e-18  2.93339191e-18  3.23425262e-18  1.39148078e-18
 -9.02582126e-19 -1.12822766e-19 -1.12822766e-18  1.72994908e-18
 -7.52151772e-20 -2.25645532e-19 -2.10602496e-18  5.26506240e-19]","[13.91059882  8.84784229  8.06783753  7.91205081  6.58343775  5.57926315
  5.81039177  5.75449206  5.31460785  5.21871689  5.24289434  5.06281128
  5.24366194  5.28166386  5.17200272  4.99370454  5.25644825  5.2319322
  4.99756431  5.10301979]"
69.05909746774738,87.86429680391633,54040.94256992691,89.23256304082655,149.23325919346874,217878.16011778841,10.504225428900437,24.957235391724502,9261.999425042115,735.0,1039.4469683442248,0.6365141682948128,0.0,0.0,0.0,28.112405263157896,119.27083438226002,-29.67420555555556,122.34988386184595,69.05909876066029,87.86429844889709,54040.94459341802,89.2325647114238,149.23326198738908,217878.16827594605,10.504225625558803,24.95723585896972,9261.999771845352,735.0000000000001,1039.446968344225,0.6365141682948128,0.0,0.0,0.0,28.112405789473684,119.2708366152288,-29.67420611111111,122.34988615246019,68.61691097794669,87.65313965220689,53781.51023622499,89.2844052353611,149.312530049001,218114.4816661145,10.511924369474853,24.97399933151314,9274.447721761266,735.9911038736554,1039.8038784228672,0.6368422592732685,36.167782998998504,0.0,0.0,28.09346575263158,119.35945656595537,-29.697554024999995,122.43250977022551,67.5367585037524,86.73358533740958,52659.003778371974,89.49309120696441,149.6206131990795,219039.8795938707,10.543216341238438,25.042429865532327,9325.346971776124,740.6632489868113,1041.6496685448442,0.6386696092868531,184.17015276610357,0.0,0.0,28.00156333157894,119.7242176950537,-29.79237035555555,122.77097833236496,67.49136544338255,86.54566061026483,52431.05959327002,89.50385818791611,149.62791842215873,219066.85869879447,10.54552404206715,25.047192881443667,9328.895496708923,741.4198138122739,1041.9845848746343,0.6390183895983423,194.34045566416935,0.0,0.0,27.976916626315784,119.75355926158225,-29.799756083333325,122.79527012343553,67.48900207031855,86.54449149859751,52429.643061255716,89.4950716097336,149.61449362106077,219027.06926387473,10.544503240321747,25.04470832480229,9327.044384128756,741.4635042739728,1041.9969964323038,0.6390274225084404,188.93424483065488,0.0,0.0,27.97482955263158,119.74156523132825,-29.79691425000001,122.78295899968298,67.54467584449853,86.73750267024415,52663.760586294295,89.48711807603523,149.61428208837427,219019.96245038699,10.542712401039141,25.040811787655997,9324.142470808285,740.9071942937338,1041.7302809599728,0.6387374834808406,180.70285016932777,0.0,0.0,27.999323105263155,119.71671592503453,-29.79129487222222,122.76258430843905,67.54068708353039,86.69492517245426,52612.07035460212,89.50575971420824,149.641626030518,219101.92863229502,10.545178894759307,25.04653560841434,9328.405773430588,741.0806895658158,1041.811269518462,0.6388247006683382,193.12481330311917,0.0,0.0,27.99694455263158,119.74597926558933,-29.798459472222223,122.79100643572357,67.47959226901555,86.4859295119736,52358.71202485045,89.50820452010146,149.6326657596163,219082.28644910926,10.546430047417733,25.049024506086646,9330.259771144663,741.7565068046758,1042.1274089535518,0.6391628480474857,198.2829288992855,0.0,0.0,27.968744289473683,119.76459467562886,-29.80266941666666,122.8044559873192,67.4916012654717,86.54876388834555,52434.819714204095,89.50299870841613,149.62667736945014,219063.12876954753,10.545394949970257,25.046916312768044,9328.689076819594,741.4011141861995,1041.976714531036,0.639010484361552,193.74066118158945,0.0,0.0,27.977252547368415,119.75209333781264,-29.799362494444438,122.7939028019656,67.50025772569585,86.57821040163853,52470.50561445273,89.49313435123175,149.6141480365983,219024.7052391169,10.544166457457973,25.043893731476953,9326.437765041213,741.410392475294,1041.9644121106821,0.6389884458564626,187.2145614257164,0.0,0.0,27.97872392105263,119.73666090750751,-29.795931916666664,122.77866591683535,67.4822276868275,86.51501918479032,52393.93981181246,89.49905881321286,149.61911214309083,219041.62006306008,10.545130989831486,25.046110634647405,9328.088865335241,741.5756117878079,1042.0491547230326,0.639082879418176,191.96004531634435,0.0,0.0,27.97145088421052,119.7493420147633,-29.798808472222213,122.79002198828633,67.44732600924975,86.3981271740694,52252.4546543067,89.50031628494196,149.61366687123183,219029.44429070997,10.545816527157127,25.04747082917605,9329.102439922703,741.9615375429855,1042.2331556223785,0.6392800617600638,194.7695113095529,0.0,0.0,27.955560905263162,119.75961429137053,-29.801118933333342,122.79741019933095,"[-193.69603285  199.75350317  -65.11294264   20.55030403   32.57846994
  -13.25715553   11.31014409    2.14195996   -7.78093165   -0.23511436
   -7.29597638   -2.16454322   -3.91875886   -4.63528721    2.05976432
   -1.40072004   -3.50340999   -2.33071119   -2.42151009   -3.07995996]","[57.33329874 26.37906705 30.89272622 17.98226153 12.78975286 13.14028379
  9.92879434  9.51504825  8.63388992  8.18855113  9.44454573  9.58184967
 10.62663046 10.02860818 10.94623252  9.2029751   9.20922537  9.39140382
  9.09335023  8.63054552]","[-2.09844552 -3.36557881  0.82378407  0.29984677 -0.23519976  0.75035278
  0.18028162 -0.12890261  0.53649523  0.46317906  0.03861862  0.18332812
  0.14515762  0.27181862  0.45102157  0.23086552  0.48392358  0.7034754
  0.70983926  0.27068643]","[ 8.87289968e+00  2.09017963e+01  4.00896062e-01 -1.61455335e-01
 -1.72260263e-01  6.54908963e-01  9.94565284e-03  1.89263227e-01
  9.93332939e-01  1.81086908e+00  3.63011283e-01  1.05915120e-01
 -2.37853020e-02  9.82825001e-02  1.51575268e-01  1.49710040e-01
  6.74770804e-01  1.32638739e+00  8.99399817e-01  8.29074053e-01]","[1.74804809e-04 2.46535816e-04 2.44516421e-04 2.41174693e-04
 2.36545885e-04 2.30679090e-04 2.23635652e-04 2.15489131e-04
 2.06323553e-04 1.96233083e-04 1.85319358e-04 1.73691443e-04
 1.61463422e-04 1.48753284e-04 1.35681001e-04 1.22367236e-04
 1.08931348e-04 9.54910739e-05 8.21588177e-05 6.90426261e-05]","[8.89019807 5.24884637 5.9834109  5.41311178 4.2948481  3.96870025
 3.88525624 3.84895317 3.62942827 3.49799202 3.54669019 3.539667
 3.45688066 3.46621832 3.48827478 3.46978791 3.4415494  3.37501811
 3.41465067 3.37249663]","[-7.50983734e-06 -1.05801084e-05 -1.04535089e-05 -1.02447901e-05
 -9.95766383e-06 -9.59659489e-06 -9.16776762e-06 -8.67787761e-06
 -8.13480093e-06 -7.54615957e-06 -6.92107514e-06 -6.26788536e-06
 -5.59512316e-06 -4.91078854e-06 -4.22246321e-06 -3.53674981e-06
 -2.85933695e-06 -2.19489698e-06 -1.54666460e-06 -9.16635167e-07]","[8.9804247  6.25231845 6.51676819 6.18595624 5.42394745 5.02656269
 4.99826939 5.03652536 4.7842396  4.697643   4.69759233 4.6657326
 4.59023863 4.60493986 4.64261446 4.63235304 4.58694103 4.54307379
 4.55285098 4.47243883]"
64.99436526713687,82.6927140639352,47866.59471481822,83.98044585953191,140.4495759962036,192984.8942600068,9.885959843207491,23.488283695934737,8203.786826140293,735.0,1039.4469683442248,0.6365141682948128,0.0,0.0,0.0,26.457744210526315,112.25070207697367,-27.927618888888887,115.14852255088381,64.99436539642812,82.69271422843325,47866.594905257276,83.98044602659166,140.44957627559566,192984.89502780474,9.885959862873326,23.488283742659252,8203.786858779375,735.0,1039.4469683442248,0.6365141682948128,0.0,0.0,0.0,26.457744263157895,112.25070230027055,-27.927618944444443,115.14852277994525,64.99436552571945,82.69271439293135,47866.59509569641,83.9804461936514,140.44957655498771,192984.89579560264,9.88595988253916,23.488283789383775,8203.786891418453,735.0,1039.446968344225,0.6365141682948128,0.0,0.0,0.0,26.457744315789473,112.25070252356741,-27.927619,115.14852300900665,64.99436565501078,82.69271455742947,47866.595286135554,83.98044636071111,140.44957683437968,192984.89656340034,9.885959902205,23.4882838361083,8203.786924057542,735.0,1039.4469683442248,0.6365141682948128,0.0,0.0,0.0,26.45774436842105,112.25070274686428,-27.927619055555553,115.14852323806807,64.994365784302,82.69271472192749,47866.59547657458,83.98044652777085,140.44957711377174,192984.89733119833,9.885959921870835,23.48828388283282,8203.786956696624,735.0000000000001,1039.4469683442248,0.6365141682948128,0.0,0.0,0.0,26.45774442105263,112.25070297016117,-27.92761911111111,115.14852346712952,64.99436591359333,82.69271488642558,47866.595667013695,83.98044669483056,140.4495773931638,192984.8980989962,9.885959941536672,23.488283929557344,8203.786989335707,735.0,1039.446968344225,0.6365141682948128,0.0,0.0,0.0,26.45774447368421,112.25070319345805,-27.927619166666666,115.14852369619092,64.98245947589957,82.67274430667538,47843.47855837848,83.97500970606335,140.42084887387884,192906.0553762215,9.88943184595554,23.490285146502366,8205.145962110462,734.6454191111814,1039.3306200467453,0.6364164536407894,0.6137928100592569,0.7351513585525814,0.5,26.45437789,112.25303221820656,-27.92874080705555,115.15609956956531,63.479194937009915,81.89533476420488,46947.92099298828,83.30065177807916,139.31585031165153,189824.39519589263,10.988383621863257,19.899946683023327,6210.014982863931,1129.139862435252,2794.856434736078,0.7572124632539687,184.2610650246426,1.087523436042619,0.4714045207910317,25.84596919473684,108.20317690840061,-27.12896463888889,107.71353394606493,63.52714869148561,81.87552316762753,46925.209057808985,83.24895354003102,139.23107407608234,189592.29042692643,10.752489055322654,19.422899923651226,5970.746569857324,1140.8991788978574,2846.5433151534703,0.7604526373672642,210.37702653832196,1.0714330935643883,0.4714045207910317,25.822863447368423,107.81091457973193,-26.990213927777777,106.91604962543867,64.9943660428846,82.69271505092362,47866.595857452754,83.98044686189029,140.44957767255582,192984.898866794,9.88595996120251,23.488283976281867,8203.787021974791,735.0000000000001,1039.446968344225,0.6365141682948128,0.0,0.0,0.0,26.45774452631579,112.25070341675492,-27.92761922222222,115.14852392525235,64.99436617217594,82.69271521542177,47866.59604789192,83.98044702895002,140.44957795194787,192984.899634592,9.885959980868346,23.48828402300639,8203.787054613873,735.0,1039.4469683442248,0.6365141682948128,0.0,0.0,0.0,26.457744578947366,112.25070364005178,-27.927619277777776,115.14852415431379,64.99436630146725,82.69271537991985,47866.596238331025,83.98044719600975,140.4495782313399,192984.90040238982,9.885960000534181,23.488284069730913,8203.787087252958,735.0,1039.4469683442248,0.6365141682948128,0.0,0.0,0.0,26.457744631578947,112.2507038633487,-27.927619333333336,115.14852438337522,64.99436643075852,82.69271554441791,47866.59642877011,83.98044736306946,140.4495785107319,192984.90117018763,9.885960020200018,23.488284116455436,8203.78711989204,734.9999999999998,1039.4469683442248,0.6365141682948128,0.0,0.0,0.0,26.457744684210528,112.25070408664558,-27.92761938888889,115.14852461243663,"[-161.64080366  144.40123852  -30.39533943   30.28473444   17.97703393
   27.19593237  -17.94240753    2.0626361    -1.00955244    3.64187038
  -17.93286612   -0.72871758    6.45816241   -1.67751132   -8.00844492
    2.53077045    3.27621149   -6.34120486   -2.72292821    2.71264821]","[72.18513218 31.05208342 19.26186669 12.23023565 19.87762313 16.54401568
 14.79338623 12.94599516 11.27608256  9.55517019 11.14425034 11.2662128
 15.32460665  8.66498737  7.60661572  8.31176957  8.18837782  8.51983958
  7.19299844  7.77362827]","[-2.40705694 -1.86135263  0.49226888 -0.27210647  0.67039863  0.31553942
  0.04666903  0.10442673  0.19849077  0.28996795 -0.02235481 -0.13620609
  0.29398947  0.18261813 -0.07836945  0.23057485 -0.14292502  0.15621697
 -0.14574166  0.20502852]","[ 8.24482981e+00  6.38124585e+00  7.44740421e-01  2.70715293e-01
  6.56793710e-01 -8.90926412e-03 -3.76238020e-01 -3.21418145e-01
 -7.24195501e-02  2.83929980e-01 -1.07913482e-01 -3.21969681e-01
 -5.30442242e-01 -3.28689100e-02  7.07981645e-03 -1.67784868e-02
  7.96132521e-02 -1.27918701e-02  7.42339787e-02  3.87407559e-01]","[-1.23632377e-10 -3.10959622e-18  7.77399054e-19 -6.21919244e-18
  7.77399054e-19 -2.72089669e-18  1.55479811e-18  4.27569480e-18
  5.24744362e-18  0.00000000e+00 -2.91524645e-18  6.60789196e-18
 -4.08134504e-18  2.13784740e-18 -4.66439433e-18 -2.13784740e-18
 -2.42937205e-18 -5.83049291e-19  1.23412100e-17  1.94349764e-19]","[8.16529812 5.96319313 3.88502253 3.86793743 3.85681999 3.63276139
 3.43192185 3.72618572 3.78536259 3.52466672 3.48319847 3.4292976
 3.60872515 3.40148937 3.35362917 3.28851942 3.26952764 3.2561494
 3.20331425 3.13489206]","[ 1.08326958e-10 -1.96800667e-18  5.05364677e-18 -4.13038438e-18
  6.51142949e-18 -1.94371030e-19 -1.29256735e-17  6.80298604e-19
 -1.39947141e-17 -2.23526684e-18 -6.31705846e-18  7.72624843e-18
 -2.72119441e-18 -1.84652478e-18 -2.72119441e-18  4.03319886e-18
  8.89247460e-18  8.35795427e-18  1.07875921e-17 -1.01072935e-17]","[7.76287221 6.48716543 4.65934599 4.76047319 4.81620105 4.58361859
 4.47251151 4.7102568  4.76962162 4.53108279 4.46533217 4.4343208
 4.54256319 4.40591514 4.38963203 4.36712314 4.31915942 4.30491851
 4.23250531 4.1922313 ]"
73.1827140966982,93.11079854919205,60687.34564527757,94.56076590317802,158.1441886983052,244674.6222924597,11.131447623240474,26.447467303921464,10401.116889228497,735.0,1039.446968344225,0.6365141682948128,0.0,0.0,0.0,29.791036842105267,126.39266501778542,-31.446094444444448,129.65556890759316,73.18271538961116,93.11080019417284,60687.347789594234,94.56076757377527,158.14419149222553,244674.63093775243,11.13144781989884,26.447467771166686,10401.117256739848,734.9999999999999,1039.4469683442248,0.6365141682948128,0.0,0.0,0.0,29.791037368421055,126.3926672507542,-31.446095,129.65557119820735,73.18271668252414,93.11080183915365,60687.34993391098,94.5607692443725,158.14419428614582,244674.63958304527,11.131448016557199,26.447468238411904,10401.117624251197,735.0,1039.446968344225,0.6365141682948128,0.0,0.0,0.0,29.791037894736842,126.39266948372295,-31.446095555555555,129.65557348882163,73.18271797543714,93.11080348413444,60687.352078227705,94.56077091496977,158.14419708006616,244674.64822833848,11.131448213215569,26.447468705657126,10401.117991762563,734.9999999999999,1039.4469683442248,0.6365141682948128,0.0,0.0,0.0,29.79103842105263,126.39267171669178,-31.44609611111111,129.65557577943585,73.18271926835011,93.11080512911526,60687.35422254454,94.560772585567,158.14419987398645,244674.6568736316,11.131448409873933,26.447469172902345,10401.118359273929,734.9999999999999,1039.4469683442248,0.6365141682948128,0.0,0.0,0.0,29.791038947368417,126.39267394966053,-31.446096666666662,129.6555780700501,68.52949364731555,85.95139147791996,51713.491878934554,88.82909300454483,151.8964591944326,226407.0998521394,12.073537361939602,27.270307731586335,11021.040139459874,882.9115392473925,1175.6471607561407,0.7218285087194698,509.0409554121855,66.63111769743226,0.0,28.86864372105264,127.62527595531918,-31.408600294444447,132.37931401126622,60.002619656793335,74.67721409297604,39036.80413281727,74.8804280024385,130.37276847824916,167354.8487390593,16.78307393361768,32.5387504335125,15397.46072596574,1247.397813505162,1921.4539313940804,0.9024146318754903,662.0052053595481,12.82298393304568,0.0,26.669652936842102,127.20194098003199,-30.73638123333333,141.59821109842028,58.65995683140843,73.27515863599395,37584.74211191055,77.21039946629566,131.186544489287,169447.4988909171,17.489224676753537,33.322481517946194,16111.425334730382,1315.617755625054,2187.922325033771,0.9320840420998024,624.1419353995358,32.71211147385402,1.0,26.617808473684207,126.91082814654517,-30.662073061111105,142.31825679469503,59.801527035613866,75.48065331809156,39881.30317728148,82.77331913494208,138.19903268480795,187858.4548544672,17.312567972185004,32.66682598385923,15510.003343355755,1324.7281062056195,2321.734041915002,0.917608061655039,463.54121943967635,53.62204262160211,0.4714045207910317,27.194190236842104,126.42131858665928,-30.700502161111118,140.25545274785253,61.22317239242939,76.58833520305014,41060.41162422338,83.27070999959959,138.10531284404567,187411.50255408153,18.00777879170529,33.23640050609241,16028.053110897028,1535.9381225932595,2686.033546440666,0.989155552248859,388.83949812194123,18.076211300219178,0.816496580927726,27.15356347368421,126.08757063133129,-30.81423911111111,140.658585885224,63.165032998405344,77.48148902478414,42023.66799048422,82.69425501639975,137.3512258949967,185384.2128199892,18.502290148568246,33.53053331930968,16296.339964172657,1731.6849741113595,2898.69815118158,1.06446499552325,367.33555495520125,9.324882646247197,0.816496580927726,27.23203531578947,125.99854713466904,-30.77648644444444,140.99295526185912,63.84637523401347,77.14123729985864,41655.39344507173,82.89190671370464,137.98233068749602,187323.08874806768,18.293005280936733,33.37711004240561,16156.215397736394,1682.676825501067,2873.4664077990956,1.0514916091470015,366.8169227979012,8.159569680593169,0.816496580927726,27.26604484210527,125.96796322373984,-30.73422522222223,140.65902950252024,62.0387812465986,76.34078436640152,40795.40750374191,82.73156375959249,138.86478158354325,189857.51385311864,18.869899189753493,33.79847257874122,16534.943904471704,1953.963055924719,3200.514579509731,1.130368442782024,403.98111846895546,9.49854274663603,0.816496580927726,27.15603289473684,126.00711847367398,-30.68139327777778,140.96790473698178,"[-246.44210049  187.06850824  -72.79091279    7.74967117   33.76702109
  -17.72077614    0.99363048    1.86915571  -12.62307176   -4.45688358
   -7.56005333   -5.32696416   -3.4407396    -7.24189641   -4.45596894
   -5.83834599   -6.50625956   -5.12573865   -2.74002468   -1.47392288]","[70.38862606 29.60852159 40.14895961 22.84721896 13.61063124 17.72148353
 12.25569914  9.78270885  8.99381332  9.68210386  8.87406516  9.37426837
  9.04335457  8.24695279  9.75383926  9.04250377  8.7433143   8.37648855
  8.70881478  9.39547212]","[-1.28643917 -2.18114553  0.75916562 -0.05519597 -0.14351801  0.59406895
  0.18618987  0.03919369 -0.08292473 -0.15192287 -0.07233479  0.59608886
  0.64018433  0.2693668   0.4253998   0.43856851  0.63979632  0.38188028
  0.50498662  0.64895824]","[ 2.43781889e+00  9.95630609e+00 -1.19396585e-01 -4.17359715e-01
 -1.13597534e-01 -1.28074664e-01  5.83339333e-02  2.91102904e-01
  1.08611118e-01 -6.80251793e-02 -1.70976722e-03  7.56054938e-01
  1.14457433e+00  3.20494241e-01  1.28670043e-01  3.84968611e-01
  1.02899431e+00  5.64138245e-01  5.58258384e-01  9.23385410e-01]","[-6.70575297e-10  0.00000000e+00  7.29028824e-18 -7.81102311e-19
  4.68661387e-18  3.44986854e-18  3.48241447e-18  7.16010452e-19
  6.50918593e-20 -2.96167960e-18 -5.85826733e-18 -3.87296563e-18
  1.75748020e-18 -7.81102311e-19  5.85826733e-19  4.91443537e-18
  3.25459296e-18 -1.88766392e-18  1.04146975e-18  3.90551156e-18]","[10.59135069  5.85631792  7.82681403  5.89424009  4.41188923  4.45990645
  4.03087122  3.79042858  3.6077704   3.61396316  3.5969622   3.4630457
  3.45648312  3.42777611  3.40609625  3.44040025  3.41252904  3.42075148
  3.4041004   3.41491688]","[ 3.62783538e-10 -1.04150791e-18  2.66886403e-18 -7.22546114e-18
  1.56226187e-18 -2.11556295e-18  2.57122266e-18  5.56555791e-18
  1.95282734e-19  3.28725935e-18 -4.91461546e-18 -2.92924100e-19
 -3.38490072e-18 -4.91461546e-18  1.95282734e-18 -4.94716259e-18
  2.11556295e-18  4.13348453e-18  6.08631186e-18 -1.59480899e-18]","[10.05451925  6.71613857  7.84484762  6.58649553  5.46371125  5.35562813
  5.0929679   4.91375823  4.77698241  4.74632287  4.67836436  4.59639123
  4.605515    4.56287456  4.5297879   4.5745398   4.55080067  4.55050938
  4.50122645  4.48433048]"
50.90535637806222,58.237127244222116,23740.940927618023,55.46208254063401,93.45197679320167,87214.37160849615,20.384696690453584,40.21711859934883,23205.237209380375,1586.4036975969946,3379.273376861956,0.9612530301835178,1275.9500342040708,3.006414925051106,1.6393596310755,23.06177159947368,129.16953365422145,-31.52576570055556,156.60164578828423,52.103858130749664,59.24651247840228,24571.04468597434,53.52118898079552,89.24684411621948,79270.47236560205,21.63103875094778,42.23369410936207,25468.78921201045,2031.758577820615,3672.9259489468454,1.1760865805896639,1106.6130203233158,2.1490434305868464,1.6393596310755,22.60626138263158,128.47906787042825,-31.250881123888902,158.95155105195732,51.06391477647313,60.691946252587655,25784.586379488923,53.78947803236539,90.60226428953915,81317.04947085102,21.995252630488576,42.63574734907325,25907.034177936635,2005.2581939902989,3767.498791992806,1.0832749895806744,793.4122737234248,1.643263400495098,1.6393596310755,22.605316,127.6136709082655,-31.053452300000004,158.66541126996552,50.48957223799081,61.16200837032379,26185.538875240905,59.758579988444474,95.96561975717226,90615.4584668467,21.717885376299883,42.801792084193174,26106.80311808301,1916.9671889762405,3744.283297043846,1.0836644881706798,636.8146033963533,1.8751911815215172,1.224744871391589,22.720803226315798,127.01524306553985,-30.903136983333336,158.13461270334284,50.35065506012473,61.06465114502899,26102.241336248633,60.069139204443246,97.48642379593683,93687.61292971697,21.533892800003624,41.916245419127534,25097.5024979802,1456.7481299415304,3179.5052281492885,0.957256610218016,654.421279471856,1.7344951248934668,1.224744871391589,22.90351257894737,127.32363695193028,-30.978726688888887,157.10485798346565,54.38163964734264,63.547619007535836,28268.09917068851,56.04723218519047,95.75301855463508,90946.88776261089,21.559028715671726,41.267979881767296,24376.62753218011,1766.8241336859307,3257.8935317276478,1.1065012482423913,712.3581811919038,1.6041230653188594,0.9428090415820634,23.117736605263165,127.72471217381107,-31.35477417777778,156.53064770575475,55.33396997404903,64.97856005091661,29555.492864034037,58.87964444447839,98.28132626572335,95553.64541406864,20.645343736414823,40.36094619763371,23359.154406443493,1729.3015794439314,3204.571986224628,1.1085963413890725,712.7159829785405,1.7658548688613638,1.224744871391589,23.320852473684212,127.85618410710113,-31.683103944444454,155.33312283530296,54.787555017742235,64.97707224161519,29554.13941964455,59.810352031621434,97.07198389410378,92905.24000635628,19.75584840340739,39.95284244049645,22917.34897856189,1455.0542566278395,2905.0207607926277,0.9951599819795119,721.0529806893568,1.7208426478562076,0.9428090415820634,23.327673578947373,127.88057490668986,-31.693630388888884,155.17269390207989,56.23864213612586,66.26935580537547,30741.39263201616,59.52812761973778,97.12975166445881,92989.66293389842,20.314460697007846,40.11720578442993,23068.495803924976,1789.5684166214864,3201.394139860114,1.0743558897599033,647.108237310179,1.5059841526144753,0.9428090415820634,23.518636842105266,127.609776309508,-31.414471666666675,155.21131131514082,54.090793785305515,64.57932699378635,29193.42632479268,60.4908728334545,98.24728748051925,95060.32840054842,21.27708031271885,40.79529182123596,23788.902066392737,1963.279093060888,3608.943014648782,1.1289225166102679,662.6460012849612,1.713069677054336,0.9428090415820634,23.271036157894745,127.50658399454382,-31.46631094444446,155.79203623830884,57.97296380220257,66.79530825377743,31231.292433020037,55.57901047574715,93.9263761212602,87480.22271730966,19.772411652967403,39.61001507386554,22551.611442651738,1939.192833174548,3361.090248897782,1.1381906317564694,873.0477290520054,1.8752254743932522,0.9428090415820634,23.546870242105268,128.30715271118842,-31.625549633333335,155.34762663170162,57.31358578928968,66.2224798972976,30697.917906235896,54.5853435694187,93.50933756900405,86805.70208040535,19.92951714980292,39.238737156412284,22183.89315599703,1720.0319106865973,2975.481496366392,1.1066633754256616,907.7713344750331,1.5227867893253881,1.224744871391589,23.6615457,128.43608753370572,-31.421921350000005,155.06716031221163,54.80809943085847,65.18382564255855,29742.51787779632,56.28949641343093,97.72909975899589,94779.11171738485,19.173216476124875,38.924731313044795,21790.625523382958,1345.6586383225908,2534.916856966865,0.9760824003307808,766.1553303571951,1.9103271147331047,0.9428090415820634,23.787539389473682,128.08852315638254,-31.428175338888877,153.89350692130483,"[-279.36265134  197.77292672  -37.2988639     7.47793051   47.96851672
   -3.62120155  -12.00456571    2.4402817    -7.92082695   -9.45019243
   -3.28696334   -3.75754961   -6.8015666    -5.98360673   -6.36002471
   -6.20499149   -8.34087891   -4.39754294   -3.61245266   -7.79078286]","[48.45441554 31.23186215 19.76608274 15.51364766 21.74504963 12.67621312
 11.4384185  11.27899837  9.22884824  9.46837378 10.4156293   9.97843244
  9.50230238  9.01085447  7.72113527  7.69648814  7.96100646  7.65638377
  6.87168708  8.29944465]","[-1.0163725  -1.07156295  0.0800657   0.48262201 -0.75636548 -0.28006341
  0.20231405 -0.61743707 -0.10824863 -0.2121925  -0.15873691  0.46926741
  0.26334116  0.42121966  0.097253    0.24691507  0.27106569  0.3279975
 -0.12691176 -0.91662124]","[ 2.98629859  1.23031454  1.09032026  1.50716246  0.36877643 -0.21665564
 -0.11780989  1.05819642 -0.01966445  0.21620311  0.74522084  0.05706063
 -0.06117122  0.42267737  0.33959873  0.28602206  0.28647656  0.43162964
  0.33658172  2.30883338]","[-5.19404356e-03 -4.70564579e-03 -4.52010696e-04  6.19800651e-04
 -3.89151101e-04 -3.65520462e-04  3.77006549e-04  3.54268679e-04
  1.30897962e-05  8.56895985e-05  1.69840901e-04  3.15541699e-05
  5.49407301e-05  2.49194078e-04  2.61006363e-04  7.96217524e-05
 -1.10852674e-04 -2.83230584e-04 -3.14999186e-04 -5.08837351e-06]","[10.61311659  6.54884982  6.49765941  4.90365798  4.36357582  4.45939659
  3.96110431  3.74592489  3.8195059   3.69640024  3.63607292  3.55234999
  3.54710313  3.47619616  3.40847269  3.35562324  3.34367338  3.27866017
  3.24939341  3.26571292]","[-5.90290741e-03 -5.15949990e-03 -2.03646947e-04  8.28185579e-04
 -2.52775918e-04 -6.57056854e-05  2.15405899e-04 -5.34005309e-04
 -5.79844727e-04  3.26915895e-04  5.04362756e-04  1.76660369e-04
  4.70817246e-04  7.31256753e-04  4.22607635e-04  3.77569562e-04
  5.34934664e-04  1.06165686e-04 -2.84465004e-04  9.78673999e-05]","[10.01805082  6.78900008  7.20992466  5.84199357  5.33138125  5.43084616
  4.93967743  4.90216102  4.98508148  4.82528621  4.76045135  4.64632923
  4.66589274  4.59411918  4.54305796  4.51099774  4.49654373  4.46571877
  4.42881053  4.46079023]"
25.860496966720124,31.224765422922914,6824.901830015936,40.337292444742324,60.735866303697335,37782.283891329855,25.360122106523537,49.49848989090048,34906.303416770665,7616.867479921628,5444.244976974578,2.0108774183326097,2193.4137232560847,4.577854955109531,1.0897247358851685,18.633589331578946,130.52405059132207,-30.0653902611111,173.35980727792423,29.309739849427075,32.127625478868204,7225.290232372948,37.92002770734543,57.83312234746841,34378.47458465072,25.498845261931123,50.64698351453295,36520.18319271168,8608.12857889686,5648.020265685149,1.9684395537505393,1898.2114855637528,2.6574663378390437,1.0897247358851685,18.404647536842106,128.72907731357256,-29.287618972222234,174.15290787802417,34.18801358777533,36.319936605960336,9233.964565426842,36.20918754463886,55.75630834756642,31973.243418144546,25.58839730090821,51.02307001330042,37018.84735805881,7478.371548887521,6154.484670654324,1.9632327061028405,1727.4466772685307,1.404593402584975,0.4898979485566356,18.66727107368421,128.54086311308876,-29.067431727777773,174.67082612059124,32.251277493443794,35.076920718474,8612.732569630773,37.9427088168335,59.17473772140169,35906.65003127915,24.33815620472496,50.109882483262226,35756.92159253975,5975.63485764112,6923.751621342781,1.6673060670966056,1684.6160816205547,1.7078205920921041,0.4898979485566356,18.809263710526313,128.92596622273723,-29.405954194444444,173.50353708770317,30.470828890681837,34.43317615527199,8299.505340979938,40.04624996061452,61.87653482185567,39122.7219954294,23.985250983271495,48.98173419615221,34198.60720108414,5538.650112168588,6939.49815899405,1.5276440499322121,1757.7440117659908,1.9283228239615937,0.4898979485566356,18.914446894736844,129.6206694426988,-30.10756813888888,172.15435756316117,30.453174923162408,34.355013123658324,8261.868487087153,42.26771999548099,64.46530443164646,42224.41788145586,23.995626611306303,49.645059761306904,35103.468939438884,5346.872728930156,6280.700864910054,1.6541993444366634,1646.8672859778217,1.8820783608523566,0.4898979485566356,19.005343842105262,129.2868225658964,-29.72435688888889,172.7426862926826,27.751831082807453,32.824832402901976,7542.287355950224,38.940869602549576,61.28373761534366,38334.98538627937,24.45065121003511,50.67500214936203,36536.00727492589,5255.86725166668,6940.670684783127,1.5233206808915671,1567.2435355023263,2.1135710485420183,1.0897247358851685,18.4723295,128.67097196251606,-29.319459027777782,174.0102753928439,26.629393263545087,32.13746807115663,7229.717978172286,38.1105269533589,59.89268890893149,36627.55122668141,24.530791207002213,51.28506041982432,37389.41419183064,5439.33148199482,6443.033263972136,1.7028899521869418,1664.1622098907087,1.8547717782296604,0.9797958971132712,18.32575621052631,129.11909195993053,-29.290369444444437,175.17918001425977,27.43251542474999,33.17565031813245,7704.366418217011,40.79118988048524,63.19176060074388,40736.60963467814,24.146841464217736,50.3521165919397,36039.42820069251,5622.614324217158,6014.21910435378,1.7642443568471917,1742.926014498171,2.5137660980221805,1.0897247358851685,18.762137299999996,129.92321088898265,-29.788525905555545,174.0380638874084,28.40580613663185,34.08716194337351,8133.542265476398,41.52075512739789,63.237890921913134,40611.85125736187,24.732601822558266,50.52236484062299,36199.133054592865,4633.983178249862,5574.915380838915,1.6392999130460921,1781.4422449540643,1.9255866184685657,1.019803902718557,18.763079052631575,130.70844534728764,-30.26686038888889,174.64023060728098,28.273188513507428,34.328330057555995,8249.039711783516,43.36148448845289,65.73514498996288,43718.00510065306,24.47616839398679,50.809332196439726,36605.96108205195,4389.201939540582,5198.405939673144,1.5637625934963937,1669.2123785374624,2.264373408116174,0.9428090415820634,18.98159692105263,130.60718236832076,-29.953725694444454,174.83694606323164,29.03398093276268,34.86227654714717,8507.648282348373,46.56145650087526,70.88690319420535,50729.296651991564,23.955089055905514,50.45339351532884,36117.66855454812,4115.128808693654,4735.397990285694,1.5590992171244265,1676.2370515690038,2.556202742956992,0.9428090415820634,19.329798315789475,130.8683108911369,-29.845437222222227,174.20558675634592,29.07432678091907,34.93164915229186,8541.540787491685,47.196505823290025,71.94488198927525,52383.215811990274,24.083134303599177,49.82607987339918,35250.9860574916,4100.188238109548,5231.367101407003,1.4354416514810364,1660.9843375605362,2.7627141208579173,1.247219128924647,19.45276542105263,130.65380045191873,-29.877471444444446,173.15574885323724,"[-237.880121    203.80668375  -74.85299577   24.09050458   30.59169745
  -22.64782813   -0.71879969   -8.38333953   -9.67184863   -5.20557842
  -14.63110083   -7.53793655   -7.57814999  -10.79508014   -6.35814771
   -9.74617901   -8.46495056   -3.82212594   -6.61019996   -7.96079664]","[35.4034539  16.7587083  21.95070162 16.22820592 13.48716078  9.45121722
 10.80479505  9.16264118  9.04562209  8.75110406  8.38484878  8.7391675
  8.17012048  7.48715208  7.40256495  8.13896192  7.11722934  6.33324648
  6.94974945  7.39944003]","[-1.50749408 -0.69501579  0.9572711  -0.3241914   0.03482967  0.10598918
 -0.01531676  0.07568918  0.10021531 -0.16798956  0.02640511  0.27004558
  0.26246238  0.00298778 -0.03870036  0.36781805  0.12075833 -0.00425001
  0.3996693   0.55189146]","[ 4.377164    1.77332802  1.18933295  0.11088356 -0.38733281  0.13525814
 -0.14819408 -0.31314194  0.18105151  0.0877646   0.33119439 -0.09007484
  0.14935982  0.30932091  0.07398083  0.38838716  0.08502519  0.54973251
  1.18256228  1.49620549]","[-1.28074027e-02 -1.00721143e-02 -6.65337067e-04 -4.02918455e-04
 -1.34361505e-04  7.96815267e-04  3.09164164e-04  6.51612410e-04
  1.60229566e-04 -9.64219045e-05  1.18033737e-03  1.02910778e-03
  7.01513535e-05 -7.78316127e-05 -2.52716026e-04 -6.21299258e-05
  4.53627390e-04  4.28387764e-04  1.93756084e-04 -9.40690002e-05]","[9.22568563 5.085947   6.04212957 5.33946534 4.92193299 4.10163899
 4.19712333 4.01348994 3.74477516 3.79891582 3.64762236 3.56400197
 3.51331975 3.47886664 3.3916893  3.40000447 3.34192336 3.30698376
 3.34627666 3.3122554 ]","[-2.80497610e-03 -1.05310274e-03  1.73537903e-03  2.92278328e-04
 -4.53239273e-04  3.39604808e-04  3.66528685e-04  5.33123832e-04
  7.81015678e-04  3.34219156e-04  3.13396896e-05  3.66145686e-04
  8.34883426e-04  5.61926728e-04  2.97845414e-06  1.29069007e-04
  7.60182478e-05 -4.06587151e-04 -5.31531547e-04 -4.41114652e-04]","[9.4268871  6.2592541  6.7277912  6.3179296  6.19800379 5.3964524
 5.30316692 5.25775297 5.01401077 4.99961037 4.92602771 4.79944311
 4.73445519 4.72853704 4.63403609 4.66309491 4.62497565 4.58324918
 4.5973603  4.56361176]"
73.11790036947393,93.02833566197488,60579.89865225947,94.47701886314235,158.00412947209412,244241.42568196924,11.121589139324293,26.424044300924525,10382.701703626039,735.0,1039.4469683442248,0.6365141682948128,0.0,0.0,0.0,29.76465263157895,126.28072629270893,-31.418244444444447,129.54074041591971,73.11790166238686,93.02833730695563,60579.90079467699,94.47702053373965,158.0041322660145,244241.43431960553,11.121589335982653,26.424044768169747,10382.702070811898,734.9999999999998,1039.4469683442248,0.6365141682948128,0.0,0.0,0.0,29.764653157894738,126.28072852567773,-31.418245,129.54074270653396,73.11790295529981,93.02833895193642,60579.902937094594,94.4770222043369,158.00413505993487,244241.44295724196,11.121589532641021,26.424045235414965,10382.70243799777,735.0,1039.4469683442248,0.6365141682948128,0.0,0.0,0.0,29.764653684210526,126.28073075864648,-31.418245555555554,129.54074499714815,73.1179042482128,93.02834059691723,60579.90507951227,94.47702387493412,158.00413785385516,244241.45159487825,11.121589729299389,26.424045702660187,10382.702805183651,735.0,1039.4469683442248,0.6365141682948128,0.0,0.0,0.0,29.764654210526313,126.28073299161531,-31.41824611111111,129.5407472877624,73.11790554112578,93.02834224189803,60579.907221929956,94.47702554553138,158.0041406477755,244241.4602325149,11.121589925957757,26.42404616990542,10382.703172369542,735.0,1039.4469683442248,0.6365141682948128,0.0,0.0,0.0,29.764654736842107,126.2807352245841,-31.41824666666667,129.54074957837665,73.11790683403876,93.02834388687883,60579.909364347695,94.4770272161286,158.0041434416958,244241.46887015164,11.121590122616128,26.424046637150646,10382.70353955544,735.0,1039.4469683442248,0.6365141682948128,0.0,0.0,0.0,29.764655263157895,126.28073745755287,-31.418247222222224,129.54075186899087,73.11790812695168,93.02834553185957,60579.9115067654,94.47702888672589,158.00414623561622,244241.47750778872,11.121590319274492,26.424047104395857,10382.703906741335,735.0000000000001,1039.4469683442248,0.6365141682948128,0.0,0.0,0.0,29.764655789473682,126.28073969052164,-31.41824777777778,129.54075415960511,73.11790941986469,93.02834717684041,60579.91364918326,94.4770305573231,158.00414902953648,244241.48614542568,11.121590515932853,26.424047571641076,10382.704273927235,735.0,1039.4469683442248,0.6365141682948128,0.0,0.0,0.0,29.764656315789473,126.2807419234904,-31.41824833333333,129.54075645021936,73.11791071277766,93.02834882182117,60579.915791601066,94.47703222792033,158.00415182345677,244241.4947830628,11.121590712591221,26.4240480388863,10382.70464111315,734.9999999999999,1039.4469683442248,0.6365141682948128,0.0,0.0,0.0,29.76465684210526,126.2807441564592,-31.418248888888886,129.54075874083358,73.11791200569071,93.02835046680205,60579.917934019075,94.4770338985176,158.00415461737717,244241.50342070035,11.121590909249587,26.424048506131516,10382.705008299068,734.9999999999998,1039.4469683442248,0.6365141682948128,0.0,0.0,0.0,29.764657368421055,126.28074638942802,-31.418249444444445,129.54076103144786,73.11790166238686,93.02833730695563,60579.90079467699,94.47702053373965,158.0041322660145,244241.43431960553,11.121589335982653,26.424044768169747,10382.702070811898,734.9999999999998,1039.4469683442248,0.6365141682948128,0.0,0.0,0.0,29.764653157894738,126.28072852567773,-31.418245,129.54074270653396,73.11790179167812,93.02833747145368,60579.901008918714,94.47702070079934,158.00413254540652,244241.43518336918,11.121589355648494,26.42404481489427,10382.702107530487,735.0,1039.4469683442248,0.6365141682948128,0.0,0.0,0.0,29.764653210526316,126.28072874897464,-31.418245055555555,129.54074293559535,73.11790192096942,93.02833763595173,60579.901223160436,94.4770208678591,158.00413282479857,244241.43604713285,11.121589375314331,26.424044861618796,10382.702144249077,735.0,1039.4469683442248,0.6365141682948128,0.0,0.0,0.0,29.764653263157896,126.28072897227146,-31.418245111111112,129.5407431646568,"[-2.00644013e+02  1.20834054e+02 -5.81445381e+01  5.60049058e+01
 -4.21178041e+00  8.51651017e+00 -1.06224315e+01  7.82153286e+00
 -2.81848245e+00 -4.55267800e+00 -1.73154335e+00 -4.77790127e+00
 -4.82766979e+00  2.44697529e-02 -4.34683876e+00 -5.18236859e+00
  6.20133790e+00 -3.55592420e+00  1.41016828e+00  6.32512079e+00]","[69.17733541 30.84610294 21.58486193 21.76946041 23.37315036 15.78635722
 16.61362271 11.39602349 11.15149642 11.53997104 10.68290735 10.37511518
 11.93542467 11.09158382 11.45077808 13.94109365 14.14895217 14.64435325
 12.97648597 14.48761327]","[-3.03953858 -1.32808035  0.53028106  0.01281694 -0.01877943  0.27925859
 -0.19363466 -0.07431621 -0.29418165 -0.21218663 -0.06417838 -0.15190388
 -0.2348263   0.15978696  0.57405075  0.68532625  0.56074825  0.24399111
  0.37369617 -0.20083913]","[ 1.36998152e+01  3.20749652e+00  4.26652518e-01  2.08519952e-01
 -4.18770960e-01  2.57494703e-02 -3.71434145e-01  2.11149393e-02
  2.55817817e-01  7.53436297e-02  2.05256385e-01  9.33063019e-03
  5.56748704e-01  9.79796348e-01  1.20182555e+00  3.61671637e-01
  1.29543448e-01 -1.55434479e-01  5.00843516e-02  1.65828646e-01]","[-1.83942870e-09 -3.07527693e-18 -1.92204808e-18  1.53763847e-18
 -6.91937310e-18  7.30378272e-18  5.76614425e-19  2.11425289e-18
  9.22583080e-18 -4.99732502e-18 -3.74799376e-18 -3.17137934e-18
 -4.61291540e-18 -6.15055387e-18 -4.03630098e-18 -1.01868548e-17
  2.49866251e-18 -3.26748174e-18  1.63374087e-18  8.84142119e-18]","[17.44278936 10.0875328   5.7534738   5.848355    7.64280584  6.49568338
  5.0893578   4.57025167  4.52715098  4.48740884  4.61227051  4.4727653
  4.38122192  4.19096926  3.99961811  4.20622123  4.57515452  4.09002344
  4.03108694  4.12895941]","[ 5.35627331e-10 -6.15088664e-18 -5.76645622e-18 -3.84430415e-19
  8.36136152e-18 -9.03411475e-18 -1.08121054e-17 -3.36376613e-19
 -4.32484217e-18  4.08457316e-18 -7.68860830e-19  3.36376613e-18
  8.64968433e-19 -6.19894044e-18 -4.99759539e-18 -1.14848586e-17
 -8.40941532e-18 -6.58337085e-18  5.95867143e-18 -1.24939885e-18]","[16.38705962 10.29871022  6.37109703  6.3479935   7.4700143   6.64563445
  5.90868185  5.47664811  5.49457487  5.31459344  5.51337102  5.41268028
  5.34690668  5.05974865  4.86476218  5.07657659  5.45598598  4.9400723
  4.81969746  4.92549124]"
62.765740149521704,79.85722118929617,44640.23043253321,81.10079728904721,135.6336284669521,179977.08425031992,9.546975096949076,22.682881892266398,7650.824891976515,734.9999999999999,1039.4469683442248,0.6365141682948128,0.0,0.0,0.0,25.55052105263158,108.4016801949926,-26.969994444444445,111.20013581676592,62.76574144243461,79.85722283427688,44640.23227162348,81.10079895964445,135.6336312608724,179977.0916650244,9.546975293607442,22.682882359511616,7650.825207175564,734.9999999999999,1039.4469683442248,0.6365141682948128,0.0,0.0,0.0,25.550521578947368,108.40168242796138,-26.969994999999997,111.20013810738018,62.76574273534762,79.85722447925771,44640.23411071391,81.10080063024172,135.6336340547928,179977.09907972923,9.54697549026581,22.682882826756845,7650.825522374622,735.0,1039.4469683442248,0.6365141682948128,0.0,0.0,0.0,25.55052210526316,108.40168466093017,-26.969995555555556,111.20014039799442,62.76574402826061,79.85722612423854,44640.23594980436,81.10080230083896,135.6336368487131,179977.10649443395,9.546975686924178,22.682883294002067,7650.825837573686,735.0,1039.4469683442248,0.6365141682948128,0.0,0.0,0.0,25.550522631578946,108.40168689389895,-26.96999611111111,111.20014268860864,62.765745321173604,79.85722776921935,44640.23778889485,81.1008039714362,135.63363964263345,179977.113909139,9.546975883582544,22.68288376124729,7650.826152772755,735.0,1039.4469683442248,0.6365141682948128,0.0,0.0,0.0,25.550523157894737,108.40168912686772,-26.969996666666667,111.2001449792229,62.76574661408654,79.85722941420012,44640.23962798532,81.10080564203346,135.63364243655374,179977.1213238441,9.546976080240908,22.682884228492508,7650.82646797183,734.9999999999998,1039.4469683442248,0.6365141682948128,0.0,0.0,0.0,25.550523684210525,108.4016913598365,-26.969997222222222,111.20014726983713,62.76574790699948,79.8572310591809,44640.241467075844,81.10080731263069,135.63364523047412,179977.12873854945,9.546976276899274,22.682884695737727,7650.826783170912,735.0,1039.4469683442248,0.6365141682948129,0.0,0.0,0.0,25.550524210526316,108.4016935928053,-26.969997777777778,111.20014956045135,62.765749199912484,79.8572327041617,44640.243306166434,81.10080898322794,135.6336480243944,179977.13615325486,9.54697647355764,22.682885162982956,7650.82709837,735.0,1039.4469683442248,0.6365141682948128,0.0,0.0,0.0,25.550524736842107,108.40169582577407,-26.969998333333333,111.2001518510656,62.765750492825426,79.85723434914244,44640.245145256995,81.1008106538252,135.63365081831475,179977.14356796048,9.54697667021601,22.68288563022818,7650.827413569099,735.0,1039.4469683442248,0.6365141682948128,0.0,0.0,0.0,25.550525263157894,108.40169805874285,-26.969998888888888,111.20015414167983,62.76575178573843,79.8572359941233,44640.246984347716,81.10081232442246,135.63365361223512,179977.15098266632,9.546976866874378,22.682886097473403,7650.827728768203,734.9999999999997,1039.4469683442248,0.6365141682948127,0.0,0.0,0.0,25.550525789473685,108.40170029171163,-26.969999444444444,111.20015643229407,62.61495399644756,79.81423386266772,44592.18348959231,81.16656215028739,135.74104469971837,180263.88018695562,9.555408787038733,22.702215439449837,7663.873334741442,735.4850357376205,1039.619721509702,0.6366702944834393,38.061596889856716,0.0,0.0,25.556597684210526,108.49762585662627,-26.994543761111114,111.29502557207529,62.43337208317344,79.75628206389881,44527.4517005933,81.23302140855252,135.84915781495633,180553.033149404,9.564028090116018,22.72189031419126,7677.163778959923,736.0548130069092,1039.825785632809,0.6368609069077065,76.85693075459227,0.0,0.0,25.560603763157896,108.59575701067955,-27.019722455555556,111.39161744830088,62.491068916247,79.77440508201703,44547.689943328216,81.21129968473673,135.81384623554737,180458.56071673153,9.561219269814451,22.715466813324877,7672.823516738778,735.8740924713792,1039.7600330250825,0.6367996191469336,64.18361797348204,0.0,0.0,25.55918354210526,108.56374554087019,-27.011525916666667,111.36007608742179,"[-106.73441043  137.28057456  -23.79246574   40.38530866  -21.11085187
   21.40677542  -10.60172301    9.83677341   -7.10045633    3.19767766
   -2.63156782    2.51643183   -0.88304105   -0.77239468    1.23127256
   -2.58787114    1.96820518   -1.15542118    1.32074742   -2.30547458]","[76.4365297  28.43544185 30.81869209 23.72118143 16.03967542 15.29628707
 13.28980755 13.12677575 11.5512419  10.56938818  9.0219261   9.05711861
  8.94957726  8.39638695  8.22667572  7.49028935  7.65325178  7.2995793
  7.18910106  6.81669606]","[-1.41481645 -0.61567456  0.16416581 -0.13678399  0.20094265 -0.59859967
 -0.06876003 -0.15761503 -0.10836954 -0.1302543  -0.16042833 -0.02248232
 -0.17094136 -0.12481906 -0.02513393 -0.14123321 -0.03564197 -0.12653095
 -0.12125685  0.03804235]","[ 3.75471466  2.07273941  0.17281771  0.54800984  0.03017462  0.42958698
 -0.13050324 -0.14022055 -0.27581606 -0.16137399  0.18046714  0.06470462
  0.17418677  0.3134266  -0.018453    0.23945506 -0.02757952  0.236526
  0.14699186  0.35231019]","[-7.13984361e-10 -9.22393452e-19 -5.53436071e-18 -2.30598363e-19
 -3.57427463e-18  1.15299181e-19  5.41906153e-18  3.34367626e-18
 -7.66739557e-18 -3.22837708e-18 -2.19068445e-18 -5.47671112e-19
 -2.42128281e-18 -5.76495907e-20 -1.38359018e-18  5.13081358e-18
  3.63192422e-18 -6.86030130e-18  2.30598363e-18  2.30598363e-19]","[21.66906357  9.83074597 10.23021695  6.97619739  6.23313348  5.24526048
  5.53384815  5.37291919  5.20814742  4.89253404  4.63334641  4.57409547
  4.59108352  4.39361948  4.23760929  4.18461821  4.21353834  4.17108167
  4.0048209   3.99425824]","[ 2.92093992e-10  1.72954385e-18 -1.96014970e-18 -3.92029940e-18
 -2.10427835e-18 -1.72954385e-18 -8.07120464e-19 -1.44993426e-17
 -2.63034794e-18  6.22635787e-18 -6.02457775e-18 -1.04060888e-17
 -8.90715084e-18  1.05790432e-17  3.66086782e-18  5.39041167e-18
  4.03560232e-19 -4.95802571e-18 -5.76514617e-20 -1.85925964e-18]","[21.05899436 10.38766247 11.40906935  7.60624743  7.24463152  6.14708893
  6.5693802   6.21825458  6.26107568  5.94737344  5.76448671  5.73455563
  5.81128844  5.57725759  5.40683356  5.37008522  5.49366184  5.44223872
  5.23644194  5.28480463]"
76.7577826608047,97.65937935793643,66761.48063604138,99.18017945938463,165.86973324239497,269163.85754926933,11.67523298242053,27.739459683891813,11442.154149437007,734.9999999999997,1039.4469683442248,0.6365141682948127,0.0,0.0,0.0,31.246366842105264,132.56710728897073,-32.98227611111111,135.98940817939723,76.75778279009602,97.65937952243455,66761.48086094834,99.18017962644434,165.869733521787,269163.858456032,11.675233002086363,27.73945973061632,11442.154187983473,735.0,1039.4469683442248,0.6365141682948128,0.0,0.0,0.0,31.24636689473684,132.5671075122676,-32.982276166666665,135.98940840845864,76.75778291938732,97.65937968693265,66761.48108585532,99.1801797935041,165.86973380117905,269163.8593627947,11.675233021752199,27.739459777340848,11442.15422652995,735.0,1039.4469683442248,0.6365141682948128,0.0,0.0,0.0,31.246366947368422,132.56710773556446,-32.982276222222225,135.98940863752006,76.7577830486786,97.65937985143067,66761.48131076217,99.1801799605638,165.86973408057105,269163.8602695573,11.675233041418037,27.73945982406537,11442.154265076424,735.0,1039.4469683442248,0.6365141682948128,0.0,0.0,0.0,31.246367,132.56710795886136,-32.98227627777778,135.98940886658147,76.75031309613904,97.65617136740715,66757.09464298275,99.17798068093609,165.866547305263,269153.32565457333,11.683225608948183,27.731606047140822,11435.898639456522,735.0094026768799,1039.521510172802,0.6365225744854832,0.36280141915137054,0.9060608277007318,0.5,31.24456014952631,132.55650977970993,-32.98009302566666,135.96983604579236,74.06849179651788,95.8349168438746,64290.319005306505,97.29260653743566,162.67444832094876,258721.8905688527,13.604317267333073,17.7635476782916,5634.911649520365,2296.156213781533,5210.8099399659495,0.9909960514254605,756.3310494112602,1.1099193128074507,0.7637626158259734,29.731042105263153,121.42307974850388,-30.10373536111111,116.63277349912828,73.84935286621952,95.48726521668723,63824.724729933776,96.97791770716825,162.10827200163519,256887.83348757302,13.804369551549144,16.6524070425196,5201.298732701216,2829.8155820587754,5931.997366978934,1.0761037916302512,907.4134545615651,1.1413069633175952,0.7453559924999298,29.425156052631582,119.83801373254093,-29.691648755555555,114.59610558632785,75.17599524381704,96.75331424797498,65528.4267257718,98.360395386358,164.48534137752722,264611.8545487147,12.412029460180444,23.03067101922765,8430.072938079602,1161.160886108159,2930.415464698332,0.7634459539144746,280.5191507035688,1.1124724318262642,0.4714045207910317,30.515341515789476,127.52084771313653,-31.980363161111104,126.65729396993758,76.75778317796987,97.65938001592872,66761.48153566905,99.18018012762354,165.8697343599631,269163.86117631994,11.67523306108388,27.7394598707899,11442.154303622907,734.9999999999999,1039.4469683442248,0.6365141682948128,0.0,0.0,0.0,31.24636705263158,132.5671081821582,-32.98227633333333,135.9894090956429,76.7577833072612,97.65938018042685,66761.48176057605,99.18018029468327,165.86973463935516,269163.86208308267,11.675233080749715,27.73945991751442,11442.154342169379,735.0,1039.4469683442248,0.6365141682948128,0.0,0.0,0.0,31.246367105263158,132.5671084054551,-32.98227638888889,135.98940932470433,76.72955731474897,97.65039296310141,66749.19472093688,99.19077647788859,165.8870178282152,269220.3011962061,11.676606874836967,27.74259297950297,11444.739448372482,735.0724243768568,1039.4726013255433,0.636537034480323,7.53904842870449,0.0,0.0,31.247066076842106,132.5827221438935,-32.98629049111112,136.0047848579892,76.68937289905746,97.6463091652946,66743.61185523008,99.22091684745685,165.93666670684905,269382.0739829056,11.680374926986948,27.75131789529234,11451.939326593903,735.1995464368443,1039.5177219521033,0.6365775588466813,28.548723382728515,0.0,0.0,31.251960878947365,132.62553686968786,-32.997169818888885,136.04758509118255,76.71251422207513,97.6584501799729,66760.21024087975,99.22061734478504,165.9364489819641,269381.14521780884,11.680259002812791,27.751125447275804,11451.780596994848,735.1529109504264,1039.501149685386,0.6365626376101348,28.09274194751994,0.0,0.0,31.25356061052632,132.624206053304,-32.99675630888889,136.0466315453906,"[-215.17831543  125.61695728  -14.46386489   37.95793346  -12.55461547
   19.03206843  -20.40972509   21.19075515   -7.09300271    4.19929778
    3.12336638    7.6922381   -14.13155928    2.73563271   -8.10887336
   -5.81183813   -2.10518994   -2.31575328   -6.03078567   -0.54871266]","[97.28296773 31.19924846 23.12302981 14.47789315 19.09875931 10.43882327
 18.54130468 13.72223596 11.29776606 10.29850458 10.15918993 13.42143047
  8.57682285  8.38756581  7.69538942  8.54524942  9.08523942  9.50731361
  9.42686616  8.29884044]","[-1.84427152 -1.32353669  0.09710205  0.17478326  0.07789112  0.08126222
 -0.14144968  0.1410365   0.21090452  0.20474293 -0.09186217  0.01227165
 -0.06613263  0.25012707 -0.18972537 -0.22037683 -0.55506973 -0.88293759
 -0.0749825   0.15650332]","[ 4.34823099  3.11603601  0.54878936  0.59413244 -0.44818345 -0.46533521
 -0.52375821 -0.33524484 -0.42503028  0.26087866  0.20071568 -0.48299415
 -0.07503017  0.20596276  0.12935328  0.78788833  1.46455079  1.58017642
  0.24832922  0.23575215]","[5.92413263e-05 8.37479578e-05 8.36466249e-05 8.34776076e-05
 8.32414207e-05 8.29382795e-05 8.25686320e-05 8.21326482e-05
 8.16315711e-05 8.10647892e-05 8.04342172e-05 7.97400088e-05
 7.89832740e-05 7.81649473e-05 7.72860606e-05 7.63474747e-05
 7.53513065e-05 7.42966985e-05 7.31870169e-05 7.20228151e-05]","[8.30716539 5.54173909 4.07171553 3.78427389 3.89208254 3.53122924
 3.82552242 3.5804797  3.56134145 3.7225961  3.64429744 3.56040249
 3.46827926 3.53722838 3.38098827 3.39158342 3.38272455 3.41575146
 3.41726352 3.37224267]","[-6.56241353e-05 -9.27690678e-05 -9.26479346e-05 -9.24466180e-05
 -9.21650752e-05 -9.18033655e-05 -9.13622378e-05 -9.08425870e-05
 -9.02441254e-05 -8.95691336e-05 -8.88169814e-05 -8.79895026e-05
 -8.70874426e-05 -8.61117009e-05 -8.50637707e-05 -8.39452509e-05
 -8.27563632e-05 -8.15011387e-05 -8.01786483e-05 -7.87917426e-05]","[7.46658483 6.01094536 4.80882    4.60585532 4.77881435 4.57617591
 4.6777685  4.58592033 4.55462274 4.72599636 4.64939199 4.61628952
 4.53585895 4.54950559 4.43952192 4.44886734 4.40856605 4.4461442
 4.45863885 4.40487995]"
70.61195059128204,89.84000098688603,56498.580441265774,91.23903386537887,152.58889720744747,227786.6774784956,10.740421960069966,25.51842026604072,9683.2104452209,735.0,1039.4469683442248,0.6365141682948128,0.0,0.0,0.0,28.744536842105266,121.95274153871506,-30.341455555555555,125.10102609053935,70.611951884195,89.84000263186681,56498.582510256834,91.23903553597613,152.58890000136776,227786.68582009635,10.740422156728332,25.51842073328595,9683.21079982231,735.0000000000001,1039.4469683442248,0.6365141682948128,0.0,0.0,0.0,28.744537368421053,121.95274377168383,-30.34145611111111,125.10102838115355,70.61195317710795,89.84000427684757,56498.584579247916,91.23903720657334,152.5889027952881,227786.6941616973,10.740422353386702,25.518421200531172,9683.211154423721,735.0,1039.4469683442248,0.6365141682948128,0.0,0.0,0.0,28.74453789473684,121.95274600465265,-30.341456666666666,125.10103067176782,70.61195447002093,89.84000592182836,56498.586648239085,91.23903887717059,152.58890558920842,227786.70250329835,10.740422550045064,25.518421667776387,9683.211509025135,734.9999999999999,1039.4469683442248,0.6365141682948128,0.0,0.0,0.0,28.744538421052628,121.9527482376214,-30.341457222222218,125.10103296238205,70.61195576293389,89.84000756680916,56498.5887172303,91.23904054776789,152.58890838312882,227786.71084489988,10.740422746703434,25.51842213502161,9683.21186362657,735.0000000000001,1039.446968344225,0.6365141682948128,0.0,0.0,0.0,28.744538947368422,121.95275047059022,-30.34145777777778,125.10103525299627,70.61195705584684,89.84000921178993,56498.5907862215,91.23904221836513,152.58891117704914,227786.71918650134,10.7404229433618,25.51842260226684,9683.212218227998,735.0,1039.446968344225,0.6365141682948128,0.0,0.0,0.0,28.74453947368421,121.95275270355901,-30.341458333333335,125.10103754361053,70.61195834875986,89.84001085677077,56498.59285521284,91.23904388896234,152.58891397096943,227786.72752810275,10.740423140020168,25.51842306951206,9683.212572829438,735.0,1039.4469683442248,0.6365141682948128,0.0,0.0,0.0,28.74454,121.95275493652777,-30.341458888888887,125.10103983422476,70.61195964167277,89.8400125017515,56498.59492420406,91.2390455595596,152.58891676488977,227786.73586970445,10.740423336678536,25.51842353675728,9683.212927430883,735.0,1039.446968344225,0.6365141682948128,0.0,0.0,0.0,28.744540526315788,121.95275716949655,-30.341459444444443,125.10104212483895,70.61196093458582,89.84001414673239,56498.596993195526,91.23904723015686,152.5889195588101,227786.74421130645,10.740423533336898,25.5184240040025,9683.213282032335,734.9999999999998,1039.4469683442248,0.6365141682948127,0.0,0.0,0.0,28.744541052631583,121.95275940246536,-30.34146,125.10104441545326,70.61196222749872,89.8400157917131,56498.59906218681,91.23904890075409,152.5889223527304,227786.75255290838,10.740423729995266,25.51842447124773,9683.213636633795,734.9999999999998,1039.4469683442248,0.6365141682948128,0.0,0.0,0.0,28.74454157894737,121.9527616354341,-30.341460555555557,125.10104670606749,70.611951884195,89.84000263186681,56498.582510256834,91.23903553597613,152.58890000136776,227786.68582009635,10.740422156728332,25.51842073328595,9683.21079982231,735.0000000000001,1039.4469683442248,0.6365141682948128,0.0,0.0,0.0,28.744537368421053,121.95274377168383,-30.34145611111111,125.10102838115355,70.61195201348625,89.84000279636481,56498.58271715587,91.23903570303585,152.58890028075982,227786.68665425645,10.740422176394171,25.51842078001047,9683.210835282449,735.0,1039.4469683442248,0.6365141682948128,0.0,0.0,0.0,28.74453742105263,121.95274399498072,-30.341456166666667,125.10102861021495,70.6119521427776,89.84000296086298,56498.582924055074,91.23903587009556,152.58890056015184,227786.68748841656,10.740422196060004,25.518420826734985,9683.210870742589,735.0,1039.4469683442248,0.6365141682948128,0.0,0.0,0.0,28.74453747368421,121.95274421827762,-30.34145622222222,125.10102883927641,"[-210.83205223  127.37672756  -31.1330377    38.87615907   -3.97888773
   14.18156197   -8.18780773    4.35230108  -10.57137369   -0.95643153
   -9.0040424    -0.67094203   -2.87618979   -2.74715269    0.48920349
   -3.93752213   -5.97374873    1.24357376    1.0148715    -8.37368857]","[77.61073754 41.58365862 20.80465265 16.84354989 18.84969569 19.70005414
 13.52214148 12.49865028 12.6655315  13.36245825  9.8719242  10.6458782
 10.05898033 10.87714767  9.72779139  8.86174517 10.32334149  9.17885668
  8.89388516  9.32936864]","[-1.7370339  -1.19029656 -0.03442166  0.02172821 -0.2574783   0.37538889
 -0.27216666  0.23577768 -0.13166428 -0.03166037 -0.11903643  0.08898504
 -0.02127974  0.00481764  0.15605236  0.19739868  0.36522673  0.36867902
  0.31833884  0.20806221]","[ 5.60118113  1.00367766 -0.09346816  0.23465761  0.02730002 -0.54579619
 -0.1552712  -0.11315379  0.1206156   0.17037554  0.23962384 -0.18597177
  0.03821915  0.39898816  0.41226485  0.31701535  0.4068736   0.940742
  0.55194431  0.56708526]","[-1.67833280e-09  7.91250263e-18 -1.05971017e-18 -3.53236724e-18
 -6.07567166e-18 -2.26071504e-18 -1.69553628e-18  1.13035752e-18
 -3.70898561e-18 -5.51049290e-18 -5.01596149e-18  4.83934312e-18
  4.66272476e-18  2.82589379e-19  8.19509200e-18  8.47768138e-19
 -6.14631900e-18 -6.88811612e-18  2.75524645e-18  6.88811612e-18]","[19.768779   14.47316723  6.13067802  6.11084751  7.17360074  7.39240597
  5.64800241  5.18073401  5.76874272  4.88573814  4.34978139  4.29098771
  4.34429962  4.0994634   3.70895662  3.65069278  3.81939887  3.50082093
  3.55009603  3.56617764]","[ 3.93747749e-10 -1.76625387e-18 -2.47275541e-18  3.53250773e-18
 -6.18188854e-19 -4.66291021e-18  8.53983745e-18  6.60578946e-18
  4.02705882e-18  6.84423374e-19 -3.92108359e-18  3.28523219e-18
  4.62758513e-18 -9.07854488e-18 -2.33145510e-18 -4.59226005e-18
 -6.97670278e-18  5.06914860e-18 -1.17632508e-17  5.40473683e-18]","[17.9556918  13.64220366  6.83810307  6.54656493  7.57834103  7.84314409
  6.81740539  6.05976409  6.78604646  5.58655235  5.57918736  5.37871845
  5.37703308  5.03346628  4.66570591  4.65090308  4.79615102  4.46288111
  4.50544292  4.56942741]"
67.56485855374216,85.96316782525527,51727.66355787102,87.30182874250629,146.0042835577121,208551.65782124444,10.276944404779384,24.417233079563996,8865.529862138044,735.0,1039.4469683442248,0.6365141682948128,0.0,0.0,0.0,27.504134210526313,116.69015886556839,-29.032141666666664,119.7025866295622,67.56485868303349,85.96316798975339,51727.663755841924,87.301828909566,146.00428383710414,208551.6586194083,10.276944424445215,24.41723312628851,8865.52989606798,734.9999999999999,1039.4469683442248,0.6365141682948128,0.0,0.0,0.0,27.50413426315789,116.69015908886529,-29.03214172222222,119.70258685862362,67.56485881232474,85.96316815425143,51727.66395381275,87.30182907662572,146.00428411649614,208551.6594175721,10.27694444411105,24.417233173013035,8865.52992999792,735.0,1039.4469683442248,0.6365141682948128,0.0,0.0,0.0,27.50413431578947,116.69015931216214,-29.032141777777774,119.70258708768506,67.56485894161612,85.96316831874957,51727.6641517837,87.30182924368546,146.00428439588822,208551.6602157361,10.27694446377689,24.417233219737565,8865.529963927866,735.0000000000001,1039.446968344225,0.6365141682948128,0.0,0.0,0.0,27.504134368421056,116.69015953545907,-29.032141833333338,119.70258731674649,67.56485907090736,85.9631684832476,51727.6643497545,87.3018294107452,146.00428467528027,208551.66101390004,10.276944483442726,24.417233266462084,8865.529997857806,735.0,1039.4469683442248,0.6365141682948128,0.0,0.0,0.0,27.504134421052633,116.69015975875593,-29.03214188888889,119.70258754580794,67.56485920019871,85.96316864774572,51727.664547725406,87.3018295778049,146.00428495467222,208551.66181206368,10.276944503108565,24.41723331318661,8865.530031787754,735.0,1039.4469683442248,0.6365141682948128,0.0,0.0,0.0,27.504134473684214,116.6901599820528,-29.032141944444447,119.70258777486934,67.56485932948998,85.96316881224378,51727.664745696246,87.30182974486465,146.00428523406433,208551.6626102278,10.276944522774404,24.417233359911137,8865.530065717694,734.9999999999995,1039.4469683442248,0.6365141682948128,0.0,0.0,0.0,27.50413452631579,116.6901602053497,-29.032142000000004,119.70258800393076,67.5648594587812,85.96316897674178,51727.66494366703,87.30182991192436,146.00428551345632,208551.66340839153,10.27694454244024,24.41723340663566,8865.530099647638,735.0,1039.4469683442248,0.6365141682948128,0.0,0.0,0.0,27.504134578947372,116.69016042864655,-29.032142055555557,119.7025882329922,67.56485958807255,85.96316914123993,51727.66514163797,87.30183007898411,146.0042857928484,208551.66420655555,10.276944562106074,24.417233453360176,8865.530133577578,735.0000000000002,1039.446968344225,0.6365141682948128,0.0,0.0,0.0,27.50413463157895,116.69016065194343,-29.032142111111114,119.70258846205361,67.56485971736387,85.963169305738,51727.66533960885,87.3018302460438,146.00428607224038,208551.6650047193,10.276944581771907,24.417233500084695,8865.530167507515,735.0000000000001,1039.446968344225,0.6365141682948128,0.0,0.0,0.0,27.504134684210527,116.69016087524032,-29.03214216666667,119.70258869111504,67.56485868303349,85.96316798975339,51727.663755841924,87.301828909566,146.00428383710414,208551.6586194083,10.276944424445215,24.41723312628851,8865.52989606798,734.9999999999999,1039.4469683442248,0.6365141682948128,0.0,0.0,0.0,27.50413426315789,116.69015908886529,-29.03214172222222,119.70258685862362,67.56485869596263,85.9631680062032,51727.66377563903,87.30182892627201,146.0042838650434,208551.65869922488,10.276944426411802,24.417233130960973,8865.52989946098,735.0,1039.4469683442248,0.6365141682948128,0.0,0.0,0.0,27.504134268421055,116.69015911119499,-29.03214172777778,119.70258688152978,67.56485870889172,85.963168022653,51727.66379543608,87.30182894297796,146.00428389298256,208551.65877904117,10.276944428378386,24.417233135633428,8865.529902853972,735.0,1039.4469683442248,0.6365141682948128,0.0,0.0,0.0,27.504134273684212,116.69015913352466,-29.032141733333333,119.70258690443592,"[-151.57092031  139.72914353  -57.05751907   40.32393593   -6.84602513
    4.1700368    -2.21417547   11.97210091  -16.04442232   -0.61043292
    1.59600689   -3.81415483    0.32117412   -2.68723827   -1.48328592
   -4.26737019   -2.84783583   -4.90813742   -2.59756896   -0.55785324]","[68.90254041 30.81975568 26.11921702 18.50840445 18.07114526 13.86906015
 14.01364567 11.52461662 12.86301773 15.55184881 12.09972063 11.12177979
 10.07138088  9.8158435   9.54103948 10.61827644  8.81483653  9.66078121
 11.15557075 10.61197103]","[-1.56799294 -1.20999876  0.48248053  0.07783337  0.22029802  0.32924515
 -0.41446636  0.06638312 -0.16941487  0.26230666  0.11152705 -0.06191533
 -0.18372327  0.16821598 -0.17758944 -0.00526087  0.1180013   0.08695053
 -0.05107686  0.40940956]","[ 5.47180376  2.74994599  0.05538606 -0.0205259  -0.12004226  0.73565846
  0.07007209 -0.11400564 -0.18360601  0.00815155 -0.14726305 -0.04229261
  0.01446871  0.1955119  -0.04792954  0.10098493  0.37088463  0.17462121
 -0.08223644  0.30777826]","[-4.52134106e-11  3.42677953e-18 -3.85512697e-18  4.92599558e-18
  5.19371273e-18  4.92599558e-18  1.75354734e-18  1.07086860e-19
 -2.14173721e-19  1.17260112e-17 -2.19528064e-18 -8.03151453e-18
  6.42521162e-19  3.26614924e-18 -2.14173721e-18 -5.35434302e-20
 -3.85512697e-18  6.34489648e-18  4.17638755e-18  4.76536529e-18]","[20.63452587  9.13680616  7.89256993  5.60180066  5.60453844  4.89976005
  5.64584791  4.61485458  5.10683883  5.29109107  5.04197581  4.49454165
  4.25751272  4.21882694  4.25075965  3.95378932  4.17093538  4.09702373
  4.14388987  4.29015284]","[ 2.98417611e-11 -1.57957880e-18 -9.37038272e-18 -1.60635132e-18
 -9.35699646e-18 -2.59693464e-18  3.30640648e-18  8.67429715e-18
 -1.00396958e-17 -5.03323415e-18  1.90084907e-18  1.44571619e-18
 -3.42688283e-18 -2.39279416e-18  8.03175662e-19  4.12296840e-18
 -5.28757311e-18 -2.97174995e-18  5.55529833e-18  5.95688616e-18]","[20.27655227  9.12423543  8.0822476   6.20101955  6.36226308  5.72983978
  6.45229023  5.49327716  5.93427998  5.85486898  5.89968517  5.41811285
  5.22905331  5.09161049  5.20941653  4.92481861  5.21671048  4.9911993
  5.04119279  5.15931739]"
73.12826953149943,93.04152840794498,60597.08205940504,94.4904170530703,158.02653671315167,244310.7044353626,11.123166339424188,26.42779160760786,10385.646743063437,734.9999999999999,1039.4469683442248,0.6365141682948128,0.0,0.0,0.0,29.76887368421053,126.29863470234615,-31.422700000000003,129.55911114209607,73.12827082441243,93.04153005292582,60597.08420212648,94.49041872366753,158.026539507072,244310.71307422363,11.123166536082552,26.427792074853077,10385.647110301372,735.0,1039.4469683442248,0.6365141682948128,0.0,0.0,0.0,29.768874210526317,126.29863693531496,-31.422700555555554,129.55911343271026,73.12827211732534,93.04153169790654,60597.08634484783,94.49042039426476,158.0265423009923,244310.7217130848,11.12316673274092,26.4277925420983,10385.647477539318,735.0,1039.4469683442248,0.6365141682948128,0.0,0.0,0.0,29.768874736842104,126.2986391682837,-31.42270111111111,129.5591157233245,73.12827341023834,93.04153334288736,60597.08848756934,94.49042206486202,158.02654509491265,244310.73035194623,11.123166929399284,26.427793009343517,10385.647844777268,734.9999999999999,1039.4469683442248,0.6365141682948128,0.0,0.0,0.0,29.76887526315789,126.29864140125251,-31.422701666666665,129.5591180139388,73.12827470315129,93.04153498786813,60597.09063029082,94.49042373545929,158.02654788883302,244310.73899080793,11.123167126057654,26.42779347658875,10385.648212015232,734.9999999999998,1039.4469683442248,0.6365141682948128,0.0,0.0,0.0,29.768875789473686,126.29864363422129,-31.422702222222224,129.559120304553,72.85277889162822,92.69936984060031,60152.21218191079,94.01539055196078,157.24540753310728,241879.00309270667,11.808636903253188,23.315048758449265,8359.675626212747,888.1737986995093,1979.3534702852467,0.6897844563055392,190.60863462426605,1.1643646905633915,0.5,29.494282994736846,123.12733065250863,-30.403460838888893,123.45283367229646,72.67245428290038,92.54252212365398,59948.82880704891,93.84635601789246,156.97045475417343,241023.8067721691,12.18963783019354,21.968603914066485,7592.986111729308,1050.7684339771117,2666.2996287301207,0.7299236611470994,279.3226107714294,1.123109699959497,0.34992710611188266,29.360565363157896,121.95514305225394,-30.09158893333333,121.16282535154141,73.22311915493354,93.0477856940833,60605.23295800437,94.45522715654495,157.9425235769287,244050.33603389567,11.406641855694634,26.190372613969465,10202.58088947148,743.002903000164,1104.8031632364782,0.6405839734239039,12.927016693274595,0.9594139020918595,0.5,29.76636926631579,125.98712317753989,-31.272223246666663,129.01030615679056,73.12827599606423,93.04153663284892,60597.092773012366,94.49042540605652,158.0265506827533,244310.74762966952,11.123167322716018,26.42779394383397,10385.648579253191,735.0,1039.4469683442248,0.6365141682948128,0.0,0.0,0.0,29.768876315789473,126.29864586719009,-31.42270277777778,129.55912259516725,73.12827728897724,93.04153827782974,60597.094915734015,94.49042707665376,158.02655347667366,244310.75626853138,11.123167519374384,26.427794411079198,10385.648946491166,735.0,1039.4469683442248,0.6365141682948128,0.0,0.0,0.0,29.76887684210526,126.29864810015884,-31.42270333333333,129.5591248857815,73.1282785818902,93.04153992281051,60597.0970584556,94.490428747251,158.02655627059397,244310.76490739334,11.12316771603275,26.427794878324413,10385.649313729144,735.0,1039.4469683442248,0.6365141682948128,0.0,0.0,0.0,29.76887736842105,126.29865033312764,-31.422703888888886,129.5591271763957,73.12827987480314,93.0415415677913,60597.09920117725,94.49043041784827,158.0265590645143,244310.77354625557,11.12316791269112,26.42779534556964,10385.649680967132,735.0,1039.4469683442248,0.6365141682948128,0.0,0.0,0.0,29.768877894736846,126.29865256609641,-31.42270444444445,129.55912946700997,73.1204947182874,93.03905163334859,60593.85590183034,94.49333894654174,158.03130263184585,244325.53124607477,11.123545297963132,26.428655571552916,10386.32592481585,735.0209190919916,1039.4543666276397,0.6365207537259847,1.9787509451821863,0.0,0.0,29.769067055631574,126.30293995999088,-31.42380677822222,129.56335102663107,"[-215.72256071  161.72969335   -4.23316417   36.56834186    0.47862155
   28.58913939  -17.46313828    9.0425487     7.20138755  -12.9708794
  -12.35630665    8.33521239   -5.57155635   -4.56737555    1.1234288
   -4.70987669   -3.08722944   -0.48800256    0.41220144   -2.51518691]","[77.66675647 31.73471682 19.39373245 13.88825477 12.50162605 15.13388483
 14.29262308  9.45112261 11.91659147 12.81276066 10.60387306  9.11777453
  7.24551359  8.27424794  7.35803827  8.50668491  7.17105952  9.01378776
  6.53625363  7.14754599]","[-2.42638671e+00 -2.35368704e+00  1.55226972e+00 -2.12091707e-01
 -2.38031231e-02 -2.83767149e-02  7.96363780e-03 -1.07785933e-03
  5.54916380e-01  8.33072037e-02 -2.05342944e-01  2.33477751e-01
 -1.02596638e-01 -2.03992013e-01 -1.33495713e-03  7.48031323e-03
 -2.66386521e-01  9.59319048e-02  8.12280994e-02  7.53382141e-02]","[ 7.67941436  9.40052228  4.82962822  0.91565154  0.03568506 -0.70969331
 -0.50749446  0.17331071  0.73388316 -0.17136896 -0.18322734 -0.32085353
 -0.06786127  0.05942375 -0.10111775 -0.1213767   0.18277941  0.09048324
  0.12494512  0.05679609]","[4.37798006e-06 6.18807293e-06 6.17549057e-06 6.15453804e-06
 6.12544907e-06 6.08765236e-06 6.04180808e-06 5.98777633e-06
 5.92582033e-06 5.85545189e-06 5.77733962e-06 5.69139619e-06
 5.59790995e-06 5.49649762e-06 5.38780668e-06 5.27181383e-06
 5.14881946e-06 5.01856090e-06 4.88164391e-06 4.73811151e-06]","[6.21995805 4.9326701  3.57357868 3.55657981 3.7098436  3.56208402
 3.44111362 3.36087165 3.57439684 3.59390226 3.35737723 3.31294103
 3.27938677 3.23851938 3.13684087 3.20836359 3.19606332 3.19694932
 3.16372487 3.09289589]","[-5.49030021e-05 -7.76051288e-05 -7.74920823e-05 -7.73039843e-05
 -7.70406542e-05 -7.67032561e-05 -7.62914051e-05 -7.58060583e-05
 -7.52474347e-05 -7.46170315e-05 -7.39149030e-05 -7.31423535e-05
 -7.22999878e-05 -7.13896228e-05 -7.04117178e-05 -6.93679205e-05
 -6.82592277e-05 -6.70877230e-05 -6.58542419e-05 -6.45607832e-05]","[6.10129419 5.36865403 4.29915121 4.41990262 4.57040416 4.40559212
 4.33162178 4.35119076 4.43016618 4.44909507 4.34733817 4.38850484
 4.35619892 4.21399825 4.13829949 4.26991837 4.2500607  4.18949677
 4.20698282 4.09347216]"
68.23171074123738,86.81160779442494,52753.786734971436,88.16348103802564,147.44531781661883,212688.70316592103,10.378375873797296,24.65822648412705,9041.395637684578,735.0000000000001,1039.4469683442248,0.6365141682948128,0.0,0.0,0.0,27.775594736842105,117.8418683394626,-29.318683333333336,120.88402818736941,68.23171203415036,86.81160943940574,52753.78873421944,88.16348270862287,147.44532061053914,212688.71122633692,10.37837607045566,24.65822695137227,9041.395980332816,735.0,1039.446968344225,0.6365141682948128,0.0,0.0,0.0,27.775595263157896,117.84187057243136,-29.318683888888888,120.88403047798364,68.2317133270633,86.81161108438647,52753.7907334674,88.16348437922008,147.44532340445946,212688.71928675298,10.378376267114025,24.65822741861749,9041.396322981062,735.0,1039.4469683442248,0.6365141682948128,0.0,0.0,0.0,27.775595789473684,117.84187280540013,-29.318684444444443,120.88403276859789,68.2317146199763,86.81161272936733,52753.79273271554,88.16348604981735,147.44532619837977,212688.7273471693,10.378376463772392,24.658227885862715,9041.396665629314,735.0,1039.4469683442248,0.6365141682948128,0.0,0.0,0.0,27.77559631578947,117.84187503836893,-29.318685,120.88403505921211,68.23171591288921,86.81161437434805,52753.79473196359,88.16348772041462,147.44532899230015,212688.73540758583,10.378376660430764,24.65822835310794,9041.397008277578,734.9999999999998,1039.4469683442248,0.6365141682948128,0.0,0.0,0.0,27.775596842105266,117.84187727133772,-29.318685555555557,120.88403734982637,68.23171720580224,86.81161601932891,52753.796731211834,88.16348939101184,147.4453317862204,212688.74346800224,10.378376857089128,24.658228820353155,9041.397350925843,734.9999999999998,1039.4469683442248,0.6365141682948128,0.0,0.0,0.0,27.775597368421053,117.8418795043065,-29.318686111111113,120.8840396404406,68.23171849871518,86.81161766430968,52753.79873045998,88.16349106160908,147.44533458014075,212688.751528419,10.37837705374749,24.65822928759838,9041.397693574112,734.9999999999998,1039.4469683442248,0.6365141682948128,0.0,0.0,0.0,27.77559789473684,117.84188173727529,-29.318686666666665,120.88404193105481,68.2317197916281,86.81161930929042,52753.80072970816,88.16349273220634,147.4453373740611,212688.7595888359,10.378377250405862,24.65822975484361,9041.398036222396,734.9999999999998,1039.4469683442246,0.6365141682948128,0.0,0.0,0.0,27.77559842105263,117.84188397024407,-29.31868722222222,120.88404422166906,68.23172108454115,86.81162095427128,52753.802728956514,88.1634944028036,147.44534016798144,212688.76764925302,10.378377447064224,24.65823022208882,9041.39837887068,735.0,1039.4469683442248,0.6365141682948128,0.0,0.0,0.0,27.775598947368422,117.84188620321288,-29.318687777777782,120.88404651228332,68.23172237745408,86.81162259925205,52753.80472820478,88.16349607340084,147.4453429619018,212688.77570967018,10.378377643722594,24.658230689334047,9041.398721518974,735.0,1039.4469683442248,0.6365141682948128,0.0,0.0,0.0,27.775599473684213,117.84188843618165,-29.318688333333334,120.88404880289755,68.23171203415036,86.81160943940574,52753.78873421944,88.16348270862287,147.44532061053914,212688.71122633692,10.37837607045566,24.65822695137227,9041.395980332816,735.0,1039.446968344225,0.6365141682948128,0.0,0.0,0.0,27.775595263157896,117.84187057243136,-29.318683888888888,120.88403047798364,68.23171216344163,86.81160960390378,52753.78893414419,88.16348287568259,147.44532088993114,212688.71203237848,10.378376090121495,24.65822699809679,9041.39601459764,735.0,1039.4469683442248,0.6365141682948128,0.0,0.0,0.0,27.775595315789474,117.84187079572825,-29.318683944444444,120.88403070704508,68.23171229273292,86.81160976840185,52753.78913406899,88.16348304274231,147.44532116932322,212688.71283842018,10.378376109787334,24.658227044821317,9041.396048862465,735.0,1039.4469683442248,0.6365141682948128,0.0,0.0,0.0,27.77559536842105,117.8418710190251,-29.318684,120.88403093610648,"[-2.00208454e+02  1.27590134e+02 -4.38282192e+01  4.82226911e+01
  1.12286487e-01  2.32921463e+00  1.43115728e+00  9.78036273e+00
 -1.03433781e+01  9.11816196e-01  2.45612753e-01 -4.97848333e+00
 -4.73048387e+00 -4.09010095e+00 -4.18652035e+00 -2.71533392e+00
  1.45258246e+00 -5.18829342e+00  4.02685326e+00  2.14292540e+00]","[68.3443714  31.49545869 23.88109446 21.49348461 18.89368146 14.09217323
 15.12305986 12.4450778  10.81659144 11.08357604 11.39080616  9.60952685
  9.99860344 10.44167978 12.07852661 12.53030291 13.79344775 16.22954111
 15.36340168 14.25832918]","[-2.27997844 -1.84559125  0.09119104  0.20791786 -0.05256285  0.29836256
 -0.21353101 -0.12198205  0.16537236  0.2189435   0.02944055 -0.2869086
  0.08114973  0.28890558  0.15525234  0.45513464  0.8589596   0.27144554
  0.73580596  0.03166866]","[ 9.41197392e+00  4.59761336e+00 -3.19086809e-01 -9.78603199e-02
 -6.54335877e-01  4.53904519e-01  6.76560552e-03  1.61456044e-01
  3.49914755e-01  5.50709073e-01  8.88284238e-03  5.74830337e-01
  1.41843912e-01  7.38325692e-01  5.62922667e-01  4.39315761e-01
  9.60534212e-01  6.19162042e-03  3.82082545e-01 -1.16025921e-01]","[-1.95783131e-09 -2.85358528e-18 -1.42679264e-18 -2.14018896e-18
  9.54167579e-18 -5.70717057e-18  7.22313775e-18 -5.35047241e-19
 -8.91745401e-19 -3.03193436e-18  2.58606166e-18 -3.74533069e-18
 -9.00662855e-18 -3.38863252e-18  5.97469419e-18 -8.47158131e-18
  4.86001244e-18 -3.47780707e-18  2.14018896e-18 -1.24844356e-18]","[17.25026616  7.51655879  6.39851065  5.3131936   5.8991035   5.23833319
  5.21499348  4.37142182  4.23708852  4.38253488  4.37990919  4.09768552
  3.85925327  3.74625704  4.26243976  4.00216057  3.95528343  4.06434519
  4.01019879  4.01179209]","[ 4.97012888e-10  3.03208658e-18 -5.43992004e-18  5.88581512e-18
  2.67537051e-19 -1.33768525e-18  5.08320397e-18  1.69440132e-18
 -5.26156200e-18 -1.02109974e-17  1.53833804e-18 -6.91137382e-18
 -9.18543875e-18  3.70092921e-18  2.40783346e-18 -3.03208658e-18
 -1.07014820e-18  3.79010822e-18 -4.63730888e-18 -2.70881264e-18]","[17.47797767  8.10444417  6.92070793  5.88216564  6.49513143  5.97043215
  6.06971204  5.27989277  5.17457445  5.32833665  5.31257605  5.059044
  4.785981    4.66543171  5.07092799  4.89254435  4.80618084  4.79547139
  4.71339659  4.69829876]"
72.49682764444745,92.23814117276903,59555.12280905369,93.67451907497556,156.6620223442802,240109.81241556667,11.027120949749907,26.19959511519482,10207.066845697966,734.9999999999999,1039.4469683442248,0.6365141682948128,0.0,0.0,0.0,29.511827894736843,125.20808177747243,-31.15137388888889,128.44040492699688,72.49682777373876,92.23814133726714,59555.12302147568,93.67451924203532,156.6620226236723,240109.81327199357,11.027120969415742,26.19959516191934,10207.066882104657,735.0,1039.446968344225,0.6365141682948128,0.0,0.0,0.0,29.51182794736842,125.20808200076928,-31.151373944444444,128.4404051560583,72.49682790303002,92.23814150176521,59555.12323389763,93.67451940909501,156.66202290306427,240109.8141284201,11.02712098908158,26.199595208643874,10207.066918511353,735.0,1039.4469683442248,0.6365141682948128,0.0,0.0,0.0,29.511828,125.20808222406617,-31.151374,128.4404053851197,72.49682803232137,92.23814166626335,59555.12344631967,93.67451957615475,156.66202318245635,240109.81498484692,11.027121008747418,26.19959525536839,10207.066954918047,735.0,1039.4469683442248,0.6365141682948128,0.0,0.0,0.0,29.51182805263158,125.20808244736303,-31.151374055555557,128.44040561418115,72.49682816161267,92.23814183076139,59555.12365874158,93.67451974321449,156.66202346184835,240109.81584127352,11.027121028413253,26.19959530209291,10207.06699132474,734.9999999999999,1039.4469683442248,0.6365141682948128,0.0,0.0,0.0,29.51182810526316,125.20808267065995,-31.15137411111111,128.4404058432426,72.49682829090395,92.23814199525945,59555.123871163516,93.6745199102742,156.66202374124038,240109.81669770027,11.027121048079088,26.199595348817425,10207.067027731435,735.0000000000001,1039.446968344225,0.6365141682948128,0.0,0.0,0.0,29.511828157894737,125.20808289395681,-31.151374166666667,128.440406072304,72.49682842019527,92.23814215975756,59555.12408358552,93.67452007733391,156.6620240206324,240109.81755412696,11.027121067744927,26.199595395541955,10207.06706413813,734.9999999999997,1039.4469683442248,0.6365141682948128,0.0,0.0,0.0,29.511828210526318,125.20808311725366,-31.151374222222223,128.4404063013654,72.49682854948652,92.23814232425558,59555.1242960074,93.67452024439363,156.66202430002443,240109.81841055356,11.027121087410762,26.199595442266475,10207.067100544822,735.0,1039.4469683442248,0.6365141682948128,0.0,0.0,0.0,29.511828263157895,125.20808334055056,-31.151374277777776,128.44040653042686,72.49682867877785,92.23814248875368,59555.1245084294,93.67452041145339,156.6620245794165,240109.81926698037,11.0271211070766,26.19959548899099,10207.067136951517,734.9999999999997,1039.4469683442248,0.6365141682948128,0.0,0.0,0.0,29.511828315789472,125.20808356384742,-31.151374333333333,128.44040675948827,72.49682880806918,92.23814265325181,59555.124720851425,93.67452057851311,156.6620248588085,240109.82012340706,11.027121126742436,26.199595535715524,10207.067173358211,735.0000000000001,1039.446968344225,0.6365141682948128,0.0,0.0,0.0,29.511828368421053,125.20808378714432,-31.15137438888889,128.44040698854968,72.49682777373876,92.23814133726714,59555.12302147568,93.67451924203532,156.6620226236723,240109.81327199357,11.027120969415742,26.19959516191934,10207.066882104657,735.0,1039.446968344225,0.6365141682948128,0.0,0.0,0.0,29.51182794736842,125.20808200076928,-31.151373944444444,128.4404051560583,72.49682778666785,92.23814135371691,59555.12304271783,93.67451925874127,156.66202265161147,240109.81335763616,11.027120971382326,26.199595166591788,10207.066885745326,734.9999999999999,1039.4469683442248,0.6365141682948128,0.0,0.0,0.0,29.511827952631577,125.20808202309894,-31.15137395,128.44040517896445,72.49682779959706,92.23814137016677,59555.123063960105,93.67451927544725,156.66202267955066,240109.81344327886,11.027120973348907,26.199595171264246,10207.066889385993,735.0,1039.4469683442248,0.6365141682948128,0.0,0.0,0.0,29.511827957894734,125.20808204542863,-31.151373955555552,128.44040520187056,"[-203.18060288  150.2992678   -66.86835845   26.39001754   -2.36167065
   -2.41495683  -10.96848583   12.474022     -2.52207174   -8.64143842
   -0.95188322   -7.32602224   -0.76071309   -4.41112976   -1.44838989
   -5.46710824  -16.12584422    2.62173372    3.52562049   -9.75104713]","[69.87820256 28.29141767 25.56922511 18.40974765 17.50833226 15.52529609
 13.25091777 13.52493751 10.71260222 10.3577294   9.35030177  8.59015386
  8.31055075  8.07121081  8.24394846  7.988691   10.06886964  7.23487447
  8.22990832  8.74454604]","[-2.75973622 -2.16834167  1.55524632  0.03708706  0.19814024  0.08909484
 -0.24630961 -0.03800263  0.01971744 -0.07368573 -0.04224843 -0.0507193
 -0.09272726 -0.14398381  0.04826413 -0.04176659  0.24078037  0.05850809
 -0.16900714 -0.10046926]","[ 1.04052517e+01  8.73022585e+00  5.67691595e+00 -1.71256854e-01
  3.83780678e-02 -3.47810853e-01 -3.15109824e-02 -1.07343233e-01
 -1.64507593e-01 -2.04245073e-01  1.04520817e-01 -1.97329271e-01
 -8.55718012e-03 -3.44874096e-02  1.48309093e-01 -5.45667133e-02
 -8.17742222e-02  1.70672696e-01  1.32014046e-01  8.27354121e-01]","[-1.10300588e-10  0.00000000e+00 -3.12244127e-19  5.62039429e-18
  3.90305159e-19  1.40509857e-18  6.08876048e-18 -3.12244127e-19
  8.50865247e-18  2.34183095e-19 -1.48315960e-18 -3.51274643e-18
  7.02549286e-19  4.21529572e-18 -3.35662437e-18 -2.65407508e-18
 -2.34183095e-19 -3.86402107e-18  1.48315960e-18  7.80610318e-20]","[16.42311558  7.54763743  5.18673156  5.6689456   6.06614822  5.89338901
  4.71005117  4.0813609   4.44566263  4.11954811  3.71564772  3.77756752
  3.75696014  3.73433763  3.68159745  3.62408297  3.8000922   3.61197317
  3.35475034  3.49762158]","[ 4.35069211e-11 -1.09290247e-18  2.69322395e-18 -7.80644623e-19
 -1.19048305e-17 -3.23967519e-18 -7.84547846e-18 -1.02654768e-17
 -1.07338636e-17 -2.61515949e-18  8.82128424e-18 -2.22483718e-18
 -2.41999833e-18  4.80096443e-18  6.28418921e-18 -1.95161156e-18
 -4.80096443e-18 -4.35209377e-18  6.24515698e-18 -5.23031897e-18]","[18.30488256  8.65749627  5.76296709  6.34557418  7.21206878  6.73406254
  5.65723048  5.00354066  5.53064835  4.99687019  4.70817076  4.73635929
  4.70921303  4.71505405  4.68488799  4.66174386  4.7624422   4.62984224
  4.25869222  4.37328931]"
46.13611221633098,51.89727108833137,18853.287224910287,57.695814609142644,95.06304455783635,90947.09714592557,23.79069847929179,44.37971988310224,28027.62422326674,3487.675160756464,4625.155748665494,1.4701435862862517,1461.2401290367318,1.846493492985261,0.5,23.058161489473687,134.09177815665635,-31.840824427777786,165.8780837801145,42.7154379998762,48.356278995185235,16368.30802782135,55.11419357268277,89.62657624982711,80942.1351622678,24.6098751938922,46.521949467163765,30718.320802185935,4106.099893996286,5452.868207982875,1.471604345771718,1561.6707811080046,2.2482720092592974,0.5,22.185692978947365,133.99122701739617,-31.628328188888887,168.96835904190704,39.35584098662831,47.85284978859769,16029.266630230655,54.965708095948784,89.77586837079254,80867.75798521796,23.99826340481053,45.89127596426131,29945.416662244697,3421.265076278919,5263.312502047324,1.304455096378031,1547.9179190613477,2.128391836866509,0.5,22.06232547368421,134.14914317750964,-31.608108111111115,168.47455231892272,39.86328745690194,48.09570886432381,16192.380478132573,57.03675117316171,90.76040932527143,82444.25858605508,24.249827522119443,45.595511709651916,29526.251977069416,3645.1062325608027,5018.819548058263,1.4208120649850093,1606.8686701044671,1.7330445979143425,0.5,22.081344894736837,134.62283202540937,-31.567322055555564,168.41329193734916,39.10355619590788,47.00676435416634,15467.451265336864,58.23926343437921,92.3579398684496,85415.3601692573,24.57926099611472,45.76475637039719,29710.224740391044,4238.0154657379035,5112.57877772571,1.542555617510629,1607.4669464912183,1.5867381965346103,0.5,22.08963057894737,134.56557563912872,-31.42804216666667,168.41824155726806,43.78684220194113,49.73535028032844,17315.235472548764,57.39489330152679,91.62046628688955,84105.98706054255,24.264260135633233,45.76985200753142,29756.488861690337,3837.3145513780396,5197.332790535244,1.474303957714096,1551.7437563799058,1.9884130581253174,0.5,22.597952315789474,134.35325417227108,-31.563887444444447,168.34942634228523,43.67649701003989,49.340034861849176,17041.073281179448,55.54355265141164,89.18885437384893,80033.63740399011,23.992813972913613,45.15961185184281,29003.522810159782,3549.2439113620167,5117.659392839091,1.3884352398540594,1669.9241530791373,1.8424914011790647,0.5,22.604371126315787,134.82282659262663,-31.76519358888889,168.05387300575683,43.54633449640672,49.723819068868586,17307.207279555056,55.7157413342263,89.729681770211,80961.81118636447,23.023383597482475,44.296025388830905,27966.37086425578,2914.9389367557683,4743.543186152189,1.2804590992406488,1641.106227634651,1.7326182248311122,0.5,22.744990736842105,134.79156756566837,-31.816926555555554,166.9910610448633,41.76996130446001,50.93625442759289,18161.514105787333,54.64695772516454,90.48641980364489,81986.29092374045,22.97679920557103,44.35599570794988,28059.884975595127,2526.0989526569933,4398.798310697827,1.222366671539334,1496.2520345793257,1.874052476359305,0.82915619758885,22.67402036842105,134.45638535475354,-31.836574000000002,166.8016786016616,44.52921276889111,52.74959776204861,19477.640448405462,55.80665313034696,91.29188868188254,83179.25611794779,22.86273837058312,44.26443936905111,27947.026196313436,2530.792793241298,4270.885918356837,1.239872554921945,1468.698119602287,1.8436309133316175,0.82915619758885,22.88193719473684,134.52239336517312,-31.96033501666666,166.80017756678825,45.77112263633811,53.82395674864089,20279.128240556955,56.46627156507579,91.59781704748865,83599.61224505558,22.905495802864372,44.08125522439088,27705.35439283507,2299.1788532778282,4125.207347353134,1.1780831472109918,1458.149067282006,1.6366714852215576,0.5,22.985202931578943,134.62492360836688,-32.14025407222223,166.59302423478832,42.74774039777045,51.16377598941615,18324.123814466097,56.600501765982635,92.15623207002214,84794.57263630253,22.96099105340361,43.88891247667898,27476.43299420293,2149.1855883581907,3974.2636696102886,1.1477809929980862,1609.165980957241,2.1887252569580173,0.5,22.477928736842113,134.9312702816665,-32.07425705555556,166.44191781865362,42.67522568303207,51.08503923364207,18267.768634519245,58.292090481003854,96.24762477146626,92762.56087245635,22.258932401525044,42.69648970283309,26040.657077645294,2062.3428738527978,3887.5481105054278,1.1359831423945788,1569.5259275080277,1.9938497440843146,0.5,22.99713515789474,134.83445400170334,-31.858796277777785,164.43208419167146,"[-271.89952698  181.83501585  -47.27804769   36.22247992   10.94094657
  -15.52473269    6.81784497  -11.21843602   -4.07323224   -5.48076455
  -11.6005304    -3.62500082   -9.00356978   -9.70637192   -7.5353801
  -11.51281171   -9.41116015   -5.61464692   -6.12255911   -5.53926643]","[73.19713879 23.8908634  39.21390716 25.17529752 15.16618029 12.21112858
 12.58716236 12.22677365  9.76110214 10.24084411  9.22680524  9.81660519
  8.48597301  7.96061563  8.64307423  7.30499243  6.97638676  6.53167597
  6.27101433  6.96778713]","[-1.40908473 -1.39798705  0.98759287 -0.47233757  0.16317382  0.39166083
 -0.04449283  0.24665613 -0.15198866 -0.21154335  0.21259162 -0.18061838
  0.13546488  0.16844775  0.19295909  0.26687394  0.16047422  0.15197717
  0.1876653   0.16053456]","[ 1.7774128   4.24171387  0.54286682 -0.01617687 -0.11432815  0.23473999
 -0.12455572  0.13891437  0.0682085  -0.05607274  0.56780749  1.00616128
  0.3125626   1.40616828  1.41418955  0.69643669  0.32513409  0.24921185
  0.68417652  0.25142172]","[-7.97170068e-03 -6.98445960e-03 -4.63715340e-04  5.87152533e-04
 -1.08419488e-03 -5.01918837e-04  9.68805989e-04  1.06999882e-03
  8.40017689e-04  8.57995796e-04  4.26258767e-04  1.29557116e-04
  6.23859875e-04  9.11698780e-04  3.85642637e-04 -1.86449159e-05
  2.01767714e-04  4.27879050e-04  3.10023175e-04  1.24373549e-04]","[10.32556799  5.70848334  5.66023087  5.27401093  4.85974636  4.13577893
  4.00168845  3.92248149  3.71360543  3.93025718  3.66045426  3.49418957
  3.50584838  3.47388561  3.4321827   3.39535424  3.33246371  3.26815998
  3.28018118  3.34460646]","[-8.40059991e-04 -6.20493088e-04  9.14325540e-05 -4.61919705e-05
 -2.50507573e-04  8.23390940e-05  1.50121252e-04 -3.13964665e-04
 -4.61835822e-04 -1.07973343e-04  1.59565080e-04  1.84640194e-04
  1.16586218e-04  3.20192022e-05  4.25414859e-05  3.28603825e-05
 -1.31448517e-04 -1.47806476e-04  6.67959986e-05  9.88998898e-05]","[9.77143446 6.74414081 6.19515715 5.98656862 5.6400731  5.34963012
 5.06579738 4.95093099 4.81904047 5.06876826 4.83760717 4.64874418
 4.71209034 4.69284041 4.61892729 4.58887796 4.57646714 4.4999664
 4.52105339 4.5410589 ]"
70.06335986030955,89.14202576598835,55624.1053036489,90.53018942952481,151.40342004732983,224261.03516005946,10.656978635183892,25.32016531472178,9533.3354090603,734.9999999999995,1039.4469683442246,0.6365141682948128,0.0,0.0,0.0,28.521217894736843,121.00527948640514,-30.10573,124.12910472632636,70.0633599896008,89.14202593048638,55624.10550894054,90.53018959658455,151.40342032672186,224261.0359877389,10.65697865484973,25.320165361446303,9533.335444244949,735.0,1039.4469683442248,0.6365141682948128,0.0,0.0,0.0,28.52121794736842,121.00527970970202,-30.105730055555554,124.12910495538777,70.06336011889216,89.14202609498453,55624.105714232326,90.53018976364426,151.40342060611388,224261.03681541828,10.656978674515566,25.320165408170823,9533.335479429596,735.0,1039.4469683442248,0.6365141682948128,0.0,0.0,0.0,28.521218,121.00527993299892,-30.10573011111111,124.12910518444922,70.06336024818337,89.14202625948252,55624.1059195239,90.530189930704,151.4034208855059,224261.03764309775,10.656978694181403,25.320165454895342,9533.335514614242,735.0,1039.4469683442248,0.6365141682948128,0.0,0.0,0.0,28.52121805263158,121.0052801562958,-30.105730166666667,124.12910541351064,70.06336037747475,89.14202642398068,55624.1061248157,90.53019009776372,151.40342116489796,224261.0384707772,10.65697871384724,25.320165501619865,9533.335549798889,734.9999999999998,1039.4469683442246,0.6365141682948128,0.0,0.0,0.0,28.52121810526316,121.00528037959266,-30.10573022222222,124.12910564257207,70.06336050676599,89.1420265884787,55624.10633010731,90.53019026482343,151.40342144429002,224261.03929845657,10.656978733513073,25.320165548344388,9533.335584983533,734.9999999999999,1039.4469683442248,0.6365141682948128,0.0,0.0,0.0,28.521218157894737,121.00528060288954,-30.105730277777777,124.1291058716335,70.06336063605728,89.1420267529768,55624.10653539901,90.53019043188314,151.40342172368202,224261.04012613592,10.65697875317891,25.320165595068907,9533.335620168184,735.0000000000002,1039.446968344225,0.6365141682948128,0.0,0.0,0.0,28.521218210526314,121.00528082618644,-30.105730333333334,124.12910610069493,70.06336076534862,89.14202691747491,55624.10674069074,90.53019059894288,151.40342200307404,224261.0409538154,10.65697877284475,25.320165641793434,9533.33565535283,735.0,1039.4469683442248,0.6365141682948128,0.0,0.0,0.0,28.521218263157895,121.00528104948329,-30.105730388888887,124.12910632975634,70.0633608946399,89.14202708197296,55624.1069459824,90.5301907660026,151.4034222824661,224261.04178149477,10.656978792510584,25.320165688517953,9533.335690537477,734.9999999999997,1039.4469683442248,0.6365141682948128,0.0,0.0,0.0,28.521218315789472,121.00528127278017,-30.105730444444443,124.12910655881777,70.06336102393121,89.14202724647106,55624.10715127412,90.53019093306236,151.40342256185815,224261.04260917427,10.656978812176423,25.32016573524248,9533.335725722129,734.9999999999999,1039.4469683442248,0.6365141682948128,0.0,0.0,0.0,28.521218368421053,121.00528149607706,-30.1057305,124.1291067878792,70.0633599896008,89.14202593048638,55624.10550894054,90.53018959658455,151.40342032672186,224261.0359877389,10.65697865484973,25.320165361446303,9533.335444244949,735.0,1039.4469683442248,0.6365141682948128,0.0,0.0,0.0,28.52121794736842,121.00527970970202,-30.105730055555554,124.12910495538777,70.0633600025299,89.14202594693616,55624.10552946968,90.53018961329049,151.40342035466102,224261.03607050685,10.65697865681631,25.320165366118754,9533.335447763411,734.9999999999998,1039.4469683442248,0.6365141682948128,0.0,0.0,0.0,28.521217952631577,121.00527973203172,-30.10573006111111,124.12910497829392,70.06336001545904,89.14202596338602,55624.1055499989,90.5301896299965,151.40342038260027,224261.03615327482,10.656978658782897,25.32016537079121,9533.335451281877,735.0000000000002,1039.446968344225,0.6365141682948129,0.0,0.0,0.0,28.521217957894738,121.00527975436144,-30.10573006666667,124.12910500120009,"[-262.2085797   141.32293556  -36.32061085   29.15257125   12.39883579
    0.93773432   -0.50636815    4.4911323    -1.63825493   -3.3225319
   -1.378592     -2.95689808  -12.87947278   -6.84245495   -3.55435892
   -5.407582      0.32163277   -4.6233219     1.76180774    5.64473791]","[64.22737491 29.05706191 26.69034076 19.65788183 16.99957386 13.11236923
 14.21997666  9.56479925  9.2182784  11.73849656 11.36271778 10.32579236
  9.8912781  11.44555392 12.23514064  9.90612053  9.71505349 10.51442733
 11.73086715 11.42093131]","[-1.01734234 -1.70891405  0.24758336  0.31944283 -0.28727204  0.73813716
 -0.24182724  0.11321186  0.30697679 -0.04464386 -0.28010106  0.23128359
  0.17851531  0.61085185  0.53414104  0.24622466  0.09656725  0.04652401
  0.14246071 -0.12073318]","[ 3.58185383e+00  6.07241219e+00 -2.61705248e-01  4.57742012e-02
 -1.62110102e-01  2.53008649e+00  2.68414591e-02  2.15691246e-01
  6.20588423e-01  2.30050894e-01  9.87550948e-02  5.13409832e-02
 -1.54571426e-01  6.19472153e-01  3.58453524e-01  1.61661663e-01
  2.21690333e-01  2.62537716e-01 -1.02496790e-03  9.39509416e-02]","[-1.18484985e-10 -9.45939873e-19 -5.91212421e-18 -1.77363726e-18
 -1.18242484e-19  4.67057812e-18  4.25672943e-18  3.54727452e-19
 -3.48815328e-18 -1.30066733e-18  4.49321440e-18  1.15286422e-18
 -9.45939873e-19  4.02024446e-18 -2.66045589e-18  6.38509414e-18
 -4.67057812e-18  1.18242484e-19 -8.86818631e-20 -3.66551701e-18]","[16.51475662  6.87304656  7.05076134  5.50190509  5.57862287  4.59418078
  5.17636345  4.35432246  4.01162821  4.07531659  4.34416326  4.02108295
  3.87132311  3.80741426  3.8063509   3.83009508  3.78281208  3.85847531
  3.81508146  3.82903664]","[ 3.29505724e-11 -5.91232098e-19 -1.12334099e-18  1.95106592e-18
  1.77369629e-18 -2.66054444e-18  8.57286543e-19 -3.91691265e-18
 -5.61670493e-19  2.54229802e-18 -1.21202580e-18  2.30580518e-18
  3.54739259e-19  1.38939543e-18 -8.08509894e-18 -1.92150432e-18
 -2.54229802e-18 -5.73495135e-18 -1.38939543e-18 -1.38939543e-18]","[15.19518595  7.33423787  6.99178534  6.18280046  6.43063433  5.5198898
  6.01914126  5.41682343  5.18014962  5.11672854  5.26150856  5.1042869
  4.97425382  4.89202191  4.88002531  4.9225731   4.852601    4.9074866
  4.86589979  4.80834128]"
66.62075410879662,84.76197817456033,50292.15060845247,86.08193357315405,143.96412102294875,202764.06594421764,10.133341515634083,24.076043609517928,8619.499362300787,735.0,1039.4469683442248,0.6365141682948128,0.0,0.0,0.0,27.11981052631579,115.05961156591323,-28.626466666666666,118.02994575488978,66.62075540170956,84.76197981954108,50292.152560498034,86.0819352437513,143.96412381686912,202764.0738143266,10.133341712292454,24.076044076763168,8619.49969685908,734.9999999999998,1039.4469683442246,0.6365141682948127,0.0,0.0,0.0,27.119811052631583,115.05961379888204,-28.626467222222225,118.029948045504,66.62075669462257,84.76198146452191,50292.15451254371,86.08193691434853,143.9641266107894,202764.0816844355,10.133341908950818,24.076044544008386,8619.500031417369,734.9999999999998,1039.4469683442248,0.6365141682948127,0.0,0.0,0.0,27.11981157894737,115.05961603185082,-28.62646777777778,118.02995033611825,66.62075798753558,84.76198310950274,50292.1564645894,86.0819385849458,143.96412940470978,202764.08955454477,10.133342105609184,24.0760450112536,8619.500365975664,735.0,1039.4469683442248,0.6365141682948128,0.0,0.0,0.0,27.119812105263158,115.05961826481959,-28.626468333333335,118.0299526267325,66.62075928044852,84.7619847544835,50292.15841663505,86.08194025554306,143.9641321986301,202764.09742465397,10.133342302267549,24.076045478498827,8619.500700533967,734.9999999999998,1039.4469683442248,0.6365141682948128,0.0,0.0,0.0,27.119812631578945,115.05962049778836,-28.626468888888887,118.0299549173467,66.62076057336144,84.76198639946426,50292.16036868075,86.0819419261403,143.96413499255038,202764.10529476346,10.133342498925915,24.076045945744045,8619.501035092277,735.0000000000001,1039.446968344225,0.6365141682948129,0.0,0.0,0.0,27.119813157894736,115.05962273075716,-28.626469444444442,118.02995720796095,66.62076186627448,84.7619880444451,50292.16232072659,86.08194359673755,143.96413778647076,202764.1131648731,10.133342695584286,24.07604641298928,8619.501369650601,735.0,1039.4469683442248,0.6365141682948128,0.0,0.0,0.0,27.119813684210527,115.05962496372595,-28.62647,118.02995949857521,65.38390876528653,84.02649184618106,49423.15932383433,85.36197999713916,142.79142081483192,199421.18463612828,11.082746860319094,20.254301291972,6434.124059621074,1148.163778632777,2859.9468356035586,0.7610506551393592,205.12426498007633,1.0743917673346082,0.5,26.550450710526313,110.81000946605937,-27.634561664444444,110.22852909302634,65.08282857485479,83.83946333452879,49203.38928555258,85.17933911728431,142.48670929186585,198557.73312567308,11.303773061897822,19.205471116100995,5909.3015122503375,1321.216495969657,3340.598495704867,0.802099523755595,272.50223383595255,1.0730754592187106,0.5,26.398579299999998,109.71463751876233,-27.36099280944444,108.25838361178272,66.62076315918742,84.76198968942586,50292.16427277235,86.08194526733479,143.96414058039105,202764.12103498282,10.13334289224265,24.076046880234493,8619.501704208924,735.0,1039.4469683442248,0.6365141682948128,0.0,0.0,0.0,27.119814210526318,115.05962719669472,-28.626470555555557,118.02996178918943,66.6207644521004,84.76199133440669,50292.16622481824,86.08194693793206,143.96414337431145,202764.1289050929,10.133343088901016,24.076047347479715,8619.502038767254,734.9999999999999,1039.4469683442248,0.6365141682948128,0.0,0.0,0.0,27.119814736842105,115.0596294296635,-28.626471111111112,118.02996407980365,66.62076574501337,84.76199297938749,50292.16817686413,86.08194860852929,143.96414616823174,202764.13677520285,10.133343285559382,24.07604781472494,8619.502373325591,735.0,1039.4469683442248,0.6365141682948128,0.0,0.0,0.0,27.119815263157893,115.05963166263228,-28.626471666666664,118.02996637041791,66.62075540170956,84.76197981954108,50292.152560498034,86.0819352437513,143.96412381686912,202764.0738143266,10.133341712292454,24.076044076763168,8619.49969685908,734.9999999999998,1039.4469683442246,0.6365141682948127,0.0,0.0,0.0,27.119811052631583,115.05961379888204,-28.626467222222225,118.029948045504,"[-177.54053946  124.51126088  -16.63004278   29.02294141   -0.3374991
   19.72617635   -7.62367403   19.14592387  -14.32129971    5.18954769
   -7.31672565    2.66793238  -13.91218048   -0.46254164   -4.60601903
   -7.01934988   -1.93937531   -4.1437794    -4.20209958   -1.59600105]","[81.64920923 31.57966376 19.71574948 15.24715105 17.18702359 11.54536781
 17.55086041 15.18923882 10.68941577 10.77584296  9.6129136   9.84922858
  8.7695864   7.86410688  8.22151788 10.24733998  9.41660043 10.50752306
 12.74248197 14.84528981]","[-1.76039087 -1.08252849  0.38535587 -0.01074017  0.51540409  0.18419865
  0.37734475  0.2551596   0.30591813  0.36564026 -0.12670715  0.22749943
  0.02537337  0.03603364 -0.04894867  0.70985238  0.19665474  0.54739625
  0.45173864  1.07842828]","[ 4.90819746  3.44462552  1.16949323  0.35087093  0.03608946  0.25908815
 -0.14509148 -0.1296216   0.29976539  0.04581267 -0.32175212  0.11466976
 -0.12687264 -0.08761587 -0.01092733  2.1315581   0.4990788   0.58041982
  0.32456852  1.83986381]","[-1.82257356e-09  0.00000000e+00 -1.05317599e-17  2.34039109e-18
  6.24104291e-18 -2.34039109e-18 -1.56026073e-18  3.90065182e-19
  2.73045627e-18  2.14535850e-18 -7.02117328e-18 -7.99633623e-18
 -6.63110810e-18 -6.82614069e-19 -1.95032591e-19 -1.95032591e-18
  1.75529332e-18 -1.95032591e-18  3.31555405e-18 -1.17019555e-18]","[8.87278684 5.85028579 4.36734865 3.983963   3.95591346 3.52778551
 3.72958451 3.63145355 3.67878927 3.7206041  3.5038094  3.52117924
 3.47281317 3.39982758 3.36552756 3.45435038 3.41601059 3.41013047
 3.40564653 3.3600756 ]","[ 1.08707588e-09 -5.07140418e-18 -3.12086411e-18  2.92581010e-19
  3.99860714e-18 -5.55903919e-18 -2.92581010e-19  3.31591811e-18
  8.67990330e-18  6.24172822e-18 -1.30686185e-17  4.77882317e-18
 -1.56043205e-18  7.07070774e-18  5.65656620e-18  3.51097212e-18
 -9.75270034e-19  1.18007674e-17 -1.18982944e-17  8.67990330e-18]","[8.53033381 6.49331412 5.09711786 4.88504607 4.89841761 4.50468277
 4.65088013 4.6550925  4.64595976 4.71976955 4.52636889 4.53607812
 4.51036317 4.43172212 4.38769829 4.45943869 4.40457711 4.45470388
 4.39937623 4.32589541]"
33.58792477364999,40.50146820591253,11482.582487841806,57.42151079610388,94.77997388567375,89792.70483954054,21.536125091256967,46.00517066193145,30219.321509098503,3490.730906663171,5230.974184434301,1.5049565815173993,458.4867793878692,3.223492952070486,1.0,19.26480507578947,117.37770039955976,-27.049411086666673,156.84527072139537,31.131587701049675,37.40600963072058,9794.466895454925,49.47690338783956,82.14988358838707,67542.04723128333,23.189543263457374,47.808121971404226,32696.71561009818,4102.631773998863,6110.085109193453,1.477829882207659,296.2315063857752,1.8435065424875627,0.9797958971132712,17.757888421052627,114.88469545590412,-26.05458361111111,159.36842744474941,30.700274862174947,37.4027302723089,9792.74962276165,45.79278778903854,76.71771741402061,59175.81542199522,22.895087164919914,47.6636533523319,32496.304038042366,4678.526999146535,6555.811150564229,1.4857828657200476,284.91030127370095,1.2972195623231533,0.9797958971132712,17.689258647368423,114.92580935687698,-26.131858205555556,159.4811563788581,31.305691702324765,38.159408747319894,10192.98333161524,47.7854164827089,80.23102245619967,64703.840091803795,22.28742267959304,47.27087178174001,31970.82072050412,4636.944706418843,6269.966245164225,1.5380857683434983,226.83933852509858,1.054369630881748,0.6324555320336759,18.037387710526318,115.1162160213899,-26.195556083333333,158.73401058132313,31.84896484695386,38.35593559328093,10298.244566651405,52.85321518647025,86.4922920407192,75068.47546336424,22.281419074449023,46.50361440721072,30927.728921827074,5358.452171614125,6069.070287542363,1.6672029579224394,197.27949795070117,1.1831090736730099,0.82915619758885,18.290986684210527,114.9975960829248,-26.3399715,157.14274469560564,31.693753758731784,38.37034149568311,10305.981745467387,50.17619312168506,83.07911559793347,69310.35018413118,23.329274695697563,46.49734490459835,30987.505265978114,5460.8439430542485,6383.269803262716,1.6382331473418215,208.42224569686203,1.0662469101776877,0.7483314773547882,18.171983157894733,114.72831023587213,-26.149621277777776,157.2770112803394,31.83593364888231,38.284113950088276,10259.713666603408,48.49864549366151,81.66811905208559,67132.33040422149,23.778018109096884,46.82312564560602,31408.172162918927,5056.8355672508815,6328.927933012567,1.628242290725417,264.1319447474439,1.1015870800750958,0.7483314773547882,18.093102684210525,115.28572032008822,-26.154455888888887,158.11374020573044,34.25057875728178,39.555449337689495,10952.435006145644,50.07014062201614,84.9371177282488,72611.26632940957,23.356893557551853,47.19648315766655,31794.992681216794,4668.365033390307,6031.49292829444,1.6521204361080501,208.71009275050525,1.134841201441196,0.7071067811865476,18.211617078947366,115.7466622738958,-26.22256108333333,158.71292841731469,35.96153956489511,41.59549596765205,12111.296993564707,49.63638009287326,84.39210885384982,71369.50515860089,22.92661186411167,47.607427708042785,32259.901599231565,4186.6623239025985,5849.294630092578,1.5285696218722422,147.4723523665674,1.2305465995405411,1.0897247358851685,18.353142263157896,115.96194845139544,-26.28551222222223,159.4323334589872,32.66438318360356,39.84513644481461,11113.444288141256,47.67454210209522,80.65669542800764,65272.546071503035,22.257371347478454,47.92324953377295,32746.940033727686,3782.6467267763337,5675.567314984969,1.515264364084306,151.76802970155768,1.2024440186834455,1.0897247358851685,18.353889352631583,115.08011103447437,-25.533669961111112,159.70655900447085,31.010571872536463,37.56233250464281,9876.501762325419,45.65046985692815,76.45744507586065,58664.8928500036,22.476984315825266,48.10177103767007,33085.11651990794,4372.2205005724,6037.045908916631,1.6250761278434418,82.63832202874399,1.0694832355525046,1.0897247358851685,17.628750173684214,113.29759710851721,-24.952132483333333,159.530566236192,31.46154558355364,38.485844523330925,10368.121600718008,42.125275568250444,71.57080154539896,51275.89867868511,22.87075810471544,48.35265528707123,33478.57356084025,4437.217236090082,6224.566258946072,1.584440983026397,39.24512190130572,1.100400386564318,1.0897247358851685,17.350533684210525,112.90832088806934,-24.986395222222225,160.05709775529456,35.18142162435328,41.40555487979272,12000.939824324683,43.65677343375749,74.31733471437659,55312.979126303275,23.03900569537806,48.69906389521756,33880.19491400074,4344.014472436766,5872.398608372673,1.6731060989903717,-44.42121594619434,1.0538158293530215,1.0897247358851685,17.87346076842105,112.7983043617577,-24.75026241111111,160.37472142746606,"[-266.51789551  205.54303913  -48.38911185  -21.68613832   26.60077199
  -12.77185873  -15.68461443   -1.17355547   -7.80848656   -8.14110613
   -5.07609894   -6.17284807   -6.41929835   -6.33058675   -6.02020897
   -5.47403257   -5.39609331   -5.52825194   -5.91252872   -6.49187693]","[46.77989491 22.95173635 31.06198325 13.91949701 12.90965968 11.88220082
  8.8526685   8.34589892  7.69100836  7.86371738  8.04704022  7.72327479
  7.93469826  7.85031373  7.95826493  8.15310499  8.75796087  9.45394577
  8.56561959  7.36236319]","[-0.93031731 -1.09917809  0.21995215  0.49103453 -0.08439662  0.00965927
  0.09869543 -0.03523329 -0.08275276  0.13353107  0.32432408  0.23486005
  0.29019851  0.35292169  0.55577774  0.45410855  0.40719345  0.74739639
  0.51899562  0.21741433]","[ 1.37823842  2.26354297 -0.58470028  0.71055513  0.23979624 -0.36024409
  0.15722882 -0.14634403 -0.03968133  0.04271318  0.07609819  0.29406576
  0.28569159  0.49167481  0.60044712  0.33175308  0.13631959  0.65379329
  0.80728176  0.99172598]","[-6.69235987e-03 -3.95112868e-03  1.35045156e-03 -7.15906483e-04
 -1.28504028e-03  1.88691230e-04  8.70553271e-05  1.39420310e-04
  2.12981761e-04 -6.24935790e-05  7.49461108e-05  2.14266530e-04
  2.16908935e-04 -4.93572808e-05 -1.68755053e-04  2.45068325e-04
  2.85377159e-04  1.50945734e-04  2.38835037e-04  2.86228611e-05]","[9.2744225  5.49670212 6.76370295 4.65720987 4.0702164  4.04890676
 3.73675258 3.61440974 3.52083531 3.51589231 3.41322775 3.35987403
 3.44062039 3.3350489  3.33612016 3.30556947 3.25870993 3.26268582
 3.21133975 3.20806389]","[-3.98201383e-03 -3.14486814e-03  1.07110863e-04  8.73365226e-04
  7.63690966e-04  8.29198968e-05 -2.66760981e-04  1.76245575e-04
  2.83184863e-04  2.35831591e-04  1.80471461e-04  6.70769602e-05
  1.60218031e-04  1.93795163e-04  1.09047799e-04 -1.24621494e-04
 -3.68672270e-04 -2.60095503e-04  2.98859537e-07  2.04009744e-04]","[10.58527892  6.34979756  8.30003199  5.98190155  5.33544702  5.29579012
  5.00722936  4.89228749  4.75500226  4.75722568  4.64824558  4.55749233
  4.64864768  4.50744974  4.50700752  4.49719234  4.42921773  4.42621638
  4.35625095  4.34784679]"
37.476145129914926,45.39582536557803,14425.466724354403,62.920546877060616,103.01364126684443,106295.51192561224,21.474297669043402,42.17199214611918,25718.174858062655,3836.6665127281935,5193.467085760652,1.5047852693464405,702.4235109276007,2.486226436765324,0.7483314773547882,21.00086363157895,121.8040102859237,-29.041759166666672,153.25561721962112,38.06015688245168,45.83106161821455,14703.403463368053,60.621365005108586,99.41081358890624,99061.7114264467,23.896357977310938,45.90177063966186,29982.05337899344,3912.6397995904867,5087.059432784232,1.4735955623104888,1137.069279009242,3.0994127329600984,0.7071067811865476,21.421970789473683,129.3856438991066,-30.992932499999995,163.69968184418414,38.97592684195725,47.18665727206539,15586.06437157953,59.10841614789855,97.09441942648317,94478.65201475626,24.401736890675913,45.319653453652805,29180.60646801736,4790.333687479054,5497.412209371417,1.544430771048827,1401.2039587376787,2.278679468720297,1.0897247358851685,21.949232473684212,131.84412166424391,-31.670137833333335,164.7021170600315,39.54604451809452,47.99007345856615,16121.330053910027,61.4758508122232,98.81957283642166,97466.97436686823,24.638416288511124,44.69053355569019,28415.121625686817,5298.873748768936,5233.311037703535,1.7215892336102043,1397.2748626342695,1.900465650895384,0.82915619758885,22.20168910526316,132.04125609489014,-31.92504008888889,163.95177336844839,40.77053851369187,49.3825325331531,17070.441635715473,61.857492321271444,99.49136540559498,98835.59396781819,24.239596037290514,43.682498421198346,27196.93825336466,4758.074525887826,5084.649343489971,1.6581024287327961,1419.2206928052935,1.9866726203694913,0.82915619758885,22.512009210526315,132.28080385589806,-32.108196822222226,162.69581617570464,40.67455465729615,49.23294816177128,16967.18229289761,62.02097570113605,100.78224832781032,101375.0082565637,24.914222330187407,44.01196080249968,27578.381992861785,4368.933314807894,4998.096481911158,1.570036315169464,1424.0110925204094,2.2071847520994585,1.0897247358851685,22.497253684210524,132.38592774993063,-31.963447055555555,162.92728928927977,40.38951829143607,48.52366320788347,16481.821237784727,62.19406993148378,100.05867164662226,100200.84341689666,23.92446416421816,43.54487277233157,27031.39247239532,4037.3212972062156,5076.554275274844,1.464978108825755,1477.9474609259905,2.075374532457132,1.0897247358851685,22.562909421052627,132.53769014205852,-32.04534164444445,162.65714347031926,40.617101589521084,48.46125363859412,16439.451729569068,63.722308232024076,102.50549262085734,105256.80550053483,23.513791067290242,42.92838153652991,26287.863564845196,3943.140336637169,4996.204629199722,1.498472511053093,1473.3916030964617,1.9767398483244236,1.0897247358851685,22.85755763157895,132.47593325558992,-31.882442944444456,161.65153406539451,39.947268276369066,47.28596810362814,15651.739456481368,64.35208105677225,102.47894134868964,105298.74577476285,23.860102799376275,43.30844604132975,26727.85459025896,4136.458652595217,5100.376236645316,1.5446963373969027,1571.1841925563251,2.3321622960324495,1.0897247358851685,22.707433842105264,132.68683720544652,-31.883383027777775,162.25979782040696,39.1836762318702,47.656444042894435,15897.9566116947,63.35483485047611,100.86554023146614,101574.94004061527,24.40192776284908,44.187985371976886,27805.763702285214,4048.5692582876572,5064.450409717837,1.5110668805192558,1527.3541507821824,2.473846520713407,1.0897247358851685,22.385088052631584,132.67513845575309,-31.93241661111112,163.575423106903,41.14848421985749,50.31769737973203,17723.094687188037,63.30404375260695,100.69772343384186,100809.36945210441,23.10845441659082,43.42803151801629,26901.08083520069,3207.117975351219,4629.549512759549,1.404862607206276,1375.5443637829853,2.5479942060996605,1.0897247358851685,22.68378013157894,132.27217180174014,-31.86929244444444,162.62538167688706,44.155363738290326,52.94722529525401,19623.860665264703,66.66945112313357,104.36235896349221,107896.37662028181,23.3255662786216,43.27858717599277,26676.9145813779,3109.081067518537,4523.418007817111,1.4349516570093832,1190.6412954522607,2.0604286482931577,0.4898979485566356,23.14285402631579,131.77976805919462,-31.686564305555546,161.78939066505978,45.291136308402386,53.32827437455615,19907.333934375594,69.76469957586453,108.36165324109928,116235.39609647477,23.7002777769646,43.63612988336037,27127.292684658536,3670.855735964842,4724.364777886159,1.5225374116919417,1118.0114389948617,3.2795840633504203,2.6246692913372702,23.07672292631579,131.48271518002164,-31.861364155555552,161.50582129992233,"[-251.27388731  219.76219872  -54.47852619  -18.40154487   21.39916983
   -7.06695226   -8.45108694   -1.34836509   -9.18340731   -9.39813703
  -10.72022142   -8.81475045   -4.92080753   -8.81246232  -10.79261716
  -10.1220096    -8.13824522   -4.95998011   -5.01764954   -7.61421242]","[37.47326717 16.22466229 21.46632088 12.47033933 17.56195114  9.88060718
  9.86499295  8.79670083  8.07525964  8.77015316  7.51548622  9.10497623
  8.29204591  7.17734469  7.04706751  7.18635796  7.65065231  7.26029176
  6.85120674  6.85183286]","[-0.53948947 -1.08159089 -0.02075661  0.12448581 -0.55651422 -0.12592792
  0.10192094 -0.11215093  0.07442653  0.04868546  0.06905983  0.05787599
  0.173143    0.01130576  0.37337829  0.36861539  0.57940113 -0.11209797
  0.04540318  0.34488929]","[ 1.35285035e+00  4.60936961e+00 -2.16131716e-01 -2.62156594e-01
  9.63601761e-02 -8.90138141e-02 -2.42292259e-01  1.75797540e-01
  3.86657575e-02 -3.91327667e-02  4.37749327e-03 -2.80526399e-01
 -9.27896772e-02  1.23846949e+00  9.02465917e-01  3.86086626e-01
  1.13560375e+00  4.15480025e-01  3.91191279e-01  1.07811711e+00]","[-7.48962436e-03 -4.82732232e-03  1.13385454e-04 -1.04092479e-03
 -1.42641651e-03 -5.20411261e-04  7.79555353e-04  4.14232045e-04
  2.52805283e-04  4.35051713e-04  6.38630316e-04  6.19584809e-04
  2.72463652e-05  2.57209085e-04  1.85615274e-04  2.00714794e-04
  1.50822071e-04  1.15333204e-04  2.92171148e-04  2.91899346e-04]","[11.22258268  6.70755842  5.95236489  5.63042132  6.14591647  5.16539044
  4.21390263  3.95502883  4.11795435  4.33376009  3.82411438  3.66585744
  3.83977179  3.85099351  3.6267204   3.48915481  3.42667473  3.49642727
  3.56282569  3.41753746]","[ 3.72272558e-04 -8.04588362e-04 -8.48885496e-06  8.90882810e-04
 -2.82154853e-04  1.77389144e-05 -8.50644119e-05 -5.07006123e-05
 -9.90064664e-05 -4.46127951e-05 -3.10126722e-05 -1.88226006e-04
  1.83065211e-04  8.11746142e-05  1.51901030e-04  1.76672914e-05
 -1.34381490e-05  5.37451822e-05 -1.58321294e-05  1.73230811e-04]","[11.46293767  8.1174142   6.62903236  6.95874424  7.54421579  6.50478496
  5.47218991  5.17816964  5.4100818   5.59485458  5.07448099  4.90199549
  5.06214072  5.06871224  4.87976309  4.72416128  4.6337082   4.78620729
  4.83369342  4.65608202]"
67.42214423420346,85.78159155522114,51509.3701482275,87.11742487709209,145.69588504369605,207671.5590628367,10.255236860960594,24.36565761742939,8828.11686861016,735.0,1039.4469683442248,0.6365141682948128,0.0,0.0,0.0,27.446038421052634,116.44367930539703,-28.970818333333334,119.44974404891393,53.387145399591255,66.36838721971927,30833.339755026172,75.841210894927,124.55196999442657,153246.14106159756,11.93818252734038,26.470611748993818,10354.00904171519,898.4354827229901,1639.4349324137659,0.8377044768742412,832.1949406544641,2.095788946437943,0.0,25.086403873684212,118.73238592519128,-29.17141357777778,126.37929510156378,20.724298133386863,24.531519367761536,4212.568097436016,37.01554051755124,54.69661468758119,30939.664629522667,17.137018286809987,35.4012580046265,18664.189761220405,7774.000261751553,6682.7228366940635,1.7213244679057622,1598.1572366673845,8.987200172721405,1.1055415967851334,14.947390789473678,104.71123989784793,-24.581303194444438,134.54835338987948,14.884325415867412,19.52630655810835,2668.936534608576,28.010249403307867,39.3716386114684,16423.59334548265,18.24624313898047,36.53066067461928,19977.16788937951,9206.110090374903,7191.6730152651,1.692891350437671,2007.3060448274437,6.246613210601803,0.4517539514526256,12.941139447368423,102.63398292990317,-23.443656972222225,136.36207896117037,15.760875653083799,22.777901237413225,3631.829493469457,31.607948864368144,44.81870660235624,21361.666084299297,17.45817881198876,36.916521846316705,19876.96225890633,4761.361439318407,3457.931236446129,1.3571869719139662,3465.5382206933787,4.751841498225434,3.0,16.015892684210527,119.27414924699573,-27.825357888888895,147.6980049936704,18.976731742329413,24.632613391831814,4247.359497580164,30.829346832089612,43.8740509198052,20542.328585768057,17.137824244166723,35.26981621602305,18019.89273794684,5888.9814596135775,3461.935977729991,1.5314764853799163,4649.083690971249,4.071642548950184,0.4714045207910317,17.741080021052632,127.83424836903214,-29.723905866666662,152.80476914170796,17.8094423708308,24.041564592357723,4045.97779633956,29.231674961080532,41.88531444173421,18699.430099737914,16.855299781308272,34.97518236914277,17747.86680098261,6488.121762154817,3428.9756573947366,1.5046340603509212,4717.540464361965,3.754518033824836,0.4714045207910317,17.65879473473684,128.05062152764805,-29.79315650222222,152.740397734559,17.933969128711087,24.436230110665406,4179.905394149734,30.213101851980834,43.699921419669714,20336.197813253133,16.770193503523817,34.99658688783416,17754.56214326442,6603.419628821475,4149.955823887757,1.6888263950641529,4514.869757965707,3.8289569193654835,0.4714045207910317,17.788526505263157,127.62895083777273,-29.766694466666664,152.32561395654696,17.616861821705978,23.73418717897955,3943.181487327861,29.3818817453641,41.73456210342858,18565.32906216014,16.83684259814996,35.87527769103671,18620.520941230883,6001.583122351704,3993.9469292059935,1.549669596130255,4515.132462943998,4.087706878514043,0.816496580927726,17.64746882105264,127.50854958087682,-29.573126411111122,153.61028964925222,17.16918128360927,23.053411004568844,3720.218312619031,28.615186110443744,39.30164705900964,16462.37901351756,17.68144044090319,36.36372012194649,19098.726017183788,6140.878608673661,4161.9800920830285,1.6025808171210478,4529.929353167685,3.883335139790595,0.9428090415820634,17.42299945105263,127.534230297972,-29.518603190555567,154.49058704627583,17.496148386603476,23.394550574154334,3831.1349759666537,28.83534226018505,39.76364313635528,16829.629437464322,17.18954653684158,36.123841866163325,18875.26515721452,6122.083214642256,4398.350571675257,1.531181840274634,4472.432965793726,3.9551690293524855,0.4714045207910317,17.432067368421055,127.47673813772926,-29.654422388888893,154.14764092710894,20.646161977835327,25.004967284157882,4376.738722172642,29.84679976700112,42.359881816098635,19032.26616856765,16.966816332855277,35.897427804380726,18664.866370354874,6448.459015930131,3874.301142103474,1.8098432782269025,4343.458889000375,5.456152078009174,0.5,17.728874915789476,127.19292550312451,-29.774898144444446,153.4493411319296,20.080546336294933,24.49800860802236,4201.066980311163,29.914379155236155,40.86593101375196,17691.476223833954,18.156934019926787,36.4412471008051,19173.04181426749,7106.271244468253,4075.8571650940494,1.5304067073096996,4327.379583637683,3.966462679194439,0.4714045207910317,17.628751254210524,127.20816160948962,-29.61844275388889,154.358151590121,"[-142.85231165  143.31299708   -2.86138003   79.22003979  -30.22189371
   36.40183331    0.56970188    9.82081662   -2.74496307    0.66645479
    7.61493768   -9.14118628   11.85183422  -14.11274857   10.10546389
   -7.51657804    1.9614908     1.25710912   -5.69610535    7.96377567]","[70.56000009 25.32954632 29.89753721 23.57146524 16.85289641 13.84893926
 12.40025312  9.6621215   7.60456341  9.93898884  9.01283669  8.21834405
 10.07758255  7.9770416   7.3080727   6.64414038  7.05230163  7.7742784
  7.23008148  7.56842257]","[-1.37257809e+00 -1.80322629e-01  9.22281707e-01 -7.60699183e-01
  6.05496141e-01 -7.49519809e-01 -7.24963374e-02 -7.61062426e-02
  1.30932285e-01 -4.56235936e-01 -2.32883488e-01  2.74740947e-01
 -6.99098079e-01  4.40288761e-01 -2.88470787e-01  2.21101234e-04
  2.76967370e-02  3.74560854e-01  2.13407536e-01  1.12537720e-01]","[ 3.89667441  2.13799821  1.39726284  0.97180805  0.18691386  0.58541126
 -0.09168988 -0.12985247  0.22767781  0.80427645  0.0506842   0.07636433
  0.75701245  0.66724229  0.99016278  0.82878637  0.92534365  0.55868716
  0.6147253   0.40057275]","[ 1.32583091e-03  1.71134339e-03  1.31187675e-03  8.78780383e-04
  5.75867726e-04  4.35750971e-04  3.86403961e-04  3.43293593e-04
  2.73048168e-04  1.92354295e-04  1.34745967e-04  1.24843283e-04
  1.65121356e-04  2.27310645e-04  2.58881146e-04  2.17873150e-04
  1.15138478e-04  1.70260734e-05 -7.54826714e-06  5.08248137e-05]","[20.87061903  8.54571481  8.63286388  7.5263178   6.29480662  5.37393401
  4.69788444  4.32627704  3.88811008  4.07479842  3.96663371  4.18459115
  4.04847086  3.89082677  3.50384578  3.4816352   3.37422483  3.57368519
  3.51871256  3.66795171]","[-8.75405585e-04 -9.92050462e-04 -5.00848964e-04 -1.85399251e-04
 -1.49289386e-04 -1.74479861e-04 -8.37788410e-05  9.73888123e-05
  2.76812692e-04  3.91832877e-04  3.79890611e-04  2.21170125e-04
  3.14934420e-05 -1.44835190e-05  1.17289866e-04  2.82914771e-04
  3.33762853e-04  2.56162122e-04  1.39797721e-04  7.47127275e-05]","[20.72874123  9.05856228  9.41256506  7.98348729  7.06345324  6.46785239
  5.5797205   5.52610461  5.10125196  5.11266229  5.21846699  5.4541911
  5.01527018  5.02275985  4.73794368  4.74281214  4.62220424  4.71237723
  4.72164203  4.86822306]"
69.50832007943883,88.43584538088878,54746.291237627265,89.8130120545984,150.20400681259943,220721.9312041502,10.572554378365366,25.1195797442337,9382.888118762477,735.0,1039.4469683442248,0.6365141682948128,0.0,0.0,0.0,28.295273684210525,120.04667938580715,-29.86723333333333,123.14575777830197,69.50832137235182,88.43584702586958,54746.29327428104,89.81301372519565,150.20400960651972,220721.93941537582,10.572554575023732,25.11958021147892,9382.888467821636,735.0,1039.4469683442248,0.6365141682948128,0.0,0.0,0.0,28.29527421052632,120.04668161877596,-29.86723388888889,123.14576006891622,69.5083226652648,88.43584867085038,54746.29531093483,89.8130153957929,150.20401240044006,220721.94762660167,10.572554771682096,25.119580678724144,9382.8888168808,735.0,1039.4469683442248,0.6365141682948128,0.0,0.0,0.0,28.295274736842106,120.04668385174476,-29.867234444444446,123.14576235953045,69.50832395817777,88.43585031583117,54746.297347588676,89.81301706639016,150.2040151943604,220721.95583782767,10.572554968340462,25.11958114596936,9382.889165939969,735.0,1039.4469683442248,0.6365141682948128,0.0,0.0,0.0,28.295275263157894,120.04668608471353,-29.867235,123.14576465014468,69.50832525109075,88.43585196081197,54746.299384242564,89.81301873698739,150.20401798828073,220721.96404905373,10.572555164998828,25.119581613214585,9382.889514999146,735.0000000000001,1039.4469683442248,0.6365141682948128,0.0,0.0,0.0,28.29527578947368,120.04668831768232,-29.867235555555553,123.1457669407589,69.50832654400372,88.43585360579276,54746.30142089645,89.81302040758463,150.20402078220104,220721.97226027996,10.5725553616572,25.119582080459814,9382.889864058332,735.0,1039.4469683442248,0.6365141682948128,0.0,0.0,0.0,28.295276315789472,120.04669055065106,-29.867236111111108,123.14576923137315,69.5083278369167,88.43585525077357,54746.303457550435,89.81302207818187,150.20402357612136,220721.98047150637,10.572555558315564,25.119582547705033,9382.890213117525,734.9999999999999,1039.4469683442248,0.6365141682948128,0.0,0.0,0.0,28.295276842105267,120.04669278361987,-29.86723666666667,123.14577152198741,69.50832912982965,88.43585689575434,54746.30549420439,89.81302374877914,150.20402637004173,220721.98868273303,10.572555754973935,25.11958301495026,9382.890562176726,734.9999999999999,1039.4469683442248,0.6365141682948128,0.0,0.0,0.0,28.295277368421054,120.04669501658864,-29.867237222222222,123.14577381260163,69.50833042274262,88.43585854073515,54746.30753085842,89.8130254193764,150.20402916396205,220721.9968939597,10.572555951632296,25.119583482195477,9382.890911235923,735.0,1039.4469683442248,0.6365141682948128,0.0,0.0,0.0,28.29527789473684,120.04669724955744,-29.867237777777778,123.14577610321587,69.5083317156556,88.43586018571594,54746.309567512486,89.81302708997364,150.20403195788236,220722.00510518652,10.572556148290662,25.119583949440695,9382.891260295135,735.0,1039.4469683442248,0.6365141682948128,0.0,0.0,0.0,28.29527842105263,120.04669948252622,-29.867238333333333,123.14577839383008,69.50832137235182,88.43584702586958,54746.29327428104,89.81301372519565,150.20400960651972,220721.93941537582,10.572554575023732,25.11958021147892,9382.888467821636,735.0,1039.4469683442248,0.6365141682948128,0.0,0.0,0.0,28.29527421052632,120.04668161877596,-29.86723388888889,123.14576006891622,69.50832150164317,88.43584719036768,54746.29347794645,89.81301389225537,150.20400988591177,220721.9402364984,10.57255459468957,25.119580258203445,9382.888502727552,735.0000000000001,1039.446968344225,0.6365141682948128,0.0,0.0,0.0,28.295274263157896,120.04668184207286,-29.867233944444447,123.14576029797766,69.50832163093436,88.4358473548657,54746.29368161175,89.81301405931514,150.20401016530383,220721.9410576211,10.572554614355406,25.119580304927965,9382.888537633467,735.0,1039.4469683442248,0.6365141682948128,0.0,0.0,0.0,28.295274315789477,120.04668206536974,-29.867234000000003,123.14576052703909,"[-191.53653625  116.30574251  -60.05821762   55.87953391   -3.54213362
    8.05823936    7.02082346   -0.99550599  -15.45091812    2.49068553
   -2.39716771  -11.2649064    -9.77361093   -3.10741878   -2.26023573
    0.37108918    3.99672424   -1.69724222    1.98464042   -2.08846852]","[77.94236337 28.48717793 26.61299128 20.00103823 20.62650129 14.85800756
 18.09682377 13.78753299 11.17695367 14.0237187  10.03004632 10.5941468
 11.10208602 14.03561803 15.86420745 14.82797426 12.87712079 12.47207143
 13.42254133 12.78935209]","[-2.12078414 -1.52087288  1.02509918 -0.05311879 -0.12749539  0.27903285
  0.31485409 -0.13603345 -0.09651729  0.13489138 -0.1615364   0.10901579
  0.11179613  0.56740227  0.72373482  0.6843768   0.8242531  -0.17167369
 -0.22530595 -0.39360596]","[ 6.63269754  3.8476392   1.06616275  0.70686735 -0.12308279  0.07670587
  0.16270823 -0.20851009 -0.20156472  0.21181638  0.14041062  0.69343307
  0.04062286  0.97507043  0.29995694  0.38282946  1.1174158   0.75381702
  1.25135458  1.07777384]","[-1.64156626e-09 -1.42679264e-18 -2.14018896e-18 -6.06386873e-18
 -1.26627847e-17 -3.56698161e-19 -7.13396321e-19 -5.17212333e-18
  8.91745401e-19 -7.49066137e-18  7.22313775e-18 -3.03193436e-18
 -4.81542517e-18 -7.13396321e-19 -1.51596718e-18 -3.65615615e-18
  1.78349080e-19 -6.59891597e-18 -5.70717057e-18 -1.87266534e-18]","[18.76060318  8.32216424  6.74599863  5.62153355  8.39501334  5.51863971
  6.29494287  5.14794955  4.76233779  4.82387204  4.53520376  4.43220738
  4.35321216  4.60249695  4.65289426  4.51644207  4.57712386  4.48318544
  4.54410138  4.49003512]","[ 4.97012934e-10  1.33768525e-18 -4.81566692e-18 -2.67537051e-18
 -1.15932722e-17 -9.05167022e-18  2.27406493e-18 -3.56716068e-19
 -1.20391673e-18 -2.67537051e-19 -1.24850624e-18 -2.07787110e-17
  2.40783346e-18 -6.42088922e-18 -6.06417316e-18  6.73301578e-18
 -6.68842627e-18  5.12779348e-18 -6.24253119e-18 -3.96846626e-18]","[16.79863024  8.89527115  7.08724357  6.13305061  8.66869242  6.22605459
  6.92652767  6.04764107  5.7482242   5.69942008  5.5740978   5.48490748
  5.36780024  5.44189388  5.52976459  5.37135731  5.49907111  5.25271177
  5.34721874  5.2661226 ]"
