mfcc_0_wavelet_mean_l1,mfcc_0_wavelet_std_l1,mfcc_0_wavelet_mean_l3,mfcc_0_wavelet_std_l3,mfcc_0_wavelet_mean_l5,mfcc_0_wavelet_std_l5,mfcc_0_mod_mean_freq,mfcc_0_mod_std_freq,mfcc_0_teager_energy,mfcc_0_temporal_peak_valley_ratio,mfcc_0_temporal_rhythm_strength,mfcc_0_temporal_mean_delta,mfcc_1_wavelet_mean_l1,mfcc_1_wavelet_std_l1,mfcc_1_wavelet_mean_l3,mfcc_1_wavelet_std_l3,mfcc_1_wavelet_mean_l5,mfcc_1_wavelet_std_l5,mfcc_1_mod_mean_freq,mfcc_1_mod_std_freq,mfcc_1_teager_energy,mfcc_1_temporal_peak_valley_ratio,mfcc_1_temporal_rhythm_strength,mfcc_1_temporal_mean_delta,mfcc_2_wavelet_mean_l1,mfcc_2_wavelet_std_l1,mfcc_2_wavelet_mean_l3,mfcc_2_wavelet_std_l3,mfcc_2_wavelet_mean_l5,mfcc_2_wavelet_std_l5,mfcc_2_mod_mean_freq,mfcc_2_mod_std_freq,mfcc_2_teager_energy,mfcc_2_temporal_peak_valley_ratio,mfcc_2_temporal_rhythm_strength,mfcc_2_temporal_mean_delta,mfcc_3_wavelet_mean_l1,mfcc_3_wavelet_std_l1,mfcc_3_wavelet_mean_l3,mfcc_3_wavelet_std_l3,mfcc_3_wavelet_mean_l5,mfcc_3_wavelet_std_l5,mfcc_3_mod_mean_freq,mfcc_3_mod_std_freq,mfcc_3_teager_energy,mfcc_3_temporal_peak_valley_ratio,mfcc_3_temporal_rhythm_strength,mfcc_3_temporal_mean_delta,mfcc_4_wavelet_mean_l1,mfcc_4_wavelet_std_l1,mfcc_4_wavelet_mean_l3,mfcc_4_wavelet_std_l3,mfcc_4_wavelet_mean_l5,mfcc_4_wavelet_std_l5,mfcc_4_mod_mean_freq,mfcc_4_mod_std_freq,mfcc_4_teager_energy,mfcc_4_temporal_peak_valley_ratio,mfcc_4_temporal_rhythm_strength,mfcc_4_temporal_mean_delta,mfcc_5_wavelet_mean_l1,mfcc_5_wavelet_std_l1,mfcc_5_wavelet_mean_l3,mfcc_5_wavelet_std_l3,mfcc_5_wavelet_mean_l5,mfcc_5_wavelet_std_l5,mfcc_5_mod_mean_freq,mfcc_5_mod_std_freq,mfcc_5_teager_energy,mfcc_5_temporal_peak_valley_ratio,mfcc_5_temporal_rhythm_strength,mfcc_5_temporal_mean_delta,mfcc_6_wavelet_mean_l1,mfcc_6_wavelet_std_l1,mfcc_6_wavelet_mean_l3,mfcc_6_wavelet_std_l3,mfcc_6_wavelet_mean_l5,mfcc_6_wavelet_std_l5,mfcc_6_mod_mean_freq,mfcc_6_mod_std_freq,mfcc_6_teager_energy,mfcc_6_temporal_peak_valley_ratio,mfcc_6_temporal_rhythm_strength,mfcc_6_temporal_mean_delta,mfcc_7_wavelet_mean_l1,mfcc_7_wavelet_std_l1,mfcc_7_wavelet_mean_l3,mfcc_7_wavelet_std_l3,mfcc_7_wavelet_mean_l5,mfcc_7_wavelet_std_l5,mfcc_7_mod_mean_freq,mfcc_7_mod_std_freq,mfcc_7_teager_energy,mfcc_7_temporal_peak_valley_ratio,mfcc_7_temporal_rhythm_strength,mfcc_7_temporal_mean_delta,mfcc_8_wavelet_mean_l1,mfcc_8_wavelet_std_l1,mfcc_8_wavelet_mean_l3,mfcc_8_wavelet_std_l3,mfcc_8_wavelet_mean_l5,mfcc_8_wavelet_std_l5,mfcc_8_mod_mean_freq,mfcc_8_mod_std_freq,mfcc_8_teager_energy,mfcc_8_temporal_peak_valley_ratio,mfcc_8_temporal_rhythm_strength,mfcc_8_temporal_mean_delta,mfcc_9_wavelet_mean_l1,mfcc_9_wavelet_std_l1,mfcc_9_wavelet_mean_l3,mfcc_9_wavelet_std_l3,mfcc_9_wavelet_mean_l5,mfcc_9_wavelet_std_l5,mfcc_9_mod_mean_freq,mfcc_9_mod_std_freq,mfcc_9_teager_energy,mfcc_9_temporal_peak_valley_ratio,mfcc_9_temporal_rhythm_strength,mfcc_9_temporal_mean_delta,mfcc_10_wavelet_mean_l1,mfcc_10_wavelet_std_l1,mfcc_10_wavelet_mean_l3,mfcc_10_wavelet_std_l3,mfcc_10_wavelet_mean_l5,mfcc_10_wavelet_std_l5,mfcc_10_mod_mean_freq,mfcc_10_mod_std_freq,mfcc_10_teager_energy,mfcc_10_temporal_peak_valley_ratio,mfcc_10_temporal_rhythm_strength,mfcc_10_temporal_mean_delta,mfcc_11_wavelet_mean_l1,mfcc_11_wavelet_std_l1,mfcc_11_wavelet_mean_l3,mfcc_11_wavelet_std_l3,mfcc_11_wavelet_mean_l5,mfcc_11_wavelet_std_l5,mfcc_11_mod_mean_freq,mfcc_11_mod_std_freq,mfcc_11_teager_energy,mfcc_11_temporal_peak_valley_ratio,mfcc_11_temporal_rhythm_strength,mfcc_11_temporal_mean_delta
65.48513693005684,83.31712574371267,84.6145811864613,141.51010903910284,9.960608605940529,23.665643440909715,735.0000000000002,1039.446968344225,0.0,0.0,0.0,26.65752631578947,65.48514985918654,83.31714219352061,84.6145978924338,141.5101369783062,9.960610572524196,23.665648113361936,735.0000000000001,1039.446968344225,0.0,0.0,0.0,26.65753157894737,65.48516278831627,83.31715864332858,84.61461459840629,141.5101649175095,9.96061253910786,23.66565278581416,735.0,1039.4469683442248,0.0,0.0,0.0,26.657536842105262,65.4851757174459,83.31717509313641,84.61463130437876,141.5101928567128,9.960614505691524,23.665657458266377,735.0,1039.446968344225,0.0,0.0,0.0,26.657542105263158,65.48518864657564,83.31719154294443,84.61464801035123,141.5102207959161,9.96061647227519,23.665662130718605,735.0,1039.4469683442248,0.0,0.0,0.0,26.657547368421053,65.48520157570535,83.31720799275234,84.6146647163237,141.5102487351194,9.960618438858855,23.665666803170826,735.0,1039.4469683442248,0.0,0.0,0.0,26.657552631578948,65.48521450483506,83.3172244425603,84.61468142229619,141.51027667432277,9.960620405442524,23.665671475623057,735.0,1039.4469683442248,0.0,0.0,0.0,26.657557894736843,63.717519258148435,82.29457511230426,83.55296123580246,139.93896395497703,10.923564996497346,19.58080513765668,1149.372218700081,2868.377177967899,214.24946787880407,1.0559992966848004,0.4714045207910317,25.957640426315788,63.67063832453619,82.30978112304354,83.7154692385543,139.99744704006565,11.108698598532868,18.75146693875897,1284.6955376853223,3254.866535006684,264.67298747981437,1.0713796954965342,0.4714045207910317,25.87247322631579,65.48522743396475,83.31724089236825,84.61469812826867,141.51030461352605,9.96062237202619,23.665676148075278,735.0,1039.4469683442248,0.0,0.0,0.0,26.657563157894735,65.48524036309443,83.31725734217618,84.61471483424116,141.51033255272938,9.96062433860985,23.665680820527495,735.0,1039.4469683442248,0.0,0.0,0.0,26.657568421052634,65.4852532922242,83.31727379198415,84.61473154021363,141.5103604919327,9.960626305193518,23.665685492979723,735.0,1039.4469683442248,0.0,0.0,0.0,26.657573684210526
76.18697839208151,96.93314172201225,98.44263249221497,164.6362537370643,11.588410870138407,27.53317699240749,735.0,1039.4469683442248,0.0,0.0,0.0,31.014005263157898,76.18697968499448,96.93314336699302,98.44263416281221,164.6362565309846,11.588411066796779,27.53317745965272,735.0,1039.446968344225,0.0,0.0,0.0,31.014005789473686,76.18698097790742,96.93314501197379,98.44263583340945,164.6362593249049,11.588411263455145,27.533177926897938,734.9999999999999,1039.4469683442248,0.0,0.0,0.0,31.014006315789473,76.18698227082048,96.93314665695469,98.44263750400671,164.63626211882527,11.588411460113504,27.533178394143153,735.0,1039.4469683442248,0.0,0.0,0.0,31.01400684210526,76.18698356373339,96.93314830193542,98.44263917460397,164.63626491274562,11.58841165677187,27.533178861388375,735.0,1039.4469683442248,0.0,0.0,0.0,31.01400736842105,76.1869848566463,96.9331499469162,98.44264084520123,164.636267706666,11.588411853430243,27.533179328633604,735.0,1039.4469683442248,0.0,0.0,0.0,31.014007894736846,76.1869861495594,96.93315159189706,98.44264251579847,164.63627050058628,11.588412050088607,27.533179795878826,734.9999999999998,1039.4469683442248,0.0,0.0,0.0,31.014008421052633,75.83051255532872,96.75176081770228,98.28221386445881,164.38275748204015,12.070597293913552,26.923052391677956,778.6869067503901,1351.455919038588,31.046204823039847,0.8914939043692025,0.5,30.89157089631579,75.7270059336768,96.70509970249272,98.24996869045881,164.328845713769,12.19890107464493,26.81138099402774,798.807191339967,1472.0925722453528,37.471502863684606,0.8723983912724762,0.5,30.860018552631573,76.18698744247233,96.93315323687783,98.44264418639571,164.6362732945066,11.588412246746977,27.533180263124052,735.0,1039.4469683442248,0.0,0.0,0.0,31.01400894736842,76.183809161638,96.93213021852249,98.4438205011542,164.63819126956582,11.588565309489153,27.53352830189106,735.0081790576176,1039.449860425069,0.8398077024360207,0.0,0.0,31.014083264105256,76.11654404271697,96.92498159678516,98.49377561496995,164.72047202878971,11.5948130336776,27.54799242648256,735.2215612851518,1039.5255518414783,35.41031513304694,0.0,0.0,31.022148052631582
63.217399902163116,80.43187055506586,81.68439537863134,136.6096426259074,9.615674747434992,22.846107002019746,735.0,1039.4469683442248,0.0,0.0,0.0,25.73438157894737,63.21740003145443,80.43187071956395,81.68439554569106,136.60964290529944,9.61567476710083,22.846107048744265,735.0,1039.4469683442248,0.0,0.0,0.0,25.734381631578948,63.217400160745704,80.43187088406201,81.6843957127508,136.60964318469152,9.615674786766665,22.846107095468795,735.0000000000001,1039.4469683442248,0.0,0.0,0.0,25.73438168421053,63.20046921212041,80.33704291890547,81.7162460010106,136.5926114267584,9.616981471551336,22.848077432222798,733.3066967485379,1038.8533766289734,3.4338640169007553,0.9853468377652417,0.0,25.72929576031579,63.21740029003703,80.4318710485601,81.6843958798105,136.60964346408352,9.615674806432501,22.846107142193308,734.9999999999999,1039.4469683442248,0.0,0.0,0.0,25.734381736842106,63.2014403378396,80.42678289480942,81.69038086884949,136.61940484325783,9.616451894458683,22.847876874814247,735.0496735094903,1039.4645433527583,3.509838483671532,0.0,0.0,25.734775131263152,63.15180781616787,80.41755890428671,81.72032929135585,136.668620039797,9.620228612927697,22.85659149511106,735.2265282103112,1039.527319968454,20.788357239310372,0.0,0.0,25.738935624736843,63.174049325883054,80.42204405662962,81.70755338345616,136.64763837109527,9.618614181539867,22.852869017626556,735.1483426487183,1039.499528177513,13.403551266292807,0.0,0.0,25.737238490526316,63.19495988535731,80.42472574017575,81.69282088420293,136.62338520291325,9.616767524172737,22.84859798331093,735.0698951067492,1039.4717052413098,4.936452217109725,0.0,0.0,25.734937487894733,63.21740041932834,80.4318712130582,81.68439604687023,136.60964374347557,9.615674826098338,22.84610718891784,735.0,1039.446968344225,0.0,0.0,0.0,25.734381789473684,63.217400548619636,80.43187137755628,81.68439621392996,136.6096440228676,9.615674845764172,22.84610723564235,734.9999999999998,1039.4469683442248,0.0,0.0,0.0,25.734381842105265,63.217400677910895,80.43187154205432,81.68439638098967,136.6096443022596,9.61567486543001,22.846107282366884,735.0,1039.4469683442248,0.0,0.0,0.0,25.734381894736842
80.48023813192627,102.39548139730552,103.99003441945928,173.91377352857836,12.241436608756164,29.084716150230385,735.0000000000001,1039.446968344225,0.0,0.0,0.0,32.76169473684211,80.4802394248392,102.39548304228629,103.99003609005653,173.91377632249873,12.241436805414528,29.084716617475603,734.9999999999995,1039.4469683442248,0.0,0.0,0.0,32.7616952631579,80.48024071775215,102.39548468726706,103.99003776065378,173.91377911641905,12.24143700207289,29.08471708472083,735.0,1039.4469683442248,0.0,0.0,0.0,32.761695789473684,80.48024201066512,102.39548633224783,103.99003943125105,173.91378191033942,12.241437198731262,29.084717551966055,735.0,1039.4469683442248,0.0,0.0,0.0,32.76169631578947,80.48024330357809,102.39548797722864,103.99004110184829,173.91378470425974,12.241437395389624,29.084718019211273,734.9999999999999,1039.4469683442248,0.0,0.0,0.0,32.761696842105266,80.48024459649109,102.39548962220948,103.99004277244555,173.9137874981801,12.241437592047994,29.0847184864565,735.0,1039.4469683442248,0.0,0.0,0.0,32.76169736842105,80.48024588940407,102.3954912671903,103.99004444304278,173.91379029210043,12.24143778870636,29.08471895370172,735.0,1039.4469683442248,0.0,0.0,0.0,32.76169789473684,80.480247182317,102.39549291217104,103.99004611364002,173.91379308602075,12.241437985364724,29.084719420946936,735.0,1039.446968344225,0.0,0.0,0.0,32.76169842105263,80.48024847523001,102.39549455715186,103.99004778423725,173.913795879941,12.241438182023094,29.084719888192158,735.0000000000001,1039.446968344225,0.0,0.0,0.0,32.761698947368416,80.48024976814297,102.39549620213266,103.9900494548345,173.91379867386138,12.241438378681456,29.084720355437383,735.0,1039.4469683442248,0.0,0.0,0.0,32.76169947368421,80.4802394248392,102.39548304228629,103.99003609005653,173.91377632249873,12.241436805414528,29.084716617475603,734.9999999999995,1039.4469683442248,0.0,0.0,0.0,32.7616952631579,80.48023955413048,102.39548320678433,103.99003625711623,173.91377660189067,12.241436825080363,29.084716664200133,735.0,1039.4469683442248,0.0,0.0,0.0,32.761695315789474
41.51823881253948,51.683778823347325,59.68061784600972,92.09190311602867,23.8111186360693,43.943746705434556,2463.100428047243,3890.211873263624,1374.866764309044,3.902684040394687,0.7071067811865476,21.7484598631579,38.41453997688816,47.070902362399316,53.46744332555692,84.62811098379656,25.414047911256894,47.136061868765964,3608.785077636507,5008.336857317842,1584.2422978261131,3.545989745967049,0.7071067811865476,20.589213789473686,39.308030812893115,46.243829516302675,53.97764299382906,86.95877437196957,27.129329687082443,46.89590912460431,4385.854243197386,5334.758149552686,1695.68155893676,3.7226477269453455,0.4330127018922193,20.531933894736838,39.57283522901446,45.592416763931,56.97853346484065,90.67832474616262,27.10678155136837,46.00533336832429,4539.020421789065,5119.409319038672,1712.3513220612397,3.5493871617334314,0.7071067811865476,20.643052684210524,38.91342475739997,45.68069061136847,54.34010849498408,87.57092307260561,25.693372510035466,45.654768024084056,3767.0549207120325,4923.434012631409,1659.3104074363189,2.9894946146738097,0.7071067811865476,20.75784226315789,40.217700407704385,48.86570917230026,54.88132626991889,88.67906263232626,24.70386463741442,44.649892885173074,2900.4993845509175,4401.1459549117535,1555.4024203543281,3.882176281500405,0.7071067811865476,21.365963089473688,41.95945956263184,51.48036393367122,57.90483150442815,92.55886406924958,24.172337437184623,44.31926357522663,2666.004446278758,4149.329286224774,1424.6486770687077,4.264840654470602,1.0897247358851685,21.892621310526323,40.41152872839852,49.88256724933364,60.46935133182167,95.24379187707146,24.01139552230507,44.39571678266371,3282.6032915500514,4714.375994401521,1408.1528863329202,2.9354445101516085,0.4330127018922193,21.87648187368421,41.37827220818762,49.70930299178352,60.21867862987771,94.5281165181654,24.763685179740712,44.87121196446899,3703.118753448199,4892.902872744726,1380.1766463056672,2.524666742866833,0.7071067811865476,21.703131684210526,41.795208333990836,50.91467893279178,57.632200761290974,95.1476134490136,24.54633739777647,44.190157463633064,3004.340840822821,4665.096091750218,1308.1880998893582,2.9829658534917276,0.7071067811865476,21.532949263157892,41.435251848856005,50.30891385511161,55.452091932831856,92.85205151322016,24.787622253314446,43.63125694601519,3083.6639281229413,4474.047941625834,1475.9847217197782,2.5011925365914727,0.7071067811865476,21.54180147368421,42.906132987034326,52.20019147541366,60.75915346889127,97.89614803830369,24.724262569142486,42.94556389035566,3006.9958822808403,4581.558014484569,1349.871412109058,2.7625171762450154,0.7071067811865476,21.817650263157905
69.63104984318852,88.59199518278581,89.9715934983523,150.46921970005366,10.591222173812072,25.16393299696628,735.0,1039.4469683442248,0.0,0.0,0.0,28.345234210526314,69.63104997247981,88.59199534728387,89.97159366541202,150.46921997944565,10.591222193477904,25.163933043690793,735.0,1039.4469683442248,0.0,0.0,0.0,28.34523426315789,69.79526882310802,88.67693368037672,89.87318298898866,150.30031298956686,10.6355211896427,25.214012637378268,738.453454562504,1041.5580400831714,76.87740229767329,1.3590067640776244,0.0,28.361940768421043,70.3575998727609,88.83406025462337,89.3525389501341,149.35558522801466,10.723697943252553,25.26791818033462,751.1730130739932,1057.436956366764,102.40051101642092,2.709059500217175,0.0,28.338466031578946,70.37300216994977,88.83031597575844,89.43040761716267,149.52172242894207,10.687306841773127,25.234797229979634,747.4537383766357,1051.3484374280927,59.3698718615689,4.653952149397353,0.0,28.344578463157887,69.95692682124435,88.72120286941556,89.77426446737849,150.12464059810713,10.64441468333506,25.215092158070778,740.0130629810253,1042.9349728355758,66.8826058061343,1.6734694336647147,0.0,28.359020315789472,69.55082454009352,88.57461070650098,89.71998765109666,150.2643032240662,10.624463333735282,25.209017000909835,738.122582333277,1040.7912616618248,72.20917144011378,1.2268786443793338,0.5,28.347276936842107,69.47372610744023,88.53680110763254,89.76873019640578,150.31053393452262,10.62429300540031,25.21157146742365,737.3660582309407,1040.4453724329467,80.41972613370959,1.1758483301455462,0.5,28.34544866842106,69.37201215421878,88.50618072076406,90.07507793410377,150.63860964940054,10.605322560568375,25.19629818693717,735.602709995387,1039.6626289547035,70.40941112253613,0.0,0.0,28.35405070526316,69.17577215157806,88.38627548424587,90.05729047567849,150.6144532283002,10.607464816911088,25.19772261203639,736.1295609078062,1039.8634417018193,71.61379849362805,0.0,0.0,28.337517731578952,69.63015370640849,88.6223068733698,89.98847361528044,150.50690515159826,10.616669657481026,25.20245671649537,736.5453101519923,1040.1401599271032,71.3804990721526,1.131769592810691,1.0,28.36370519473684,68.40991300120263,88.0163314238664,89.87411739491708,150.45436179256268,10.639973729078708,25.24398152658517,739.4748393641166,1041.2366990587993,150.30845853057608,1.1187095293931844,0.0,28.291652184210516
82.24395889642743,104.63947372291821,106.26897130215272,177.72508597900014,12.509707136221511,29.72210638408751,735.0,1039.4469683442248,0.0,0.0,0.0,33.479665789473685,82.24395902571874,104.63947388741633,106.26897146921245,177.72508625839217,12.509707155887346,29.722106430812033,735.0,1039.4469683442248,0.0,0.0,0.0,33.47966584210526,82.24395915501007,104.63947405191439,106.2689716362722,177.72508653778425,12.509707175553185,29.72210647753656,735.0,1039.4469683442248,0.0,0.0,0.0,33.47966589473684,82.24395928430137,104.63947421641245,106.26897180333188,177.72508681717622,12.50970719521902,29.722106524261086,735.0,1039.4469683442248,0.0,0.0,0.0,33.479665947368424,82.24395941359265,104.63947438091053,106.2689719703916,177.72508709656827,12.509707214884857,29.72210657098561,735.0,1039.4469683442248,0.0,0.0,0.0,33.479666,82.243959542884,104.63947454540867,106.26897213745134,177.72508737596033,12.50970723455069,29.722106617710125,735.0,1039.4469683442248,0.0,0.0,0.0,33.47966605263158,82.24395967217518,104.63947470990665,106.26897230451107,177.72508765535233,12.509707254216531,29.72210666443465,735.0,1039.4469683442248,0.0,0.0,0.0,33.479666105263156,82.24395980146654,104.63947487440478,106.26897247157079,177.72508793474438,12.509707273882366,29.722106711159174,734.9999999999999,1039.4469683442248,0.0,0.0,0.0,33.479666157894734,82.2439599307578,104.63947503890282,106.26897263863053,177.7250882141364,12.509707293548205,29.722106757883687,735.0000000000001,1039.446968344225,0.0,0.0,0.0,33.47966621052632,82.24396006004913,104.63947520340092,106.26897280569023,177.7250884935284,12.509707313214038,29.722106804608202,734.9999999999999,1039.4469683442248,0.0,0.0,0.0,33.479666263157895,82.24395902571874,104.63947388741633,106.26897146921245,177.72508625839217,12.509707155887346,29.722106430812033,735.0,1039.4469683442248,0.0,0.0,0.0,33.47966584210526,82.24395903864787,104.6394739038661,106.26897148591841,177.7250862863314,12.50970715785393,29.722106435484488,735.0,1039.4469683442248,0.0,0.0,0.0,33.479665847368416
68.69188432579128,87.39708935872497,88.75808001048692,148.43972994095608,10.448370519627074,24.824528403669632,735.0,1039.4469683442248,0.0,0.0,0.0,27.962921052631575,68.1565467500332,87.21372354501665,88.93711056891584,148.729820716487,10.471722927602185,24.877751512570853,736.4714164587361,1039.979319018215,114.78006195357112,0.0,0.0,27.970248542105264,67.30344720616765,86.36998613629723,89.2035290142216,149.13469976125904,10.509717944117371,24.96225008807374,741.2017410829965,1041.8655304710326,297.52583582763197,0.0,0.0,27.898017699999997,67.0940327349387,85.70244813693874,89.2358164006169,149.13777881454672,10.516195537348061,24.9770348605318,743.1157133076196,1042.8694060264736,328.7535872858766,0.0,0.0,27.81473157894737,67.08179583372694,85.92516465954907,89.14977194672016,148.99761936373764,10.503775763612852,24.949858972839323,740.5234858047756,1041.8031310123763,269.51590489578615,0.0,0.0,27.83862986315789,67.21714211986192,86.46332457193394,89.08688190869809,148.93371559447644,10.493574779167002,24.92707127763507,738.9371392675605,1041.0163233644923,220.7945368563852,0.0,0.0,27.89944818947369,67.27167190926515,86.48295370174327,89.1596938481828,149.05672654217742,10.502740541002579,24.94805116797918,739.4759989263613,1041.217530989069,266.4903951446666,0.0,0.0,27.912997473684214,66.99517250902556,85.46049863388158,89.23891097868893,149.11860473657808,10.517089117950938,24.979670698688633,743.4343958721591,1043.1455898129273,334.0368408158208,0.0,0.0,27.785439073684213,66.91529935515679,85.14243566036754,89.23286986699615,149.09644705100862,10.518608609981687,24.981321166124346,745.7845061798022,1044.1816684125042,337.4016107551466,0.0,0.0,27.73180571578948,66.95731029929169,85.44100711915225,89.17264924599411,149.01023053105925,10.509008873594656,24.960700063833226,743.1790260485512,1043.0286088464093,292.6712405526226,0.0,0.0,27.771640705263156,67.08938739203687,85.83131209561567,89.17167864452193,149.03782708564404,10.507332151186112,24.95715669061773,741.8917468830053,1042.3420533242986,285.5283741556655,0.0,0.0,27.82481959473684,66.99271318731486,85.38501019650874,89.2511373139334,149.13872840633115,10.519397841227194,24.98417154983445,744.3491710726199,1043.516878103715,343.8615593383426,0.0,0.0,27.772990105263165
22.26468536161143,26.27597040839669,38.00206412228931,60.52079555982342,28.23688874354794,58.57436219167663,8582.856034278591,6769.794896304079,1278.6657731213943,2.2491240445724214,0.4714045207910317,15.18788252631579,19.564095418719944,22.12516349878878,31.739724653473075,49.26701884215347,29.969134840309632,60.4584668925147,11045.00854045913,6625.848708388343,1575.2026100622,2.0938689375392143,0.39999999999999997,14.048825242105261,19.709170805986535,22.702661160654472,29.60783232068094,46.96447117308222,29.50610737046954,60.43185360510618,11310.754074616363,6493.689930391916,1549.6245557717693,1.893211021494748,0.9797958971132712,14.119986210526315,21.503646875530297,24.47187805160909,31.483061460496025,48.351889747075205,30.484596165913977,60.80405738272146,10663.422485121404,6623.7210571149735,1537.374083772172,2.1120073594065376,0.7483314773547882,14.436988726315791,24.15548529961512,25.793308403137786,33.29733152764915,48.88287945554383,28.723875893187902,60.13727732447513,11389.907782615273,6205.707168873943,1587.131009241176,1.7208781610641561,0.9797958971132712,14.706034905263161,24.55339174111297,26.096171492054108,31.864685213643863,45.96741634864042,28.702955214332633,60.26797959425966,11262.55143642906,5913.687698954362,1731.0979237456177,1.6265383168392475,1.3564659966250536,14.488724194736843,20.613927325810234,23.003658767852247,27.618056098594817,42.09814761170649,29.088542716423998,60.1725632172627,10780.860891472481,6458.427442946772,1706.3158655585355,1.52750576857935,0.3726779962499649,14.177076968421048,18.86776374427223,22.33393235441072,27.435204343823653,43.607567414604425,30.313544280895805,60.96690266173206,11368.851992716418,6414.682966379447,1533.2100878365263,1.422002326940446,0.3726779962499649,13.826017394736844,16.747002001174412,20.205594054226626,25.372017421041498,40.89708340795765,31.50370831612173,62.904091423010655,12639.200831449903,5660.8503400279615,1493.1997224668241,1.537535491773193,0.39999999999999997,12.930133157894739,18.087803224405988,19.681246328905726,23.425320036609186,38.20819344106819,31.33687780939045,63.099500344139344,12211.0191090799,6049.576209362045,1532.3166751736655,1.5329901978840277,0.39999999999999997,12.518917757894735,17.76358302125536,20.45110877315753,25.971125105882976,43.53789836596455,30.675440091829355,62.30575884385936,10632.810851929846,6803.457189484688,1390.3441588350408,1.6728552547733204,0.6324555320336759,12.897298547368424,22.467667398238774,24.378196493756473,32.30613300233848,49.39666955507451,30.251058473235403,61.72289694208011,10012.089179337168,6829.292113534248,1183.4877967373282,1.5492051295480034,1.469693845669907,13.654406157894734
66.73169897081777,84.90313397651748,86.22528752299364,144.20386732658267,10.150216770069502,24.116137922048704,734.9999999999999,1039.4469683442248,0.0,0.0,0.0,27.164973684210526,66.7317002637307,84.90313562149821,86.22528919359088,144.203870120503,10.150216966727868,24.11613838929392,735.0,1039.4469683442248,0.0,0.0,0.0,27.164974210526314,66.73170155664367,84.90313726647899,86.22529086418812,144.20387291442333,10.150217163386232,24.116138856539145,734.9999999999998,1039.4469683442248,0.0,0.0,0.0,27.1649747368421,66.73170284955668,84.90313891145985,86.22529253478538,144.20387570834365,10.150217360044604,24.116139323784378,735.0000000000001,1039.446968344225,0.0,0.0,0.0,27.164975263157896,66.73170414246962,84.90314055644062,86.22529420538265,144.20387850226402,10.150217556702964,24.116139791029592,734.9999999999999,1039.4469683442248,0.0,0.0,0.0,27.164975789473687,66.73170543538265,84.90314220142145,86.2252958759799,144.20388129618436,10.150217753361334,24.116140258274815,735.0,1039.4469683442248,0.0,0.0,0.0,27.164976315789474,66.48070134656243,84.79890731715453,86.28195525539644,144.29429003758585,10.157872471714288,24.133368894602036,735.632268435142,1039.6730625248495,36.00861416022921,0.0,0.0,27.161302433684217,62.0842090886464,77.78357912246679,86.07763051460533,143.04602541236,10.310701934101148,24.433557366330966,693.8423312801632,1032.0526773283618,595.805113863178,0.0,0.0,26.44466746315789,59.500422552602124,75.06509387526096,84.8307042996954,140.28939784923747,10.405075579500213,24.593988162995775,645.8097515962846,1028.7897122252202,766.7174642625472,5.314574513680278,0.0,26.311078184210523,60.364469959636914,75.22959995737365,84.95973286319408,140.2961811839978,10.391201195168916,24.57251757355656,655.6902076998545,1029.5989362534062,704.5463038403158,21.339898898005437,0.0,26.37886405263158,59.730288144397036,74.90547864114856,83.24940472355345,138.6970786348532,10.574791034794604,24.73738669041598,758.4304817220681,1081.1565366407613,705.2779528916855,29.83838410120637,0.0,26.177968773684206,58.94231662649032,74.22178256436968,82.83079543350996,137.49938306196339,10.617269311688627,24.817561351341702,720.539891947891,1064.4557549258277,747.9220446217453,11500.838172557691,0.0,26.105076842105262
25.05563809122678,27.34513371557153,38.09193986706754,60.189177053160336,24.576658223577223,50.54889218714761,6964.720039028356,6407.3424753139625,641.8944903460869,1.9004376420698956,2.0548046676563256,14.10092110526316,21.962964532806826,25.14082606315017,35.97385704391953,55.861677727522185,27.223154751579823,57.15609362280487,6707.2627960977425,5466.773875537819,963.2067125536471,1.6508032122282976,2.357022603955158,13.928451657894733,22.036073563539727,26.45005382508446,37.124545735032456,57.67567107413006,29.74938815522247,61.10238412853427,7820.753431638057,5879.6752442867955,1185.971615257418,1.3195370731258693,0.4714045207910317,14.531038105263157,24.337664589810004,27.468028032520266,38.81923804701456,60.298100489908805,31.159759901341754,61.96922630354056,9342.015301655254,5895.661864749794,1258.5773957515275,1.3529497450906316,0.3726779962499649,14.894014526315788,22.9752584145477,26.76966854907785,39.50867045986632,60.937269883069966,32.14634216964091,62.19767376304975,8946.778360149847,6085.133444416158,1232.6409250557429,1.2798382351890567,0.3726779962499649,14.840420052631583,22.00606616732683,26.169678634690765,38.189098125378095,59.88907586909617,32.20307964442732,63.065270857892784,9113.7044347295,5871.946757432959,1285.9941526035325,1.1598873177216373,0.3726779962499649,14.56100026315789,23.477778868396804,26.04074139227514,39.37710183477645,59.185117329416634,30.97725534129309,62.95668336203045,8722.990544505337,5926.311942875959,1247.9177976933465,1.3846433245868268,1.5,14.467988315789473,23.923734375258217,26.406308612335295,38.7704610274357,57.86436494771513,30.229569234736534,62.11131703576323,8536.800638090403,6266.042828801506,1194.2188272234196,1.5471950487725639,1.469693845669907,14.507087842105264,22.05732650206732,25.58349158802856,38.234710822954945,57.93239421464803,29.699616256972604,61.79676336187077,8103.504333784589,6215.62197711168,1245.6714847738351,1.6631002567700488,2.345207879911715,14.509175368421053,24.9124852953534,28.862660637389514,40.489833086613864,65.21902517736983,29.444443247410824,60.8236789619708,7725.00119168758,6393.546528668369,988.2453506782474,1.624110297969582,2.8284271247461903,14.965226842105261,23.267827691807074,28.16842476970257,37.589269850181395,60.37764575671104,29.351593467511478,61.049251339876044,8413.412528308627,6414.029183008778,1057.6745142023476,1.7475985950187183,1.5,14.961520210526313,26.854949869112836,29.517106174404447,38.26790239058362,59.067382423633255,29.540832405846707,61.463295772066935,8573.738600621176,5612.431104281401,1190.9973889265043,1.4721714385198434,1.5,15.112597568421048
78.64297001308317,100.05791433921017,101.61606561232081,169.9435289201072,11.961979170108444,28.42074667189927,734.9999999999999,1039.4469683442248,0.0,0.0,0.0,32.01378421052632,78.64297130599614,100.05791598419096,101.61606728291805,169.94353171402756,11.961979366766814,28.420747139144492,734.9999999999999,1039.4469683442248,0.0,0.0,0.0,32.013784736842105,78.64297259890904,100.05791762917171,101.61606895351535,169.94353450794793,11.961979563425176,28.420747606389714,734.9999999999998,1039.4469683442248,0.0,0.0,0.0,32.0137852631579,78.64297389182207,100.05791927415254,101.6160706241126,169.9435373018683,11.961979760083548,28.42074807363494,735.0,1039.4469683442248,0.0,0.0,0.0,32.01378578947369,78.64297518473508,100.0579209191334,101.61607229470985,169.94354009578862,11.961979956741912,28.420748540880158,735.0,1039.4469683442248,0.0,0.0,0.0,32.013786315789474,78.64297647764802,100.05792256411414,101.61607396530705,169.94354288970888,11.961980153400276,28.420749008125373,735.0,1039.4469683442248,0.0,0.0,0.0,32.01378684210526,78.64297777056099,100.05792420909495,101.6160756359043,169.94354568362922,11.96198035005865,28.420749475370616,735.0000000000001,1039.446968344225,0.0,0.0,0.0,32.013787368421056,78.64297906347394,100.05792585407575,101.6160773065016,169.94354847754963,11.96198054671701,28.42074994261583,735.0,1039.446968344225,0.0,0.0,0.0,32.01378789473684,78.64298035638693,100.0579274990565,101.61607897709882,169.94355127146994,11.96198074337538,28.420750409861053,735.0000000000001,1039.446968344225,0.0,0.0,0.0,32.01378842105263,78.64298164929995,100.05792914403739,101.61608064769605,169.94355406539023,11.961980940033746,28.420750877106276,734.9999999999999,1039.4469683442248,0.0,0.0,0.0,32.01378894736842,78.64297130599614,100.05791598419096,101.61606728291805,169.94353171402756,11.961979366766814,28.420747139144492,734.9999999999999,1039.4469683442248,0.0,0.0,0.0,32.013784736842105,78.64297143528745,100.05791614868906,101.61606744997782,169.9435319934196,11.961979386432652,28.420747185869022,735.0,1039.4469683442248,0.0,0.0,0.0,32.01378478947369
77.67382830845877,98.82486963543396,100.36381932726364,167.84926211812714,11.814567991694512,28.070508998122207,735.0000000000001,1039.446968344225,0.0,0.0,0.0,31.619268421052634,77.67382960137175,98.82487128041477,100.3638209978609,167.84926491204752,11.814568188352876,28.070509465367426,735.0,1039.4469683442248,0.0,0.0,0.0,31.619268947368422,77.89812282598736,98.86433384257285,100.33418843627821,167.7383987372769,12.161078030846841,27.733560075175212,747.9506725688037,1144.1431260376846,19.981802878940286,0.982595953962601,0.5,31.627592705263158,75.02697676705942,94.771239351295,98.12113224639177,160.11980266478412,14.054810648538679,29.361541146705942,933.6409924438661,1718.2920668195966,130.98039331984043,1.7557639530217455,0.4714045207910317,30.601481,44.744846665942944,53.668113740131005,62.40760661484441,97.11489607449238,22.728096090199838,43.58995850920766,3288.7602400548835,4713.487243053105,808.9700339218002,2.520614345469879,1.479019945774904,21.418595947368416,35.16847601766872,42.84750663605933,46.86556128488278,75.80917180771586,24.628916364743556,47.59422288162955,4951.2177310564675,5828.36542696707,832.1417029720137,2.3110724485916028,0.82915619758885,18.752512947368427,36.14097735619466,44.354669315379795,48.40813026927249,78.28996768560924,24.740939357483235,47.910765566682805,3951.633119857802,4610.292139701354,1004.7191494670226,2.2715585600068153,0.816496580927726,19.72218294736842,39.30798748991872,48.454818293349206,49.92556631882713,80.82553122030637,25.385482968603753,48.55748485817586,2556.998518408374,3457.2641718282343,1335.3989792659277,2.5556398056495877,0.816496580927726,21.141414999999995,41.42257658936011,50.80989743052059,51.3597647713847,84.89311032504806,25.50951363018533,48.00320854586606,2610.0044972273035,3545.4989578731493,1318.7247660985033,1.7735512027055202,0.816496580927726,21.5398057368421,44.29712849613044,55.112289821814244,52.599209629281184,90.13695774941814,24.73150843051629,45.92062694344792,2902.2120247703483,3615.622572998924,1275.5156874718277,1.7793009856929172,0.816496580927726,22.493351526315788,46.96978445053063,58.59870347924783,57.82817278726754,96.87251919470906,23.809262311028764,44.02833606666828,2912.9717500845845,3498.996343528254,1225.3016220374784,2.0078511923163354,0.816496580927726,23.322856263157888,48.992683211513906,60.468262814058704,63.38929136943203,104.5206225142044,23.532896751438347,43.39028020934342,2768.154516178622,3381.954704870198,1081.280562179208,2.1834247941396665,0.816496580927726,23.64568678947369
64.22752306922177,81.71705621507833,82.9895945846542,138.79246832063058,9.769319406094114,23.211154947609984,735.0,1039.4469683442248,0.0,0.0,0.0,26.145580000000002,70.72538865728805,83.83071801232691,70.81054706971891,121.61313510913624,11.104037590930789,24.313147584812004,1085.6756176341587,1403.057994126707,118.33298348560044,0.8386175234534964,1.5,25.83265610526316,76.10925474507111,85.97877582629731,58.08303528952331,99.12816171995487,13.085259803397983,26.43357273299114,1730.7862600554975,2361.3568103726557,657.5910230383734,1.3690410926901988,1.247219128924647,24.73255652631579,84.63859045550657,95.66924970962442,66.10552050168464,107.13526489673775,12.61521184985731,26.098219254087812,1512.1588207261482,2335.4532609032026,474.8806978358704,1.594120687887568,1.247219128924647,25.622366578947368,86.231086969224,96.92982287227066,77.44836071058697,119.59413273953817,11.890420639757483,25.412679117983803,1127.3174853246023,2250.9400028338637,235.13626218095519,0.9161691781983943,0.5,26.226211894736842,86.55692851154681,97.50570983562267,78.11808089759623,118.84548996270719,12.465019710381595,25.75367767430068,1375.2932705066844,2618.719473941287,203.76364771742976,0.9283993112698277,0.5,26.257170526315786,86.64531433757828,97.70230810973297,78.28738516324869,118.61552384251893,12.73976560086125,25.951669948309284,1515.0688993826225,2798.8452656895533,183.9612362958854,0.9837944388680201,0.5,26.25328915789473,83.87150856575597,94.31992055632172,78.48141313965245,120.1481417249114,12.357647015387357,26.052902296538367,1309.344153778723,2565.383134358578,113.53559972419468,1.0644786037597587,0.5,26.108625315789475,84.26089414799695,94.90605676658785,77.03395287658655,119.53334934013058,12.26703787741845,26.220241191661838,1306.4297411813939,2503.1441018251817,59.34020842435896,1.109897751854451,1.0,26.100223157894735,84.66042942511515,95.66046522514533,76.2078535648246,118.92346372762162,12.739024914040597,25.960603829555193,1506.328660252229,2585.5676961619874,89.5698435798043,1.254803500072399,1.0,26.275835157894736,85.6522799604293,96.75664241049196,76.23306587474339,117.92434892071486,12.695316665207663,25.8899354714717,1518.7827263900147,2633.2982879964848,137.67365942621208,1.1119301183542338,0.5,26.28143589473684,85.819146234083,96.82419918302774,77.43175659648526,118.48162599349763,12.991145352923038,26.24133199824072,1651.8293235456113,2988.004677672207,108.6159358034433,1.0935098079138683,0.5,26.253175052631583
65.64837753591937,83.5248177288368,84.82550745378269,141.8628638322996,9.985438297986994,23.724636888194524,734.9999999999998,1039.4469683442248,0.0,0.0,0.0,26.723977894736844,65.64837766521065,83.52481789333486,84.8255076208424,141.86286411169164,9.985438317652829,23.724636934919047,735.0,1039.4469683442248,0.0,0.0,0.0,26.72397794736842,65.64837779450195,83.52481805783296,84.82550778790214,141.86286439108363,9.985438337318662,23.724636981643563,734.9999999999999,1039.4469683442248,0.0,0.0,0.0,26.723978,65.64837792379326,83.52481822233106,84.82550795496189,141.86286467047572,9.985438356984499,23.724637028368083,735.0,1039.4469683442248,0.0,0.0,0.0,26.72397805263158,65.64837805308456,83.52481838682912,84.82550812202156,141.8628649498677,9.985438376650336,23.72463707509261,734.9999999999999,1039.4469683442248,0.0,0.0,0.0,26.723978105263157,65.64837818237588,83.52481855132721,84.82550828908131,141.8628652292598,9.985438396316177,23.724637121817132,735.0000000000002,1039.446968344225,0.0,0.0,0.0,26.723978157894738,65.64837831166714,83.52481871582528,84.82550845614104,141.8628655086518,9.985438415982012,23.724637168541655,735.0,1039.4469683442248,0.0,0.0,0.0,26.723978210526315,65.64837844095841,83.52481888032332,84.82550862320076,141.86286578804382,9.985438435647849,23.72463721526618,734.9999999999999,1039.4469683442248,0.0,0.0,0.0,26.723978263157893,65.64837857024973,83.52481904482143,84.8255087902605,141.86286606743587,9.985438455313682,23.724637261990697,735.0000000000001,1039.446968344225,0.0,0.0,0.0,26.723978315789473,65.648378699541,83.52481920931949,84.8255089573202,141.8628663468279,9.985438474979519,23.724637308715213,735.0,1039.4469683442248,0.0,0.0,0.0,26.72397836842105,65.64837766521065,83.52481789333486,84.8255076208424,141.86286411169164,9.985438317652829,23.724636934919047,735.0,1039.4469683442248,0.0,0.0,0.0,26.72397794736842,65.64837767813981,83.5248179097847,84.82550763754838,141.86286413963083,9.985438319619412,23.724636939591495,735.0,1039.4469683442248,0.0,0.0,0.0,26.72397795263158
74.61595337674272,94.9343173339789,96.41268142334383,161.24134717282828,11.349450305626725,26.96542498649098,734.9999999999998,1039.4469683442246,0.0,0.0,0.0,30.374476315789472,74.61595350603405,94.934317498477,96.41268159040355,161.24134745222028,11.349450325292564,26.965425033215507,735.0,1039.4469683442248,0.0,0.0,0.0,30.374476368421053,74.61595363532543,94.93431766297516,96.41268175746328,161.24134773161234,11.3494503449584,26.965425079940033,734.9999999999998,1039.4469683442248,0.0,0.0,0.0,30.37447642105263,74.61595376461669,94.93431782747322,96.41268192452299,161.24134801100436,11.349450364624241,26.965425126664563,735.0,1039.4469683442248,0.0,0.0,0.0,30.37447647368421,66.31840057279678,81.317829746344,86.3701313449835,147.26404569205098,12.022795166351871,27.844275342333198,662.9644029622864,1160.203899372864,895.2922800540741,2.861435887753141,1.5,28.794034026315796,60.31148817871082,71.73878529359841,79.50703039884948,133.90254124833316,13.973206912688152,30.379187141709174,810.041081240382,1858.2949640917577,1276.9710235535326,4.951368338967229,2.494438257849294,27.251258753684205,60.71757754895868,68.90925021609759,81.98522861556098,130.51307862839744,14.407310187537403,31.69788940543195,828.2458757081044,1828.7385898894358,1358.4617681812122,54.61368154819017,1.8856180831641267,26.64914436842106,60.73372051406871,66.00051920011269,79.05426529576448,121.34429428486823,15.335723566436682,33.41772043032489,1961.302834963298,2840.6856899278455,1502.1412460261283,1.8599128916791308,2.0,25.45685047684211,61.484317998438264,66.60190007477333,80.3921661274855,122.892843143508,15.414097934992583,34.04780826838335,1909.540962535349,2707.4916759253397,1382.510479029897,2.173054870047847,2.0,25.233084821052636,66.80471759304596,71.74093635623348,87.22663276075384,128.6227350956114,16.26561495213243,34.16533850912911,3250.285201512101,3922.256739341547,1211.4100993125637,3.804422296009448,1.5811388300841898,25.340892594736843,61.33026605359553,65.81778080013235,81.85810247539851,124.60584304678086,17.646785558921266,35.168768467911455,4551.560850815883,5215.302598428335,1199.0060480140664,9.648548447024611,0.9797958971132712,24.646160835789477,55.1172755857935,60.256542333549646,75.87546571441067,117.86230899450285,18.32618943211922,36.68124118669807,4830.214509606,5891.621500130836,988.4052287705563,4.408489693565503,0.9797958971132712,23.946617072105255
70.17592086354408,89.28523779393828,90.67563162592423,151.64665875137794,10.674099712577524,25.360843683780498,734.9999999999998,1039.4469683442248,0.0,0.0,0.0,28.56703894736842,70.15458503607061,89.28698638546135,90.6985275241587,151.68448477991447,10.676931294504715,25.36742880063977,735.0852267491205,1039.477137640921,14.49930170953728,0.0,0.0,28.571423212105262,68.49257661728605,88.07511301664853,90.97604616584974,151.93546667797938,10.710246370479247,25.4455942436034,732.0643467742824,1038.7190191787977,184.05588198646157,0.0,0.0,28.48661521052631,67.56560234631463,86.13495099158489,91.47958230117882,151.6594857087911,10.733343500034875,25.482858133207827,714.0682364455549,1035.1969713908607,258.1801915479912,13.221956042278883,0.0,28.35653325789474,68.59321568243571,86.22016751428062,91.6617281005342,151.5193240380845,10.73487186592769,25.479035878546405,702.680182735861,1032.210561432081,247.07602878779167,75.18617322971548,0.0,28.399739584210533,69.33819438351891,88.08490868954873,91.09019951584602,151.73368082717712,10.705904057778593,25.428160622623768,722.6983652329985,1035.6057887442976,143.1999199079886,3.1667588527379005,0.0,28.509246647368418,69.31113473017989,88.63594066860398,90.90914689222622,151.8843448466045,10.70052305497168,25.42219196348597,732.4970292478923,1038.6701988070517,133.48721728139495,1.711236619120582,0.0,28.538900063157897,68.81681240332556,87.39900918984962,91.26898095970279,151.70822310399313,10.716376941366963,25.446508578018587,718.7522647552215,1034.9662557921251,181.73087645221634,5.8398746996513236,0.0,28.46215210526315,67.80005623843417,86.73327260498611,91.3254113951387,151.75777109021195,10.726087329520121,25.470035270747587,720.3695618591653,1036.1764831491673,232.7735090706983,5.9317340704296555,0.0,28.39567794736841,67.50367921193127,86.31706343103862,91.40315204100953,151.7005445382732,10.729910120120568,25.476561881798755,717.8291277983116,1036.000903595862,245.69318746099918,10.714180445460386,0.0,28.361776905263156,68.5223976672956,87.3492726411249,91.23170955375622,151.75548458368146,10.71761930834166,25.45209082841461,721.0525942595497,1035.6829259660576,194.4784819006219,4.415239104157656,0.0,28.450121947368423,68.32494890936064,87.9144174769128,90.99047840127963,151.91065480998776,10.710587051864259,25.44524901012797,731.7529816369422,1038.7033594018435,182.95135100421857,2.457968614598245,0.0,28.47010209999999
73.18533871002886,93.11413786020447,94.56415721559118,158.14986035657785,11.13184683972461,26.448415811722846,735.0,1039.4469683442248,0.0,0.0,0.0,29.792105263157893,73.18546800132597,93.11430235828394,94.56432427531598,158.15013974861097,11.13186650556127,26.4484625362451,734.9999999999995,1039.4469683442246,0.0,0.0,0.0,29.792157894736846,73.18559729262302,93.11446685636334,94.56449133504078,158.15041914064415,11.131886171397927,26.44850926076733,734.9999999999997,1039.4469683442248,0.0,0.0,0.0,29.79221052631579,73.2759704125453,93.13171920108996,94.55640958914518,158.11198811400737,11.255444891756467,26.32569166057345,736.7774965579442,1054.455752117758,6.590120333638705,0.9913879965397991,0.5,29.796625937894742,70.65050182156644,90.84117556673682,91.81683254046372,153.5185476307105,14.723271757538283,15.343956030894908,3860.6515529105536,6986.495907774324,1146.8410678675186,1.335546688078156,0.7637626158259734,27.81877200526316,68.94070719758281,89.37455141551202,90.34974158880888,150.94405154325437,15.99334728541325,19.21785924307678,6763.185375928495,8845.946403829204,1954.6610416617145,1.2229940452535784,0.34992710611188266,26.555250400000006,67.92775221462323,87.98487206646163,88.84977663961848,148.29153384650814,22.755361723953595,28.662882485775654,9534.860383596579,9520.692110226697,2884.5561688385305,1.2047224541235744,0.34992710611188266,25.298448510526317,67.7718677782539,87.79197627082665,88.62368486733048,147.8969539557841,23.611726107134967,30.137153831873064,9923.34443402648,9547.459782104197,3033.175340336122,1.2033230231202217,0.34992710611188266,25.115888526315793,68.70917925838037,88.90655005515488,89.97927555743783,150.25348913461235,17.41174446241248,20.69956141483774,7719.912535055737,9237.307885352502,2195.9653393193025,1.1970802826010531,0.34992710611188266,26.13037665789474,71.59878017309727,92.3237907007558,94.03086737040202,157.19350815368682,11.75697309187463,22.399009527040732,1003.804014816715,2516.1897015481877,223.19049763359692,1.1709157689260914,0.4517539514526256,29.18076842105263,73.17439796235162,93.11318302282864,94.57267918088525,158.16390307965102,11.132910986840285,26.450880771286375,735.0366197401295,1039.4599222686304,5.651031731652589,0.0,0.0,29.793519815789477,73.11546327257086,93.106669488844,94.61597594219876,158.23520883434327,11.138328244779323,26.463419956712233,735.2306243715386,1039.5287768017956,34.45642615605996,0.0,0.0,29.80046343894737
61.52248279431403,78.27541752740154,79.49436099908043,132.94701143983923,9.357869591605056,22.233581689915756,735.0,1039.4469683442248,0.0,0.0,0.0,25.04441894736842,61.52248292360531,78.2754176918996,79.49436116614017,132.94701171923128,9.357869611270896,22.233581736640286,735.0,1039.4469683442248,0.0,0.0,0.0,25.044418999999998,61.522483052896575,78.27541785639765,79.49436133319988,132.94701199862328,9.357869630936733,22.23358178336481,734.9999999999999,1039.4469683442248,0.0,0.0,0.0,25.04441905263158,61.522483182187855,78.27541802089571,79.49436150025961,132.94701227801534,9.357869650602566,22.233581830089324,734.9999999999998,1039.4469683442248,0.0,0.0,0.0,25.044419105263156,61.522483311479206,78.27541818539386,79.49436166731935,132.9470125574074,9.357869670268407,22.233581876813847,734.9999999999998,1039.4469683442248,0.0,0.0,0.0,25.044419157894737,61.52248344077048,78.27541834989192,79.49436183437909,132.94701283679947,9.357869689934244,22.233581923538377,734.9999999999999,1039.4469683442248,0.0,0.0,0.0,25.044419210526318,61.52248357006176,78.27541851438998,79.4943620014388,132.94701311619147,9.35786970960008,22.233581970262897,735.0,1039.446968344225,0.0,0.0,0.0,25.044419263157895,60.77028975887983,77.91768011350493,79.22114627332861,132.50261224026445,9.865550620076688,21.028314896692027,855.9768718682886,1764.1786065551596,53.81274113364259,0.9261539741004972,0.5,24.798569342105267,60.70237745263072,77.86155189732015,79.16066111305551,132.3925223711887,9.795399602491795,20.580104442537383,873.356145155215,1848.4718653026714,73.38869890334284,1.0054014631118033,0.4714045207910317,24.74237659473684,61.522483699353096,78.27541867888807,79.49436216849853,132.94701339558353,9.357869729265918,22.233582016987423,734.9999999999998,1039.4469683442248,0.0,0.0,0.0,25.044419315789476,61.52248382864436,78.27541884338615,79.49436233555825,132.94701367497555,9.35786974893175,22.233582063711932,735.0,1039.4469683442248,0.0,0.0,0.0,25.044419368421053,61.522483957935655,78.27541900788422,79.49436250261797,132.94701395436755,9.357869768597585,22.233582110436455,734.9999999999999,1039.4469683442248,0.0,0.0,0.0,25.044419421052634
75.94605052454475,96.62660777590223,98.13132504806092,164.11562065291716,11.551764566819823,27.446108181446697,734.9999999999999,1039.4469683442248,0.0,0.0,0.0,30.91592894736842,75.94605065383607,96.62660794040029,98.13132521512064,164.11562093230918,11.551764586485659,27.446108228171212,735.0,1039.4469683442248,0.0,0.0,0.0,30.915929,75.94605078312726,96.62660810489828,98.13132538218038,164.11562121170127,11.551764606151496,27.446108274895753,735.0,1039.4469683442248,0.0,0.0,0.0,30.91592905263158,75.9460509124186,96.62660826939639,98.13132554924012,164.11562149109332,11.551764625817334,27.446108321620272,734.9999999999999,1039.4469683442248,0.0,0.0,0.0,30.915929105263157,75.94605104170992,96.6266084338945,98.1313257162998,164.1156217704853,11.551764645483168,27.446108368344788,734.9999999999999,1039.4469683442248,0.0,0.0,0.0,30.915929157894738,75.94605117100113,96.62660859839254,98.13132588335957,164.11562204987735,11.551764665149005,27.446108415069308,735.0,1039.4469683442248,0.0,0.0,0.0,30.915929210526315,75.94605130029252,96.6266087628907,98.13132605041929,164.11562232926937,11.55176468481484,27.44610846179383,735.0,1039.4469683442248,0.0,0.0,0.0,30.915929263157892,75.94605142958383,96.62660892738877,98.131326217479,164.1156226086614,11.551764704480679,27.446108508518353,735.0,1039.4469683442248,0.0,0.0,0.0,30.915929315789473,75.94605155887514,96.62660909188688,98.13132638453871,164.11562288805337,11.551764724146516,27.446108555242873,735.0,1039.4469683442248,0.0,0.0,0.0,30.91592936842105,75.94605168816638,96.6266092563849,98.13132655159845,164.11562316744553,11.551764743812353,27.4461086019674,735.0,1039.4469683442248,0.0,0.0,0.0,30.91592942105263,75.94605065383607,96.62660794040029,98.13132521512064,164.11562093230918,11.551764586485659,27.446108228171212,735.0,1039.4469683442248,0.0,0.0,0.0,30.915929,75.94605066676516,96.6266079568501,98.13132523182661,164.11562096024838,11.551764588452242,27.446108232843663,734.9999999999999,1039.4469683442248,0.0,0.0,0.0,30.915929005263155
70.5674097394392,89.78333139852303,91.18148179018979,152.4926466520321,10.73364707934161,25.5023236681304,735.0,1039.4469683442248,0.0,0.0,0.0,28.726405263157893,70.56741103235215,89.7833330435038,91.18148346078705,152.49264944595245,10.733647275999974,25.50232413537562,735.0,1039.4469683442248,0.0,0.0,0.0,28.72640578947368,70.56741232526512,89.78333468848459,91.1814851313843,152.49265223987283,10.733647472658346,25.502324602620853,734.9999999999997,1039.4469683442248,0.0,0.0,0.0,28.726406315789475,70.56741361817815,89.78333633346543,91.18148680198155,152.49265503379317,10.733647669316712,25.50232506986607,734.9999999999999,1039.4469683442248,0.0,0.0,0.0,28.726406842105263,70.56741491109108,89.78333797844618,91.18148847257878,152.49265782771343,10.733647865975078,25.502325537111286,735.0,1039.4469683442248,0.0,0.0,0.0,28.726407368421054,70.56741620400405,89.78333962342698,91.18149014317606,152.4926606216338,10.733648062633446,25.50232600435651,734.9999999999998,1039.4469683442248,0.0,0.0,0.0,28.72640789473684,70.56741749691707,89.78334126840782,91.18149181377329,152.4926634155541,10.73364825929181,25.50232647160173,734.9999999999998,1039.4469683442246,0.0,0.0,0.0,28.72640842105263,70.56741878983004,89.78334291338862,91.18149348437055,152.49266620947446,10.733648455950181,25.502326938846956,734.9999999999999,1039.4469683442248,0.0,0.0,0.0,28.726408947368423,70.56742008274296,89.78334455836936,91.18149515496779,152.49266900339478,10.733648652608544,25.502327406092178,735.0,1039.4469683442248,0.0,0.0,0.0,28.72640947368421,70.567421375656,89.78334620335023,91.18149682556502,152.4926717973151,10.733648849266912,25.502327873337407,735.0,1039.4469683442248,0.0,0.0,0.0,28.726409999999998,70.56741103235215,89.7833330435038,91.18148346078705,152.49264944595245,10.733647275999974,25.50232413537562,735.0,1039.4469683442248,0.0,0.0,0.0,28.72640578947368,70.5674111616435,89.78333320800193,91.18148362784677,152.49264972534448,10.733647295665811,25.50232418210014,735.0,1039.4469683442248,0.0,0.0,0.0,28.72640584210526
78.16137286060369,99.44517544314886,100.99378484346232,168.90282153587933,11.88872589514459,28.246702499022163,735.0000000000001,1039.446968344225,0.0,0.0,0.0,31.817736842105266,78.16138578973337,99.44519189295681,100.9938015494348,168.90284947508266,11.888727861728254,28.246707171474387,734.9999999999999,1039.4469683442248,0.0,0.0,0.0,31.817742105263157,78.25760856215152,98.61327666410217,101.0491165236903,168.57270574059118,11.927796866730555,28.31526439488581,711.0548344238483,1032.199227874109,149.36122586478788,3.4770955114856297,0.0,31.78019294736842,78.7003424866815,97.83912512716456,100.71254565995724,167.5763876271063,11.983289631531004,28.366422699796622,689.00492939665,1026.689303951519,204.42652243453864,62.245954770642,0.0,31.699018336842116,79.84920586458531,98.07565590003492,100.43884138529042,166.75361815337905,12.023131277210886,28.386280359200487,681.7373812928564,1026.5736473334873,176.31117047390944,3.3019044259274026,0.0,31.69774312631579,79.74789861709198,98.3786612867835,100.62537029850954,167.24459356433522,11.986000996798955,28.359233833228227,687.6243870614283,1026.1283711759581,140.91229012420612,2.920175980158757,0.0,31.73792763157894,77.95769786991828,98.1117968508952,101.00825838089561,168.20607505350435,11.988478521367162,28.340014914372407,708.7718734626114,1033.7693745263819,113.34649314755353,3.212462760378089,0.0,31.714399310526304,77.70964101452796,98.19413653506992,101.08292765091298,168.16583946078705,12.095571285545475,28.393283319606866,719.9375118257047,1045.492820576736,113.50623638932439,3.759769718551736,1.247219128924647,31.700825836842107,76.20955995505646,97.13799990823098,100.93612982765421,168.05254126406513,12.090457207880682,28.41290687069002,715.827107122806,1043.356486926202,174.17997839866365,2.491752351812432,1.247219128924647,31.581599651052624,77.41178250260529,98.28332066486509,100.94066352554412,168.3353379684847,12.020977435357818,28.354980914604052,720.4589409531716,1038.9612724317756,111.66957005277904,2.129795818819032,1.247219128924647,31.70289913684211,77.61165368696074,98.96686390077103,100.97155477305411,168.67259456890972,11.983388017735962,28.315313072698004,732.8605561374062,1040.8338008492585,58.20362438818878,1.9393421730876097,0.4714045207910317,31.76023135263158,77.07826298258792,98.791589508754,101.05484992076147,168.89850045243995,11.946556632413474,28.30573092168846,734.5658022296769,1039.768595976804,93.25786805766145,1.182509916087583,0.9428090415820634,31.746926263157896
29.33500463166239,33.368790773959915,39.38503765090683,63.918652401551995,27.53540539193694,51.87586389482673,5282.910658318002,5601.029489427755,1607.6460523419037,3.077046994176002,1.0,17.32555589473684,24.702048455451923,29.73979536557439,35.13551299785517,55.87523657500807,28.70172285472196,58.39089426057491,6341.2164736388095,4742.253069166849,1948.4358313415808,2.7200040023435887,2.160246899469287,16.621660473684216,24.043477615797475,28.9551566176317,31.264323595822866,50.67525300124869,30.353684178572223,59.847173138961466,6330.3266173489765,4847.003269719577,2220.259785574064,2.5776211037087817,1.247219128924647,16.705388821052637,25.573666162375027,29.505838735819623,35.6125425660256,56.05837873870421,31.04487946699781,59.66978508800995,6632.99470953011,5111.336255471663,2195.1928799698426,3.337726077304037,1.247219128924647,17.16057960526316,25.913552470311277,30.29329261172968,34.91580103172954,58.29353448126206,29.60668157986419,59.34867216998267,6527.193983264529,5388.953378980539,2098.4863592817082,2.6083886473461484,1.299038105676658,16.86688013684211,26.539359507743114,29.814099701836383,32.28264389043581,54.70728796133519,30.471393308568715,59.497799871844464,6564.733208667113,5859.250043435728,2140.409794876984,2.4550039285062866,1.224744871391589,16.3458065,26.519966733884722,29.559460328850527,35.47256504056937,56.482503589302496,31.22809746689629,58.44756542033472,7056.46785337655,5696.15291965823,2201.7441238589968,2.8077268719034683,0.7071067811865476,16.57580644736842,27.777946961887277,29.793057538660698,35.94849012242319,54.520828013246195,33.248524423812725,58.862884476498714,7562.189237188681,5104.219356438837,2414.4082936850978,3.034084652939711,0.7071067811865476,16.447862157894733,30.481342830219223,32.39975454414215,37.54212346450076,56.51842877085633,32.26510737719612,59.02335117305436,6894.862907270339,5306.670205843599,2287.0214891282185,2.9753899579029097,0.82915619758885,16.50959705263158,28.246937897655293,30.827669965930852,36.34234604648665,55.64825690232345,29.787186591118868,58.69164853687384,6582.52803022749,5279.752146275321,2253.8624341189393,3.230679916237852,0.8660254037844386,16.725458315789478,26.225677187702306,29.118087818163314,35.72911354803568,54.25025672453448,29.748309205429486,58.40683792513232,7110.440926158955,5049.415026589688,2337.579754329472,3.531809033930371,0.8660254037844386,16.732127736842106,26.71414867347348,29.416210137329365,36.62053954616129,56.21411415579133,29.598680547505964,57.74416633742222,7122.416243094843,5237.23168447716,2315.4507288321197,3.511590960752022,0.5,17.03913924736842
70.76934981634271,90.04026094878166,91.44241237433437,152.92902906858708,10.764363149616258,25.575302699410905,735.0000000000001,1039.446968344225,0.0,0.0,0.0,28.80861052631579,70.76935110925562,90.04026259376238,91.44241404493161,152.9290318625074,10.764363346274624,25.575303166656123,735.0,1039.4469683442248,0.0,0.0,0.0,28.80861105263158,70.76935240216861,90.04026423874319,91.44241571552888,152.92903465642777,10.764363542932996,25.57530363390135,734.9999999999998,1039.4469683442248,0.0,0.0,0.0,28.808611578947367,70.76935369508159,90.04026588372398,91.4424173861261,152.9290374503481,10.764363739591362,25.575304101146568,735.0,1039.4469683442248,0.0,0.0,0.0,28.808612105263155,70.76935498799456,90.04026752870477,91.44241905672337,152.92904024426844,10.764363936249733,25.575304568391804,735.0,1039.4469683442248,0.0,0.0,0.0,28.80861263157895,70.76935628090757,90.0402691736856,91.44242072732061,152.92904303818875,10.7643641329081,25.57530503563702,735.0,1039.4469683442248,0.0,0.0,0.0,28.808613157894737,70.7693575738205,90.04027081866636,91.44242239791785,152.9290458321091,10.76436432956646,25.57530550288223,735.0,1039.4469683442248,0.0,0.0,0.0,28.808613684210524,70.76935886673346,90.04027246364714,91.4424240685151,152.92904862602944,10.764364526224822,25.57530597012746,735.0,1039.4469683442248,0.0,0.0,0.0,28.808614210526315,70.76936015964638,90.0402741086279,91.44242573911237,152.92905141994976,10.764364722883194,25.575306437372685,735.0000000000001,1039.446968344225,0.0,0.0,0.0,28.808614736842106,70.76936145255941,90.04027575360875,91.44242740970962,152.9290542138701,10.764364919541565,25.57530690461791,735.0,1039.4469683442248,0.0,0.0,0.0,28.808615263157897,70.76935110925562,90.04026259376238,91.44241404493161,152.9290318625074,10.764363346274624,25.575303166656123,735.0,1039.4469683442248,0.0,0.0,0.0,28.80861105263158,70.76935123854692,90.04026275826044,91.44241421199135,152.92903214189946,10.764363365940465,25.57530321338065,735.0,1039.4469683442248,0.0,0.0,0.0,28.808611105263157
71.59170193974451,91.0865444030601,92.50498907145207,154.7060909196667,10.889446917039978,25.872492154112482,734.9999999999999,1039.4469683442248,0.0,0.0,0.0,29.14337157894737,71.5917020690358,91.08654456755818,92.50498923851181,154.70609119905873,10.889446936705813,25.872492200837,735.0000000000001,1039.4469683442248,0.0,0.0,0.0,29.143371631578948,71.59170219832706,91.08654473205618,92.50498940557154,154.70609147845076,10.889446956371652,25.872492247561528,735.0,1039.4469683442248,0.0,0.0,0.0,29.143371684210525,71.59170232761838,91.0865448965543,92.50498957263125,154.70609175784276,10.889446976037489,25.87249229428605,734.9999999999998,1039.4469683442248,0.0,0.0,0.0,29.143371736842106,71.5917024569096,91.08654506105232,92.50498973969097,154.7060920372348,10.889446995703326,25.872492341010567,735.0,1039.4469683442248,0.0,0.0,0.0,29.143371789473683,71.59170258620094,91.08654522555042,92.50498990675071,154.70609231662687,10.889447015369159,25.87249238773509,734.9999999999999,1039.4469683442248,0.0,0.0,0.0,29.143371842105264,71.59170271549223,91.0865453900485,92.50499007381045,154.70609259601892,10.889447035034998,25.872492434459616,735.0,1039.4469683442248,0.0,0.0,0.0,29.14337189473684,71.59170284478354,91.08654555454659,92.50499024087014,154.7060928754109,10.889447054700835,25.872492481184143,734.9999999999997,1039.4469683442248,0.0,0.0,0.0,29.143371947368422,71.59170297407482,91.08654571904464,92.50499040792987,154.70609315480294,10.889447074366675,25.872492527908665,735.0,1039.4469683442248,0.0,0.0,0.0,29.143372,71.59170310336614,91.08654588354275,92.50499057498959,154.70609343419497,10.889447094032505,25.87249257463318,735.0000000000001,1039.4469683442248,0.0,0.0,0.0,29.143372052631577,71.5917020690358,91.08654456755818,92.50498923851181,154.70609119905873,10.889446936705813,25.872492200837,735.0000000000001,1039.4469683442248,0.0,0.0,0.0,29.143371631578948,71.59170208196484,91.08654458400784,92.50498925521777,154.7060912269979,10.889446938672403,25.87249220550946,735.0,1039.4469683442248,0.0,0.0,0.0,29.143371636842105
63.17949298677333,80.3836413631584,81.6354151379211,136.52772767571236,9.609908920785513,22.832407839345358,734.9999999999998,1039.4469683442248,0.0,0.0,0.0,25.71895052631579,63.17949311606462,80.38364152765645,81.6354153049808,136.52772795510433,9.60990894045135,22.83240788606988,735.0,1039.4469683442248,0.0,0.0,0.0,25.718950578947368,63.17949324535589,80.3836416921545,81.63541547204053,136.52772823449638,9.60990896011718,22.832407932794396,734.9999999999999,1039.4469683442248,0.0,0.0,0.0,25.718950631578945,63.17949337464718,80.38364185665257,81.63541563910023,136.52772851388835,9.609908979783016,22.832407979518916,734.9999999999999,1039.4469683442246,0.0,0.0,0.0,25.718950684210526,63.17949350393851,80.3836420211507,81.63541580615998,136.52772879328046,9.609908999448853,22.832408026243442,734.9999999999999,1039.4469683442248,0.0,0.0,0.0,25.718950736842103,63.17949363322979,80.38364218564875,81.6354159732197,136.52772907267243,9.609909019114694,22.832408072967972,734.9999999999999,1039.4469683442248,0.0,0.0,0.0,25.718950789473684,63.1794937625211,80.38364235014684,81.63541614027943,136.5277293520645,9.60990903878053,22.83240811969249,734.9999999999999,1039.4469683442248,0.0,0.0,0.0,25.71895084210526,63.179493891812385,80.38364251464489,81.63541630733914,136.52772963145654,9.609909058446364,22.83240816641701,735.0,1039.4469683442248,0.0,0.0,0.0,25.718950894736842,63.179494021103686,80.38364267914297,81.63541647439887,136.52772991084854,9.609909078112205,22.83240821314154,735.0,1039.4469683442248,0.0,0.0,0.0,25.718950947368423,63.17949415039498,80.38364284364107,81.63541664145859,136.5277301902406,9.609909097778042,22.83240825986606,735.0,1039.4469683442248,0.0,0.0,0.0,25.718951,63.17949311606462,80.38364152765645,81.6354153049808,136.52772795510433,9.60990894045135,22.83240788606988,735.0,1039.4469683442248,0.0,0.0,0.0,25.718950578947368,63.17949312899372,80.38364154410623,81.63541532168676,136.52772798304355,9.609908942417931,22.832407890742335,735.0,1039.4469683442248,0.0,0.0,0.0,25.71895058421053
69.84492997137698,88.86411613067956,90.24795204808093,150.9314039708687,10.623754384102002,25.241227037875287,735.0,1039.4469683442248,0.0,0.0,0.0,28.4323,69.83103528985448,88.86922572969382,90.26979023091872,150.96756156263424,10.62643249718112,25.247477860789527,735.0676014387248,1039.470892301666,13.700959848929712,0.0,0.0,28.43694976,68.63959779625685,88.34455611282283,90.50415474342766,151.33279955182195,10.658329710316865,25.319515976457982,737.7042929941233,1040.4622059772344,171.533546652474,0.0,0.0,28.409257857894737,68.3217279859436,87.87429846122772,90.46031204327846,151.02771237904696,10.718674078651002,25.369267707868442,736.4185138873099,1041.3373028573471,224.10608235349486,1.1216546643018832,0.5,28.328502094736844,68.19494488407382,87.46666972825952,90.39654667623927,150.80688805493853,10.769170201286833,25.40926324344399,739.6577874013299,1046.4922032738618,267.2747666353085,1.2156068625101308,1.0,28.262334131578942,67.83034903534524,86.5315687944056,90.57234141465048,151.26258913430325,10.720911704404411,25.41702790001246,739.6891385233143,1042.8659058976536,351.94845625945237,0.0,0.0,28.20851144210525,68.10607394769704,86.70782604191388,90.75359239029387,151.64585395101244,10.697911572106362,25.40626568192194,745.3814699164326,1043.9271759982141,361.4546555579115,0.0,0.0,28.217682578947358,64.47536305985116,80.41590767724361,90.38592181077055,150.07312646091322,10.771406710691743,25.573990778764447,712.3569818407392,1041.8329169294445,675.4398726776834,0.0,0.0,27.595218954736843,58.42143258401835,72.25782167068925,89.67475421997239,146.57210791453477,10.937527562964855,25.885922220477195,654.7727627033261,1119.2856057904985,1210.7768467423668,23.14521769693601,0.0,27.022060668421055,63.84640780382684,74.17931779421674,91.51294119237251,145.82478124233347,11.096404312937596,25.97408812871652,662.8653835665224,1242.3666849098565,1232.9417224080694,13.10896336100401,0.0,27.29166231578947,71.23069253091084,80.74545609927581,92.18291500196169,146.271130727404,11.002594183288368,25.81291743230938,607.9298226489647,1210.7721728404579,966.4577296505381,7.802705558736662,0.0,27.856351789473678,69.99883657275005,82.39883580672662,91.25930738888417,147.86147164458504,10.884414054135902,25.65211993375691,604.7353963736927,1058.1912352505688,706.8271366097638,197.6216842851925,0.0,28.02186652631579
85.33038522527679,108.56635213525327,110.25700100509722,184.3946990669765,12.979167628998272,30.83750857196411,734.9999999999998,1039.4469683442248,0.0,0.0,0.0,34.73608052631579,85.33038535456811,108.56635229975137,110.25700117215695,184.39469934636847,12.97916764866411,30.837508618688638,735.0,1039.4469683442248,0.0,0.0,0.0,34.73608057894737,85.33038548385936,108.5663524642494,110.25700133921667,184.39469962576052,12.979167668329941,30.837508665413157,735.0,1039.4469683442248,0.0,0.0,0.0,34.73608063157895,85.33038561315068,108.56635262874751,110.25700150627642,184.39469990515258,12.97916768799578,30.837508712137677,735.0,1039.4469683442248,0.0,0.0,0.0,34.73608068421053,85.33038574244198,108.56635279324557,110.2570016733361,184.39470018454455,12.979167707661619,30.837508758862207,734.9999999999999,1039.4469683442246,0.0,0.0,0.0,34.736080736842105,85.33038587173321,108.5663529577436,110.25700184039586,184.39470046393666,12.979167727327457,30.83750880558673,735.0,1039.4469683442248,0.0,0.0,0.0,34.73608078947368,85.33038600102456,108.56635312224176,110.25700200745555,184.39470074332866,12.979167746993292,30.837508852311252,735.0,1039.4469683442248,0.0,0.0,0.0,34.73608084210527,85.3303861303159,108.56635328673985,110.2570021745153,184.3947010227207,12.979167766659124,30.837508899035768,735.0000000000001,1039.4469683442248,0.0,0.0,0.0,34.736080894736844,85.33038625960715,108.56635345123789,110.25700234157502,184.3947013021127,12.979167786324961,30.83750894576028,735.0,1039.4469683442248,0.0,0.0,0.0,34.73608094736842,85.33038638889843,108.56635361573596,110.25700250863471,184.3947015815047,12.979167805990803,30.837508992484814,735.0,1039.4469683442248,0.0,0.0,0.0,34.736081,85.33038535456811,108.56635229975137,110.25700117215695,184.39469934636847,12.97916764866411,30.837508618688638,735.0,1039.4469683442248,0.0,0.0,0.0,34.73608057894737,77.61539080047737,96.41915959254023,105.77806818652239,168.65641901452565,14.871022709093749,33.02142494685985,893.9568140447751,1608.5556435052847,498.3144815678848,1.998481019882683,1.5,33.04702743157894
78.20515089379373,99.50087449284321,101.05035126627516,168.99742367829916,11.895384747436667,28.2625234222513,734.9999999999995,1039.4469683442248,0.0,0.0,0.0,31.83555789473684,77.3294584400586,99.08693455046422,101.2176263097721,169.25256651292005,11.918090997766514,28.31405100044764,736.4058443316544,1039.9709920379496,126.07975298147218,0.0,0.0,31.812893594736835,74.54571590442126,93.40260224754286,100.86948293839863,168.37314349053452,12.039471723950307,28.54103352675033,734.4190787895137,1041.3099229742418,627.2391907443493,0.0,0.0,31.043282305263155,71.9611907572104,90.31028708386832,100.42144903113306,166.63459112910607,12.166511421365907,28.756392956530725,683.611992302976,1033.5623966221242,823.1976378330244,2.979175722858702,0.0,30.942469305263156,71.59696957318116,89.98252265061033,99.82865188600027,165.34502520680485,12.48802617605377,28.897613330045214,724.654749942733,1067.4998351997376,789.7142151740512,3.3311139953399738,0.5,30.864859142105256,71.98719281127214,90.33501887890743,98.37698550765982,164.87969238235382,12.193704143410342,28.66936404581186,735.2397234154445,1061.7601037498143,814.5625207618059,7.379980479291114,0.0,30.816954568421057,72.77630487123062,90.57021043066622,100.55295324578216,167.26833685603074,12.160294783583682,28.68874560176225,738.2585891756822,1049.1421173907374,825.9692320437817,0.0,0.0,30.783024684210528,72.57775173644326,90.89316707087023,100.07082891555649,166.12578834220338,12.338182687815477,28.806518273523455,743.5732152401353,1064.0835835452567,803.3422960486233,17.46569586936323,0.0,30.94541910526316,69.68584444255528,88.74066288368051,95.48600493948723,157.04569635903778,12.64678052715147,29.489513708229175,769.580628497064,1136.9774103298992,824.1234868671295,4.021698042309354,3.5,30.442923947368424,69.37211145729633,88.34926394752199,93.78570273600242,154.7187039075616,12.85337590002029,29.54264543980281,823.9644674784282,1335.125157118859,761.1222031472411,3.331323553160335,3.2998316455372216,30.165686526315785,70.33758776389071,88.66747009231725,97.77973857947784,160.4608181530674,12.6228782581031,29.33741044357009,772.9150178328312,1168.5561829037197,799.9401148676567,2.696819588572931,0.9428090415820634,30.51629280526316,72.46388708862949,90.52431277522128,97.88885921581519,162.6738408714545,12.402320958682592,29.020883287537853,755.300383194238,1109.6953855624263,742.8236323640593,1.751175932280708,1.0,30.479235315789484
69.8967421657673,88.93003709102949,90.31489956219201,151.04336753422757,10.631635271483947,25.259951422916167,734.9999999999998,1039.4469683442248,0.0,0.0,0.0,28.453391578947365,69.8967422950586,88.93003725552757,90.31489972925175,151.04336781361962,10.631635291149788,25.259951469640693,735.0,1039.4469683442248,0.0,0.0,0.0,28.45339163157895,69.8967424243499,88.93003742002566,90.31489989631147,151.04336809301168,10.631635310815623,25.259951516365213,735.0,1039.4469683442248,0.0,0.0,0.0,28.45339168421053,69.89674255364119,88.9300375845237,90.31490006337121,151.0433683724037,10.631635330481458,25.259951563089732,734.9999999999998,1039.4469683442248,0.0,0.0,0.0,28.453391736842107,69.89674268293251,88.93003774902182,90.31490023043092,151.04336865179573,10.631635350147299,25.259951609814255,735.0,1039.4469683442248,0.0,0.0,0.0,28.453391789473688,69.89674281222376,88.93003791351984,90.31490039749063,151.04336893118776,10.631635369813132,25.25995165653878,734.9999999999999,1039.4469683442248,0.0,0.0,0.0,28.453391842105265,69.89674294151507,88.93003807801796,90.31490056455038,151.0433692105798,10.631635389478971,25.259951703263305,735.0,1039.4469683442248,0.0,0.0,0.0,28.453391894736843,69.89674307080642,88.93003824251609,90.3149007316101,151.0433694899718,10.631635409144804,25.25995174998782,734.9999999999998,1039.4469683442248,0.0,0.0,0.0,28.453391947368424,69.8967432000977,88.93003840701412,90.31490089866983,151.04336976936386,10.631635428810643,25.259951796712347,735.0,1039.4469683442248,0.0,0.0,0.0,28.453392,69.89674332938903,88.93003857151223,90.31490106572956,151.04337004875592,10.631635448476478,25.259951843436866,735.0,1039.4469683442248,0.0,0.0,0.0,28.453392052631582,69.8967422950586,88.93003725552757,90.31489972925175,151.04336781361962,10.631635291149788,25.259951469640693,735.0,1039.4469683442248,0.0,0.0,0.0,28.45339163157895,69.89674230798775,88.93003727197738,90.31489974595772,151.04336784155882,10.631635293116368,25.25995147431314,734.9999999999999,1039.4469683442248,0.0,0.0,0.0,28.453391636842106
10.403083947057869,11.553163204085932,10.133542528309478,13.506736000969358,10.729690113075886,24.708122604543306,3264.863729166234,4089.4498347532644,847.4053355187422,3.8745589570761343,0.0,6.099153757894737,15.236267076985296,16.40112526904776,20.476819799307304,31.236802454808636,11.96545365826056,27.863540707566067,1936.5529609918294,3802.564254069158,934.4190221543031,3.7500548651032894,0.0,9.704711684210524,69.66716830395805,88.7735009461348,90.25308024550121,150.9379729753037,10.62499602399702,25.243503112104033,735.411286082276,1039.5931652817806,296.9358589035089,0.0,0.0,28.42078242105264,69.667169596871,88.77350259110757,90.25308191609844,150.93797576922393,10.624996220655381,25.243503579349245,735.4112860745923,1039.593165279035,296.93586439937496,0.0,0.0,28.420782947368426,69.66717088978406,88.7735042360804,90.25308358669567,150.93797856314418,10.62499641731375,25.243504046594467,735.4112860669085,1039.5931652762895,296.93586989524107,0.0,0.0,28.420783473684214,69.66717255953387,88.77350637485802,90.25308564235432,150.93798170500426,10.624997051230936,25.243504595486023,735.4112799876245,1039.5931631370465,296.93590595970227,0.0,0.0,28.420784052631586,67.04283475891069,86.42429818386395,87.98262073756835,147.02882873099082,13.895900941765202,14.90499598544349,3079.9355827982954,6242.437077217133,1156.5739728389258,21.177959245506408,0.7637626158259734,26.478061305263157,65.4082967309268,84.23859467826394,85.50965864037998,142.7053713763505,19.031503487353312,23.120159414219078,8080.791571810137,9213.083259456207,2411.314765852196,2.987570970620586,0.7637626158259734,24.4731023368421,55.11244608702024,68.76149154712698,73.67960728582031,124.9123016441033,20.77362795710055,25.433877112903208,11342.829210907006,9425.947889571895,3190.115171241796,3.248174544460702,0.34992710611188266,22.36878147368421,13.299008089644937,14.586700757449133,16.48296453931153,24.370071577491565,13.116334307521681,19.505254387155798,15948.30562481287,8018.743682021831,839.7511330009032,8.229512876601765,0.6998542122237653,7.755527636842109,10.368376780444363,11.56670750481932,10.268439457668146,13.716557053095952,10.753670615757986,24.715500127647744,3292.9901933062183,4140.783167359163,846.705046195186,3.871536719018358,0.0,6.1438427578947366,17.535310605120532,18.973774725893488,23.64234518864032,36.90047905235246,12.343302491876424,28.820004179507926,1461.5852069562386,3303.5903840045266,922.6321986707078,4.041639578456991,0.0,10.801363184210528
73.96530656042316,94.10649555408489,95.57196839372928,159.8353319113548,11.25048375257541,26.73028803354501,734.9999999999999,1039.4469683442248,0.0,0.0,0.0,30.109612631578944,73.96211245623464,94.09627843134992,95.48345424917365,159.7566818703385,11.254284501904895,26.732510969801485,736.4969692040626,1039.9953033990457,0.947178314521712,0.9069914607686297,0.0,30.108349063157892,71.10634558139569,91.24806340138379,90.19733755830717,154.35791185109355,11.514726214945332,27.061776949872208,867.6674886735344,1142.838346675362,309.8215815066359,93.9377319665277,0.0,29.70130492105263,69.0846989075685,88.84666464546682,86.45689840424792,148.68370266649652,12.245124715304563,27.570750905038263,1011.3681335528827,1339.1066013910681,481.5241828930254,6.737486075223621,1.0,29.207010878947358,72.6906182869274,90.30567813631596,85.97596495186971,146.806595087468,12.36862338273814,27.712041476151498,1156.184735072111,1530.3752234766334,434.03256083835527,2.9775260264764607,0.0,29.26078837894737,73.45466835373193,91.13898283184982,90.04205222475325,150.35190594295707,12.126390774079608,27.414533876372623,974.0666795447581,1427.4420119055917,377.84833996714394,4.133332098886867,1.0,29.41292339473684,70.54343587423433,89.85979703407082,91.79019832830372,152.2258463787475,12.052897163384753,27.32826331277546,931.0688971358312,1387.5784177378023,397.6644510906201,7.23858722852816,0.5,29.283164042105273,69.95567709268238,89.33064089641599,92.12283809329966,152.52797317431396,12.067232130712922,27.429085571973236,946.7327934330278,1405.8201490138727,413.7927310188514,11.007330812920822,0.5,29.276747077368416,69.69712379253339,88.8685271544127,91.47958654102557,152.21819168970273,12.062904435620947,27.505010549057697,930.4318948921499,1393.9751284385923,466.57051067228684,34.61962274898818,0.5,29.274706168421055,69.24810736819,88.80069127696267,92.33190452651235,153.2043579116178,11.974742857022337,27.3835874592767,888.9250612424685,1331.3130430179165,505.96926411005006,8.117424494632111,0.5,29.275646042105258,70.07387304887695,89.89337401658399,92.19942058813774,153.39779451308863,11.946399222320714,27.28545819527455,866.5350510748027,1290.726080719157,446.87119883358116,9.435921045736539,1.0,29.350823294736852,70.22199752330717,89.92174637277378,91.882311675848,152.80103595472255,11.956203873767121,27.32407936325343,873.731127647309,1316.079632490543,426.3552899527269,49.4964834557324,0.5,29.343653210526316
75.56976759809878,96.147860790439,97.64512277802751,163.30249204928006,11.494530099104974,27.310123468156977,734.9999999999998,1039.4469683442248,0.0,0.0,0.0,30.762752631578948,75.56976889101178,96.1478624354198,97.64512444862478,163.30249484320044,11.494530295763335,27.3101239354022,735.0000000000001,1039.446968344225,0.0,0.0,0.0,30.762753157894736,75.56977018392477,96.14786408040064,97.64512611922203,163.30249763712075,11.494530492421699,27.31012440264742,734.9999999999999,1039.4469683442248,0.0,0.0,0.0,30.762753684210523,75.56977147683766,96.14786572538138,97.6451277898193,163.3025004310411,11.494530689080072,27.310124869892654,735.0000000000001,1039.446968344225,0.0,0.0,0.0,30.762754210526317,75.56977276975064,96.14786737036212,97.64512946041654,163.3025032249614,11.494530885738438,27.31012533713787,735.0,1039.4469683442248,0.0,0.0,0.0,30.762754736842105,75.56977406266365,96.14786901534298,97.64513113101378,163.30250601888176,11.494531082396804,27.310125804383095,735.0000000000001,1039.4469683442248,0.0,0.0,0.0,30.762755263157896,75.56977535557662,96.14787066032378,97.64513280161104,163.3025088128021,11.494531279055167,27.310126271628313,734.9999999999999,1039.4469683442248,0.0,0.0,0.0,30.762755789473683,75.56977664848955,96.14787230530455,97.64513447220828,163.30251160672242,11.494531475713538,27.310126738873535,735.0000000000001,1039.4469683442248,0.0,0.0,0.0,30.762756315789478,75.56977794140255,96.14787395028534,97.64513614280553,163.30251440064274,11.494531672371902,27.310127206118754,734.9999999999999,1039.4469683442248,0.0,0.0,0.0,30.762756842105265,75.56977923431553,96.1478755952662,97.64513781340278,163.30251719456308,11.494531869030267,27.310127673363976,734.9999999999999,1039.4469683442248,0.0,0.0,0.0,30.762757368421052,75.56976889101178,96.1478624354198,97.64512444862478,163.30249484320044,11.494530295763335,27.3101239354022,735.0000000000001,1039.446968344225,0.0,0.0,0.0,30.762753157894736,75.56976902030304,96.14786259991787,97.64512461568451,163.30249512259243,11.494530315429175,27.310123982126722,735.0,1039.4469683442248,0.0,0.0,0.0,30.762753210526313
68.40134609465333,87.02743585455761,88.38267007933496,147.81189133977446,10.404178238124814,24.71953092628165,735.0,1039.4469683442248,0.0,0.0,0.0,27.844649473684214,68.40134622394467,87.02743601905571,88.38267024639467,147.8118916191665,10.404178257790651,24.71953097300618,735.0,1039.4469683442248,0.0,0.0,0.0,27.84464952631579,68.4013463532359,87.02743618355373,88.3826704134544,147.81189189855854,10.40417827745649,24.7195310197307,735.0,1039.4469683442248,0.0,0.0,0.0,27.844649578947372,68.40134648252726,87.02743634805186,88.38267058051412,147.8118921779505,10.404178297122318,24.719531066455207,735.0,1039.4469683442248,0.0,0.0,0.0,27.84464963157895,68.40134661181848,87.02743651254988,88.38267074757384,147.8118924573426,10.404178316788158,24.719531113179734,735.0,1039.4469683442248,0.0,0.0,0.0,27.844649684210527,68.40134674110986,87.02743667704804,88.38267091463358,147.81189273673462,10.404178336453997,24.719531159904264,735.0,1039.4469683442248,0.0,0.0,0.0,27.844649736842108,68.4013468704011,87.02743684154606,88.38267108169329,147.81189301612662,10.404178356119836,24.71953120662878,735.0,1039.4469683442248,0.0,0.0,0.0,27.844649789473685,66.79021919753386,86.07339280148236,87.47861242837234,146.3005941116829,11.497592210869,19.75717917154789,1281.3305909875503,3234.6918479285073,279.9987966976841,1.0678439086673377,0.4714045207910317,27.08719341052632,66.55201210200242,85.91884360413145,87.32494499323843,146.03700883702666,11.748782088568598,18.927112544728896,1433.148211835596,3609.1664958738775,339.26313494323153,1.0579978352794164,0.4714045207910317,26.960075436842107,68.39049620406796,87.02118100940838,88.37515378149222,147.80148977076743,10.435911921109662,24.692457308891957,735.1297028849465,1040.5086398271978,1.2153496208659302,1.066186293603319,0.5,27.841060324568417,68.40286423670946,87.03044511257998,88.38650481931705,147.8182884769603,10.40463517510838,24.720610164466102,735.0033114565692,1039.448139173081,2.319529779427023,0.0,0.0,27.845752782631575,68.36580949550486,87.02117233796217,88.40479237405303,147.84825814479646,10.406966267999149,24.72596285077715,735.117762925455,1039.4886749507111,13.796253822565047,0.0,0.0,27.847803984210522
32.489611927761686,39.99704573207427,25.172363520867137,37.21843402023176,26.339160280352413,52.61950233535267,3074.2163961762467,2915.7984936851904,2284.8096987771687,1.3847026115525776,1.632993161855452,17.9501854,29.943095203510257,36.650257269527465,24.753005989042126,34.682550294359956,27.466559106821666,54.23117016990347,3534.6712771502753,3404.773631709899,2527.44729844034,1.5429511994998435,1.4142135623730951,17.416025136842105,34.81367208395273,40.48067746034379,26.219118287730634,37.98715122755343,26.721581308356342,52.989572503512484,3498.3320261572767,3326.246845731231,2407.136729537951,1.233321848101425,1.299038105676658,18.044475156315787,36.617786053097255,41.484760363781376,26.942585792779834,39.650266344022825,26.94190975696847,52.449796408372485,3785.6175321170053,3049.6474844243767,2617.4662503641784,1.6429442064939035,1.699673171197595,18.422969621052623,34.466532753326895,40.45698960326173,25.74055706405257,38.27063061932136,26.757178182812694,51.44404988071601,3657.3011858489735,3277.911450569383,2814.7756947888374,1.35693776779074,1.479019945774904,18.546677784210523,31.943545829934788,38.79615837023749,28.127354171550653,39.98197924894901,25.899158553952855,50.50183138600778,3587.528244099214,3350.222849919803,2860.2092883327296,1.9330549092714298,0.816496580927726,18.69792739105263,28.6824579360458,35.38812530507114,29.689486092867128,41.16052197717546,26.30408376177407,50.18191321908118,3932.6548534664885,3551.577475865735,2932.464961908321,2.155761727621266,1.4142135623730951,18.327771089473682,26.33386420488045,32.229459531825874,25.116763092148915,35.26225328018117,26.018615135744565,51.04506177604408,3954.8253165737488,4062.8763152272086,3237.207628967613,1.7536480915032686,0.7071067811865476,17.709694631578948,28.149822688926715,34.111720748065096,26.677636199690802,37.13274361982074,25.961997204790652,51.69820551139664,3407.695460977667,3927.2897055363405,2979.886510852536,1.9761713039859798,1.632993161855452,17.715865421052634,29.638060123640003,37.15932536109618,28.01805132487825,39.54860868421152,26.048114010269046,51.84983917766152,3571.490002784616,3730.8853534528657,2775.621116718822,1.907927220050338,0.816496580927726,18.11608712631579,29.962752002086,36.532066438070494,28.146055798674094,39.67386273335947,26.836190240134854,51.4238734836076,4024.9926033045053,3719.1118701250225,2939.0367139020505,1.7453913018981635,0.816496580927726,18.345357300000003,31.031771317257114,37.35746156243921,28.435373740038937,40.85742028193778,26.75304621321395,51.64202017401904,3976.3982062449863,3800.4527092649964,2783.55495713018,1.2985982322335983,0.82915619758885,18.307382052631578
83.27131400756039,105.94658368695686,107.59643622829522,179.9451490438997,12.665972857590283,30.093381774001372,735.0,1039.4469683442248,0.0,0.0,0.0,33.89787894736842,83.27131530047339,105.94658533193767,107.59643789889243,179.94515183782,12.66597305424865,30.09338224124659,735.0,1039.446968344225,0.0,0.0,0.0,33.89787947368421,83.2713165933864,105.9465869769185,107.59643956948969,179.94515463174034,12.665973250907019,30.093382708491816,734.9999999999999,1039.4469683442248,0.0,0.0,0.0,33.89788,83.27131788629937,105.94658862189927,107.59644124008695,179.94515742566068,12.665973447565383,30.09338317573703,735.0,1039.4469683442248,0.0,0.0,0.0,33.89788052631579,83.27131917921233,105.94659026688007,107.5964429106842,179.94516021958106,12.665973644223751,30.093383642982268,734.9999999999999,1039.4469683442248,0.0,0.0,0.0,33.89788105263158,83.27132047212531,105.94659191186086,107.59644458128146,179.94516301350134,12.665973840882117,30.093384110227483,734.9999999999999,1039.4469683442248,0.0,0.0,0.0,33.89788157894737,83.27132176503825,105.9465935568416,107.59644625187867,179.94516580742163,12.665974037540481,30.093384577472698,734.9999999999999,1039.4469683442248,0.0,0.0,0.0,33.89788210526316,83.27132305795124,105.9465952018224,107.59644792247593,179.945168601342,12.665974234198844,30.09338504471793,735.0,1039.4469683442248,0.0,0.0,0.0,33.897882631578945,83.2713243508642,105.94659684680322,107.59644959307319,179.94517139526232,12.665974430857217,30.093385511963152,735.0,1039.446968344225,0.0,0.0,0.0,33.89788315789474,83.27132564377719,105.946598491784,107.59645126367046,179.9451741891827,12.665974627515586,30.09338597920839,735.0,1039.4469683442248,0.0,0.0,0.0,33.89788368421053,83.27131530047339,105.94658533193767,107.59643789889243,179.94515183782,12.66597305424865,30.09338224124659,735.0,1039.446968344225,0.0,0.0,0.0,33.89787947368421,83.27131542976471,105.94658549643574,107.59643806595216,179.945152117212,12.665973073914483,30.093382287971114,735.0000000000001,1039.446968344225,0.0,0.0,0.0,33.89787952631579
66.89442499731801,85.11017125928551,86.43554889261037,144.55551013948752,10.174968192086071,24.174945405735016,735.0,1039.4469683442248,0.0,0.0,0.0,27.231215789473683,66.89442629023095,85.1101729042663,86.43555056320758,144.55551293340784,10.174968388744437,24.174945872980235,735.0,1039.446968344225,0.0,0.0,0.0,27.23121631578947,67.97787493775742,83.97207849137958,86.61767514964609,143.92688531716044,10.236863030062038,24.287678299282952,681.3068052174507,1026.9177194967658,209.2065688421676,5.49603767563593,0.0,27.21475866842104,66.69273985495327,79.8968334229377,87.00448330199976,142.7330176701281,10.3302550449031,24.46769134156174,609.7259265556629,1052.9608463775296,548.3572184930092,31.60595676047425,0.0,26.92518363157895,66.76997646261232,79.44044631376542,87.49966274094838,142.83380080911854,10.326338597643119,24.48120835365681,603.7854577661393,1054.7438032793061,579.6965787547409,223.89803336831199,0.0,26.920746421052623,64.89563245276202,80.27563248442071,87.53514671142352,143.9640232411303,10.288001072977051,24.42307312796647,655.5785771541083,1027.5586662475755,486.47740508058075,5.337242145567155,0.0,26.961129973684216,65.08316995526282,81.76907134654437,87.36957753246327,144.49271199417586,10.2656204599641,24.37737014279883,685.1180560057751,1027.557608078772,404.98134029077136,2.9216618060304107,0.0,27.063947052631576,66.61229931295654,83.06162902701772,87.25666590544594,144.5223577562676,10.249355521270944,24.34071395641903,688.6864918317151,1026.671069998705,330.530818529515,2.513924701816328,0.0,27.18450491052632,65.03693207610294,83.31939410475923,86.91755992524456,145.10900467008958,10.242219237502717,24.328539899047485,731.714499211341,1038.902698501914,319.21004604933444,0.0,0.0,27.1110215,65.2992015989892,83.33044670102828,86.959099117717,145.30121056177012,10.249107345468598,24.34167464153445,742.3628448139673,1042.6696978785676,349.8406775681872,0.0,0.0,27.081670789473684,65.42655958391693,83.83826682306068,86.85221614293229,145.17831491918827,10.23325018346021,24.306123655783765,741.2053057297703,1041.9740741511964,275.39379798858994,0.0,0.0,27.13239411578947,65.35361582652178,83.87323655289708,86.78109249031829,145.0446497332998,10.223573165109507,24.28489847072331,739.0208313923366,1041.160548958135,230.04424739837012,0.0,0.0,27.132594763157908
77.49663458581576,98.59942501757793,100.13486397444325,167.46635533671437,11.78761596255602,28.00647304039768,735.0000000000001,1039.4469683442248,0.0,0.0,0.0,31.54713684210526,77.4966358787287,98.59942666255867,100.13486564504053,167.46635813063477,11.787616159214386,28.006473507642895,735.0000000000001,1039.446968344225,0.0,0.0,0.0,31.547137368421055,77.49663717164167,98.59942830753954,100.13486731563778,167.4663609245551,11.78761635587275,28.00647397488812,735.0,1039.4469683442248,0.0,0.0,0.0,31.547137894736842,77.49663846455462,98.5994299525203,100.13486898623502,167.4663637184754,11.787616552531121,28.006474442133346,735.0,1039.4469683442248,0.0,0.0,0.0,31.54713842105263,77.4966397574676,98.59943159750108,100.13487065683226,167.46636651239575,11.787616749189489,28.006474909378564,735.0,1039.4469683442248,0.0,0.0,0.0,31.54713894736842,77.49664105038063,98.59943324248196,100.1348723274295,167.46636930631607,11.787616945847857,28.006475376623797,734.9999999999999,1039.4469683442248,0.0,0.0,0.0,31.54713947368421,77.49664234329357,98.5994348874627,100.13487399802676,167.46637210023638,11.787617142506223,28.006475843869026,734.9999999999999,1039.4469683442248,0.0,0.0,0.0,31.547140000000002,77.49664363620646,98.59943653244342,100.13487566862402,167.46637489415676,11.787617339164582,28.006476311114234,734.9999999999998,1039.4469683442248,0.0,0.0,0.0,31.54714052631579,77.49664492911947,98.59943817742425,100.13487733922125,167.46637768807705,11.787617535822951,28.006476778359456,735.0,1039.4469683442248,0.0,0.0,0.0,31.547141052631577,77.4966462220325,98.5994398224051,100.13487900981848,167.46638048199733,11.78761773248132,28.00647724560468,734.9999999999998,1039.4469683442248,0.0,0.0,0.0,31.547141578947365,77.4966358787287,98.59942666255867,100.13486564504053,167.46635813063477,11.787616159214386,28.006473507642895,735.0000000000001,1039.446968344225,0.0,0.0,0.0,31.547137368421055,77.49663600801998,98.59942682705676,100.13486581210023,167.46635841002677,11.787616178880226,28.006473554367435,735.0,1039.4469683442248,0.0,0.0,0.0,31.547137421052632
77.12611805121935,98.12801464645717,99.65611256813536,166.66568761775514,11.731258591156076,27.872572240799695,734.9999999999999,1039.4469683442248,0.0,0.0,0.0,31.396307894736843,77.12611818051064,98.12801481095528,99.65611273519511,166.66568789714722,11.731258610821913,27.872572287524207,735.0,1039.4469683442248,0.0,0.0,0.0,31.39630794736842,77.12611830980192,98.12801497545333,99.65611290225482,166.66568817653922,11.731258630487746,27.872572334248726,735.0,1039.4469683442248,0.0,0.0,0.0,31.396308,77.12611843909329,98.12801513995147,99.65611306931456,166.6656884559313,11.731258650153581,27.872572380973253,735.0,1039.4469683442248,0.0,0.0,0.0,31.39630805263158,77.1261185683846,98.12801530444952,99.65611323637428,166.66568873532336,11.731258669819418,27.87257242769778,734.9999999999999,1039.4469683442248,0.0,0.0,0.0,31.39630810526316,77.1261186976758,98.12801546894757,99.65611340343402,166.6656890147154,11.731258689485255,27.87257247442229,734.9999999999999,1039.4469683442248,0.0,0.0,0.0,31.396308157894737,77.12611882696716,98.1280156334457,99.65611357049373,166.66568929410738,11.731258709151094,27.872572521146818,734.9999999999995,1039.4469683442248,0.0,0.0,0.0,31.396308210526314,77.12611895625844,98.12801579794375,99.65611373755345,166.66568957349944,11.731258728816933,27.872572567871345,735.0,1039.446968344225,0.0,0.0,0.0,31.396308263157895,77.12611908554975,98.12801596244184,99.65611390461318,166.66568985289143,11.731258748482762,27.87257261459586,735.0,1039.4469683442248,0.0,0.0,0.0,31.396308315789472,77.12611921484104,98.12801612693988,99.65611407167287,166.66569013228346,11.731258768148601,27.872572661320376,735.0000000000001,1039.4469683442248,0.0,0.0,0.0,31.396308368421053,77.12611818051064,98.12801481095528,99.65611273519511,166.66568789714722,11.731258610821913,27.872572287524207,735.0,1039.4469683442248,0.0,0.0,0.0,31.39630794736842,77.12611819343985,98.12801482740511,99.65611275190105,166.66568792508636,11.731258612788496,27.87257229219667,734.9999999999999,1039.4469683442248,0.0,0.0,0.0,31.396307952631577
66.73690941008992,84.90976324911841,86.23202002990256,144.21512682551807,10.15100930328678,24.118020920294818,735.0,1039.4469683442248,0.0,0.0,0.0,27.167094736842106,66.73691070300289,84.90976489409917,86.23202170049981,144.21512961943841,10.151009499945145,24.11802138754004,735.0,1039.4469683442248,0.0,0.0,0.0,27.167095263157893,66.35460270873281,84.78472701799767,86.36952295374792,144.4386361669944,10.16886093423269,24.158759684010086,736.1074397183149,1039.8451535254076,85.32969757918391,0.0,0.0,27.17488625789474,65.36644677597154,84.09491246308106,86.40692276770515,144.39411837527425,10.188471064539312,24.19407597882996,731.5396168304462,1038.2941807002792,154.25473420622012,0.0,0.0,27.10356214210526,65.10474561124839,83.7771982301234,86.35854820649021,144.32319255013485,10.183646385228949,24.183050447681413,733.9148601537295,1039.141323964233,131.15020946747887,0.0,0.0,27.050996457894737,64.91486099785881,83.29101604919428,86.2022180561541,144.12754232771778,10.181368151138631,24.179916182148585,735.9618175531541,1039.929107650229,119.10831782253929,0.0,0.0,26.983411668421056,65.64756204308945,84.06457263830377,86.16990915295003,144.08011959293376,10.173898577309776,24.164576196928866,730.7667565360242,1038.0057756858398,86.69888273940899,0.0,0.0,27.087640865789474,65.7100013299127,84.12302527656006,86.38536291371729,144.31986540733212,10.185098688070394,24.1881357142224,728.0193441669613,1037.096869590462,140.79405335867924,1.277161176407367,0.0,27.115204600000006,65.13378667506525,83.88238860607152,86.42997270470327,144.44063996762938,10.184568345919494,24.19070543931035,734.3540043758912,1039.328902485166,149.2288289199271,0.0,0.0,27.078780273684202,65.08322490456848,83.56599773947117,86.42485303754248,144.44531351944173,10.182004097495108,24.186307095120178,738.2183778686199,1040.8482652705645,141.18728102319034,0.0,0.0,27.028976857894733,65.12723010058997,83.88969230313887,86.3871051593319,144.39795996015673,10.17397717942266,24.170260058102265,736.6681909767755,1040.2158347235716,108.10055392180553,0.0,0.0,27.069812005263156,65.19884680948476,83.98380260864853,86.36796100447938,144.370553108298,10.170929605712208,24.163883463458845,736.1351732925573,1040.0004689541447,94.79101635787735,0.0,0.0,27.08028510526317
73.97652387335746,94.12076740745601,95.58646249545178,159.85957196414967,11.252189960563776,26.734341853094207,734.9999999999999,1039.4469683442248,0.0,0.0,0.0,30.11417894736842,73.97652516627045,94.1207690524368,95.58646416604903,159.85957475807,11.252190157222145,26.734342320339433,735.0,1039.4469683442248,0.0,0.0,0.0,30.11417947368421,73.9765264591834,94.12077069741757,95.58646583664627,159.8595775519903,11.25219035388051,26.73434278758465,735.0,1039.4469683442248,0.0,0.0,0.0,30.114179999999998,73.97652775209635,94.12077234239835,95.58646750724351,159.85958034591064,11.252190550538877,26.73434325482987,734.9999999999998,1039.4469683442248,0.0,0.0,0.0,30.114180526315792,73.97652904500937,94.1207739873792,95.5864691778408,159.85958313983105,11.252190747197243,26.734343722075106,734.9999999999999,1039.4469683442248,0.0,0.0,0.0,30.11418105263158,73.97653033792236,94.12077563236,95.586470848438,159.85958593375128,11.252190943855608,26.73434418932032,735.0,1039.4469683442248,0.0,0.0,0.0,30.114181578947367,73.97653163083525,94.12077727734075,95.58647251903528,159.85958872767168,11.252191140513975,26.73434465656554,735.0,1039.4469683442248,0.0,0.0,0.0,30.114182105263154,73.97653292374822,94.12077892232153,95.58647418963254,159.85959152159202,11.252191337172345,26.734345123810773,735.0,1039.4469683442248,0.0,0.0,0.0,30.11418263157895,73.97653421666125,94.12078056730238,95.58647586022975,159.8595943155123,11.25219153383071,26.734345591055988,735.0000000000001,1039.4469683442248,0.0,0.0,0.0,30.11418315789474,73.97653550957422,94.12078221228317,95.58647753082703,159.85959710943266,11.252191730489074,26.734346058301202,735.0,1039.446968344225,0.0,0.0,0.0,30.114183684210527,73.97652516627045,94.1207690524368,95.58646416604903,159.85957475807,11.252190157222145,26.734342320339433,735.0,1039.4469683442248,0.0,0.0,0.0,30.11417947368421,73.97652529556173,94.12076921693489,95.58646433310875,159.85957503746204,11.25219017688798,26.734342367063952,735.0,1039.4469683442248,0.0,0.0,0.0,30.114179526315787
76.62488801527891,97.49029671703482,99.00846378006798,165.58255455329555,11.655019058895844,27.691432949221028,735.0,1039.4469683442248,0.0,0.0,0.0,31.19226842105263,76.6248893081919,97.49029836201562,99.00846545066526,165.58255734721592,11.655019255554212,27.691433416466253,735.0,1039.4469683442248,0.0,0.0,0.0,31.19226894736842,76.62489060110481,97.49030000699635,99.00846712126247,165.5825601411362,11.655019452212574,27.691433883711476,735.0,1039.4469683442248,0.0,0.0,0.0,31.192269473684206,76.62489189401784,97.4903016519772,99.00846879185974,165.5825629350566,11.655019648870944,27.69143435095669,735.0000000000001,1039.4469683442248,0.0,0.0,0.0,31.19227,76.62489318693083,97.49030329695803,99.00847046245697,165.58256572897687,11.655019845529308,27.691434818201913,735.0,1039.4469683442248,0.0,0.0,0.0,31.19227052631579,76.62489447984375,97.49030494193879,99.00847213305423,165.58256852289722,11.655020042187674,27.691435285447135,735.0,1039.446968344225,0.0,0.0,0.0,31.19227105263158,76.62489577275667,97.49030658691956,99.00847380365147,165.58257131681754,11.655020238846042,27.691435752692367,735.0000000000001,1039.446968344225,0.0,0.0,0.0,31.192271578947366,76.62489706566966,97.49030823190031,99.00847547424874,165.58257411073794,11.655020435504412,27.69143621993759,734.9999999999999,1039.4469683442248,0.0,0.0,0.0,31.19227210526316,76.62489835858268,97.49030987688117,99.00847714484598,165.58257690465825,11.655020632162781,27.69143668718281,735.0,1039.4469683442248,0.0,0.0,0.0,31.19227263157895,76.62489965149565,97.49031152186197,99.00847881544321,165.58257969857857,11.65502082882114,27.691437154428026,735.0,1039.4469683442248,0.0,0.0,0.0,31.192273157894736,76.6248893081919,97.49029836201562,99.00846545066526,165.58255734721592,11.655019255554212,27.691433416466253,735.0,1039.4469683442248,0.0,0.0,0.0,31.19226894736842,76.62488943748319,97.4902985265137,99.00846561772497,165.58255762660795,11.655019275220043,27.691433463190773,734.9999999999999,1039.4469683442248,0.0,0.0,0.0,31.192269
29.65263400506049,36.747738609124134,21.60644302838493,37.535339015756875,24.455131195705803,49.018772719892226,2925.690126851419,4481.789820778806,1657.658831451076,3.7703104361254143,0.82915619758885,16.524315936842108,25.85873531712544,32.35751786065635,22.81549288769675,38.64544967835476,28.592742180558023,55.53385415695985,4052.4763745149357,4848.170424553859,2436.806050143739,3.527063316840014,0.816496580927726,16.61636842631579,28.155102486946866,33.38501807601992,30.191632185449688,48.711641210125514,29.736574997845427,55.15462418907307,4746.824428770717,5380.227053333065,2453.207114744216,3.7129575402860655,0.7071067811865476,17.173274346315786,26.245344603630034,32.0188679232111,28.686154928232188,45.82077032343607,27.56309866298702,53.380843898737645,4657.007663289043,5215.677281530284,2724.2549937347435,4.405088331349174,0.816496580927726,17.439075757894738,29.740735095822547,32.9006211384395,28.43871246017268,45.51468895161459,26.944770616485098,51.59071934567071,5078.989336065765,3995.7044622802964,2972.680889297227,4.998920438708207,2.0,17.98807347368421,27.88804806238898,31.46804348555629,29.84531689321095,44.34155612468043,26.624135621650968,51.03863995045248,5121.030352872356,3925.759537452287,3154.4602705356265,5.316973299771477,2.0,17.869166863157897,29.27594039612768,32.8624757844232,33.89876108954874,49.137628145120814,26.083748347224894,49.29192499061737,4682.464631811514,3860.122972833618,3053.267234693399,3.940293345501702,1.247219128924647,18.47150968421053,29.228101477743735,33.542411186621514,35.95104159309954,53.0203759806031,24.651846589047004,48.20606986872688,4615.330286532057,4079.420632604715,2900.427831816758,4.720489474062115,1.4142135623730951,18.69820236842105,31.108703788574875,35.20246322464108,34.09881797747303,52.33614897249522,24.322599695001607,47.641967828886074,4958.681609119661,4474.111372337912,2758.504239864629,3.4490004701867294,1.0,18.696486731578947,31.397562417823092,35.85714649004021,32.939440269501645,50.03133414281368,24.923547566192177,48.439131092117194,4079.1815094952212,4326.885034243676,2697.4828589480503,2.856287438894295,0.7071067811865476,18.559869942105266,31.044355435128693,35.854833701769664,37.78937809529615,54.89788408129411,24.313015702925966,47.6743377157781,4333.515933436768,4250.793290898657,2628.9181833966795,2.2624146282791457,1.247219128924647,18.89525514210526,34.757230690530406,38.52374936128379,38.71154932120373,58.76529889696645,24.920685607428844,47.40776102027883,4838.491821931816,4863.400219954888,2478.5977860093953,2.894773683662795,1.699673171197595,19.338422207894734
68.00501138094383,86.5231768619559,87.87055851658437,146.9554318257183,10.343893795802815,24.57629970683833,735.0,1039.4469683442248,0.0,0.0,0.0,27.68331052631579,68.00501267385675,86.52317850693666,87.8705601871816,146.95543461963862,10.34389399246118,24.576300174083553,735.0,1039.4469683442248,0.0,0.0,0.0,27.683311052631577,68.00501396676974,86.52318015191747,87.87056185777887,146.955437413559,10.343894189119554,24.576300641328785,735.0,1039.446968344225,0.0,0.0,0.0,27.68331157894737,68.00501525968271,86.52318179689829,87.8705635283761,146.95544020747926,10.343894385777919,24.576301108574004,734.9999999999998,1039.4469683442248,0.0,0.0,0.0,27.68331210526316,68.00501655259566,86.52318344187904,87.87056519897335,146.95544300139963,10.343894582436288,24.576301575819226,734.9999999999998,1039.4469683442248,0.0,0.0,0.0,27.683312631578946,67.97689181268598,86.48968606876043,87.81519850011166,146.86718330983274,10.53254777221338,24.340155452672366,743.0648682617415,1104.6967231777116,11.135467569317504,1.0538565342570174,0.5,27.659536486315776,67.87303834736846,86.27691912857338,87.4547561147167,146.24253125072465,12.153249610638076,22.791816011270186,1109.7057608190223,2735.260766387085,106.99515409745334,1.074943627523561,0.5,27.4672194368421,68.13388905422222,86.52436624903042,87.80951807797263,146.81615884151415,10.687439308766132,24.173613309323866,756.9290774295915,1210.4717895749461,20.59828785841303,0.9865613682634031,0.5,27.67044301578947,68.00501784550866,86.52318508685988,87.87056686957061,146.95544579531997,10.343894779094647,24.57630204306444,734.9999999999999,1039.4469683442248,0.0,0.0,0.0,27.683313157894734,68.00501913842164,86.5231867318407,87.87056854016787,146.9554485892403,10.343894975753019,24.576302510309677,735.0000000000001,1039.446968344225,0.0,0.0,0.0,27.68331368421053,68.00502043133463,86.5231883768215,87.8705702107651,146.95545138316064,10.343895172411386,24.576302977554892,735.0,1039.4469683442248,0.0,0.0,0.0,27.683314210526316,68.00502172424756,86.52319002180222,87.87057188136234,146.95545417708095,10.34389536906975,24.57630344480011,735.0,1039.4469683442248,0.0,0.0,0.0,27.683314736842107
34.19080980814912,41.65363361555615,45.0406719845642,76.13993065826158,22.720011396017632,43.74797637456498,3278.864037725913,4230.605751098031,1913.953918978675,5.261270337523524,0.4714045207910317,20.275905331578947,32.49263864784151,39.4210523769548,42.332087773766546,69.24069508656599,23.603285254421056,45.647431140237785,3082.092083812696,4448.300461820712,1863.8747558209773,2.65487117172454,0.5,19.53534415789474,35.24534623715659,42.979575623927815,43.04736863771323,70.67216063447165,22.712208474931003,44.509576003252796,2201.564329043136,3855.511097133745,1692.102968817906,2.491284684535654,1.247219128924647,19.9372372631579,38.172997384067095,47.47569173586985,47.285579775993355,76.05844889137755,21.97941421598631,43.290987201068084,1857.0888816499887,3464.246066056664,1451.8279503912147,2.4180920455830495,0.82915619758885,20.831383589473685,37.47495468632386,46.60009050595278,45.89248192741845,76.07997676230468,22.15890231371041,43.54469311918452,1905.029295923641,3555.922019021417,1426.8197045634072,2.449258095927103,0.816496580927726,20.725852684210526,37.641773008921064,46.7518612798928,46.72500900388466,78.55567289975778,22.374331182963633,44.05143746986467,1848.426011435206,3455.228583518404,1304.3560995739672,2.7770666226394547,0.4714045207910317,20.633274868421054,38.77221912128581,46.53979389529465,45.48777629972083,76.87319887823415,24.42223083141279,46.08457391670042,2520.799966125539,4346.106195050637,1147.2620389347949,1.7554643157607772,0.7483314773547882,20.086201078947372,38.71751177127295,45.66676891300148,43.52383360554886,72.79069242147771,24.820981683570533,47.0682485965977,3143.7775965012947,4725.406346174781,1221.8433603449096,1.9740112440460371,1.224744871391589,19.63258091578947,38.34134198887427,44.65955582352736,40.55717454523314,67.1239510666054,25.793746020191616,48.88016711704775,3576.6495990031162,5150.30532271941,1341.2314826287443,1.7257209268686633,0.39999999999999997,19.05199201578947,33.68058270878403,41.32255831943534,40.33577422420834,66.24274708467976,26.31778231274374,49.20618616112041,3723.9504912724005,5428.7542155451065,1421.0302994644117,1.8324802265647822,0.7483314773547882,18.770526768421053,36.57358731610928,42.12823946184114,42.525770597288805,67.21200078018647,25.2508807902348,47.93325542869875,4734.614707478394,5775.720312517474,1538.8491422205211,1.929690042504635,0.39999999999999997,19.16791518947368,40.43250493285551,44.275899426751856,45.34574383577032,68.97491674017026,24.02427006776882,46.683559274194145,5091.321070674726,5829.452516640498,1682.1022798642575,2.1888492194415923,1.6393596310755,19.737665084210526
41.16731192722214,50.80869871226105,52.80587790236636,79.19439565844125,22.881474687685603,45.548026965097996,1981.7472602681132,3076.928256845422,1408.2195174083395,3.374483831103104,2.0,21.069403299999994,39.197978493171426,47.22188337385773,50.89912973025007,76.66110577388433,25.003635710694066,46.963015351238376,2662.341249022419,3822.732499157853,1518.2683908700953,3.0560221987745027,1.8856180831641267,20.543545868421052,41.36269153648492,50.44039597271433,54.78221321199127,85.00428030757193,24.610387344679165,45.037020865089964,2610.0262580278577,4000.589337410553,1265.3877746551304,2.4968475397081344,0.4330127018922193,21.41777706947369,45.11761844804009,53.18729447534228,53.82026127360645,83.250567160437,23.875120314431335,44.19404511217484,2119.726979070341,3595.891658846898,1292.7661059687139,2.497030059073759,0.4330127018922193,21.744640663157895,43.81925221064484,52.238006389216665,49.65252171667278,77.98608574061873,23.444867790242004,44.13666623515911,2062.380718846613,3298.1954107594415,1477.7778721318996,2.9379530843153723,2.6246692913372702,21.285390805263162,41.03862912677323,52.554018236955564,49.75459541719593,77.23460305648308,23.650277663148927,44.361999506611575,2315.2240626127546,3336.515935506897,1477.98990366379,3.0430940038918166,2.160246899469287,21.200417915789473,43.03735266296743,54.2321760636773,53.603598335914334,83.03274497212361,23.40660702977278,43.84513681615712,2320.8985896858753,3368.9224416273046,1212.1323769500393,3.1964176720719144,2.160246899469287,21.683851036842096,43.64435319798342,54.74810346290413,51.62619047527912,80.30661909479537,23.52999918834889,44.50246618723111,2466.025023663107,3411.314618230681,1075.3272602351337,2.231752613463979,2.160246899469287,21.424366421052635,42.79127133845714,52.18090547673876,51.36954907831212,80.66603891447276,23.47258618751806,44.17801994059255,3111.4639632333237,3786.024529756125,1276.0476929474507,2.228650664457033,2.160246899469287,21.334455226315782,45.598251439555,53.931137531898266,57.32706498980663,84.68295963119132,23.359618069083954,44.31449040388453,2946.988512138941,3464.9001151081316,1165.444648269767,2.1998771209318155,2.160246899469287,21.44719956315789,42.62563219721443,53.418699362869106,54.15935856638069,79.6771952845094,22.76164241716555,44.69146539127334,3019.6948307865273,3275.4497474286013,1242.2539383347419,2.649395550961495,1.699673171197595,21.257476236842106,46.43468682792791,54.034133637035445,55.39434636759675,78.74399130088767,22.842192942852368,44.752595575961784,3456.982818072166,3316.7511533018687,1281.712718509259,2.2696237529749115,2.494438257849294,21.481949289473683
70.62924588809189,89.86200589497106,91.26138144476363,152.62627147972006,10.74305265903958,25.524670605380244,735.0,1039.4469683442248,0.0,0.0,0.0,28.751577368421056,70.62924601738317,89.86200605946911,91.26138161182337,152.62627175911211,10.743052678705423,25.524670652104767,734.9999999999998,1039.4469683442248,0.0,0.0,0.0,28.751577421052634,70.62924614667448,89.86200622396723,91.26138177888306,152.6262720385041,10.743052698371251,25.52467069882929,735.0,1039.4469683442248,0.0,0.0,0.0,28.75157747368421,70.62924627596581,89.8620063884653,91.26138194594277,152.62627231789614,10.74305271803709,25.524670745553802,734.9999999999994,1039.4469683442246,0.0,0.0,0.0,28.751577526315792,70.62924640525712,89.86200655296341,91.26138211300253,152.62627259728822,10.743052737702925,25.52467079227833,735.0,1039.4469683442248,0.0,0.0,0.0,28.75157757894737,70.62924653454841,89.86200671746147,91.26138228006224,152.62627287668022,10.743052757368762,25.52467083900285,735.0,1039.4469683442248,0.0,0.0,0.0,28.75157763157895,70.62924666383971,89.86200688195957,91.26138244712195,152.62627315607227,10.743052777034599,25.524670885727378,735.0,1039.446968344225,0.0,0.0,0.0,28.751577684210528,70.62924679313096,89.86200704645759,91.26138261418168,152.62627343546427,10.743052796700441,25.5246709324519,734.9999999999997,1039.4469683442248,0.0,0.0,0.0,28.75157773684211,70.62924692242224,89.86200721095565,91.2613827812414,152.6262737148563,10.743052816366271,25.52467097917642,735.0000000000001,1039.4469683442248,0.0,0.0,0.0,28.751577789473686,70.62924705171356,89.86200737545374,91.26138294830115,152.62627399424838,10.74305283603211,25.52467102590094,735.0,1039.4469683442248,0.0,0.0,0.0,28.751577842105263,70.62924601738317,89.86200605946911,91.26138161182337,152.62627175911211,10.743052678705423,25.524670652104767,734.9999999999998,1039.4469683442248,0.0,0.0,0.0,28.751577421052634,70.62924603031233,89.86200607591897,91.26138162852929,152.62627178705125,10.743052680672005,25.524670656777218,735.0,1039.4469683442248,0.0,0.0,0.0,28.75157742631579
79.27654908527573,100.86402072763897,102.43472508766628,171.31266163928643,12.058349636062669,28.649715520664866,735.0000000000001,1039.446968344225,0.0,0.0,0.0,32.271699999999996,79.27655037818874,100.86402237261984,102.43472675826354,171.31266443320683,12.058349832721033,28.649715987910085,734.9999999999997,1039.4469683442248,0.0,0.0,0.0,32.27170052631579,79.27655167110174,100.86402401760063,102.43472842886078,171.3126672271271,12.0583500293794,28.649716455155314,735.0,1039.4469683442248,0.0,0.0,0.0,32.27170105263158,79.27655296401471,100.86402566258141,102.43473009945802,171.31267002104744,12.058350226037769,28.649716922400536,734.9999999999998,1039.4469683442248,0.0,0.0,0.0,32.271701578947365,79.27655425692767,100.86402730756221,102.43473177005525,171.31267281496775,12.058350422696135,28.649717389645758,734.9999999999997,1039.4469683442248,0.0,0.0,0.0,32.27170210526316,79.27655554984064,100.86402895254298,102.4347334406525,171.31267560888804,12.058350619354501,28.649717856890977,734.9999999999998,1039.4469683442248,0.0,0.0,0.0,32.27170263157895,79.27655684275362,100.86403059752382,102.43473511124975,171.31267840280842,12.058350816012867,28.64971832413621,735.0,1039.4469683442248,0.0,0.0,0.0,32.27170315789474,77.50828504480458,100.08749087909779,101.87068895779205,170.39693080054673,15.101117723576449,27.092610561549773,1263.576519404832,3130.101241024228,123.93182188257954,0.8192544408988459,0.5,31.74986994210527,77.46657388167225,100.05770647587165,101.82702979979364,170.33383467609775,15.343572396195906,27.0322379886779,1335.2867572609136,3309.0565850517646,135.34344649517374,0.8344762480360626,0.5,31.729458189473682,79.26568828717075,100.85976879838984,102.43300095540474,171.30958887946227,12.067394232956424,28.642523464263707,735.0075173226577,1039.51006061551,0.26951556727457165,0.9193521533462969,0.5,32.26906909173684,79.27655813566653,100.86403224250458,102.43473678184702,171.31268119672876,12.058351012671231,28.649718791381428,735.0,1039.4469683442248,0.0,0.0,0.0,32.27170368421053,79.27655942857953,100.86403388748535,102.43473845244424,171.31268399064902,12.0583512093296,28.64971925862665,735.0,1039.4469683442248,0.0,0.0,0.0,32.271704210526316
72.32010195629981,92.01329203796051,93.44616847835891,156.2801269620274,11.000240110940114,26.13572830024079,735.0,1039.4469683442248,0.0,0.0,0.0,29.439886842105263,72.32010208559115,92.01329220245867,93.44616864541867,156.28012724141945,11.000240130605949,26.135728346965305,735.0000000000001,1039.446968344225,0.0,0.0,0.0,29.43988689473684,72.32010221488243,92.01329236695672,93.44616881247838,156.28012752081145,11.000240150271786,26.13572839368984,734.9999999999999,1039.4469683442248,0.0,0.0,0.0,29.43988694736842,72.32010234417375,92.01329253145482,93.44616897953811,156.28012780020353,11.000240169937623,26.13572844041436,734.9999999999999,1039.4469683442248,0.0,0.0,0.0,29.439887,72.32010247346507,92.01329269595291,93.44616914659782,156.2801280795955,11.000240189603467,26.135728487138884,735.0,1039.4469683442248,0.0,0.0,0.0,29.439887052631576,72.32010260275635,92.01329286045097,93.44616931365755,156.28012835898758,11.0002402092693,26.135728533863396,735.0,1039.4469683442248,0.0,0.0,0.0,29.439887105263157,72.3201027320476,92.01329302494904,93.44616948071727,156.28012863837958,11.00024022893513,26.13572858058792,734.9999999999999,1039.4469683442248,0.0,0.0,0.0,29.439887157894734,72.32010286133888,92.01329318944708,93.446169647777,156.2801289177716,11.000240248600969,26.135728627312442,735.0,1039.4469683442248,0.0,0.0,0.0,29.439887210526315,72.32010299063015,92.01329335394513,93.44616981483674,156.2801291971637,11.000240268266806,26.13572867403696,735.0,1039.4469683442248,0.0,0.0,0.0,29.439887263157893,72.32010311992154,92.01329351844329,93.44616998189646,156.28012947655571,11.000240287932643,26.13572872076149,735.0,1039.4469683442248,0.0,0.0,0.0,29.439887315789473,72.32010208559115,92.01329220245867,93.44616864541867,156.28012724141945,11.000240130605949,26.135728346965305,735.0000000000001,1039.446968344225,0.0,0.0,0.0,29.43988689473684,72.32010209852021,92.01329221890839,93.44616866212465,156.28012726935864,11.000240132572532,26.135728351637763,735.0,1039.4469683442248,0.0,0.0,0.0,29.439886899999998
73.12158517144054,93.03302385723852,94.4817800652988,158.01209214503854,11.122149615669015,26.425375949808252,735.0,1039.4469683442248,0.0,0.0,0.0,29.76615263157895,73.12158646435354,93.03302550221933,94.48178173589605,158.01209493895885,11.12214981232738,26.425376417053467,735.0,1039.4469683442248,0.0,0.0,0.0,29.76615315789474,73.12158775726651,93.03302714720013,94.48178340649329,158.01209773287917,11.122150008985747,26.425376884298686,735.0,1039.4469683442248,0.0,0.0,0.0,29.766153684210526,73.12158905017944,93.03302879218087,94.48178507709055,158.01210052679951,11.122150205644118,26.42537735154392,735.0,1039.4469683442248,0.0,0.0,0.0,29.766154210526313,73.1215903430925,93.03303043716177,94.48178674768779,158.01210332071986,11.122150402302482,26.42537781878914,734.9999999999999,1039.4469683442248,0.0,0.0,0.0,29.766154736842108,73.12159163600535,93.03303208214244,94.48178841828505,158.0121061146402,11.122150598960854,26.42537828603437,734.9999999999999,1039.4469683442248,0.0,0.0,0.0,29.766155263157895,73.12159292891837,93.03303372712331,94.48179008888229,158.01210890856052,11.122150795619216,26.42537875327958,735.0,1039.4469683442248,0.0,0.0,0.0,29.766155789473686,73.12159422183139,93.03303537210412,94.48179175947953,158.01211170248084,11.12215099227758,26.425379220524803,735.0,1039.4469683442248,0.0,0.0,0.0,29.766156315789473,73.12159551474433,93.03303701708492,94.48179343007678,158.01211449640118,11.12215118893595,26.425379687770025,734.9999999999997,1039.4469683442248,0.0,0.0,0.0,29.76615684210526,73.12159680765733,93.03303866206572,94.48179510067402,158.0121172903215,11.122151385594314,26.425380155015255,735.0,1039.4469683442248,0.0,0.0,0.0,29.766157368421055,73.12158646435354,93.03302550221933,94.48178173589605,158.01209493895885,11.12214981232738,26.425376417053467,735.0,1039.4469683442248,0.0,0.0,0.0,29.76615315789474,73.12158659364484,93.03302566671742,94.48178190295579,158.0120952183509,11.12214983199322,26.425376463777997,734.9999999999998,1039.4469683442248,0.0,0.0,0.0,29.766153210526316
75.08607592660663,95.53245702549096,97.02013564162752,162.25725851411542,11.420958237587273,27.135322358019646,734.9999999999997,1039.446968344225,0.0,0.0,0.0,30.56585263157895,75.08607721951965,95.53245867047174,97.02013731222473,162.25726130803568,11.420958434245637,27.13532282526487,734.9999999999999,1039.4469683442248,0.0,0.0,0.0,30.565853157894736,75.0860785124326,95.53246031545255,97.020138982822,162.25726410195608,11.420958630904,27.135323292510087,734.9999999999997,1039.4469683442248,0.0,0.0,0.0,30.565853684210527,75.08607980534559,95.5324619604334,97.02014065341925,162.2572668958764,11.420958827562371,27.13532375975531,734.9999999999998,1039.4469683442248,0.0,0.0,0.0,30.565854210526314,75.08608109825862,95.5324636054142,97.02014232401648,162.2572696897967,11.420959024220736,27.135324227000535,735.0,1039.4469683442248,0.0,0.0,0.0,30.56585473684211,75.08608239117156,95.53246525039496,97.02014399461373,162.25727248371706,11.420959220879105,27.135324694245757,735.0,1039.4469683442248,0.0,0.0,0.0,30.565855263157896,75.08608368408451,95.53246689537578,97.02014566521098,162.25727527763738,11.420959417537471,27.135325161490975,735.0,1039.4469683442248,0.0,0.0,0.0,30.565855789473684,75.08608497699745,95.53246854035653,97.02014733580822,162.2572780715577,11.420959614195839,27.135325628736208,734.9999999999999,1039.4469683442248,0.0,0.0,0.0,30.56585631578947,75.08608626991047,95.53247018533737,97.02014900640548,162.257280865478,11.420959810854203,27.135326095981426,735.0,1039.446968344225,0.0,0.0,0.0,30.565856842105262,75.08608756282345,95.53247183031814,97.02015067700273,162.25728365939835,11.42096000751257,27.13532656322665,735.0,1039.4469683442248,0.0,0.0,0.0,30.565857368421053,75.08607721951965,95.53245867047174,97.02013731222473,162.25726130803568,11.420958434245637,27.13532282526487,734.9999999999999,1039.4469683442248,0.0,0.0,0.0,30.565853157894736,75.08607734881102,95.53245883496992,97.02013747928447,162.25726158742776,11.420958453911478,27.135322871989388,734.9999999999999,1039.4469683442248,0.0,0.0,0.0,30.565853210526317
72.96938345652237,92.83937671813592,94.28511735727972,157.68319184363094,11.098998992756332,26.370371842231954,735.0,1039.4469683442248,0.0,0.0,0.0,29.7041947368421,72.96938474943532,92.83937836311674,94.285119027877,157.6831946375513,11.0989991894147,26.370372309477187,734.9999999999998,1039.4469683442248,0.0,0.0,0.0,29.704195263157896,72.96938604234832,92.83938000809756,94.28512069847423,157.68319743147163,11.098999386073066,26.3703727767224,734.9999999999997,1039.4469683442248,0.0,0.0,0.0,29.704195789473687,72.96938733526127,92.83938165307833,94.28512236907147,157.68320022539194,11.098999582731436,26.370373243967634,735.0,1039.4469683442248,0.0,0.0,0.0,29.704196315789474,72.96938862817426,92.83938329805913,94.28512403966873,157.6832030193123,11.0989997793898,26.37037371121284,735.0,1039.4469683442248,0.0,0.0,0.0,29.70419684210526,72.96938992108728,92.83938494303997,94.28512571026596,157.68320581323258,11.098999976048164,26.37037417845807,734.9999999999995,1039.4469683442248,0.0,0.0,0.0,29.70419736842105,72.9693912140002,92.83938658802072,94.2851273808632,157.6832086071529,11.099000172706534,26.37037464570329,734.9999999999999,1039.4469683442248,0.0,0.0,0.0,29.704197894736843,72.9693925069132,92.83938823300153,94.28512905146047,157.68321140107327,11.099000369364896,26.37037511294851,735.0,1039.4469683442248,0.0,0.0,0.0,29.70419842105263,72.96939379982611,92.83938987798224,94.28513072205772,157.6832141949936,11.099000566023268,26.37037558019374,735.0,1039.446968344225,0.0,0.0,0.0,29.704198947368422,72.96939509273908,92.83939152296304,94.28513239265496,157.68321698891393,11.099000762681632,26.370376047438953,735.0,1039.4469683442248,0.0,0.0,0.0,29.70419947368421,72.96938474943532,92.83937836311674,94.285119027877,157.6831946375513,11.0989991894147,26.370372309477187,734.9999999999998,1039.4469683442248,0.0,0.0,0.0,29.704195263157896,72.91213683662741,92.8332751315251,94.32763825641725,157.75322752932655,11.104317395428804,26.382683482266046,735.1894493667401,1039.51413170577,28.1834417749851,0.0,0.0,29.711059984210525
73.93628195714244,94.069567380234,95.53446515611186,159.77261119383613,11.246068968904272,26.719798845548244,735.0,1039.4469683442248,0.0,0.0,0.0,30.097797368421055,73.93628208643376,94.06956754473215,95.53446532317162,159.77261147322818,11.246068988570109,26.719798892272767,734.9999999999997,1039.4469683442248,0.0,0.0,0.0,30.097797421052633,73.9362822157251,94.06956770923024,95.53446549023133,159.7726117526202,11.246069008235942,26.71979893899728,735.0,1039.4469683442248,0.0,0.0,0.0,30.09779747368421,73.93628234501637,94.06956787372832,95.53446565729105,159.77261203201223,11.24606902790178,26.71979898572181,735.0,1039.4469683442248,0.0,0.0,0.0,30.09779752631579,73.93628247430765,94.06956803822635,95.53446582435079,159.77261231140426,11.246069047567618,26.71979903244632,734.9999999999999,1039.4469683442248,0.0,0.0,0.0,30.097797578947368,73.93628260359898,94.06956820272448,95.53446599141053,159.77261259079634,11.246069067233451,26.71979907917084,735.0,1039.4469683442248,0.0,0.0,0.0,30.09779763157895,73.93628273289028,94.06956836722257,95.53446615847022,159.77261287018834,11.246069086899288,26.719799125895374,735.0,1039.446968344225,0.0,0.0,0.0,30.097797684210526,73.93628286218163,94.0695685317207,95.53446632552996,159.7726131495804,11.246069106565127,26.719799172619886,734.9999999999999,1039.4469683442248,0.0,0.0,0.0,30.097797736842107,73.93628299147288,94.06956869621871,95.5344664925897,159.77261342897245,11.246069126230964,26.719799219344416,735.0000000000001,1039.4469683442248,0.0,0.0,0.0,30.097797789473685,73.93628312076416,94.06956886071679,95.53446665964941,159.77261370836445,11.246069145896799,26.71979926606894,734.9999999999999,1039.4469683442248,0.0,0.0,0.0,30.097797842105262,73.92433610937096,94.07063387056542,95.54744575735103,159.79405858191825,11.24767369559147,26.723531553986483,735.0455306444402,1039.4630764597096,8.655127728294328,0.0,0.0,30.100293959473685,73.93628208643376,94.06956754473215,95.53446532317162,159.77261147322818,11.246068988570109,26.719798892272767,734.9999999999997,1039.4469683442248,0.0,0.0,0.0,30.097797421052633
70.8441655183088,90.13544940742335,91.53908315467953,153.09070206248157,10.775742982656233,25.602340311448028,735.0000000000001,1039.446968344225,0.0,0.0,0.0,28.839066315789477,70.84416564760008,90.13544957192143,91.53908332173928,153.09070234187362,10.77574300232207,25.602340358172555,735.0000000000001,1039.446968344225,0.0,0.0,0.0,28.839066368421054,70.84416577689142,90.13544973641953,91.53908348879898,153.0907026212656,10.775743021987903,25.60234040489707,735.0,1039.4469683442248,0.0,0.0,0.0,28.83906642105263,70.84416590618271,90.13544990091758,91.5390836558587,153.09070290065765,10.775743041653744,25.602340451621593,735.0000000000001,1039.4469683442248,0.0,0.0,0.0,28.839066473684213,70.84416603547405,90.13545006541577,91.53908382291843,153.09070318004967,10.775743061319579,25.602340498346113,735.0,1039.4469683442248,0.0,0.0,0.0,28.83906652631579,70.84416616476533,90.13545022991379,91.53908398997814,153.0907034594417,10.775743080985414,25.60234054507064,734.9999999999995,1039.4469683442246,0.0,0.0,0.0,28.83906657894737,70.84416629405663,90.13545039441188,91.53908415703788,153.09070373883372,10.775743100651251,25.602340591795155,735.0,1039.4469683442248,0.0,0.0,0.0,28.839066631578948,70.8441664233479,90.13545055890994,91.5390843240976,153.09070401822578,10.775743120317088,25.602340638519685,734.9999999999999,1039.4469683442248,0.0,0.0,0.0,28.839066684210525,70.84416655263925,90.13545072340806,91.53908449115733,153.09070429761775,10.775743139982925,25.602340685244197,735.0,1039.4469683442248,0.0,0.0,0.0,28.839066736842106,70.84416668193047,90.13545088790607,91.53908465821706,153.09070457700983,10.775743159648762,25.60234073196873,734.9999999999999,1039.4469683442248,0.0,0.0,0.0,28.839066789473684,70.84416564760008,90.13544957192143,91.53908332173928,153.09070234187362,10.77574300232207,25.602340358172555,735.0000000000001,1039.446968344225,0.0,0.0,0.0,28.839066368421054,70.84416566052919,90.1354495883712,91.53908333844522,153.09070236981273,10.775743004288652,25.602340362845,735.0,1039.4469683442248,0.0,0.0,0.0,28.83906637368421
71.31639034466323,90.73626383770694,92.14925376408821,154.11115631822742,10.847570681120816,25.77299742370824,734.9999999999999,1039.4469683442248,0.0,0.0,0.0,29.03129842105263,71.3163904739545,90.73626400220498,92.14925393114794,154.11115659761944,10.847570700786653,25.772997470432752,735.0000000000002,1039.446968344225,0.0,0.0,0.0,29.031298473684206,71.31639060324576,90.73626416670302,92.14925409820768,154.1111568770115,10.847570720452488,25.77299751715728,735.0,1039.4469683442248,0.0,0.0,0.0,29.031298526315787,71.31639073253712,90.73626433120114,92.14925426526739,154.1111571564035,10.847570740118325,25.77299756388181,735.0,1039.4469683442248,0.0,0.0,0.0,29.031298578947364,71.30324210151052,90.74946005872707,92.18448693505539,154.1696042896292,10.85185887352004,25.783039440760643,735.0870865909138,1039.4777963982538,22.486978302189712,0.0,0.0,29.039471963157883,71.06945577145241,90.66966657515835,92.26702058739298,154.30329875969366,10.862570701607233,25.80751704735492,735.6892609669744,1039.6935450713402,77.26826941646324,0.0,0.0,29.043755352631585,71.10603978250461,90.63333526623504,92.23265035374808,154.23796215800897,10.857999970435735,25.797643778461985,735.0514463236624,1039.4692504799493,54.96300400841056,0.0,0.0,29.035761100000006,71.11966172345271,90.63971804346751,92.22678871144298,154.22899021720525,10.857269693706266,25.795917022600996,735.0466584271426,1039.4670368745944,51.10423059578414,0.0,0.0,29.03535404210526,70.5084326525671,90.21230937698948,92.23763787174734,154.21193227863094,10.859785276791113,25.80194072945401,734.9184643585304,1039.4664334880345,63.86424704257408,0.0,0.0,28.988253149473675,70.48778655136694,90.21045013667572,92.24216059754143,154.22084662729026,10.860384286837313,25.8033203962376,735.0667575979122,1039.518800806301,66.97932224496478,0.0,0.0,28.98826457894738,71.34435397679557,90.79167194455826,92.21983151152256,154.22889632915474,10.85597248736389,25.792860615781017,735.0585737923673,1039.4676935392272,44.503513930457906,0.0,0.0,29.051607184210518,71.20644929215997,90.64883831258292,92.23956898994807,154.2179431527768,10.857249398834371,25.7952904098121,734.2441355027654,1039.1844639607523,49.53282187405237,1.2870396816182714,0.0,29.03923151052631
72.29045416896727,91.97557098336694,93.40786001286808,156.21605957490905,10.995730537936286,26.12501390004685,734.9999999999998,1039.4469683442248,0.0,0.0,0.0,29.427817894736844,72.29045429825862,91.97557114786505,93.40786017992781,156.21605985430105,10.995730557602124,26.125013946771368,735.0,1039.446968344225,0.0,0.0,0.0,29.427817947368425,72.29045442754996,91.97557131236319,93.40786034698753,156.2160601336931,10.99573057726796,26.125013993495884,734.9999999999998,1039.4469683442248,0.0,0.0,0.0,29.427818000000002,72.29045455684114,91.97557147686113,93.40786051404724,156.2160604130851,10.995730596933793,26.125014040220403,735.0,1039.4469683442248,0.0,0.0,0.0,29.42781805263158,72.29045468613246,91.97557164135924,93.40786068110697,156.21606069247716,10.995730616599634,26.12501408694493,734.9999999999999,1039.4469683442248,0.0,0.0,0.0,29.42781810526316,72.29045481542376,91.97557180585734,93.40786084816669,156.21606097186915,10.99573063626547,26.12501413366945,735.0,1039.4469683442248,0.0,0.0,0.0,29.427818157894738,72.29045494471508,91.97557197035545,93.40786101522642,156.21606125126124,10.995730655931304,26.125014180393972,734.9999999999997,1039.4469683442248,0.0,0.0,0.0,29.42781821052632,72.29045507400639,91.97557213485354,93.40786118228615,156.21606153065326,10.995730675597144,26.125014227118488,735.0000000000001,1039.446968344225,0.0,0.0,0.0,29.427818263157896,72.29045520329764,91.97557229935157,93.40786134934586,156.2160618100453,10.995730695262978,26.125014273843025,735.0,1039.4469683442248,0.0,0.0,0.0,29.427818315789477,72.290455332589,91.97557246384967,93.4078615164056,156.21606208943734,10.995730714928818,26.125014320567544,735.0,1039.4469683442248,0.0,0.0,0.0,29.427818368421054,72.29045429825862,91.97557114786505,93.40786017992781,156.21605985430105,10.995730557602124,26.125013946771368,735.0,1039.446968344225,0.0,0.0,0.0,29.427817947368425,72.2904543111877,91.97557116431481,93.40786019663375,156.21605988224024,10.995730559568706,26.125013951443812,735.0,1039.4469683442248,0.0,0.0,0.0,29.427817952631578
75.34856311793096,95.86642102634566,97.35930029488974,162.82448021978786,11.460883819168417,27.2301824830633,734.9999999999998,1039.4469683442248,0.0,0.0,0.0,30.672705263157894,75.32736491806517,95.85966490936137,97.3672517750147,162.8374492232347,11.461915375950007,27.232533523571266,735.0553664826681,1039.4665592082204,5.55678488773325,0.0,0.0,30.673228383157895,74.4363311323407,95.46579892518335,97.54690858661922,163.118086907576,11.486313040146628,27.287642085439586,736.8457626358488,1040.1282407337592,135.66122622915003,0.0,0.0,30.65369566842104,73.7948634850286,95.05393245052126,97.58637060860214,163.14433561027363,11.492736766283551,27.302124494665033,736.7836770122315,1040.1714148090236,169.14753630661158,0.0,0.0,30.611174663157886,75.08840056313872,95.79965251575933,97.48759181295372,163.03412606491244,11.477203938830447,27.26774304471247,735.7053658501479,1039.6992201831538,88.83601598351532,0.0,0.0,30.68696047368421,75.01408804178683,95.75831028276018,97.48539619501234,163.02935471557527,11.477186822732452,27.267469961636667,735.8450136175165,1039.7499010326135,88.1447515803243,0.0,0.0,30.68096215789474,75.36113686696139,95.89133394779228,97.3910374767372,162.8774251597468,11.464662137911748,27.239114532227493,735.0249227465796,1039.4557828099048,21.13544672741962,0.0,0.0,30.681837552631585,75.3485644108439,95.86642267132646,97.35930196548699,162.8244830137082,11.460884015826789,27.230182950308524,735.0000000000001,1039.446968344225,0.0,0.0,0.0,30.672705789473685,75.34856570375696,95.86642431630735,97.35930363608423,162.82448580762855,11.460884212485153,27.230183417553743,735.0,1039.4469683442248,0.0,0.0,0.0,30.672706315789476,75.34856699666987,95.86642596128806,97.35930530668145,162.82448860154884,11.460884409143516,27.230183884798958,735.0,1039.446968344225,0.0,0.0,0.0,30.672706842105264,75.34856828958281,95.86642760626881,97.3593069772787,162.82449139546918,11.460884605801882,27.23018435204418,735.0,1039.4469683442248,0.0,0.0,0.0,30.67270736842105,75.34856958249581,95.86642925124967,97.35930864787598,162.82449418938955,11.460884802460251,27.230184819289406,735.0000000000001,1039.4469683442248,0.0,0.0,0.0,30.67270789473684
70.44292419987529,89.62494771270742,91.0206316753733,152.2236396207679,10.7147122218331,25.457335896385846,735.0,1039.4469683442248,0.0,0.0,0.0,28.67573,70.44292432916662,89.62494787720554,91.02063184243303,152.22363990015992,10.714712241498937,25.457335943110373,734.9999999999995,1039.4469683442246,0.0,0.0,0.0,28.675730052631582,70.4429244584579,89.62494804170358,91.02063200949274,152.22364017955195,10.714712261164774,25.4573359898349,735.0,1039.4469683442248,0.0,0.0,0.0,28.67573010526316,70.44292458774916,89.62494820620164,91.02063217655245,152.22364045894398,10.714712280830614,25.457336036559422,735.0,1039.4469683442248,0.0,0.0,0.0,28.675730157894737,70.44292471704051,89.62494837069978,91.02063234361219,152.22364073833603,10.714712300496448,25.45733608328394,735.0,1039.4469683442248,0.0,0.0,0.0,28.675730210526318,70.44292484633178,89.62494853519783,91.0206325106719,152.22364101772803,10.714712320162288,25.45733613000847,734.9999999999998,1039.4469683442248,0.0,0.0,0.0,28.675730263157895,70.4429249756231,89.62494869969593,91.02063267773164,152.22364129712008,10.71471233982812,25.457336176732987,735.0,1039.4469683442248,0.0,0.0,0.0,28.675730315789476,70.44292510491434,89.62494886419394,91.02063284479138,152.22364157651214,10.714712359493957,25.457336223457506,734.9999999999999,1039.4469683442248,0.0,0.0,0.0,28.675730368421053,70.44292523420562,89.62494902869203,91.02063301185109,152.22364185590416,10.71471237915979,25.45733627018203,735.0000000000001,1039.4469683442248,0.0,0.0,0.0,28.675730421052634,70.44292536349695,89.6249491931901,91.02063317891083,152.22364213529625,10.714712398825633,25.45733631690656,735.0000000000003,1039.4469683442248,0.0,0.0,0.0,28.67573047368421,70.44292432916662,89.62494787720554,91.02063184243303,152.22363990015992,10.714712241498937,25.457335943110373,734.9999999999995,1039.4469683442246,0.0,0.0,0.0,28.675730052631582,70.44292434209571,89.6249478936553,91.020631859139,152.22363992809915,10.714712243465518,25.457335947782827,735.0,1039.4469683442248,0.0,0.0,0.0,28.675730057894736
71.51860581202939,90.9935437688746,92.41054018544656,154.54813383981292,10.878328639627544,25.846075978221098,735.0,1039.446968344225,0.0,0.0,0.0,29.11361578947368,71.51860710494243,90.99354541385547,92.41054185604384,154.54813663373326,10.878328836285915,25.846076445466334,734.9999999999997,1039.4469683442248,0.0,0.0,0.0,29.113616315789475,71.51860839785535,90.99354705883621,92.41054352664109,154.54813942765364,10.878329032944276,25.846076912711542,734.9999999999999,1039.4469683442248,0.0,0.0,0.0,29.113616842105262,71.51860969076833,90.99354870381703,92.41054519723835,154.548142221574,10.878329229602645,25.84607737995677,735.0,1039.4469683442248,0.0,0.0,0.0,29.113617368421053,71.51861098368127,90.9935503487978,92.41054686783559,154.5481450154943,10.878329426261011,25.846077847201997,735.0000000000003,1039.446968344225,0.0,0.0,0.0,29.11361789473684,71.51861227659428,90.99355199377862,92.41054853843283,154.54814780941464,10.878329622919383,25.84607831444722,735.0,1039.4469683442248,0.0,0.0,0.0,29.113618421052635,71.51861356950728,90.99355363875944,92.41055020903008,154.54815060333493,10.878329819577747,25.846078781692444,735.0,1039.4469683442248,0.0,0.0,0.0,29.113618947368423,71.51861486242024,90.99355528374022,92.4105518796273,154.54815339725525,10.878330016236108,25.84607924893766,735.0,1039.4469683442248,0.0,0.0,0.0,29.11361947368421,71.51861615533315,90.99355692872098,92.41055355022459,154.54815619117565,10.878330212894479,25.846079716182892,735.0,1039.4469683442248,0.0,0.0,0.0,29.113619999999997,71.51861744824612,90.99355857370175,92.41055522082183,154.54815898509597,10.878330409552847,25.8460801834281,735.0000000000001,1039.446968344225,0.0,0.0,0.0,29.11362052631579,71.51860710494243,90.99354541385547,92.41054185604384,154.54813663373326,10.878328836285915,25.846076445466334,734.9999999999997,1039.4469683442248,0.0,0.0,0.0,29.113616315789475,71.51860723423367,90.9935455783535,92.41054202310357,154.54813691312532,10.878328855951752,25.84607649219086,734.9999999999999,1039.4469683442248,0.0,0.0,0.0,29.113616368421056
72.57111454500861,92.33265683426602,93.77050658104636,156.82255262475914,11.038420349517947,26.226441623935997,734.9999999999998,1039.4469683442248,0.0,0.0,0.0,29.542068421052633,72.57111583792157,92.3326584792468,93.7705082516436,156.82255541867943,11.038420546176313,26.226442091181216,735.0000000000002,1039.446968344225,0.0,0.0,0.0,29.54206894736842,72.57111713083451,92.33266012422759,93.77050992224082,156.82255821259974,11.03842074283468,26.226442558426438,734.9999999999999,1039.4469683442248,0.0,0.0,0.0,29.542069473684208,72.5711184237475,92.33266176920839,93.77051159283806,156.8225610065201,11.038420939493049,26.226443025671664,734.9999999999999,1039.4469683442248,0.0,0.0,0.0,29.542070000000002,72.57111971666045,92.33266341418914,93.77051326343532,156.8225638004404,11.038421136151415,26.22644349291689,735.0,1039.4469683442248,0.0,0.0,0.0,29.54207052631579,72.57112100957346,92.33266505916997,93.77051493403258,156.82256659436075,11.038421332809783,26.22644396016211,734.9999999999999,1039.4469683442248,0.0,0.0,0.0,29.54207105263158,69.50292458890013,89.95298099590536,91.23438552897237,152.54160988648343,13.323443615325901,14.035183874129974,3784.3896636505897,7057.946645598248,1074.7165641789143,1.1886912988150808,0.34992710611188266,27.54134392631579,67.87366561088078,87.72476864357658,88.75988663605625,148.22379103932334,19.318526536378872,23.706526523689647,8703.392441775835,9437.230070685377,2418.487989359936,1.2025926378305751,0.34992710611188266,25.537872789473685,67.55958636923317,87.35643105863281,88.30567499299178,147.44012592081464,21.42301273840449,26.846161883013888,9535.808265966454,9546.63749503195,2699.9794550205443,1.199663594521687,0.34992710611188266,25.199653684210528,68.2260276191009,88.32855609274237,89.34501201724694,149.26137169874085,16.6698633738639,19.90723966038542,7664.707320433105,9234.386761041595,2084.4672874132616,1.1909299639229027,0.34992710611188266,26.073447078947364,71.34812712961353,91.54312416524596,92.97411323142832,155.51242646772226,11.277883200016019,21.39791136466154,1107.8996481597858,2788.3053078643798,277.83010609417084,1.1433744193413082,0.5,28.91324167894737,72.57112230248647,92.33266670415082,93.77051660462986,156.82256938828112,11.038421529468147,26.226444427407333,735.0,1039.4469683442248,0.0,0.0,0.0,29.54207157894737
68.2573233471882,86.84419486395963,88.1965755695059,147.50066537838305,10.382271676039055,24.667482611982006,734.9999999999998,1039.4469683442248,0.0,0.0,0.0,27.78602105263158,68.25732464010119,86.84419650894046,88.19657724010312,147.50066817230334,10.38227187269742,24.667483079227228,735.0,1039.4469683442248,0.0,0.0,0.0,27.786021578947366,68.16854567343748,86.73793167965997,88.09750622936795,147.33282066753054,10.388324692770054,24.672966530070404,732.3897146532771,1038.6640375804313,6.045303584135848,0.9457143254713435,0.0,27.767945040526314,66.07239857303428,84.5572715748392,87.21469939325202,145.66813463559615,10.461353529925633,24.76224192193044,711.7887956679378,1047.2322679877288,139.29007507209096,1.9405031940946096,0.0,27.49211624736842,65.63948778633603,84.21674714431724,87.46173558482849,146.00022941154893,10.450986836364176,24.760171951838153,707.2144189308598,1038.4764839427546,145.47698305330496,2.4065690989230357,0.0,27.479472263157888,64.86008772002957,83.03561941404857,87.34945857432723,145.6008262605698,10.471726669527857,24.794689235209113,694.5828920425027,1038.9723203790231,206.03506988944895,2.460786394700363,0.0,27.3620907263158,65.25462646531189,83.70926122275384,87.59161031478092,146.03025934343103,10.461222828294508,24.779601038733247,699.5907954019773,1036.0849812494196,187.27243438554135,4.641661933209476,0.0,27.436543394736855,66.68256831997219,84.74325000318208,87.54100593395516,146.06212689476345,10.450802609920995,24.758294263480902,704.0446573854963,1038.5257703643483,143.6179556997696,2.909923025386037,0.0,27.55259109736842,66.47905324126792,82.36773773344726,87.38470748162345,145.07407276323008,10.48486283516444,24.831543469601183,657.2496130170373,1039.6094320708053,270.69648907511004,1.6285041531459825,0.0,27.39792368421053,65.20701810288175,80.42219798501961,87.10050680736002,144.20671480334,10.520909531001992,24.886379504210755,639.8841550715164,1061.2750804761959,362.57330952263703,1.3991995829337387,0.0,27.208423814210523,63.466026740790774,80.59635848268438,87.41249785947302,145.0518659804778,10.50496659805073,24.869391528227204,658.3739976379543,1037.674107981826,348.5574246355835,2.528020116967977,0.0,27.18764029999999,64.61740921172851,81.05898267397697,87.40143960516214,145.03673298207585,10.497263547305279,24.86194283707279,654.4845389196953,1036.9170058055677,332.488274650319,2.1846055501245525,0.0,27.264016797894737
62.74906157219879,79.83600093704987,81.07924658454974,135.59758689467762,9.544438204020317,22.676854428897943,734.9999999999999,1039.4469683442248,0.0,0.0,0.0,25.54373157894737,62.74906286511182,79.83600258203072,81.07924825514696,135.59758968859788,9.54443840067868,22.676854896143166,734.9999999999999,1039.4469683442248,0.0,0.0,0.0,25.54373210526316,62.74906415802477,79.8360042270115,81.07924992574422,135.59759248251825,9.544438597337047,22.676855363388388,735.0,1039.446968344225,0.0,0.0,0.0,25.543732631578948,62.749065450937756,79.8360058719923,81.07925159634146,135.59759527643857,9.544438793995417,22.676855830633613,734.9999999999999,1039.4469683442248,0.0,0.0,0.0,25.54373315789474,62.74906674385072,79.83600751697308,81.07925326693871,135.5975980703589,9.544438990653783,22.676856297878828,734.9999999999997,1039.4469683442248,0.0,0.0,0.0,25.543733684210526,62.74906803676369,79.8360091619539,81.07925493753595,135.59760086427923,9.544439187312149,22.676856765124054,734.9999999999997,1039.4469683442248,0.0,0.0,0.0,25.543734210526313,62.749069329676665,79.8360108069347,81.0792566081332,135.59760365819955,9.544439383970518,22.676857232369283,735.0000000000001,1039.446968344225,0.0,0.0,0.0,25.543734736842104,62.749070622589606,79.83601245191544,81.07925827873045,135.5976064521199,9.544439580628879,22.676857699614494,734.9999999999999,1039.4469683442248,0.0,0.0,0.0,25.543735263157895,62.749071915502626,79.83601409689629,81.0792599493277,135.59760924604024,9.54443977728725,22.676858166859724,734.9999999999998,1039.4469683442248,0.0,0.0,0.0,25.543735789473686,62.74907320841554,79.83601574187703,81.07926161992494,135.59761203996055,9.54443997394562,22.676858634104953,734.9999999999999,1039.4469683442248,0.0,0.0,0.0,25.543736315789474,62.74906286511182,79.83600258203072,81.07924825514696,135.59758968859788,9.54443840067868,22.676854896143166,734.9999999999999,1039.4469683442248,0.0,0.0,0.0,25.54373210526316,62.74906299440308,79.83600274652879,81.07924842220669,135.59758996798996,9.544438420344521,22.676854942867696,735.0000000000001,1039.4469683442248,0.0,0.0,0.0,25.543732157894738
42.383057392582586,47.80070438595855,58.07795744502596,89.06848481823295,22.23532993092903,45.68033831783763,3136.3221870154507,4501.587203587843,1588.6049853817426,3.939415137117361,1.019803902718557,22.17438237894737,40.97020940835874,45.06316113647932,53.781628415763755,82.48664092395718,22.548997984660517,46.625955425208986,3048.504520482251,4447.303592645026,2040.8321089628848,2.8724994966828072,1.019803902718557,22.046537884210526,41.416931878981146,46.70468443450033,53.83182581785805,84.83560456438325,22.297796262189706,45.54859096593856,2106.804585907376,4073.1035287978807,2234.6503214325585,4.692275519293398,0.82915619758885,22.758896842105266,37.62447732295535,44.56885313003941,52.19958463260453,83.19163188656773,22.92161100613879,45.92543516133125,2248.6068005884777,4338.076903836872,2265.2254452174957,4.208353541817752,0.82915619758885,22.33188844210527,34.61904778243595,41.25689351877352,49.94195214625803,79.71277502287028,22.86300571448125,46.69445865649212,2665.8621998409667,4017.716351366559,2533.3036469319622,5.887156991744908,1.5,21.79517340526316,37.70300334960837,42.99091312399013,51.83107182540255,84.16189030285297,24.13302711901128,47.098899211631036,2718.11197199432,4399.680191976401,2447.488001099719,3.489923546212506,1.6393596310755,21.785445052631573,38.582231405590036,44.34545163483325,53.58073355115795,87.65237421961083,24.40701084953618,47.5518740798878,2949.7185986574023,4565.643505679253,2291.2552716426167,4.037103711778511,1.0897247358851685,21.97094944736842,36.753073257299945,42.92362035015037,53.464121499301136,85.83268467624175,25.297303120235178,47.9940590812524,3782.446731775529,5094.328848488629,2297.8745875391487,2.678062871240574,1.0897247358851685,21.781081473684214,35.86120973023314,42.83338599386387,54.46000977479773,87.54083787843138,25.191925368488477,47.06740860504204,4118.595233860895,5182.995639502932,2360.0516579203145,2.0729589983872114,0.8,22.07454394736842,37.0625038856989,43.327082750730085,53.47392493273877,87.29276780378412,25.3705726149191,47.2782996898993,3601.0970366720085,4982.246609533036,2285.1807134626847,1.976751621613593,0.4898979485566356,21.958322052631573,41.35736853069797,45.42374466194433,52.50037039737478,87.8679612713071,24.948914582770975,46.597725431832885,3046.481024778126,4467.270018075752,2321.2795463198886,2.7852173032807164,1.0897247358851685,21.959142552631576,42.07987950995694,46.197643491196665,54.825541670801364,90.6487292904727,24.536315915608256,46.287421891540866,3094.3896905579827,4474.5891543222615,2279.13850101839,2.697811711281132,0.82915619758885,22.188749894736848
65.54283575720305,83.39053630161901,84.68913492984194,141.63479332173043,9.96938487886547,23.686495193447996,734.9999999999999,1039.4469683442248,0.0,0.0,0.0,26.681014210526317,65.54283588649433,83.39053646611704,84.68913509690168,141.63479360112248,9.969384898531311,23.68649524017253,735.0000000000001,1039.446968344225,0.0,0.0,0.0,26.681014263157895,65.5428360157856,83.39053663061509,84.68913526396139,141.63479388051448,9.969384918197145,23.68649528689704,735.0000000000001,1039.446968344225,0.0,0.0,0.0,26.681014315789476,65.54283614507698,83.39053679511323,84.68913543102111,141.63479415990653,9.969384937862982,23.68649533362157,735.0,1039.4469683442248,0.0,0.0,0.0,26.681014368421053,64.5147499929892,79.48905813804099,84.81475832356352,140.29513165715792,10.911242239826104,23.21948833282002,727.9843217766507,1558.2343774654246,375.6852266661051,2.3948065086543853,1.118033988749895,26.361741710526314,59.48959937215238,71.7875664127109,81.50831088711172,134.48816669260984,12.568449550168582,23.736993745760547,1183.2191808430148,3328.010808605976,560.3940241347666,4.706362504855847,1.16619037896906,25.141411315789473,57.55964736550617,70.41086371568284,81.26751201185542,133.25351195707285,12.236891702074367,23.234946192766472,1337.5585043290203,3694.5880113240305,467.76664126973253,4.0300399767928345,0.4517539514526256,24.498185157894735,56.64761100173724,71.01692796246918,79.62646788243441,131.85828942972913,12.368053196877211,23.361794590842653,1411.7088683445365,3692.621561317692,381.9841033768648,4.15163149864429,1.1055415967851334,24.355344884210524,56.16896477936087,71.19857886227204,78.72292618957344,131.96332280448445,12.122399888718913,23.85592865662088,1441.1470460829971,3644.753487465754,334.3260467157057,3.811121816383902,1.1055415967851334,24.41534094736842,57.776094824551784,72.0929159655797,81.19548219844266,135.05626610499053,13.153007350715974,24.25719477059072,1457.6452224569427,3488.7858724288108,233.69488275936723,3.2968769128933255,0.49487165930539345,24.201657634210527,58.95590557280762,73.84946102770108,80.50539841407978,134.36043235830525,12.185179218237765,23.432585736045482,1375.360963425113,3253.680794767351,300.91764669148085,2.3662799109219144,1.1055415967851334,24.36071754736842,57.95748346981811,72.86276603457057,80.21622530925428,132.84563256349693,12.327487226108907,22.999869372465835,1333.579772493896,3282.6776151568665,446.38220922303435,2.995517665166998,0.9797958971132712,24.6090687368421
76.00062696686655,96.6960457051903,98.20184429908792,164.23355761794448,11.560065909789493,27.465831536772978,734.9999999999999,1039.4469683442248,0.0,0.0,0.0,30.93814578947368,76.00062709615791,96.69604586968845,98.20184446614768,164.23355789733654,11.560065929455334,27.465831583497508,734.9999999999999,1039.4469683442248,0.0,0.0,0.0,30.938145842105268,76.0006272254492,96.69604603418652,98.2018446332074,164.23355817672856,11.560065949121169,27.46583163022203,734.9999999999998,1039.4469683442248,0.0,0.0,0.0,30.938145894736845,76.00062735474046,96.69604619868457,98.20184480026714,164.2335584561206,11.560065968787008,27.465831676946557,735.0,1039.4469683442248,0.0,0.0,0.0,30.938145947368422,76.00062748403174,96.69604636318266,98.20184496732685,164.23355873551264,11.560065988452846,27.465831723671084,735.0,1039.4469683442248,0.0,0.0,0.0,30.938146000000003,76.00062761332308,96.69604652768074,98.20184513438657,164.2335590149047,11.560066008118683,27.465831770395607,735.0,1039.4469683442248,0.0,0.0,0.0,30.93814605263158,76.00062774261438,96.69604669217884,98.2018453014463,164.2335592942967,11.560066027784522,27.465831817120122,735.0,1039.4469683442248,0.0,0.0,0.0,30.93814610526316,76.00062787190566,96.6960468566769,98.20184546850601,164.23355957368872,11.560066047450352,27.465831863844638,734.9999999999999,1039.4469683442248,0.0,0.0,0.0,30.93814615789474,76.00062800119697,96.69604702117499,98.20184563556576,164.23355985308078,11.560066067116189,27.465831910569154,734.9999999999998,1039.4469683442248,0.0,0.0,0.0,30.938146210526316,76.00062813048825,96.69604718567304,98.20184580262546,164.2335601324728,11.560066086782026,27.465831957293684,735.0,1039.4469683442248,0.0,0.0,0.0,30.938146263157897,76.00062709615791,96.69604586968845,98.20184446614768,164.23355789733654,11.560065929455334,27.465831583497508,734.9999999999999,1039.4469683442248,0.0,0.0,0.0,30.938145842105268,76.00062710908699,96.69604588613822,98.20184448285364,164.23355792527576,11.560065931421915,27.465831588169955,734.9999999999998,1039.4469683442248,0.0,0.0,0.0,30.93814584736842
77.25709659972247,98.29465942582168,99.8253524223307,166.94872571692352,11.751181066981502,27.919906518050936,735.0000000000001,1039.446968344225,0.0,0.0,0.0,31.449626315789477,77.25709789263549,98.29466107080252,99.82535409292792,166.9487285108438,11.751181263639868,27.91990698529616,735.0,1039.446968344225,0.0,0.0,0.0,31.449626842105264,77.25709918554843,98.29466271578332,99.82535576352517,166.94873130476415,11.751181460298229,27.919907452541363,734.9999999999999,1039.4469683442248,0.0,0.0,0.0,31.44962736842105,77.25710047846142,98.2946643607641,99.82535743412244,166.94873409868453,11.751181656956598,27.919907919786596,734.9999999999998,1039.4469683442248,0.0,0.0,0.0,31.44962789473684,77.25710177137444,98.29466600574492,99.82535910471968,166.94873689260484,11.751181853614964,27.919908387031814,735.0000000000001,1039.446968344225,0.0,0.0,0.0,31.449628421052633,77.25710306428739,98.2946676507257,99.8253607753169,166.94873968652516,11.751182050273334,27.91990885427704,735.0,1039.4469683442248,0.0,0.0,0.0,31.44962894736842,77.25710435720033,98.29466929570648,99.82536244591417,166.94874248044547,11.751182246931702,27.919909321522265,734.9999999999999,1039.4469683442248,0.0,0.0,0.0,31.44962947368421,77.25710565011333,98.29467094068733,99.82536411651141,166.94874527436582,11.751182443590064,27.919909788767477,734.9999999999999,1039.4469683442248,0.0,0.0,0.0,31.44963,77.25710694302627,98.29467258566808,99.82536578710867,166.94874806828616,11.751182640248432,27.919910256012702,735.0,1039.4469683442248,0.0,0.0,0.0,31.449630526315786,77.25710823593928,98.29467423064891,99.8253674577059,166.94875086220645,11.7511828369068,27.91991072325793,734.9999999999997,1039.4469683442248,0.0,0.0,0.0,31.44963105263158,77.25709789263549,98.29466107080252,99.82535409292792,166.9487285108438,11.751181263639868,27.91990698529616,735.0,1039.446968344225,0.0,0.0,0.0,31.449626842105264,77.25709802192671,98.29466123530054,99.82535425998766,166.94872879023586,11.751181283305707,27.919907032020667,735.0,1039.4469683442248,0.0,0.0,0.0,31.44962689473684
32.33755930929518,34.38703083790509,40.23098713383979,58.254602874219614,26.639584602551942,48.043722220296786,8684.63118806271,4666.084190890809,2141.1893057624484,2.5769222611357,0.4898979485566356,17.731675010526313,33.24267833066458,35.186796091290056,41.201008642440975,58.117232784409964,28.349932232114636,51.856166219134806,8665.948800477156,4384.941662949562,2261.6913276560904,2.4967353804890564,0.4898979485566356,17.70991925263158,33.01232691539878,34.98003031703995,45.462484199982086,64.74388376348229,28.31131109292094,51.667160182562625,7994.462153772979,4095.5849455805155,2141.435435700196,2.660796841648999,0.4898979485566356,17.995062405263162,32.40991902407891,34.448970458212074,42.40985764335616,61.128859332832306,29.231515134801306,52.184789549859076,8051.388397309658,4285.066241655305,2045.7324321559904,2.4049174546136562,0.4898979485566356,17.739825562105263,32.6826201115136,34.840714765102085,39.369914669016445,57.66418759496824,29.329684558449337,52.33211699450895,8527.180853922988,4777.143718089723,1923.2911311148896,1.8011560822312112,0.4898979485566356,17.55236242105264,33.52453728467919,35.50216542212916,41.45900866991697,60.224284143270935,29.408534448865836,51.88460585236868,8655.389464009491,4735.739759739619,2021.5071317979216,2.0251334678023447,0.4898979485566356,17.812479142105264,32.91480769649171,34.89475529832102,43.194734939100506,62.36501927762355,27.909824382114657,51.464266776782345,8128.103039190559,4684.905204037432,2002.9115393262755,2.1291273034987235,0.4898979485566356,17.8572222,30.69331719892147,32.80998561340483,40.35302036587967,58.25531761208642,27.553450035171714,52.37382233691976,8327.147047499291,4626.283226179573,2139.36884933473,2.266621233574284,0.4898979485566356,17.392152031578956,32.105586439810764,34.333456254347475,38.620567813033055,56.64277982972768,27.673958859527772,51.265428147391496,8370.259141489354,4887.164825489785,2237.849162441034,2.4058607111558548,0.4898979485566356,17.758168700000002,31.35198875432815,34.02770714534478,40.36159774340473,59.27506367045674,26.77949392312273,50.06547254783637,7911.117822926573,4431.109718910619,2239.79603642601,2.8025447400336,0.4898979485566356,18.03641276842106,29.369218181932435,32.73353096930346,41.97641989487112,62.05302673661972,25.66768055766733,48.9533721084723,8058.671894173232,4372.858059193225,2230.4577569115577,2.699482438475728,1.224744871391589,18.047593826315794,30.453049091907967,34.529765195627526,45.02333151948454,68.11749097544404,25.039491843249518,48.07676146404528,7631.863257114228,4989.587788921872,2010.3950237969839,2.434138744094393,0.4898979485566356,18.671416789473685
18.58658368552368,21.2000381545201,17.401829248069173,22.120712595842136,22.553816453165098,43.825171963844106,10350.06104813344,5810.263162353667,1345.1675519462335,1.8129078914702168,1.1055415967851334,10.883860263157896,12.286822646850888,13.658257937832872,14.519348922420217,18.036976614964146,21.15732114400358,42.40118873590673,12085.213259044902,6660.621086737614,1258.0302868446965,1.5901879308469609,1.1055415967851334,9.909880284210526,9.79224538086988,11.337661237739036,14.69238795994754,17.58232438563084,22.05639300147387,42.17349186457335,13823.079841337616,7152.778971370755,1349.219147460526,1.4410716637540275,0.45175395145262565,10.09669460105263,10.420076149572035,12.026383799462177,13.348311473145188,16.80152346455652,23.42213819883424,43.181979539020595,14506.5891762849,6521.461233141894,1430.1903588668995,1.551561126279729,0.45175395145262565,10.27693262631579,11.171205713423495,13.124137645441525,14.648522488432436,19.11364805787982,23.633527358538295,42.749341081296535,13660.582739040898,6673.534455292161,1356.3196857381688,1.5674253308328197,0.45175395145262565,10.654397621052633,15.201199846823362,16.22785103668607,18.630665198216622,23.502456864502488,22.09100456752539,41.31856523935065,12364.755152245618,6882.191819377403,1271.7168136130467,1.8518597170844646,1.4907119849998598,11.307061431578948,13.627466643406468,15.749425530237938,19.70404276069628,25.999262377364825,22.16783415545399,41.97185950478483,11099.857065335533,6593.621024629573,1312.8032872506537,2.0460908134593208,1.4907119849998598,11.581131289473687,15.217294098257884,16.764687564680337,18.814711026365583,25.88113621070937,21.459012023885972,41.53191171973925,12729.50124645616,6754.650452104719,1170.2567571394825,1.8493243211598622,1.1055415967851334,11.499998768421053,20.901221531170137,22.449612630315364,21.044736730326953,29.321979294980558,20.76819976935869,40.16448393711793,14928.317255133094,6327.33796134373,1067.223686067198,1.6556221070993842,0.45175395145262565,12.126264563157896,19.083044324298815,20.30617563985061,20.184334544955163,29.22266484913703,20.585864843732754,40.429598003269774,15809.994252114828,6170.581644859033,1071.9393292008126,1.9474652391518354,0.6998542122237652,11.950110526315791,15.618043756430344,17.12530802564701,19.076526640465126,28.98984711530822,20.582589424499588,40.81434632506801,15861.991514527766,6819.670743451332,1061.6722792890753,1.645756762221872,0.0,11.607813499999999,17.01046764115009,18.037905502295068,15.77909026477481,23.491373501076644,20.76199767055551,41.259160783526895,13548.907174505615,6807.556689505221,1074.0634640474536,1.4045096428919088,0.4714045207910317,11.442933605263159
84.82632629575622,107.92503498785295,109.60569695025151,183.3054529048319,12.902497808231988,30.655346947838947,735.0,1039.4469683442248,0.0,0.0,0.0,34.53088947368421,84.82632758866927,107.92503663283381,109.60569862084877,183.30545569875218,12.902498004890353,30.65534741508416,734.9999999999999,1039.4469683442248,0.0,0.0,0.0,34.53089,84.82632888158223,107.92503827781458,109.60570029144598,183.30545849267244,12.902498201548717,30.655347882329373,735.0,1039.4469683442248,0.0,0.0,0.0,34.53089052631579,84.82633017449517,107.92503992279534,109.60570196204327,183.3054612865929,12.90249839820709,30.65534834957461,734.9999999999999,1039.4469683442248,0.0,0.0,0.0,34.53089105263158,84.82633146740818,107.92504156777618,109.60570363264047,183.3054640805131,12.902498594865456,30.655348816819824,734.9999999999997,1039.4469683442248,0.0,0.0,0.0,34.53089157894737,84.82633276032116,107.92504321275695,109.60570530323773,183.3054668744335,12.902498791523819,30.655349284065043,734.9999999999998,1039.4469683442248,0.0,0.0,0.0,34.530892105263156,84.82633405323409,107.92504485773776,109.605706973835,183.3054696683538,12.902498988182177,30.655349751310254,734.9999999999999,1039.4469683442248,0.0,0.0,0.0,34.53089263157894,84.8263353461471,107.92504650271859,109.60570864443223,183.30547246227414,12.902499184840549,30.655350218555483,734.9999999999998,1039.4469683442248,0.0,0.0,0.0,34.53089315789473,84.82633663906007,107.92504814769934,109.6057103150295,183.3054752561945,12.90249938149892,30.655350685800723,734.9999999999999,1039.4469683442248,0.0,0.0,0.0,34.530893684210525,84.82633793197306,107.92504979268017,109.60571198562671,183.3054780501148,12.902499578157286,30.65535115304594,735.0,1039.4469683442248,0.0,0.0,0.0,34.53089421052632,84.82632758866927,107.92503663283381,109.60569862084877,183.30545569875218,12.902498004890353,30.65534741508416,734.9999999999999,1039.4469683442248,0.0,0.0,0.0,34.53089,84.82632771796055,107.92503679733186,109.60569878790847,183.30545597814418,12.902498024556188,30.655347461808677,735.0,1039.4469683442248,0.0,0.0,0.0,34.53089005263158
64.39824059079429,81.93426112413584,83.21018191586,139.1613803551036,9.795286373474452,23.2728504740157,735.0,1039.4469683442248,0.0,0.0,0.0,26.215075263157896,64.39824072008557,81.93426128863392,83.21018208291973,139.1613806344956,9.795286393140286,23.27285052074022,734.9999999999999,1039.4469683442248,0.0,0.0,0.0,26.215075315789473,64.39824084937686,81.93426145313201,83.21018224997947,139.16138091388765,9.795286412806123,23.272850567464747,735.0,1039.4469683442248,0.0,0.0,0.0,26.215075368421054,64.39824097866814,81.93426161763006,83.21018241703919,139.16138119327968,9.795286432471958,23.272850614189267,735.0,1039.4469683442248,0.0,0.0,0.0,26.21507542105263,64.39824110795942,81.93426178212812,83.21018258409889,139.16138147267168,9.795286452137798,23.27285066091379,734.9999999999999,1039.4469683442248,0.0,0.0,0.0,26.21507547368421,64.39824123725074,81.93426194662624,83.21018275115863,139.16138175206376,9.795286471803635,23.272850707638316,734.9999999999999,1039.4469683442248,0.0,0.0,0.0,26.21507552631579,64.39824136654202,81.93426211112428,83.21018291821835,139.1613820314558,9.795286491469472,23.272850754362835,734.9999999999999,1039.4469683442248,0.0,0.0,0.0,26.215075578947367,64.39824149583332,81.93426227562236,83.2101830852781,139.1613823108478,9.795286511135304,23.272850801087355,734.9999999999999,1039.4469683442248,0.0,0.0,0.0,26.215075631578948,64.3982416251246,81.93426244012042,83.21018325233777,139.16138259023984,9.795286530801139,23.272850847811867,735.0,1039.4469683442248,0.0,0.0,0.0,26.215075684210525,64.39824175441596,81.93426260461857,83.21018341939751,139.16138286963184,9.795286550466981,23.2728508945364,735.0,1039.4469683442248,0.0,0.0,0.0,26.215075736842106,64.39824072008557,81.93426128863392,83.21018208291973,139.1613806344956,9.795286393140286,23.27285052074022,734.9999999999999,1039.4469683442248,0.0,0.0,0.0,26.215075315789473,64.39824073301467,81.9342613050837,83.2101820996257,139.16138066243482,9.795286395106872,23.272850525412682,734.9999999999999,1039.4469683442248,0.0,0.0,0.0,26.215075321052634
74.00856225677298,94.16153003153828,95.62785989525398,159.92880530996075,11.257063154887394,26.745920189704307,735.0000000000001,1039.4469683442248,0.0,0.0,0.0,30.12722105263158,74.00856354968589,94.16153167651902,95.62786156585122,159.9288081038811,11.25706335154576,26.745920656949526,734.9999999999999,1039.4469683442248,0.0,0.0,0.0,30.127221578947367,74.00856484259887,94.16153332149982,95.62786323644848,159.92881089780144,11.257063548204131,26.745921124194762,735.0,1039.4469683442248,0.0,0.0,0.0,30.12722210526316,74.00856613551187,94.16153496648063,95.6278649070457,159.92881369172173,11.257063744862496,26.745921591439977,735.0000000000001,1039.446968344225,0.0,0.0,0.0,30.12722263157895,74.00856742842484,94.16153661146143,95.62786657764299,159.92881648564213,11.25706394152086,26.745922058685192,735.0,1039.4469683442248,0.0,0.0,0.0,30.127223157894736,74.00856872133782,94.16153825644224,95.6278682482402,159.9288192795624,11.257064138179224,26.74592252593041,735.0,1039.4469683442248,0.0,0.0,0.0,30.127223684210524,74.00857001425076,94.16153990142304,95.62786991883746,159.92882207348276,11.257064334837596,26.74592299317564,735.0,1039.4469683442248,0.0,0.0,0.0,30.127224210526318,74.00857130716373,94.1615415464038,95.62787158943472,159.92882486740308,11.257064531495963,26.74592346042086,734.9999999999999,1039.4469683442248,0.0,0.0,0.0,30.127224736842106,74.00857260007675,94.16154319138464,95.62787326003193,159.92882766132337,11.257064728154328,26.74592392766608,734.9999999999997,1039.4469683442248,0.0,0.0,0.0,30.127225263157897,74.00857389298969,94.16154483636538,95.6278749306292,159.92883045524377,11.257064924812692,26.74592439491131,734.9999999999999,1039.4469683442248,0.0,0.0,0.0,30.127225789473684,74.00856354968589,94.16153167651902,95.62786156585122,159.9288081038811,11.25706335154576,26.745920656949526,734.9999999999999,1039.4469683442248,0.0,0.0,0.0,30.127221578947367,74.00856367897724,94.16153184101714,95.62786173291093,159.9288083832731,11.257063371211594,26.745920703674038,735.0,1039.4469683442248,0.0,0.0,0.0,30.127221631578944
72.13365744135099,91.77607758252145,93.20526000223008,155.87722968064378,10.971880991188812,26.068349202950284,735.0000000000001,1039.4469683442248,0.0,0.0,0.0,29.36398947368421,72.13365873426395,91.77607922750224,93.20526167282732,155.87723247456412,10.971881187847174,26.068349670195488,735.0,1039.4469683442248,0.0,0.0,0.0,29.363989999999998,72.13366002717699,91.77608087248309,93.20526334342456,155.87723526848444,10.971881384505545,26.06835013744072,735.0,1039.4469683442248,0.0,0.0,0.0,29.363990526315792,72.13366132008993,91.77608251746388,93.20526501402182,155.87723806240479,10.97188158116391,26.068350604685946,735.0,1039.4469683442248,0.0,0.0,0.0,29.36399105263158,72.13366261300285,91.7760841624446,93.20526668461906,155.8772408563251,10.971881777822281,26.068351071931176,734.9999999999997,1039.4469683442248,0.0,0.0,0.0,29.363991578947367,72.13366390591588,91.77608580742545,93.20526835521629,155.87724365024542,10.971881974480645,26.068351539176394,734.9999999999997,1039.4469683442248,0.0,0.0,0.0,29.363992105263158,72.1336651988288,91.77608745240619,93.20527002581356,155.8772464441658,10.971882171139008,26.068352006421602,734.9999999999999,1039.4469683442248,0.0,0.0,0.0,29.363992631578945,72.13366649174182,91.77608909738703,93.20527169641085,155.87724923808614,10.971882367797377,26.068352473666828,734.9999999999999,1039.4469683442248,0.0,0.0,0.0,29.36399315789474,72.13366778465475,91.77609074236778,93.20527336700809,155.87725203200645,10.971882564455743,26.06835294091205,735.0,1039.4469683442248,0.0,0.0,0.0,29.363993684210527,72.1336690775677,91.77609238734854,93.2052750376053,155.87725482592674,10.971882761114115,26.068353408157275,735.0,1039.4469683442248,0.0,0.0,0.0,29.363994210526315,72.13365873426395,91.77607922750224,93.20526167282732,155.87723247456412,10.971881187847174,26.068349670195488,735.0,1039.4469683442248,0.0,0.0,0.0,29.363989999999998,72.13365886355521,91.77607939200027,93.20526183988702,155.8772327539561,10.971881207513016,26.068349716920025,734.9999999999999,1039.4469683442248,0.0,0.0,0.0,29.36399005263158
68.39852883729002,87.02385144140682,88.37902984793185,147.8058033873724,10.403749719544058,24.718512798942132,734.9999999999999,1039.4469683442248,0.0,0.0,0.0,27.84350263157895,68.39852896658138,87.02385160590498,88.37903001499157,147.80580366676443,10.403749739209891,24.71851284566665,734.9999999999999,1039.4469683442248,0.0,0.0,0.0,27.843502684210527,68.39852909587262,87.023851770403,88.3790301820513,147.8058039461565,10.403749758875726,24.718512892391168,735.0,1039.4469683442248,0.0,0.0,0.0,27.843502736842108,68.39852922516395,87.0238519349011,88.37903034911099,147.80580422554848,10.403749778541568,24.7185129391157,734.9999999999999,1039.4469683442248,0.0,0.0,0.0,27.843502789473686,68.39852935445529,87.02385209939925,88.37903051617074,147.80580450494057,10.403749798207404,24.71851298584022,735.0,1039.4469683442248,0.0,0.0,0.0,27.843502842105266,68.3985294837465,87.02385226389721,88.37903068323045,147.80580478433257,10.40374981787324,24.718513032564733,734.9999999999999,1039.4469683442248,0.0,0.0,0.0,27.843502894736844,68.39852961303781,87.02385242839532,88.37903085029018,147.8058050637246,10.403749837539078,24.718513079289263,735.0,1039.4469683442248,0.0,0.0,0.0,27.84350294736842,68.39852974232916,87.02385259289345,88.37903101734993,147.80580534311665,10.403749857204911,24.718513126013775,734.9999999999999,1039.4469683442248,0.0,0.0,0.0,27.843503000000002,68.39852987162043,87.02385275739151,88.37903118440964,147.80580562250867,10.403749876870744,24.718513172738298,735.0,1039.4469683442248,0.0,0.0,0.0,27.84350305263158,68.39853000091173,87.02385292188957,88.37903135146938,147.80580590190073,10.403749896536587,24.718513219462825,735.0,1039.4469683442248,0.0,0.0,0.0,27.84350310526316,68.39852896658138,87.02385160590498,88.37903001499157,147.80580366676443,10.403749739209891,24.71851284566665,734.9999999999999,1039.4469683442248,0.0,0.0,0.0,27.843502684210527,68.39852897951043,87.02385162235473,88.37903003169752,147.80580369470363,10.403749741176473,24.718512850339096,735.0,1039.446968344225,0.0,0.0,0.0,27.843502689473684
68.05916245489831,86.59207359256276,87.94052814111683,147.0724495909566,10.35213043816989,24.595869338486462,735.0000000000001,1039.446968344225,0.0,0.0,0.0,27.70535421052632,68.05916258418956,86.59207375706082,87.94052830817657,147.07244987034866,10.352130457835727,24.59586938521099,735.0,1039.4469683442248,0.0,0.0,0.0,27.705354263157897,68.05916271348089,86.59207392155892,87.94052847523629,147.0724501497407,10.352130477501563,24.59586943193551,735.0,1039.4469683442248,0.0,0.0,0.0,27.705354315789474,68.05916284277212,86.59207408605694,87.94052864229603,147.07245042913272,10.352130497167405,24.595869478660042,734.9999999999999,1039.4469683442248,0.0,0.0,0.0,27.705354368421055,67.33719408248507,85.37584597184934,86.19514191990312,143.93400836987058,14.473824546629977,16.343736789039824,2813.957037367358,5827.089856645757,693.0683097571111,1.2527168833792754,0.5,26.571798210526314,64.52606062646075,83.52828928206681,84.27413777487915,140.9026555033245,15.137212180754851,17.282797776396706,6278.062819403915,8507.530242931864,1515.261971303447,1.3489443134558436,0.7637626158259734,25.04061756842105,63.28043419274092,82.08616754567633,82.71483829086503,138.18408622552164,20.113849284392323,26.234631511477822,9341.88127859046,9313.889136917103,2379.53455586079,1.2134332874183547,0.7637626158259734,23.760805,63.19093375000204,81.9941219474461,82.58852825089487,137.9667439951345,20.466062750925936,27.025029908841443,9598.118011529892,9332.17210960339,2454.083306111731,1.214937216325149,0.7637626158259734,23.66905497894737,64.1627331490132,83.29376751861611,84.05203953685675,140.51308228773357,14.385814649647951,17.91538589473242,6905.702909605014,8769.42700833246,1631.2144999995057,1.196477794116557,0.7637626158259734,24.822264763157904,68.0591629720635,86.5920742505551,87.94052880935575,147.07245070852477,10.35213051683324,24.59586952538456,734.9999999999999,1039.4469683442248,0.0,0.0,0.0,27.705354421052633,68.05916310135474,86.5920744150531,87.94052897641546,147.0724509879168,10.352130536499072,24.595869572109073,734.9999999999995,1039.4469683442246,0.0,0.0,0.0,27.705354473684213,68.05916323064609,86.59207457955125,87.94052914347519,147.07245126730885,10.35213055616491,24.5958696188336,735.0,1039.4469683442248,0.0,0.0,0.0,27.70535452631579
73.63620719993217,93.68778049772806,95.14673289965961,159.12416463629037,11.200426135290183,26.611354967400118,735.0,1039.4469683442248,0.0,0.0,0.0,29.975643684210528,73.6362073292235,93.68778066222616,95.14673306671934,159.12416491568237,11.200426154956022,26.61135501412464,735.0,1039.4469683442248,0.0,0.0,0.0,29.975643736842105,73.6362074585148,93.68778082672425,95.14673323377906,159.12416519507443,11.200426174621857,26.611355060849156,735.0000000000001,1039.446968344225,0.0,0.0,0.0,29.975643789473686,73.63620758780613,93.68778099122237,95.14673340083878,159.12416547446648,11.200426194287692,26.611355107573676,735.0,1039.4469683442248,0.0,0.0,0.0,29.975643842105264,73.63620771709738,93.6877811557204,95.14673356789852,159.12416575385848,11.20042621395353,26.611355154298206,734.9999999999998,1039.4469683442248,0.0,0.0,0.0,29.975643894736844,73.63620784638871,93.68778132021848,95.14673373495825,159.12416603325053,11.200426233619366,26.611355201022725,735.0,1039.4469683442248,0.0,0.0,0.0,29.97564394736842,73.63620797568,93.68778148471658,95.14673390201797,159.12416631264256,11.200426253285203,26.611355247747248,735.0000000000001,1039.446968344225,0.0,0.0,0.0,29.975644,73.63620810497126,93.68778164921463,95.1467340690777,159.1241665920346,11.200426272951036,26.611355294471764,735.0000000000001,1039.4469683442248,0.0,0.0,0.0,29.97564405263158,73.63620823426258,93.68778181371272,95.1467342361374,159.1241668714266,11.200426292616875,26.6113553411963,735.0,1039.4469683442248,0.0,0.0,0.0,29.975644105263157,73.63620836355385,93.6877819782108,95.14673440319713,159.12416715081866,11.200426312282712,26.611355387920817,735.0000000000001,1039.446968344225,0.0,0.0,0.0,29.975644157894738,73.6362073292235,93.68778066222616,95.14673306671934,159.12416491568237,11.200426154956022,26.61135501412464,735.0,1039.4469683442248,0.0,0.0,0.0,29.975643736842105,73.63620734215259,93.68778067867594,95.14673308342532,159.12416494362162,11.200426156922601,26.611355018797088,735.0,1039.4469683442248,0.0,0.0,0.0,29.975643742105262
36.809410509845556,40.75929022404077,49.37559585289323,79.74548645890741,21.724538354193506,43.358819942775405,3784.988082895814,6089.567970742339,1258.6521124268465,14.157903582951889,1.0954451150103321,19.10935501578947,32.60304525706417,39.17205019611899,42.6027683577382,72.21998717887963,24.74150253672462,51.41295947135392,2879.360640496139,5008.837751816349,1572.3163570664246,8.141911840277773,1.019803902718557,19.33492181578948,31.256967288837593,37.817606849219636,39.88363569207956,66.22766063717698,26.432486177839085,54.729181091941484,3545.50539391797,5626.535271065836,1543.1606545342813,3.4968422045140017,2.165063509461097,18.768334400000004,31.535357253559607,34.28683439839805,32.892328894240535,51.87627639876011,28.03080436199423,59.073151914228895,6163.3953797417025,6644.335671036367,1533.2182938826454,2.1002888184714004,1.7320508075688772,16.6953341631579,25.151255887532443,27.113617248654908,31.42877697530958,46.940640085780444,27.961562241146687,59.450448319087265,7264.241030133378,6910.67789637572,1543.7885481731407,2.034839983673955,2.345207879911715,15.235589315789472,21.52395479544528,23.913384970915104,33.41733690918587,48.47287315104289,27.39980746768627,58.84375539760133,8190.446255200102,7176.154615357171,1697.4016390690153,2.0307879035674268,1.8547236990991407,15.227395810526318,23.553778550096883,25.334013252244503,33.17063071314933,48.18322208186277,27.814926944813013,59.24354979187101,9223.136777503107,6831.468972048831,1732.154657511221,1.6908719944779442,0.6871842709362768,15.34035350526316,23.97514864145834,25.969495121391223,33.43851191748438,49.28932326096745,28.03210376548913,58.718528492768364,8201.841385226788,6506.800999467544,1610.6186645592738,1.7929857388829413,0.6871842709362768,15.409548084210524,21.486240168570983,24.311132330281872,31.482943189916618,47.12182358891256,27.620834880364022,59.35547471968612,7310.411212675937,6699.437158881141,1538.0344871609323,1.7969389375958753,1.0671873729054748,14.982549921052632,20.63564168363095,24.74211763843291,31.40643315548808,49.68040849426776,27.353747313989075,59.5862519914256,6453.96548795327,6865.877921869319,1444.459110995571,2.4138155548059945,1.0954451150103321,14.968961768421055,21.234110769921788,25.13873858239499,32.01622383195004,50.69408598647336,27.73887692751845,59.45844215803787,7558.805428915179,7107.525195800994,1357.7444652925371,1.8169630452470116,0.6871842709362768,15.04488052631579,23.683278886807976,26.115245169032995,31.796733328222455,49.819140041973554,26.716057931963675,58.46969647272137,7861.40963394964,6512.520326293248,1550.446540936685,2.127604845184733,1.0671873729054748,15.425761526315787
69.04047952096835,87.84060908047867,89.20850644045721,149.19302674069715,10.501393548421824,24.950507060522515,735.0,1039.4469683442248,0.0,0.0,0.0,28.104826315789477,69.04048081388139,87.84061072545956,89.20850811105444,149.19302953461744,10.501393745080183,24.95050752776773,735.0,1039.446968344225,0.0,0.0,0.0,28.104826842105265,67.13841487887137,85.57740618897785,89.44221730917556,149.45811335606055,10.541864215263,25.03755317055085,744.2613459309616,1043.4784595218991,186.55966208530197,0.0,0.0,27.833971650526326,67.20900945377713,85.670658048079,89.48507354054917,149.5403940813746,10.547269028734908,25.049449974786544,744.6884824586685,1043.580746667225,212.75199815961818,0.0,0.0,27.85010978,67.31209068022915,86.00801753303426,89.47528541932599,149.5470040655057,10.54447656396314,25.043598452984146,743.2036552699178,1042.8487204182525,200.43847976937894,0.0,0.0,27.89702473421052,67.27200224643035,85.85876492392266,89.48659978553343,149.55605611073045,10.546615491743223,25.048225321942855,743.924434790202,1043.1930759499,210.3459894844346,0.0,0.0,27.877228149999993,67.32661631008621,86.0700134418867,89.47001476453289,149.54178524385924,10.543475142117027,25.041492885319677,742.8680543738603,1042.69598552094,195.9146741067311,0.0,0.0,27.905401935263153,67.36175075012804,86.16258406706856,89.47167638573261,149.5523448535286,10.543396808834482,25.04125282678833,742.6927688897259,1042.5859157018726,195.54150833795777,0.0,0.0,27.91762728421052,67.32873139156024,86.02789272345782,89.48019937732714,149.55905583769263,10.545200120112055,25.04498191402314,743.3986562954949,1042.9061630844587,203.53058471042422,0.0,0.0,27.899059889473687,67.34038384769946,86.04892431570043,89.49886077701761,149.58930451008592,10.54729484200499,25.050120365759323,743.283200963902,1042.8651577233964,214.7498892959805,0.0,0.0,27.90600068947368,67.41117714884798,86.31398455775366,89.47456093754114,149.56725586392446,10.543089822287264,25.040794874073345,742.2041672665631,1042.3438919192313,194.75085716187235,0.0,0.0,27.939026915789476,67.49545560984582,86.57440774060761,89.4837433740108,149.59892318852616,10.543056829512933,25.041227380092906,741.409692032374,1041.9618028217285,196.046242088003,0.0,0.0,27.97636292631579
59.93257995668913,76.25257477479093,77.44001753979317,129.51131084484507,9.116037618283082,21.65900743650757,734.9999999999998,1039.4469683442248,0.0,0.0,0.0,24.397205263157893,59.9325812496021,76.25257641977174,77.44001921039045,129.51131363876542,9.116037814941448,21.659007903752794,735.0,1039.4469683442248,0.0,0.0,0.0,24.397205789473684,59.93258254251511,76.25257806475257,77.44002088098766,129.51131643268573,9.116038011599814,21.65900837099801,735.0,1039.4469683442248,0.0,0.0,0.0,24.397206315789475,59.93258383542808,76.25257970973335,77.44002255158495,129.5113192266061,9.116038208258184,21.659008838243246,735.0,1039.4469683442248,0.0,0.0,0.0,24.397206842105263,59.93258512834099,76.2525813547141,77.44002422218217,129.51132202052636,9.11603840491655,21.659009305488464,735.0,1039.4469683442248,0.0,0.0,0.0,24.397207368421054,59.932586421253994,76.25258299969492,77.4400258927794,129.5113248144467,9.116038601574916,21.659009772733683,735.0,1039.4469683442248,0.0,0.0,0.0,24.39720789473684,59.93258771416698,76.25258464467574,77.44002756337667,129.51132760836708,9.116038798233282,21.659010239978908,735.0,1039.4469683442248,0.0,0.0,0.0,24.397208421052632,59.56523885488561,76.07058201304177,77.29688414988259,129.27752671675384,9.161211306004871,20.945521353938098,765.3204880461155,1264.1299193854732,28.25608921895703,1.032352839449516,0.4714045207910317,24.267070899999997,59.18805758366623,75.8977933596047,77.17869963683492,129.08233060417922,9.222904916793626,20.266553237248438,812.0298634597635,1549.982937251812,58.254316523383444,1.0756539839089037,0.4714045207910317,24.14450545263158,59.9325890070799,76.25258628965646,77.44002923397392,129.5113304022874,9.116038994891646,21.659010707224127,735.0,1039.4469683442248,0.0,0.0,0.0,24.39720894736842,59.93259029999289,76.25258793463729,77.44003090457116,129.51133319620774,9.116039191550017,21.659011174469356,734.9999999999999,1039.4469683442248,0.0,0.0,0.0,24.39720947368421,59.93259159290589,76.2525895796181,77.4400325751684,129.51133599012806,9.116039388208382,21.65901164171457,735.0000000000001,1039.446968344225,0.0,0.0,0.0,24.39721
72.31708300451314,92.00945100780594,93.44226763378518,156.27360315805373,10.999780913654178,26.134637282646583,735.0,1039.4469683442248,0.0,0.0,0.0,29.438657894736846,72.31708429742612,92.00945265278673,93.4422693043824,156.273605951974,10.99978111031254,26.1346377498918,734.9999999999999,1039.4469683442248,0.0,0.0,0.0,29.438658421052633,72.31708559033906,92.0094542977675,93.44227097497966,156.27360874589434,10.9997813069709,26.134638217137013,735.0,1039.4469683442248,0.0,0.0,0.0,29.43865894736842,72.31708688325197,92.00945594274826,93.4422726455769,156.27361153981468,10.999781503629272,26.13463868438225,735.0000000000001,1039.446968344225,0.0,0.0,0.0,29.438659473684208,72.317088176165,92.0094575877291,93.44227431617414,156.27361433373497,10.999781700287636,26.134639151627457,735.0000000000001,1039.4469683442248,0.0,0.0,0.0,29.43866,72.31708946907796,92.00945923270989,93.44227598677142,156.27361712765534,10.99978189694601,26.134639618872697,735.0,1039.4469683442248,0.0,0.0,0.0,29.43866052631579,72.31709076199093,92.00946087769066,93.44227765736865,156.27361992157566,10.999782093604374,26.13464008611792,735.0,1039.4469683442248,0.0,0.0,0.0,29.43866105263158,72.3170920549039,92.00946252267146,93.4422793279659,156.273622715496,10.999782290262734,26.134640553363123,735.0,1039.4469683442248,0.0,0.0,0.0,29.438661578947368,72.31709334781685,92.00946416765225,93.44228099856313,156.27362550941632,10.999782486921104,26.134641020608353,735.0,1039.4469683442248,0.0,0.0,0.0,29.438662105263155,72.3170946407299,92.0094658126331,93.44228266916038,156.27362830333666,10.999782683579472,26.13464148785358,735.0,1039.4469683442248,0.0,0.0,0.0,29.43866263157895,72.31708429742612,92.00945265278673,93.4422693043824,156.273605951974,10.99978111031254,26.1346377498918,734.9999999999999,1039.4469683442248,0.0,0.0,0.0,29.438658421052633,72.31708442671736,92.00945281728475,93.44226947144213,156.27360623136605,10.999781129978377,26.134637796616328,735.0000000000001,1039.446968344225,0.0,0.0,0.0,29.43865847368421
26.624245818861937,31.7661941288693,33.30608812127754,48.483392500770144,31.422530678057953,60.25314753199421,5945.523382494621,5278.389421931716,1821.735476211525,1.7829802030040793,0.7071067811865476,15.054918052631578,24.237183012551572,30.384610132404404,28.943232762756743,44.081905301988925,33.07892877377076,62.26943488184452,7118.596037145057,5727.38325534452,2041.3942154383997,1.7371347554112548,1.224744871391589,15.238126473684217,26.916542089251767,33.53648734101769,30.444510639333544,48.304515453302386,32.94920434487572,61.35993807697278,6706.44914584374,6054.991113672923,1833.576039388359,1.520956193653044,0.39999999999999997,16.06604238421053,26.867087048420775,32.1468322070985,29.173452796658417,46.098272681838516,33.03535287673038,62.58581864539878,7311.529965428652,6333.809571680613,1963.9423029864654,1.3987634725816553,0.39999999999999997,15.630581578947371,28.57348325369381,34.42731825196193,32.45270781495023,52.24219067395957,33.21646564444979,62.56155713139566,6210.607196234526,6050.523526432675,1738.0026896604597,1.4119247531920907,1.299038105676658,16.04324861578947,29.122888972973335,35.581563814458505,35.837992367102466,59.66134142838117,33.54078147809411,61.2327099158954,5909.377928437776,5918.908696724705,1488.3568109365808,1.2375210995234815,0.39999999999999997,16.52821042105263,27.277432946616734,33.93112134502692,32.65332067968273,55.20659272226022,33.9535196661922,61.05025240659057,6493.957334604247,6053.335810047976,1633.306814395347,1.2920390241899276,0.7483314773547882,16.17669968421053,28.756272441462915,33.96778667418073,34.138103311797614,54.0723873192751,32.99441014173236,61.800699842049056,5971.901813844146,6032.934183864091,1627.1789625411623,1.4571576518211784,1.299038105676658,15.781694763157896,30.725203471353,35.46506326969726,35.45410689278491,56.517479489082135,33.24512306120732,61.93441828148399,5830.700157311299,6044.731470198058,1502.8338579902459,1.4064047235330255,1.224744871391589,15.803149052631582,30.26942715442238,36.36878999257804,36.938090568892335,59.59208606598873,34.43105786334086,61.59338503116985,6380.147390721493,5767.547712831576,1472.7967838530176,1.4619390934620673,1.224744871391589,16.156860421052627,29.336168068016836,36.78102936484015,39.18874979668624,60.71218455987227,33.95160838675299,61.50474860163095,6396.657191719456,5677.935736245287,1415.9129509762927,1.6752238283369556,1.224744871391589,16.658862831578944,31.03438798005308,38.87300182603811,39.76814988061308,62.20655743841243,33.315557748482185,61.32147146407602,5430.867867815171,5777.958493216426,1300.2004942494389,1.690651405027973,1.299038105676658,16.874766978947363
78.48174376562906,99.85278523416349,101.40774213551163,169.59512705478673,11.937455871797097,28.362481192670902,734.9999999999997,1039.4469683442248,0.0,0.0,0.0,31.94815263157895,78.48174505854202,99.85278687914428,101.40774380610888,169.59512984870713,11.937456068455468,28.362481659916128,734.9999999999998,1039.4469683442248,0.0,0.0,0.0,31.948153157894737,78.48174635145497,99.85278852412503,101.40774547670613,169.59513264262745,11.937456265113836,28.362482127161346,734.9999999999995,1039.4469683442248,0.0,0.0,0.0,31.948153684210524,78.48174764436797,99.85279016910586,101.40774714730335,169.59513543654774,11.937456461772204,28.362482594406575,735.0,1039.4469683442248,0.0,0.0,0.0,31.94815421052632,78.48174893728086,99.85279181408661,101.40774881790065,169.59513823046814,11.937456658430566,28.362483061651787,735.0,1039.446968344225,0.0,0.0,0.0,31.948154736842106,78.48175023019382,99.85279345906741,101.4077504884979,169.59514102438848,11.937456855088932,28.36248352889702,735.0,1039.4469683442248,0.0,0.0,0.0,31.948155263157894,78.48175152310685,99.85279510404827,101.40775215909514,169.59514381830877,11.9374570517473,28.362483996142238,735.0,1039.4469683442248,0.0,0.0,0.0,31.948155789473685,78.48175281601982,99.85279674902901,101.40775382969237,169.5951466122291,11.937457248405666,28.362484463387457,735.0,1039.4469683442248,0.0,0.0,0.0,31.948156315789472,78.48175410893278,99.85279839400978,101.40775550028964,169.59514940614946,11.937457445064037,28.362484930632682,735.0000000000001,1039.446968344225,0.0,0.0,0.0,31.948156842105266,78.48175540184577,99.85280003899062,101.40775717088687,169.59515220006978,11.937457641722403,28.362485397877908,735.0,1039.4469683442248,0.0,0.0,0.0,31.948157368421054,78.48174505854202,99.85278687914428,101.40774380610888,169.59512984870713,11.937456068455468,28.362481659916128,734.9999999999998,1039.4469683442248,0.0,0.0,0.0,31.948153157894737,78.48174518783331,99.85278704364237,101.4077439731686,169.59513012809913,11.937456088121305,28.362481706640647,735.0000000000001,1039.446968344225,0.0,0.0,0.0,31.948153210526314
76.01766368108233,96.71772161711657,98.22385775902313,164.27037310615086,11.562657277085801,27.471988427068037,734.9999999999999,1039.4469683442248,0.0,0.0,0.0,30.94508105263158,76.0176638103736,96.71772178161463,98.22385792608284,164.27037338554288,11.562657296751636,27.471988473792553,735.0,1039.4469683442248,0.0,0.0,0.0,30.94508110526316,76.01766393966496,96.71772194611277,98.22385809314257,164.27037366493488,11.562657316417473,27.47198852051708,735.0,1039.446968344225,0.0,0.0,0.0,30.945081157894737,76.0176640689562,96.71772211061075,98.22385826020229,164.27037394432693,11.562657336083303,27.471988567241596,734.9999999999999,1039.4469683442248,0.0,0.0,0.0,30.945081210526315,76.01766419824756,96.71772227510893,98.22385842726202,164.27037422371896,11.562657355749142,27.471988613966122,734.9999999999998,1039.4469683442248,0.0,0.0,0.0,30.945081263157896,76.01766432753875,96.71772243960692,98.22385859432174,164.27037450311101,11.562657375414982,27.47198866069065,735.0000000000001,1039.446968344225,0.0,0.0,0.0,30.945081315789473,76.01766445683005,96.71772260410498,98.22385876138145,164.270374782503,11.562657395080818,27.471988707415164,734.9999999999999,1039.4469683442248,0.0,0.0,0.0,30.945081368421054,76.01766458612137,96.71772276860307,98.22385892844122,164.2703750618951,11.562657414746656,27.47198875413969,735.0,1039.4469683442248,0.0,0.0,0.0,30.94508142105263,76.01766471541269,96.7177229331012,98.2238590955009,164.27037534128704,11.562657434412491,27.471988800864214,735.0000000000001,1039.4469683442248,0.0,0.0,0.0,30.945081473684212,76.01766484470399,96.71772309759928,98.22385926256065,164.27037562067915,11.562657454078325,27.471988847588722,735.0000000000001,1039.446968344225,0.0,0.0,0.0,30.94508152631579,76.0176638103736,96.71772178161463,98.22385792608284,164.27037338554288,11.562657296751636,27.471988473792553,735.0,1039.4469683442248,0.0,0.0,0.0,30.94508110526316,76.01766382330273,96.71772179806443,98.2238579427888,164.27037341348202,11.562657298718218,27.471988478464997,735.0,1039.4469683442248,0.0,0.0,0.0,30.945081110526313
73.97938121102287,94.1244028150114,95.59015451536958,159.86574652808198,11.252624575553899,26.73537446503563,734.9999999999999,1039.4469683442248,0.0,0.0,0.0,30.11534210526316,73.96492068557436,94.13243947330648,95.61761945885296,159.9112568754312,11.255981855598732,26.74322205399981,735.0740902063961,1039.4731910307232,18.21277061458057,0.0,0.0,30.121408389473686,73.71171024450054,94.08216901919886,95.76529659033824,160.15350368806128,11.27462408707379,26.786238867421666,735.8279811772695,1039.7433380793298,118.21037455878299,0.0,0.0,30.141242210526308,73.9491195568687,94.18854420048012,95.72982411483713,160.09770981752942,11.269547486715364,26.775080996087524,735.2889616937061,1039.549546387661,92.31508165802356,0.0,0.0,30.149327842105254,74.02055329447023,94.20598149335758,95.6940575765071,160.03908076605583,11.264993946681928,26.764616542278095,735.0831306970797,1039.4763921402007,67.97777691922443,0.0,0.0,30.145240505263157,74.02247921447851,94.20980152067936,95.69892316002127,160.04719785333913,11.2655728077798,26.765986009562816,735.0870386704313,1039.477776948282,71.16825512400656,0.0,0.0,30.146640510526314,74.0216608162319,94.20818162112792,95.69686150457474,160.04375855082748,11.265327503127121,26.765405783687577,735.0853909620166,1039.4771930540344,69.82034532024086,0.0,0.0,30.146047178947367,74.02316096195355,94.21115191547727,95.70064212143828,160.05006539253336,11.265777767875493,26.76646978208652,735.088414333662,1039.4782644585725,72.29312914298256,0.0,0.0,30.147135168421055,74.02281710431721,94.21046804035619,95.69977033097274,160.0486112070515,11.265673758748672,26.766224421107946,735.0877130398088,1039.4780159290306,71.71941780636566,0.0,0.0,30.146884442105268,74.02176246534694,94.20838401207067,95.69711956113179,160.04418894245356,11.265358193158583,26.76547837844084,735.0855986807109,1039.4772666632346,69.9909029078005,0.0,0.0,30.146121400000013,74.0229471655798,94.21072779584047,95.70010214487047,160.04916474645606,11.26571324001186,26.766317764731028,735.0879812845238,1039.4781109877758,71.93917124234888,0.0,0.0,30.14697984210527,74.02212251859335,94.20909612853625,95.69802559672121,160.04570066610282,11.26546615717687,26.765733544763084,735.0863295244106,1039.477525643629,70.58198416847777,0.0,0.0,30.146382226315794
76.91295678264267,97.85680830788507,99.38068287047659,166.2050567666444,11.698835722917952,27.7955379882343,735.0,1039.4469683442248,0.0,0.0,0.0,31.309534736842107,76.91295691193397,97.85680847238316,99.38068303753629,166.2050570460364,11.698835742583794,27.795538034958835,735.0000000000001,1039.446968344225,0.0,0.0,0.0,31.309534789473684,76.91295704122523,97.85680863688123,99.38068320459598,166.20505732542838,11.698835762249633,27.795538081683357,734.9999999999998,1039.4469683442248,0.0,0.0,0.0,31.309534842105265,76.91295717051653,97.85680880137934,99.38068337165573,166.20505760482047,11.698835781915468,27.795538128407884,734.9999999999999,1039.4469683442248,0.0,0.0,0.0,31.309534894736842,76.91295729980789,97.85680896587746,99.38068353871549,166.20505788421252,11.698835801581303,27.795538175132396,734.9999999999999,1039.4469683442248,0.0,0.0,0.0,31.309534947368423,76.91295742909917,97.8568091303755,99.38068370577518,166.20505816360455,11.698835821247137,27.795538221856926,735.0000000000001,1039.446968344225,0.0,0.0,0.0,31.309535,76.91295755839045,97.85680929487357,99.38068387283491,166.20505844299655,11.698835840912977,27.795538268581442,734.9999999999998,1039.4469683442246,0.0,0.0,0.0,31.309535052631578,76.91295768768178,97.85680945937168,99.38068403989462,166.20505872238857,11.698835860578814,27.795538315305965,735.0,1039.4469683442248,0.0,0.0,0.0,31.30953510526316,76.91295781697305,97.85680962386972,99.38068420695436,166.20505900178063,11.698835880244651,27.79553836203049,735.0,1039.4469683442248,0.0,0.0,0.0,31.309535157894736,76.91295794626434,97.85680978836783,99.3806843740141,166.20505928117265,11.698835899910486,27.795538408755007,735.0,1039.4469683442248,0.0,0.0,0.0,31.309535210526317,76.91295691193397,97.85680847238316,99.38068303753629,166.2050570460364,11.698835742583794,27.795538034958835,735.0000000000001,1039.446968344225,0.0,0.0,0.0,31.309534789473684,76.91295692486311,97.85680848883297,99.38068305424225,166.20505707397558,11.698835744550376,27.79553803963129,735.0000000000001,1039.446968344225,0.0,0.0,0.0,31.30953479473684
77.22752768008118,98.25703871505658,99.78714586327195,166.88482875894536,11.746683490138029,27.909220619815535,735.0,1039.4469683442248,0.0,0.0,0.0,31.437589473684213,77.22752897299412,98.25704036003732,99.78714753386919,166.88483155286568,11.746683686796398,27.909221087060768,735.0,1039.4469683442248,0.0,0.0,0.0,31.43759,77.2275302659071,98.25704200501812,99.78714920446643,166.884834346786,11.746683883454763,27.90922155430598,735.0000000000001,1039.4469683442248,0.0,0.0,0.0,31.437590526315788,77.22753155882005,98.25704364999889,99.78715087506367,166.8848371407063,11.74668408011313,27.9092220215512,735.0,1039.446968344225,0.0,0.0,0.0,31.437591052631575,77.22753285173303,98.25704529497972,99.78715254566093,166.88483993462668,11.746684276771497,27.909222488796427,735.0,1039.4469683442248,0.0,0.0,0.0,31.43759157894737,77.22753414464599,98.25704693996047,99.78715421625817,166.88484272854697,11.746684473429863,27.909222956041646,735.0,1039.4469683442248,0.0,0.0,0.0,31.43759210526316,77.22753543755898,98.2570485849413,99.78715588685544,166.88484552246737,11.746684670088232,27.909223423286875,734.9999999999998,1039.4469683442248,0.0,0.0,0.0,31.437592631578948,77.22753673047194,98.25705022992209,99.78715755745266,166.8848483163876,11.746684866746598,27.909223890532097,734.9999999999995,1039.4469683442248,0.0,0.0,0.0,31.437593157894735,77.22753802338491,98.2570518749029,99.7871592280499,166.88485111030798,11.74668506340497,27.909224357777326,735.0,1039.4469683442248,0.0,0.0,0.0,31.43759368421053,77.22753931629792,98.25705351988371,99.78716089864717,166.8848539042283,11.746685260063332,27.909224825022545,734.9999999999999,1039.4469683442248,0.0,0.0,0.0,31.437594210526317,77.22752897299412,98.25704036003732,99.78714753386919,166.88483155286568,11.746683686796398,27.909221087060768,735.0,1039.4469683442248,0.0,0.0,0.0,31.43759,77.22752910228542,98.2570405245354,99.7871477009289,166.8848318322577,11.746683706462234,27.90922113378528,735.0000000000001,1039.4469683442248,0.0,0.0,0.0,31.437590052631577
68.02331256404491,86.54646156509892,87.89420582062793,146.9949797680087,10.346677494981623,24.582913562960847,735.0,1039.4469683442248,0.0,0.0,0.0,27.690760526315792,68.02331269333628,86.54646172959706,87.89420598768767,146.99498004740073,10.34667751464746,24.582913609685377,735.0,1039.4469683442248,0.0,0.0,0.0,27.69076057894737,68.02331282262755,86.54646189409512,87.8942061547474,146.99498032679273,10.346677534313297,24.582913656409893,734.9999999999999,1039.4469683442248,0.0,0.0,0.0,27.69076063157895,68.02331295191888,86.54646205859316,87.89420632180712,146.9949806061848,10.346677553979134,24.582913703134416,735.0,1039.4469683442248,0.0,0.0,0.0,27.690760684210527,68.02331308121013,86.54646222309125,87.89420648886686,146.99498088557684,10.346677573644971,24.582913749858943,735.0,1039.4469683442248,0.0,0.0,0.0,27.690760736842105,68.02331321050148,86.54646238758937,87.89420665592658,146.99498116496886,10.34667759331081,24.58291379658347,734.9999999999998,1039.4469683442248,0.0,0.0,0.0,27.690760789473686,68.02331333979274,86.5464625520874,87.8942068229863,146.9949814443609,10.346677612976643,24.58291384330798,735.0,1039.4469683442248,0.0,0.0,0.0,27.690760842105263,68.02331346908404,86.54646271658548,87.894206990046,146.9949817237529,10.34667763264248,24.582913890032504,734.9999999999999,1039.4469683442248,0.0,0.0,0.0,27.690760894736844,68.02331359837531,86.54646288108356,87.89420715710575,146.994982003145,10.346677652308317,24.58291393675703,734.9999999999999,1039.4469683442248,0.0,0.0,0.0,27.69076094736842,68.02331372766665,86.54646304558167,87.89420732416546,146.99498228253697,10.346677671974152,24.582913983481546,735.0,1039.4469683442248,0.0,0.0,0.0,27.690761,68.02331269333628,86.54646172959706,87.89420598768767,146.99498004740073,10.34667751464746,24.582913609685377,735.0,1039.4469683442248,0.0,0.0,0.0,27.69076057894737,68.02331270626539,86.54646174604686,87.89420600439365,146.99498007533995,10.346677516614042,24.582913614357828,735.0000000000001,1039.4469683442248,0.0,0.0,0.0,27.690760584210526
78.7435198548193,100.18584449558124,101.74598796028758,170.16081210427708,11.977273291276635,28.45708433284226,734.9999999999999,1039.4469683442248,0.0,0.0,0.0,32.05471578947368,78.7435211477323,100.18584614056206,101.74598963088484,170.16081489819743,11.977273487935001,28.45708480008748,735.0,1039.4469683442248,0.0,0.0,0.0,32.05471631578948,78.7435224406453,100.18584778554285,101.74599130148208,170.16081769211775,11.977273684593372,28.457085267332705,735.0,1039.4469683442248,0.0,0.0,0.0,32.054716842105265,78.74352373355829,100.18584943052369,101.74599297207932,170.1608204860381,11.977273881251737,28.45708573457793,734.9999999999999,1039.4469683442248,0.0,0.0,0.0,32.05471736842105,78.7435250264713,100.1858510755045,101.74599464267654,170.16082327995832,11.9772740779101,28.457086201823145,735.0000000000001,1039.4469683442248,0.0,0.0,0.0,32.05471789473684,78.74352631938424,100.18585272048529,101.7459963132738,170.16082607387872,11.977274274568469,28.457086669068374,734.9999999999999,1039.4469683442248,0.0,0.0,0.0,32.054718421052634,78.74352761229717,100.18585436546606,101.74599798387106,170.1608288677991,11.977274471226833,28.45708713631359,734.9999999999997,1039.4469683442248,0.0,0.0,0.0,32.05471894736842,78.7435289052102,100.18585601044688,101.74599965446832,170.16083166171944,11.977274667885203,28.457087603558822,734.9999999999998,1039.4469683442248,0.0,0.0,0.0,32.05471947368421,78.74353019812308,100.18585765542758,101.74600132506554,170.1608344556397,11.977274864543567,28.457088070804037,734.9999999999998,1039.4469683442248,0.0,0.0,0.0,32.054719999999996,78.74353149103604,100.1858593004084,101.74600299566279,170.16083724956005,11.977275061201935,28.457088538049263,735.0,1039.4469683442248,0.0,0.0,0.0,32.05472052631578,78.7435211477323,100.18584614056206,101.74598963088484,170.16081489819743,11.977273487935001,28.45708480008748,735.0,1039.4469683442248,0.0,0.0,0.0,32.05471631578948,78.74352127702362,100.18584630506014,101.74598979794453,170.16081517758946,11.977273507600838,28.457084846812002,735.0,1039.446968344225,0.0,0.0,0.0,32.054716368421055
72.55099681918355,92.30706093310702,93.74451208786948,156.77907922440312,11.035360345334112,26.219171288276055,734.9999999999999,1039.4469683442248,0.0,0.0,0.0,29.533878947368418,72.55099811209644,92.30706257808774,93.74451375846678,156.77908201832352,11.035360541992478,26.219171755521288,735.0,1039.446968344225,0.0,0.0,0.0,29.533879473684213,72.55099940500945,92.30706422306858,93.74451542906402,156.77908481224387,11.035360738650844,26.2191722227665,735.0000000000001,1039.446968344225,0.0,0.0,0.0,29.53388,72.55100069792242,92.30706586804938,93.74451709966124,156.77908760616415,11.035360935309209,26.21917269001172,735.0,1039.4469683442248,0.0,0.0,0.0,29.53388052631579,72.55100199083543,92.3070675130302,93.74451877025851,156.7790904000845,11.03536113196758,26.219173157256954,735.0000000000001,1039.446968344225,0.0,0.0,0.0,29.53388105263158,72.64918094442845,91.58282601605514,92.84572759423536,155.3425469337161,11.079471643068503,26.27209078611907,717.8803521761239,1039.2582091776233,63.8327211170306,1.1118729336540252,0.0,29.43274540210526,73.78886630706116,89.61458609582255,87.4183942511393,148.36940862920983,11.359078528030974,26.65840500840835,731.5719691336388,1064.6699007563793,301.2425618175854,16.071857776274094,4.5,29.16354844210527,67.56394130068135,84.50308198741341,80.40181127823746,137.51580326088776,12.420798391085553,27.730532593042195,818.2577428385935,1166.9330700579294,510.4277898217449,5.039278318146405,0.0,28.325555894736837,64.4490961552466,83.22160797170507,77.07508685767584,130.6857193798295,12.7882352521849,29.061775234188982,865.9662299244885,1188.5019163003465,393.54679705791955,3.8557959996626203,0.0,27.610747973684212,64.0302736212727,82.97850683817548,76.0661965855441,129.82654083241437,13.859493851407551,30.00762997512748,899.7750832516532,1297.336912301771,266.22091193776964,3.532826892043413,2.0548046676563256,27.31163687894737,63.10264098372256,81.66801987721409,75.62886260912316,129.46222838762026,14.83917654759026,31.07775710893524,964.197530135652,1509.8163033804788,200.72011597647202,5.394919906419504,0.4714045207910317,27.082210473684206,60.429540753256525,77.43717165776489,73.62612427341857,124.38954962951291,15.227970699129438,31.84938914043937,871.1766654177429,1497.9500180249763,365.3991259954846,4.940414006075367,0.4330127018922193,26.51495961052631
68.73071050230327,87.44648813197716,88.80824804584043,148.52363136850678,10.45427617037519,24.838559777697128,735.0,1039.4469683442248,0.0,0.0,0.0,27.978726315789476,68.73071179521624,87.44648977695796,88.80824971643767,148.52363416242716,10.454276367033556,24.838560244942357,735.0,1039.4469683442248,0.0,0.0,0.0,27.978726842105264,68.73071308812919,87.44649142193876,88.8082513870349,148.52363695634745,10.454276563691922,24.838560712187572,735.0,1039.4469683442248,0.0,0.0,0.0,27.97872736842105,68.73071438104218,87.44649306691959,88.80825305763217,148.52363975026782,10.45427676035029,24.8385611794328,735.0,1039.4469683442248,0.0,0.0,0.0,27.978727894736842,68.73071567395515,87.44649471190034,88.80825472822941,148.52364254418814,10.454276957008652,24.838561646678016,735.0,1039.4469683442248,0.0,0.0,0.0,27.97872842105263,68.73071696686812,87.44649635688114,88.80825639882669,148.5236453381085,10.454277153667023,24.83856211392325,735.0,1039.4469683442248,0.0,0.0,0.0,27.978728947368424,68.73071825978109,87.44649800186193,88.80825806942393,148.52364813202882,10.454277350325388,24.838562581168464,735.0,1039.4469683442248,0.0,0.0,0.0,27.97872947368421,68.73071955269405,87.44649964684272,88.80825974002116,148.5236509259491,10.454277546983755,24.838563048413693,735.0,1039.4469683442248,0.0,0.0,0.0,27.97873,68.73072084560701,87.44650129182351,88.80826141061841,148.52365371986946,10.454277743642127,24.838563515658915,734.9999999999999,1039.4469683442248,0.0,0.0,0.0,27.978730526315786,68.73072213851998,87.4465029368043,88.80826308121567,148.52365651378983,10.454277940300488,24.838563982904127,735.0,1039.4469683442248,0.0,0.0,0.0,27.97873105263158,68.73071179521624,87.44648977695796,88.80824971643767,148.52363416242716,10.454276367033556,24.838560244942357,735.0,1039.4469683442248,0.0,0.0,0.0,27.978726842105264,68.73071192450756,87.44648994145608,88.80824988349741,148.5236344418192,10.454276386699394,24.838560291666877,735.0,1039.4469683442248,0.0,0.0,0.0,27.978726894736845
82.08424665006207,104.43627089038162,106.06260409472081,177.37995579438774,12.485414124857417,29.66438804901452,734.9999999999997,1039.4469683442248,0.0,0.0,0.0,33.41465052631579,82.08424677935344,104.43627105487974,106.06260426178048,177.37995607377968,12.485414144523256,29.664388095739053,735.0,1039.4469683442248,0.0,0.0,0.0,33.414650578947374,82.08424690864472,104.43627121937784,106.06260442884025,177.3799563531718,12.485414164189093,29.664388142463572,734.9999999999999,1039.4469683442248,0.0,0.0,0.0,33.41465063157895,82.08424703793595,104.43627138387585,106.06260459589998,177.37995663256388,12.485414183854934,29.664388189188102,735.0,1039.4469683442248,0.0,0.0,0.0,33.41465068421053,82.08424716722722,104.4362715483739,106.0626047629597,177.37995691195584,12.485414203520767,29.66438823591262,735.0000000000001,1039.446968344225,0.0,0.0,0.0,33.414650736842106,82.08424729651863,104.43627171287206,106.06260493001942,177.37995719134784,12.485414223186607,29.664388282637137,735.0,1039.4469683442248,0.0,0.0,0.0,33.41465078947368,82.08424742580989,104.43627187737013,106.06260509707916,177.37995747073992,12.485414242852436,29.66438832936166,735.0000000000001,1039.446968344225,0.0,0.0,0.0,33.41465084210527,82.08424755510119,104.43627204186818,106.06260526413884,177.3799577501319,12.485414262518278,29.664388376086187,735.0,1039.4469683442248,0.0,0.0,0.0,33.414650894736845,82.08424768439247,104.43627220636627,106.06260543119858,177.37995802952395,12.485414282184117,29.664388422810713,734.9999999999997,1039.4469683442248,0.0,0.0,0.0,33.41465094736842,82.08424781368379,104.43627237086434,106.06260559825832,177.37995830891603,12.485414301849952,29.664388469535226,735.0,1039.4469683442248,0.0,0.0,0.0,33.414651,82.08424677935344,104.43627105487974,106.06260426178048,177.37995607377968,12.485414144523256,29.664388095739053,735.0,1039.4469683442248,0.0,0.0,0.0,33.414650578947374,82.08424679228254,104.4362710713295,106.06260427848645,177.3799561017189,12.48541414648984,29.6643881004115,734.9999999999998,1039.4469683442248,0.0,0.0,0.0,33.41465058421053
80.79340751170449,102.793928645296,104.39468648483796,174.5905169112402,12.289071198306873,29.19789228799057,735.0,1039.4469683442248,0.0,0.0,0.0,32.88917894736842,80.7934088046173,102.79393029027668,104.39468815543522,174.59051970516046,12.289071394965244,29.1978927552358,735.0,1039.4469683442248,0.0,0.0,0.0,32.88917947368421,80.79341009753024,102.79393193525742,104.39468982603245,174.59052249908083,12.289071591623607,29.197893222481014,735.0,1039.4469683442248,0.0,0.0,0.0,32.889179999999996,80.79341139044327,102.79393358023832,104.39469149662972,174.59052529300115,12.289071788281975,29.197893689726246,735.0,1039.4469683442248,0.0,0.0,0.0,32.88918052631579,80.7934126833563,102.79393522521912,104.39469316722696,174.5905280869215,12.289071984940339,29.19789415697146,735.0000000000001,1039.446968344225,0.0,0.0,0.0,32.88918105263158,80.79341397626919,102.79393687019984,104.39469483782418,174.59053088084178,12.289072181598705,29.19789462421668,735.0,1039.4469683442248,0.0,0.0,0.0,32.889181578947365,80.79341526918223,102.7939385151807,104.39469650842143,174.59053367476216,12.289072378257076,29.197895091461913,735.0,1039.446968344225,0.0,0.0,0.0,32.88918210526316,80.79341656209517,102.79394016016145,104.39469817901865,174.59053646868236,12.28907257491544,29.19789555870713,735.0,1039.4469683442248,0.0,0.0,0.0,32.88918263157895,80.79341785500814,102.79394180514228,104.39469984961592,174.59053926260276,12.289072771573807,29.197896025952357,734.9999999999997,1039.4469683442248,0.0,0.0,0.0,32.88918315789474,78.58013380434467,100.35741097876212,104.60337412409521,173.70407458204735,12.528935499042166,29.410498201257006,747.4016389478254,1060.1737487167798,216.49425671745811,3.231379368250338,0.5,32.54930443894737,50.6399187891403,56.8005521569355,55.82923233938708,95.18315446955854,19.784220215015964,40.11005746190537,4409.110621938052,5650.342379249798,898.277148993234,1.94219341278084,0.8,23.51499621052632,34.480367593280675,37.6444637126694,42.11128381750841,67.55383793833036,20.694148966784137,41.2635343499705,7801.823633655375,6403.127363061049,985.4468600447749,2.2231188733838514,0.8,18.485312963157888
85.01964264314472,108.1709925162137,109.85548465075277,183.72319987277663,12.931902167201612,30.725209453486293,735.0,1039.4469683442248,0.0,0.0,0.0,34.609584210526315,85.01964393605779,108.17099416119456,109.85548632135001,183.72320266669692,12.931902363859978,30.72520992073152,735.0,1039.4469683442248,0.0,0.0,0.0,34.6095847368421,85.01964522897065,108.17099580617524,109.85548799194729,183.7232054606173,12.931902560518342,30.72521038797674,735.0,1039.4469683442248,0.0,0.0,0.0,34.609585263157896,85.01964652188363,108.17099745115604,109.8554896625445,183.72320825453758,12.931902757176708,30.725210855221956,735.0,1039.4469683442248,0.0,0.0,0.0,34.609585789473684,85.01964781479658,108.17099909613682,109.85549133314177,183.72321104845798,12.931902953835074,30.725211322467178,735.0,1039.4469683442248,0.0,0.0,0.0,34.60958631578947,85.01964910770955,108.17100074111764,109.85549300373899,183.72321384237821,12.931903150493444,30.72521178971241,735.0,1039.4469683442248,0.0,0.0,0.0,34.60958684210526,84.93043189359699,108.13362405448112,109.84354311060858,183.71213957089594,13.07495947652928,30.613612376393288,736.7277991643975,1052.8454847765784,23.33050187862898,7.628658738090376,0.5,34.596239312631575,83.06975211123805,106.96300231414828,108.80816928917005,181.8575303655354,14.948063078513194,24.265798797592197,1206.4248725798648,3096.270871267635,516.4277293559194,1.365377151685554,0.5,33.67634871052631,83.0237673426626,106.91706541119653,108.71569026374196,181.70788869806972,15.175573487173075,24.244468578840568,1229.954081012222,3111.1918000057594,501.82036678053163,1.227688988018033,0.5,33.62921296842105,84.88395695616043,108.10138253233329,109.798046684801,183.62653708824936,13.016312062188605,30.482765521647227,739.8854233375516,1078.7679177779469,11.936008544858266,0.826601677553063,0.5,34.5616360336842,84.7827007762012,108.11867658462518,109.98506263125859,183.93561580838363,12.948312710192871,30.76302208951845,735.6004498313604,1039.6611861917906,100.9052494381351,0.0,0.0,34.62592511578947,84.7441220859145,108.11215900051037,110.00871036208754,183.97450508142646,12.951294891849168,30.769900429386755,735.7065843619386,1039.6993979818824,119.29202939295283,0.0,0.0,34.62925831578947
74.73830819573091,95.08999009144561,96.57077839389586,161.50574982338642,11.36806107014713,27.009642738109083,735.0,1039.446968344225,0.0,0.0,0.0,30.42428421052632,74.73830948864384,95.08999173642636,96.5707800644931,161.5057526173068,11.368061266805494,27.0096432053543,735.0000000000001,1039.446968344225,0.0,0.0,0.0,30.424284736842107,74.73831078155688,95.08999338140723,96.57078173509035,161.5057554112271,11.368061463463865,27.00964367259954,734.9999999999999,1039.4469683442248,0.0,0.0,0.0,30.424285263157895,74.73831207446979,95.08999502638797,96.57078340568759,161.50575820514743,11.368061660122233,27.00964413984476,735.0,1039.4469683442248,0.0,0.0,0.0,30.424285789473682,74.73831336738284,95.08999667136887,96.57078507628484,161.50576099906775,11.368061856780598,27.009644607089974,735.0,1039.4469683442248,0.0,0.0,0.0,30.42428631578947,74.73831466029576,95.0899983163496,96.5707867468821,161.50576379298812,11.368062053438962,27.009645074335197,735.0000000000001,1039.4469683442248,0.0,0.0,0.0,30.424286842105264,74.7383159532087,95.08999996133035,96.57078841747935,161.50576658690844,11.368062250097326,27.009645541580422,735.0,1039.4469683442248,0.0,0.0,0.0,30.42428736842105,74.73831724612175,95.09000160631123,96.57079008807656,161.50576938082872,11.368062446755697,27.009646008825648,734.9999999999995,1039.4469683442246,0.0,0.0,0.0,30.424287894736842,74.73831853903472,95.09000325129202,96.57079175867379,161.505772174749,11.368062643414062,27.00964647607086,734.9999999999999,1039.4469683442248,0.0,0.0,0.0,30.42428842105263,74.73831983194772,95.09000489627283,96.57079342927108,161.5057749686694,11.368062840072433,27.009646943316096,735.0,1039.4469683442248,0.0,0.0,0.0,30.424288947368424,74.73830948864384,95.08999173642636,96.5707800644931,161.5057526173068,11.368061266805494,27.0096432053543,735.0000000000001,1039.446968344225,0.0,0.0,0.0,30.424284736842107,74.73830961793519,95.08999190092453,96.57078023155285,161.50575289669882,11.368061286471333,27.009643252078828,735.0,1039.4469683442248,0.0,0.0,0.0,30.424284789473685
71.64379857498842,91.15282725918478,92.57230411695768,154.81866914549846,10.897371069262572,25.891319333102288,735.0,1039.4469683442248,0.0,0.0,0.0,29.16457894736842,71.64381150411806,91.15284370899266,92.57232082293017,154.81869708470177,10.89737303584624,25.891324005554512,735.0,1039.4469683442248,0.0,0.0,0.0,29.164584210526318,71.64382443324784,91.15286015880068,92.57233752890265,154.8187250239051,10.897375002429904,25.89132867800674,735.0,1039.4469683442248,0.0,0.0,0.0,29.164589473684213,71.64383736237748,91.15287660860857,92.57235423487515,154.81875296310847,10.897376969013568,25.891333350458964,734.9999999999998,1039.4469683442248,0.0,0.0,0.0,29.164594736842105,71.64385029150718,91.1528930584165,92.57237094084758,154.81878090231172,10.897378935597235,25.891338022911178,734.9999999999999,1039.4469683442248,0.0,0.0,0.0,29.164599999999997,71.46985986979828,91.0015130933848,92.35274433302897,154.47546979958446,11.6398337942439,25.021723337447526,827.3801042875596,1635.5912477872812,47.57474854622782,1.0818600501665272,0.5,29.052256429999996,71.14356385608798,90.61546186880457,91.81530510690354,153.55636555915,13.097784630116534,22.249809576346042,1308.030660193975,3271.9408446399525,234.8520452356043,1.1668124149132733,0.5,28.705657131578953,71.79812176750372,91.08528881992507,92.36380044381302,154.40923918203595,11.813000071068585,24.781599038837264,873.4708780953559,1868.8026061165729,64.5579266028422,1.0157365081231051,0.5,29.081672499999993,71.64386322063696,91.1529095082245,92.57238764682012,154.81880884151508,10.8973809021809,25.891342695363402,735.0,1039.4469683442248,0.0,0.0,0.0,29.1646052631579,71.64387614976663,91.15292595803241,92.57240435279256,154.81883678071836,10.897382868764565,25.89134736781563,735.0,1039.4469683442248,0.0,0.0,0.0,29.16461052631579,71.64388907889635,91.15294240784034,92.57242105876506,154.8188647199217,10.897384835348236,25.89135204026786,735.0000000000001,1039.446968344225,0.0,0.0,0.0,29.164615789473686,71.643902008026,91.15295885764826,92.57243776473751,154.81889265912494,10.897386801931898,25.89135671272008,735.0,1039.4469683442248,0.0,0.0,0.0,29.164621052631578
71.71625341786991,91.24501198289613,92.66592438672824,154.97524044086785,10.908391804125188,25.91750375536338,734.9999999999999,1039.4469683442248,0.0,0.0,0.0,29.194073684210526,71.7162547107829,91.24501362787697,92.66592605732548,154.97524323478814,10.90839200078355,25.9175042226086,735.0,1039.4469683442248,0.0,0.0,0.0,29.194074210526317,71.60530693044173,91.23086183388085,92.74497430564344,155.10526927363975,10.918288399492171,25.94041476633944,735.3622322633405,1039.5757416996382,51.57376008203236,0.0,0.0,29.206485315789468,70.58648039992798,90.68519297200179,92.84831120081272,155.24649452517198,10.933549705176981,25.97454176947081,736.857136826606,1040.1582580897662,127.89718442546733,0.0,0.0,29.15571180526316,70.7458884533217,90.7754198467681,92.8060770404142,155.18676903343834,10.92819481826647,25.961823892990918,736.8598097856342,1040.1399396742488,99.37069948269995,0.0,0.0,29.158076831578946,71.14357726239722,91.0378603988224,92.84466867633125,155.26353356614447,10.931800418573733,25.970828883594052,736.4414218806178,1039.969413099012,120.02053547823829,0.0,0.0,29.198447963157893,71.01599604162932,90.74715595874916,92.8548116907011,155.1854646536202,10.930227237437053,25.968164547648197,733.5885677263645,1039.0117868201182,112.87217036007524,1.6607963985444385,0.0,29.174565331578947,70.66563641596953,90.51075831564904,92.82791837905084,155.13639638595387,10.92830600679611,25.963723215154303,733.9435277161716,1039.181972603441,102.5467256036233,2.43228159513895,0.0,29.141791831578956,70.53509128206747,90.51758018086842,92.85535629933045,155.2202983225432,10.933493870825721,25.97681602451472,735.0070312506163,1039.5534961753372,132.31277279365887,0.0,0.0,29.14622292105263,70.68362332589989,90.7461099770304,92.88531011316395,155.30568368059525,10.937637179421943,25.984537417282507,736.5042409224229,1040.0300375556913,150.4747723172778,0.0,0.0,29.171605015789467,70.95944728926307,90.89118020864133,92.848899562982,155.254890877615,10.932507691597039,25.9729215633617,736.1275974841196,1039.8738285269526,124.42909673972294,0.0,0.0,29.183471773684207,71.15033198772458,91.02666691295273,92.81960084641752,155.22193957017845,10.92875875368662,25.963697602216975,736.3828300610201,1039.947838969799,103.9124793062697,0.0,0.0,29.19244997368421
77.10547669564114,98.1017525280765,99.62944148307315,166.62108267966505,11.72811894033377,27.865112670824686,735.0000000000001,1039.446968344225,0.0,0.0,0.0,31.387905263157894,77.10547798855409,98.1017541730573,99.6294431536704,166.62108547358534,11.72811913699214,27.86511313806992,735.0,1039.4469683442248,0.0,0.0,0.0,31.387905789473688,77.10547928146707,98.10175581803809,99.62944482426765,166.6210882675057,11.728119333650508,27.86511360531515,735.0,1039.4469683442248,0.0,0.0,0.0,31.387906315789476,77.10548057438004,98.10175746301888,99.6294464948649,166.62109106142603,11.728119530308877,27.865114072560374,735.0000000000001,1039.446968344225,0.0,0.0,0.0,31.387906842105263,77.10548186729302,98.1017591079997,99.62944816546216,166.6210938553464,11.728119726967238,27.865114539805585,734.9999999999999,1039.4469683442248,0.0,0.0,0.0,31.38790736842105,77.10548316020602,98.10176075298054,99.62944983605942,166.62109664926675,11.72811992362561,27.86511500705081,734.9999999999998,1039.4469683442248,0.0,0.0,0.0,31.387907894736845,77.10548445311898,98.10176239796131,99.62945150665664,166.62109944318703,11.728120120283977,27.865115474296044,734.9999999999998,1039.4469683442248,0.0,0.0,0.0,31.387908421052632,77.10548574603192,98.10176404294207,99.62945317725391,166.62110223710735,11.728120316942341,27.865115941541255,735.0,1039.4469683442248,0.0,0.0,0.0,31.38790894736842,77.10548703894491,98.1017656879229,99.62945484785112,166.62110503102764,11.728120513600706,27.86511640878647,734.9999999999999,1039.4469683442248,0.0,0.0,0.0,31.38790947368421,77.10548833185784,98.10176733290365,99.6294565184484,166.62110782494804,11.728120710259075,27.865116876031703,734.9999999999998,1039.4469683442248,0.0,0.0,0.0,31.387909999999998,77.10547798855409,98.1017541730573,99.6294431536704,166.62108547358534,11.72811913699214,27.86511313806992,735.0,1039.4469683442248,0.0,0.0,0.0,31.387905789473688,77.10547811784542,98.1017543375554,99.62944332073015,166.62108575297745,11.72811915665798,27.865113184794446,735.0,1039.4469683442248,0.0,0.0,0.0,31.387905842105265
69.05909746774738,87.86429680391633,89.23256304082655,149.23325919346874,10.504225428900437,24.957235391724502,735.0,1039.4469683442248,0.0,0.0,0.0,28.112405263157896,69.05909876066029,87.86429844889709,89.2325647114238,149.23326198738908,10.504225625558803,24.95723585896972,735.0000000000001,1039.446968344225,0.0,0.0,0.0,28.112405789473684,68.61691097794669,87.65313965220689,89.2844052353611,149.312530049001,10.511924369474853,24.97399933151314,735.9911038736554,1039.8038784228672,36.167782998998504,0.0,0.0,28.09346575263158,67.5367585037524,86.73358533740958,89.49309120696441,149.6206131990795,10.543216341238438,25.042429865532327,740.6632489868113,1041.6496685448442,184.17015276610357,0.0,0.0,28.00156333157894,67.49136544338255,86.54566061026483,89.50385818791611,149.62791842215873,10.54552404206715,25.047192881443667,741.4198138122739,1041.9845848746343,194.34045566416935,0.0,0.0,27.976916626315784,67.48900207031855,86.54449149859751,89.4950716097336,149.61449362106077,10.544503240321747,25.04470832480229,741.4635042739728,1041.9969964323038,188.93424483065488,0.0,0.0,27.97482955263158,67.54467584449853,86.73750267024415,89.48711807603523,149.61428208837427,10.542712401039141,25.040811787655997,740.9071942937338,1041.7302809599728,180.70285016932777,0.0,0.0,27.999323105263155,67.54068708353039,86.69492517245426,89.50575971420824,149.641626030518,10.545178894759307,25.04653560841434,741.0806895658158,1041.811269518462,193.12481330311917,0.0,0.0,27.99694455263158,67.47959226901555,86.4859295119736,89.50820452010146,149.6326657596163,10.546430047417733,25.049024506086646,741.7565068046758,1042.1274089535518,198.2829288992855,0.0,0.0,27.968744289473683,67.4916012654717,86.54876388834555,89.50299870841613,149.62667736945014,10.545394949970257,25.046916312768044,741.4011141861995,1041.976714531036,193.74066118158945,0.0,0.0,27.977252547368415,67.50025772569585,86.57821040163853,89.49313435123175,149.6141480365983,10.544166457457973,25.043893731476953,741.410392475294,1041.9644121106821,187.2145614257164,0.0,0.0,27.97872392105263,67.4822276868275,86.51501918479032,89.49905881321286,149.61911214309083,10.545130989831486,25.046110634647405,741.5756117878079,1042.0491547230326,191.96004531634435,0.0,0.0,27.97145088421052
64.99436526713687,82.6927140639352,83.98044585953191,140.4495759962036,9.885959843207491,23.488283695934737,735.0,1039.4469683442248,0.0,0.0,0.0,26.457744210526315,64.99436539642812,82.69271422843325,83.98044602659166,140.44957627559566,9.885959862873326,23.488283742659252,735.0,1039.4469683442248,0.0,0.0,0.0,26.457744263157895,64.99436552571945,82.69271439293135,83.9804461936514,140.44957655498771,9.88595988253916,23.488283789383775,735.0,1039.446968344225,0.0,0.0,0.0,26.457744315789473,64.99436565501078,82.69271455742947,83.98044636071111,140.44957683437968,9.885959902205,23.4882838361083,735.0,1039.4469683442248,0.0,0.0,0.0,26.45774436842105,64.994365784302,82.69271472192749,83.98044652777085,140.44957711377174,9.885959921870835,23.48828388283282,735.0000000000001,1039.4469683442248,0.0,0.0,0.0,26.45774442105263,64.99436591359333,82.69271488642558,83.98044669483056,140.4495773931638,9.885959941536672,23.488283929557344,735.0,1039.446968344225,0.0,0.0,0.0,26.45774447368421,64.98245947589957,82.67274430667538,83.97500970606335,140.42084887387884,9.88943184595554,23.490285146502366,734.6454191111814,1039.3306200467453,0.6137928100592569,0.7351513585525814,0.5,26.45437789,63.479194937009915,81.89533476420488,83.30065177807916,139.31585031165153,10.988383621863257,19.899946683023327,1129.139862435252,2794.856434736078,184.2610650246426,1.087523436042619,0.4714045207910317,25.84596919473684,63.52714869148561,81.87552316762753,83.24895354003102,139.23107407608234,10.752489055322654,19.422899923651226,1140.8991788978574,2846.5433151534703,210.37702653832196,1.0714330935643883,0.4714045207910317,25.822863447368423,64.9943660428846,82.69271505092362,83.98044686189029,140.44957767255582,9.88595996120251,23.488283976281867,735.0000000000001,1039.446968344225,0.0,0.0,0.0,26.45774452631579,64.99436617217594,82.69271521542177,83.98044702895002,140.44957795194787,9.885959980868346,23.48828402300639,735.0,1039.4469683442248,0.0,0.0,0.0,26.457744578947366,64.99436630146725,82.69271537991985,83.98044719600975,140.4495782313399,9.885960000534181,23.488284069730913,735.0,1039.4469683442248,0.0,0.0,0.0,26.457744631578947
73.1827140966982,93.11079854919205,94.56076590317802,158.1441886983052,11.131447623240474,26.447467303921464,735.0,1039.446968344225,0.0,0.0,0.0,29.791036842105267,73.18271538961116,93.11080019417284,94.56076757377527,158.14419149222553,11.13144781989884,26.447467771166686,734.9999999999999,1039.4469683442248,0.0,0.0,0.0,29.791037368421055,73.18271668252414,93.11080183915365,94.5607692443725,158.14419428614582,11.131448016557199,26.447468238411904,735.0,1039.446968344225,0.0,0.0,0.0,29.791037894736842,73.18271797543714,93.11080348413444,94.56077091496977,158.14419708006616,11.131448213215569,26.447468705657126,734.9999999999999,1039.4469683442248,0.0,0.0,0.0,29.79103842105263,73.18271926835011,93.11080512911526,94.560772585567,158.14419987398645,11.131448409873933,26.447469172902345,734.9999999999999,1039.4469683442248,0.0,0.0,0.0,29.791038947368417,68.52949364731555,85.95139147791996,88.82909300454483,151.8964591944326,12.073537361939602,27.270307731586335,882.9115392473925,1175.6471607561407,509.0409554121855,66.63111769743226,0.0,28.86864372105264,60.002619656793335,74.67721409297604,74.8804280024385,130.37276847824916,16.78307393361768,32.5387504335125,1247.397813505162,1921.4539313940804,662.0052053595481,12.82298393304568,0.0,26.669652936842102,58.65995683140843,73.27515863599395,77.21039946629566,131.186544489287,17.489224676753537,33.322481517946194,1315.617755625054,2187.922325033771,624.1419353995358,32.71211147385402,1.0,26.617808473684207,59.801527035613866,75.48065331809156,82.77331913494208,138.19903268480795,17.312567972185004,32.66682598385923,1324.7281062056195,2321.734041915002,463.54121943967635,53.62204262160211,0.4714045207910317,27.194190236842104,61.22317239242939,76.58833520305014,83.27070999959959,138.10531284404567,18.00777879170529,33.23640050609241,1535.9381225932595,2686.033546440666,388.83949812194123,18.076211300219178,0.816496580927726,27.15356347368421,63.165032998405344,77.48148902478414,82.69425501639975,137.3512258949967,18.502290148568246,33.53053331930968,1731.6849741113595,2898.69815118158,367.33555495520125,9.324882646247197,0.816496580927726,27.23203531578947,63.84637523401347,77.14123729985864,82.89190671370464,137.98233068749602,18.293005280936733,33.37711004240561,1682.676825501067,2873.4664077990956,366.8169227979012,8.159569680593169,0.816496580927726,27.26604484210527
50.90535637806222,58.237127244222116,55.46208254063401,93.45197679320167,20.384696690453584,40.21711859934883,1586.4036975969946,3379.273376861956,1275.9500342040708,3.006414925051106,1.6393596310755,23.06177159947368,52.103858130749664,59.24651247840228,53.52118898079552,89.24684411621948,21.63103875094778,42.23369410936207,2031.758577820615,3672.9259489468454,1106.6130203233158,2.1490434305868464,1.6393596310755,22.60626138263158,51.06391477647313,60.691946252587655,53.78947803236539,90.60226428953915,21.995252630488576,42.63574734907325,2005.2581939902989,3767.498791992806,793.4122737234248,1.643263400495098,1.6393596310755,22.605316,50.48957223799081,61.16200837032379,59.758579988444474,95.96561975717226,21.717885376299883,42.801792084193174,1916.9671889762405,3744.283297043846,636.8146033963533,1.8751911815215172,1.224744871391589,22.720803226315798,50.35065506012473,61.06465114502899,60.069139204443246,97.48642379593683,21.533892800003624,41.916245419127534,1456.7481299415304,3179.5052281492885,654.421279471856,1.7344951248934668,1.224744871391589,22.90351257894737,54.38163964734264,63.547619007535836,56.04723218519047,95.75301855463508,21.559028715671726,41.267979881767296,1766.8241336859307,3257.8935317276478,712.3581811919038,1.6041230653188594,0.9428090415820634,23.117736605263165,55.33396997404903,64.97856005091661,58.87964444447839,98.28132626572335,20.645343736414823,40.36094619763371,1729.3015794439314,3204.571986224628,712.7159829785405,1.7658548688613638,1.224744871391589,23.320852473684212,54.787555017742235,64.97707224161519,59.810352031621434,97.07198389410378,19.75584840340739,39.95284244049645,1455.0542566278395,2905.0207607926277,721.0529806893568,1.7208426478562076,0.9428090415820634,23.327673578947373,56.23864213612586,66.26935580537547,59.52812761973778,97.12975166445881,20.314460697007846,40.11720578442993,1789.5684166214864,3201.394139860114,647.108237310179,1.5059841526144753,0.9428090415820634,23.518636842105266,54.090793785305515,64.57932699378635,60.4908728334545,98.24728748051925,21.27708031271885,40.79529182123596,1963.279093060888,3608.943014648782,662.6460012849612,1.713069677054336,0.9428090415820634,23.271036157894745,57.97296380220257,66.79530825377743,55.57901047574715,93.9263761212602,19.772411652967403,39.61001507386554,1939.192833174548,3361.090248897782,873.0477290520054,1.8752254743932522,0.9428090415820634,23.546870242105268,57.31358578928968,66.2224798972976,54.5853435694187,93.50933756900405,19.92951714980292,39.238737156412284,1720.0319106865973,2975.481496366392,907.7713344750331,1.5227867893253881,1.224744871391589,23.6615457
25.860496966720124,31.224765422922914,40.337292444742324,60.735866303697335,25.360122106523537,49.49848989090048,7616.867479921628,5444.244976974578,2193.4137232560847,4.577854955109531,1.0897247358851685,18.633589331578946,29.309739849427075,32.127625478868204,37.92002770734543,57.83312234746841,25.498845261931123,50.64698351453295,8608.12857889686,5648.020265685149,1898.2114855637528,2.6574663378390437,1.0897247358851685,18.404647536842106,34.18801358777533,36.319936605960336,36.20918754463886,55.75630834756642,25.58839730090821,51.02307001330042,7478.371548887521,6154.484670654324,1727.4466772685307,1.404593402584975,0.4898979485566356,18.66727107368421,32.251277493443794,35.076920718474,37.9427088168335,59.17473772140169,24.33815620472496,50.109882483262226,5975.63485764112,6923.751621342781,1684.6160816205547,1.7078205920921041,0.4898979485566356,18.809263710526313,30.470828890681837,34.43317615527199,40.04624996061452,61.87653482185567,23.985250983271495,48.98173419615221,5538.650112168588,6939.49815899405,1757.7440117659908,1.9283228239615937,0.4898979485566356,18.914446894736844,30.453174923162408,34.355013123658324,42.26771999548099,64.46530443164646,23.995626611306303,49.645059761306904,5346.872728930156,6280.700864910054,1646.8672859778217,1.8820783608523566,0.4898979485566356,19.005343842105262,27.751831082807453,32.824832402901976,38.940869602549576,61.28373761534366,24.45065121003511,50.67500214936203,5255.86725166668,6940.670684783127,1567.2435355023263,2.1135710485420183,1.0897247358851685,18.4723295,26.629393263545087,32.13746807115663,38.1105269533589,59.89268890893149,24.530791207002213,51.28506041982432,5439.33148199482,6443.033263972136,1664.1622098907087,1.8547717782296604,0.9797958971132712,18.32575621052631,27.43251542474999,33.17565031813245,40.79118988048524,63.19176060074388,24.146841464217736,50.3521165919397,5622.614324217158,6014.21910435378,1742.926014498171,2.5137660980221805,1.0897247358851685,18.762137299999996,28.40580613663185,34.08716194337351,41.52075512739789,63.237890921913134,24.732601822558266,50.52236484062299,4633.983178249862,5574.915380838915,1781.4422449540643,1.9255866184685657,1.019803902718557,18.763079052631575,28.273188513507428,34.328330057555995,43.36148448845289,65.73514498996288,24.47616839398679,50.809332196439726,4389.201939540582,5198.405939673144,1669.2123785374624,2.264373408116174,0.9428090415820634,18.98159692105263,29.03398093276268,34.86227654714717,46.56145650087526,70.88690319420535,23.955089055905514,50.45339351532884,4115.128808693654,4735.397990285694,1676.2370515690038,2.556202742956992,0.9428090415820634,19.329798315789475
73.11790036947393,93.02833566197488,94.47701886314235,158.00412947209412,11.121589139324293,26.424044300924525,735.0,1039.4469683442248,0.0,0.0,0.0,29.76465263157895,73.11790166238686,93.02833730695563,94.47702053373965,158.0041322660145,11.121589335982653,26.424044768169747,734.9999999999998,1039.4469683442248,0.0,0.0,0.0,29.764653157894738,73.11790295529981,93.02833895193642,94.4770222043369,158.00413505993487,11.121589532641021,26.424045235414965,735.0,1039.4469683442248,0.0,0.0,0.0,29.764653684210526,73.1179042482128,93.02834059691723,94.47702387493412,158.00413785385516,11.121589729299389,26.424045702660187,735.0,1039.4469683442248,0.0,0.0,0.0,29.764654210526313,73.11790554112578,93.02834224189803,94.47702554553138,158.0041406477755,11.121589925957757,26.42404616990542,735.0,1039.4469683442248,0.0,0.0,0.0,29.764654736842107,73.11790683403876,93.02834388687883,94.4770272161286,158.0041434416958,11.121590122616128,26.424046637150646,735.0,1039.4469683442248,0.0,0.0,0.0,29.764655263157895,73.11790812695168,93.02834553185957,94.47702888672589,158.00414623561622,11.121590319274492,26.424047104395857,735.0000000000001,1039.4469683442248,0.0,0.0,0.0,29.764655789473682,73.11790941986469,93.02834717684041,94.4770305573231,158.00414902953648,11.121590515932853,26.424047571641076,735.0,1039.4469683442248,0.0,0.0,0.0,29.764656315789473,73.11791071277766,93.02834882182117,94.47703222792033,158.00415182345677,11.121590712591221,26.4240480388863,734.9999999999999,1039.4469683442248,0.0,0.0,0.0,29.76465684210526,73.11791200569071,93.02835046680205,94.4770338985176,158.00415461737717,11.121590909249587,26.424048506131516,734.9999999999998,1039.4469683442248,0.0,0.0,0.0,29.764657368421055,73.11790166238686,93.02833730695563,94.47702053373965,158.0041322660145,11.121589335982653,26.424044768169747,734.9999999999998,1039.4469683442248,0.0,0.0,0.0,29.764653157894738,73.11790179167812,93.02833747145368,94.47702070079934,158.00413254540652,11.121589355648494,26.42404481489427,735.0,1039.4469683442248,0.0,0.0,0.0,29.764653210526316
62.765740149521704,79.85722118929617,81.10079728904721,135.6336284669521,9.546975096949076,22.682881892266398,734.9999999999999,1039.4469683442248,0.0,0.0,0.0,25.55052105263158,62.76574144243461,79.85722283427688,81.10079895964445,135.6336312608724,9.546975293607442,22.682882359511616,734.9999999999999,1039.4469683442248,0.0,0.0,0.0,25.550521578947368,62.76574273534762,79.85722447925771,81.10080063024172,135.6336340547928,9.54697549026581,22.682882826756845,735.0,1039.4469683442248,0.0,0.0,0.0,25.55052210526316,62.76574402826061,79.85722612423854,81.10080230083896,135.6336368487131,9.546975686924178,22.682883294002067,735.0,1039.4469683442248,0.0,0.0,0.0,25.550522631578946,62.765745321173604,79.85722776921935,81.1008039714362,135.63363964263345,9.546975883582544,22.68288376124729,735.0,1039.4469683442248,0.0,0.0,0.0,25.550523157894737,62.76574661408654,79.85722941420012,81.10080564203346,135.63364243655374,9.546976080240908,22.682884228492508,734.9999999999998,1039.4469683442248,0.0,0.0,0.0,25.550523684210525,62.76574790699948,79.8572310591809,81.10080731263069,135.63364523047412,9.546976276899274,22.682884695737727,735.0,1039.4469683442248,0.0,0.0,0.0,25.550524210526316,62.765749199912484,79.8572327041617,81.10080898322794,135.6336480243944,9.54697647355764,22.682885162982956,735.0,1039.4469683442248,0.0,0.0,0.0,25.550524736842107,62.765750492825426,79.85723434914244,81.1008106538252,135.63365081831475,9.54697667021601,22.68288563022818,735.0,1039.4469683442248,0.0,0.0,0.0,25.550525263157894,62.76575178573843,79.8572359941233,81.10081232442246,135.63365361223512,9.546976866874378,22.682886097473403,734.9999999999997,1039.4469683442248,0.0,0.0,0.0,25.550525789473685,62.61495399644756,79.81423386266772,81.16656215028739,135.74104469971837,9.555408787038733,22.702215439449837,735.4850357376205,1039.619721509702,38.061596889856716,0.0,0.0,25.556597684210526,62.43337208317344,79.75628206389881,81.23302140855252,135.84915781495633,9.564028090116018,22.72189031419126,736.0548130069092,1039.825785632809,76.85693075459227,0.0,0.0,25.560603763157896
76.7577826608047,97.65937935793643,99.18017945938463,165.86973324239497,11.67523298242053,27.739459683891813,734.9999999999997,1039.4469683442248,0.0,0.0,0.0,31.246366842105264,76.75778279009602,97.65937952243455,99.18017962644434,165.869733521787,11.675233002086363,27.73945973061632,735.0,1039.4469683442248,0.0,0.0,0.0,31.24636689473684,76.75778291938732,97.65937968693265,99.1801797935041,165.86973380117905,11.675233021752199,27.739459777340848,735.0,1039.4469683442248,0.0,0.0,0.0,31.246366947368422,76.7577830486786,97.65937985143067,99.1801799605638,165.86973408057105,11.675233041418037,27.73945982406537,735.0,1039.4469683442248,0.0,0.0,0.0,31.246367,76.75031309613904,97.65617136740715,99.17798068093609,165.866547305263,11.683225608948183,27.731606047140822,735.0094026768799,1039.521510172802,0.36280141915137054,0.9060608277007318,0.5,31.24456014952631,74.06849179651788,95.8349168438746,97.29260653743566,162.67444832094876,13.604317267333073,17.7635476782916,2296.156213781533,5210.8099399659495,756.3310494112602,1.1099193128074507,0.7637626158259734,29.731042105263153,73.84935286621952,95.48726521668723,96.97791770716825,162.10827200163519,13.804369551549144,16.6524070425196,2829.8155820587754,5931.997366978934,907.4134545615651,1.1413069633175952,0.7453559924999298,29.425156052631582,75.17599524381704,96.75331424797498,98.360395386358,164.48534137752722,12.412029460180444,23.03067101922765,1161.160886108159,2930.415464698332,280.5191507035688,1.1124724318262642,0.4714045207910317,30.515341515789476,76.75778317796987,97.65938001592872,99.18018012762354,165.8697343599631,11.67523306108388,27.7394598707899,734.9999999999999,1039.4469683442248,0.0,0.0,0.0,31.24636705263158,76.7577833072612,97.65938018042685,99.18018029468327,165.86973463935516,11.675233080749715,27.73945991751442,735.0,1039.4469683442248,0.0,0.0,0.0,31.246367105263158,76.72955731474897,97.65039296310141,99.19077647788859,165.8870178282152,11.676606874836967,27.74259297950297,735.0724243768568,1039.4726013255433,7.53904842870449,0.0,0.0,31.247066076842106,76.68937289905746,97.6463091652946,99.22091684745685,165.93666670684905,11.680374926986948,27.75131789529234,735.1995464368443,1039.5177219521033,28.548723382728515,0.0,0.0,31.251960878947365
70.61195059128204,89.84000098688603,91.23903386537887,152.58889720744747,10.740421960069966,25.51842026604072,735.0,1039.4469683442248,0.0,0.0,0.0,28.744536842105266,70.611951884195,89.84000263186681,91.23903553597613,152.58890000136776,10.740422156728332,25.51842073328595,735.0000000000001,1039.4469683442248,0.0,0.0,0.0,28.744537368421053,70.61195317710795,89.84000427684757,91.23903720657334,152.5889027952881,10.740422353386702,25.518421200531172,735.0,1039.4469683442248,0.0,0.0,0.0,28.74453789473684,70.61195447002093,89.84000592182836,91.23903887717059,152.58890558920842,10.740422550045064,25.518421667776387,734.9999999999999,1039.4469683442248,0.0,0.0,0.0,28.744538421052628,70.61195576293389,89.84000756680916,91.23904054776789,152.58890838312882,10.740422746703434,25.51842213502161,735.0000000000001,1039.446968344225,0.0,0.0,0.0,28.744538947368422,70.61195705584684,89.84000921178993,91.23904221836513,152.58891117704914,10.7404229433618,25.51842260226684,735.0,1039.446968344225,0.0,0.0,0.0,28.74453947368421,70.61195834875986,89.84001085677077,91.23904388896234,152.58891397096943,10.740423140020168,25.51842306951206,735.0,1039.4469683442248,0.0,0.0,0.0,28.74454,70.61195964167277,89.8400125017515,91.2390455595596,152.58891676488977,10.740423336678536,25.51842353675728,735.0,1039.446968344225,0.0,0.0,0.0,28.744540526315788,70.61196093458582,89.84001414673239,91.23904723015686,152.5889195588101,10.740423533336898,25.5184240040025,734.9999999999998,1039.4469683442248,0.0,0.0,0.0,28.744541052631583,70.61196222749872,89.8400157917131,91.23904890075409,152.5889223527304,10.740423729995266,25.51842447124773,734.9999999999998,1039.4469683442248,0.0,0.0,0.0,28.74454157894737,70.611951884195,89.84000263186681,91.23903553597613,152.58890000136776,10.740422156728332,25.51842073328595,735.0000000000001,1039.4469683442248,0.0,0.0,0.0,28.744537368421053,70.61195201348625,89.84000279636481,91.23903570303585,152.58890028075982,10.740422176394171,25.51842078001047,735.0,1039.4469683442248,0.0,0.0,0.0,28.74453742105263
67.56485855374216,85.96316782525527,87.30182874250629,146.0042835577121,10.276944404779384,24.417233079563996,735.0,1039.4469683442248,0.0,0.0,0.0,27.504134210526313,67.56485868303349,85.96316798975339,87.301828909566,146.00428383710414,10.276944424445215,24.41723312628851,734.9999999999999,1039.4469683442248,0.0,0.0,0.0,27.50413426315789,67.56485881232474,85.96316815425143,87.30182907662572,146.00428411649614,10.27694444411105,24.417233173013035,735.0,1039.4469683442248,0.0,0.0,0.0,27.50413431578947,67.56485894161612,85.96316831874957,87.30182924368546,146.00428439588822,10.27694446377689,24.417233219737565,735.0000000000001,1039.446968344225,0.0,0.0,0.0,27.504134368421056,67.56485907090736,85.9631684832476,87.3018294107452,146.00428467528027,10.276944483442726,24.417233266462084,735.0,1039.4469683442248,0.0,0.0,0.0,27.504134421052633,67.56485920019871,85.96316864774572,87.3018295778049,146.00428495467222,10.276944503108565,24.41723331318661,735.0,1039.4469683442248,0.0,0.0,0.0,27.504134473684214,67.56485932948998,85.96316881224378,87.30182974486465,146.00428523406433,10.276944522774404,24.417233359911137,734.9999999999995,1039.4469683442248,0.0,0.0,0.0,27.50413452631579,67.5648594587812,85.96316897674178,87.30182991192436,146.00428551345632,10.27694454244024,24.41723340663566,735.0,1039.4469683442248,0.0,0.0,0.0,27.504134578947372,67.56485958807255,85.96316914123993,87.30183007898411,146.0042857928484,10.276944562106074,24.417233453360176,735.0000000000002,1039.446968344225,0.0,0.0,0.0,27.50413463157895,67.56485971736387,85.963169305738,87.3018302460438,146.00428607224038,10.276944581771907,24.417233500084695,735.0000000000001,1039.446968344225,0.0,0.0,0.0,27.504134684210527,67.56485868303349,85.96316798975339,87.301828909566,146.00428383710414,10.276944424445215,24.41723312628851,734.9999999999999,1039.4469683442248,0.0,0.0,0.0,27.50413426315789,67.56485869596263,85.9631680062032,87.30182892627201,146.0042838650434,10.276944426411802,24.417233130960973,735.0,1039.4469683442248,0.0,0.0,0.0,27.504134268421055
73.12826953149943,93.04152840794498,94.4904170530703,158.02653671315167,11.123166339424188,26.42779160760786,734.9999999999999,1039.4469683442248,0.0,0.0,0.0,29.76887368421053,73.12827082441243,93.04153005292582,94.49041872366753,158.026539507072,11.123166536082552,26.427792074853077,735.0,1039.4469683442248,0.0,0.0,0.0,29.768874210526317,73.12827211732534,93.04153169790654,94.49042039426476,158.0265423009923,11.12316673274092,26.4277925420983,735.0,1039.4469683442248,0.0,0.0,0.0,29.768874736842104,73.12827341023834,93.04153334288736,94.49042206486202,158.02654509491265,11.123166929399284,26.427793009343517,734.9999999999999,1039.4469683442248,0.0,0.0,0.0,29.76887526315789,73.12827470315129,93.04153498786813,94.49042373545929,158.02654788883302,11.123167126057654,26.42779347658875,734.9999999999998,1039.4469683442248,0.0,0.0,0.0,29.768875789473686,72.85277889162822,92.69936984060031,94.01539055196078,157.24540753310728,11.808636903253188,23.315048758449265,888.1737986995093,1979.3534702852467,190.60863462426605,1.1643646905633915,0.5,29.494282994736846,72.67245428290038,92.54252212365398,93.84635601789246,156.97045475417343,12.18963783019354,21.968603914066485,1050.7684339771117,2666.2996287301207,279.3226107714294,1.123109699959497,0.34992710611188266,29.360565363157896,73.22311915493354,93.0477856940833,94.45522715654495,157.9425235769287,11.406641855694634,26.190372613969465,743.002903000164,1104.8031632364782,12.927016693274595,0.9594139020918595,0.5,29.76636926631579,73.12827599606423,93.04153663284892,94.49042540605652,158.0265506827533,11.123167322716018,26.42779394383397,735.0,1039.4469683442248,0.0,0.0,0.0,29.768876315789473,73.12827728897724,93.04153827782974,94.49042707665376,158.02655347667366,11.123167519374384,26.427794411079198,735.0,1039.4469683442248,0.0,0.0,0.0,29.76887684210526,73.1282785818902,93.04153992281051,94.490428747251,158.02655627059397,11.12316771603275,26.427794878324413,735.0,1039.4469683442248,0.0,0.0,0.0,29.76887736842105,73.12827987480314,93.0415415677913,94.49043041784827,158.0265590645143,11.12316791269112,26.42779534556964,735.0,1039.4469683442248,0.0,0.0,0.0,29.768877894736846
68.23171074123738,86.81160779442494,88.16348103802564,147.44531781661883,10.378375873797296,24.65822648412705,735.0000000000001,1039.4469683442248,0.0,0.0,0.0,27.775594736842105,68.23171203415036,86.81160943940574,88.16348270862287,147.44532061053914,10.37837607045566,24.65822695137227,735.0,1039.446968344225,0.0,0.0,0.0,27.775595263157896,68.2317133270633,86.81161108438647,88.16348437922008,147.44532340445946,10.378376267114025,24.65822741861749,735.0,1039.4469683442248,0.0,0.0,0.0,27.775595789473684,68.2317146199763,86.81161272936733,88.16348604981735,147.44532619837977,10.378376463772392,24.658227885862715,735.0,1039.4469683442248,0.0,0.0,0.0,27.77559631578947,68.23171591288921,86.81161437434805,88.16348772041462,147.44532899230015,10.378376660430764,24.65822835310794,734.9999999999998,1039.4469683442248,0.0,0.0,0.0,27.775596842105266,68.23171720580224,86.81161601932891,88.16348939101184,147.4453317862204,10.378376857089128,24.658228820353155,734.9999999999998,1039.4469683442248,0.0,0.0,0.0,27.775597368421053,68.23171849871518,86.81161766430968,88.16349106160908,147.44533458014075,10.37837705374749,24.65822928759838,734.9999999999998,1039.4469683442248,0.0,0.0,0.0,27.77559789473684,68.2317197916281,86.81161930929042,88.16349273220634,147.4453373740611,10.378377250405862,24.65822975484361,734.9999999999998,1039.4469683442246,0.0,0.0,0.0,27.77559842105263,68.23172108454115,86.81162095427128,88.1634944028036,147.44534016798144,10.378377447064224,24.65823022208882,735.0,1039.4469683442248,0.0,0.0,0.0,27.775598947368422,68.23172237745408,86.81162259925205,88.16349607340084,147.4453429619018,10.378377643722594,24.658230689334047,735.0,1039.4469683442248,0.0,0.0,0.0,27.775599473684213,68.23171203415036,86.81160943940574,88.16348270862287,147.44532061053914,10.37837607045566,24.65822695137227,735.0,1039.446968344225,0.0,0.0,0.0,27.775595263157896,68.23171216344163,86.81160960390378,88.16348287568259,147.44532088993114,10.378376090121495,24.65822699809679,735.0,1039.4469683442248,0.0,0.0,0.0,27.775595315789474
72.49682764444745,92.23814117276903,93.67451907497556,156.6620223442802,11.027120949749907,26.19959511519482,734.9999999999999,1039.4469683442248,0.0,0.0,0.0,29.511827894736843,72.49682777373876,92.23814133726714,93.67451924203532,156.6620226236723,11.027120969415742,26.19959516191934,735.0,1039.446968344225,0.0,0.0,0.0,29.51182794736842,72.49682790303002,92.23814150176521,93.67451940909501,156.66202290306427,11.02712098908158,26.199595208643874,735.0,1039.4469683442248,0.0,0.0,0.0,29.511828,72.49682803232137,92.23814166626335,93.67451957615475,156.66202318245635,11.027121008747418,26.19959525536839,735.0,1039.4469683442248,0.0,0.0,0.0,29.51182805263158,72.49682816161267,92.23814183076139,93.67451974321449,156.66202346184835,11.027121028413253,26.19959530209291,734.9999999999999,1039.4469683442248,0.0,0.0,0.0,29.51182810526316,72.49682829090395,92.23814199525945,93.6745199102742,156.66202374124038,11.027121048079088,26.199595348817425,735.0000000000001,1039.446968344225,0.0,0.0,0.0,29.511828157894737,72.49682842019527,92.23814215975756,93.67452007733391,156.6620240206324,11.027121067744927,26.199595395541955,734.9999999999997,1039.4469683442248,0.0,0.0,0.0,29.511828210526318,72.49682854948652,92.23814232425558,93.67452024439363,156.66202430002443,11.027121087410762,26.199595442266475,735.0,1039.4469683442248,0.0,0.0,0.0,29.511828263157895,72.49682867877785,92.23814248875368,93.67452041145339,156.6620245794165,11.0271211070766,26.19959548899099,734.9999999999997,1039.4469683442248,0.0,0.0,0.0,29.511828315789472,72.49682880806918,92.23814265325181,93.67452057851311,156.6620248588085,11.027121126742436,26.199595535715524,735.0000000000001,1039.446968344225,0.0,0.0,0.0,29.511828368421053,72.49682777373876,92.23814133726714,93.67451924203532,156.6620226236723,11.027120969415742,26.19959516191934,735.0,1039.446968344225,0.0,0.0,0.0,29.51182794736842,72.49682778666785,92.23814135371691,93.67451925874127,156.66202265161147,11.027120971382326,26.199595166591788,734.9999999999999,1039.4469683442248,0.0,0.0,0.0,29.511827952631577
46.13611221633098,51.89727108833137,57.695814609142644,95.06304455783635,23.79069847929179,44.37971988310224,3487.675160756464,4625.155748665494,1461.2401290367318,1.846493492985261,0.5,23.058161489473687,42.7154379998762,48.356278995185235,55.11419357268277,89.62657624982711,24.6098751938922,46.521949467163765,4106.099893996286,5452.868207982875,1561.6707811080046,2.2482720092592974,0.5,22.185692978947365,39.35584098662831,47.85284978859769,54.965708095948784,89.77586837079254,23.99826340481053,45.89127596426131,3421.265076278919,5263.312502047324,1547.9179190613477,2.128391836866509,0.5,22.06232547368421,39.86328745690194,48.09570886432381,57.03675117316171,90.76040932527143,24.249827522119443,45.595511709651916,3645.1062325608027,5018.819548058263,1606.8686701044671,1.7330445979143425,0.5,22.081344894736837,39.10355619590788,47.00676435416634,58.23926343437921,92.3579398684496,24.57926099611472,45.76475637039719,4238.0154657379035,5112.57877772571,1607.4669464912183,1.5867381965346103,0.5,22.08963057894737,43.78684220194113,49.73535028032844,57.39489330152679,91.62046628688955,24.264260135633233,45.76985200753142,3837.3145513780396,5197.332790535244,1551.7437563799058,1.9884130581253174,0.5,22.597952315789474,43.67649701003989,49.340034861849176,55.54355265141164,89.18885437384893,23.992813972913613,45.15961185184281,3549.2439113620167,5117.659392839091,1669.9241530791373,1.8424914011790647,0.5,22.604371126315787,43.54633449640672,49.723819068868586,55.7157413342263,89.729681770211,23.023383597482475,44.296025388830905,2914.9389367557683,4743.543186152189,1641.106227634651,1.7326182248311122,0.5,22.744990736842105,41.76996130446001,50.93625442759289,54.64695772516454,90.48641980364489,22.97679920557103,44.35599570794988,2526.0989526569933,4398.798310697827,1496.2520345793257,1.874052476359305,0.82915619758885,22.67402036842105,44.52921276889111,52.74959776204861,55.80665313034696,91.29188868188254,22.86273837058312,44.26443936905111,2530.792793241298,4270.885918356837,1468.698119602287,1.8436309133316175,0.82915619758885,22.88193719473684,45.77112263633811,53.82395674864089,56.46627156507579,91.59781704748865,22.905495802864372,44.08125522439088,2299.1788532778282,4125.207347353134,1458.149067282006,1.6366714852215576,0.5,22.985202931578943,42.74774039777045,51.16377598941615,56.600501765982635,92.15623207002214,22.96099105340361,43.88891247667898,2149.1855883581907,3974.2636696102886,1609.165980957241,2.1887252569580173,0.5,22.477928736842113
70.06335986030955,89.14202576598835,90.53018942952481,151.40342004732983,10.656978635183892,25.32016531472178,734.9999999999995,1039.4469683442246,0.0,0.0,0.0,28.521217894736843,70.0633599896008,89.14202593048638,90.53018959658455,151.40342032672186,10.65697865484973,25.320165361446303,735.0,1039.4469683442248,0.0,0.0,0.0,28.52121794736842,70.06336011889216,89.14202609498453,90.53018976364426,151.40342060611388,10.656978674515566,25.320165408170823,735.0,1039.4469683442248,0.0,0.0,0.0,28.521218,70.06336024818337,89.14202625948252,90.530189930704,151.4034208855059,10.656978694181403,25.320165454895342,735.0,1039.4469683442248,0.0,0.0,0.0,28.52121805263158,70.06336037747475,89.14202642398068,90.53019009776372,151.40342116489796,10.65697871384724,25.320165501619865,734.9999999999998,1039.4469683442246,0.0,0.0,0.0,28.52121810526316,70.06336050676599,89.1420265884787,90.53019026482343,151.40342144429002,10.656978733513073,25.320165548344388,734.9999999999999,1039.4469683442248,0.0,0.0,0.0,28.521218157894737,70.06336063605728,89.1420267529768,90.53019043188314,151.40342172368202,10.65697875317891,25.320165595068907,735.0000000000002,1039.446968344225,0.0,0.0,0.0,28.521218210526314,70.06336076534862,89.14202691747491,90.53019059894288,151.40342200307404,10.65697877284475,25.320165641793434,735.0,1039.4469683442248,0.0,0.0,0.0,28.521218263157895,70.0633608946399,89.14202708197296,90.5301907660026,151.4034222824661,10.656978792510584,25.320165688517953,734.9999999999997,1039.4469683442248,0.0,0.0,0.0,28.521218315789472,70.06336102393121,89.14202724647106,90.53019093306236,151.40342256185815,10.656978812176423,25.32016573524248,734.9999999999999,1039.4469683442248,0.0,0.0,0.0,28.521218368421053,70.0633599896008,89.14202593048638,90.53018959658455,151.40342032672186,10.65697865484973,25.320165361446303,735.0,1039.4469683442248,0.0,0.0,0.0,28.52121794736842,70.0633600025299,89.14202594693616,90.53018961329049,151.40342035466102,10.65697865681631,25.320165366118754,734.9999999999998,1039.4469683442248,0.0,0.0,0.0,28.521217952631577
66.62075410879662,84.76197817456033,86.08193357315405,143.96412102294875,10.133341515634083,24.076043609517928,735.0,1039.4469683442248,0.0,0.0,0.0,27.11981052631579,66.62075540170956,84.76197981954108,86.0819352437513,143.96412381686912,10.133341712292454,24.076044076763168,734.9999999999998,1039.4469683442246,0.0,0.0,0.0,27.119811052631583,66.62075669462257,84.76198146452191,86.08193691434853,143.9641266107894,10.133341908950818,24.076044544008386,734.9999999999998,1039.4469683442248,0.0,0.0,0.0,27.11981157894737,66.62075798753558,84.76198310950274,86.0819385849458,143.96412940470978,10.133342105609184,24.0760450112536,735.0,1039.4469683442248,0.0,0.0,0.0,27.119812105263158,66.62075928044852,84.7619847544835,86.08194025554306,143.9641321986301,10.133342302267549,24.076045478498827,734.9999999999998,1039.4469683442248,0.0,0.0,0.0,27.119812631578945,66.62076057336144,84.76198639946426,86.0819419261403,143.96413499255038,10.133342498925915,24.076045945744045,735.0000000000001,1039.446968344225,0.0,0.0,0.0,27.119813157894736,66.62076186627448,84.7619880444451,86.08194359673755,143.96413778647076,10.133342695584286,24.07604641298928,735.0,1039.4469683442248,0.0,0.0,0.0,27.119813684210527,65.38390876528653,84.02649184618106,85.36197999713916,142.79142081483192,11.082746860319094,20.254301291972,1148.163778632777,2859.9468356035586,205.12426498007633,1.0743917673346082,0.5,26.550450710526313,65.08282857485479,83.83946333452879,85.17933911728431,142.48670929186585,11.303773061897822,19.205471116100995,1321.216495969657,3340.598495704867,272.50223383595255,1.0730754592187106,0.5,26.398579299999998,66.62076315918742,84.76198968942586,86.08194526733479,143.96414058039105,10.13334289224265,24.076046880234493,735.0,1039.4469683442248,0.0,0.0,0.0,27.119814210526318,66.6207644521004,84.76199133440669,86.08194693793206,143.96414337431145,10.133343088901016,24.076047347479715,734.9999999999999,1039.4469683442248,0.0,0.0,0.0,27.119814736842105,66.62076574501337,84.76199297938749,86.08194860852929,143.96414616823174,10.133343285559382,24.07604781472494,735.0,1039.4469683442248,0.0,0.0,0.0,27.119815263157893
33.58792477364999,40.50146820591253,57.42151079610388,94.77997388567375,21.536125091256967,46.00517066193145,3490.730906663171,5230.974184434301,458.4867793878692,3.223492952070486,1.0,19.26480507578947,31.131587701049675,37.40600963072058,49.47690338783956,82.14988358838707,23.189543263457374,47.808121971404226,4102.631773998863,6110.085109193453,296.2315063857752,1.8435065424875627,0.9797958971132712,17.757888421052627,30.700274862174947,37.4027302723089,45.79278778903854,76.71771741402061,22.895087164919914,47.6636533523319,4678.526999146535,6555.811150564229,284.91030127370095,1.2972195623231533,0.9797958971132712,17.689258647368423,31.305691702324765,38.159408747319894,47.7854164827089,80.23102245619967,22.28742267959304,47.27087178174001,4636.944706418843,6269.966245164225,226.83933852509858,1.054369630881748,0.6324555320336759,18.037387710526318,31.84896484695386,38.35593559328093,52.85321518647025,86.4922920407192,22.281419074449023,46.50361440721072,5358.452171614125,6069.070287542363,197.27949795070117,1.1831090736730099,0.82915619758885,18.290986684210527,31.693753758731784,38.37034149568311,50.17619312168506,83.07911559793347,23.329274695697563,46.49734490459835,5460.8439430542485,6383.269803262716,208.42224569686203,1.0662469101776877,0.7483314773547882,18.171983157894733,31.83593364888231,38.284113950088276,48.49864549366151,81.66811905208559,23.778018109096884,46.82312564560602,5056.8355672508815,6328.927933012567,264.1319447474439,1.1015870800750958,0.7483314773547882,18.093102684210525,34.25057875728178,39.555449337689495,50.07014062201614,84.9371177282488,23.356893557551853,47.19648315766655,4668.365033390307,6031.49292829444,208.71009275050525,1.134841201441196,0.7071067811865476,18.211617078947366,35.96153956489511,41.59549596765205,49.63638009287326,84.39210885384982,22.92661186411167,47.607427708042785,4186.6623239025985,5849.294630092578,147.4723523665674,1.2305465995405411,1.0897247358851685,18.353142263157896,32.66438318360356,39.84513644481461,47.67454210209522,80.65669542800764,22.257371347478454,47.92324953377295,3782.6467267763337,5675.567314984969,151.76802970155768,1.2024440186834455,1.0897247358851685,18.353889352631583,31.010571872536463,37.56233250464281,45.65046985692815,76.45744507586065,22.476984315825266,48.10177103767007,4372.2205005724,6037.045908916631,82.63832202874399,1.0694832355525046,1.0897247358851685,17.628750173684214,31.46154558355364,38.485844523330925,42.125275568250444,71.57080154539896,22.87075810471544,48.35265528707123,4437.217236090082,6224.566258946072,39.24512190130572,1.100400386564318,1.0897247358851685,17.350533684210525
37.476145129914926,45.39582536557803,62.920546877060616,103.01364126684443,21.474297669043402,42.17199214611918,3836.6665127281935,5193.467085760652,702.4235109276007,2.486226436765324,0.7483314773547882,21.00086363157895,38.06015688245168,45.83106161821455,60.621365005108586,99.41081358890624,23.896357977310938,45.90177063966186,3912.6397995904867,5087.059432784232,1137.069279009242,3.0994127329600984,0.7071067811865476,21.421970789473683,38.97592684195725,47.18665727206539,59.10841614789855,97.09441942648317,24.401736890675913,45.319653453652805,4790.333687479054,5497.412209371417,1401.2039587376787,2.278679468720297,1.0897247358851685,21.949232473684212,39.54604451809452,47.99007345856615,61.4758508122232,98.81957283642166,24.638416288511124,44.69053355569019,5298.873748768936,5233.311037703535,1397.2748626342695,1.900465650895384,0.82915619758885,22.20168910526316,40.77053851369187,49.3825325331531,61.857492321271444,99.49136540559498,24.239596037290514,43.682498421198346,4758.074525887826,5084.649343489971,1419.2206928052935,1.9866726203694913,0.82915619758885,22.512009210526315,40.67455465729615,49.23294816177128,62.02097570113605,100.78224832781032,24.914222330187407,44.01196080249968,4368.933314807894,4998.096481911158,1424.0110925204094,2.2071847520994585,1.0897247358851685,22.497253684210524,40.38951829143607,48.52366320788347,62.19406993148378,100.05867164662226,23.92446416421816,43.54487277233157,4037.3212972062156,5076.554275274844,1477.9474609259905,2.075374532457132,1.0897247358851685,22.562909421052627,40.617101589521084,48.46125363859412,63.722308232024076,102.50549262085734,23.513791067290242,42.92838153652991,3943.140336637169,4996.204629199722,1473.3916030964617,1.9767398483244236,1.0897247358851685,22.85755763157895,39.947268276369066,47.28596810362814,64.35208105677225,102.47894134868964,23.860102799376275,43.30844604132975,4136.458652595217,5100.376236645316,1571.1841925563251,2.3321622960324495,1.0897247358851685,22.707433842105264,39.1836762318702,47.656444042894435,63.35483485047611,100.86554023146614,24.40192776284908,44.187985371976886,4048.5692582876572,5064.450409717837,1527.3541507821824,2.473846520713407,1.0897247358851685,22.385088052631584,41.14848421985749,50.31769737973203,63.30404375260695,100.69772343384186,23.10845441659082,43.42803151801629,3207.117975351219,4629.549512759549,1375.5443637829853,2.5479942060996605,1.0897247358851685,22.68378013157894,44.155363738290326,52.94722529525401,66.66945112313357,104.36235896349221,23.3255662786216,43.27858717599277,3109.081067518537,4523.418007817111,1190.6412954522607,2.0604286482931577,0.4898979485566356,23.14285402631579
67.42214423420346,85.78159155522114,87.11742487709209,145.69588504369605,10.255236860960594,24.36565761742939,735.0,1039.4469683442248,0.0,0.0,0.0,27.446038421052634,53.387145399591255,66.36838721971927,75.841210894927,124.55196999442657,11.93818252734038,26.470611748993818,898.4354827229901,1639.4349324137659,832.1949406544641,2.095788946437943,0.0,25.086403873684212,20.724298133386863,24.531519367761536,37.01554051755124,54.69661468758119,17.137018286809987,35.4012580046265,7774.000261751553,6682.7228366940635,1598.1572366673845,8.987200172721405,1.1055415967851334,14.947390789473678,14.884325415867412,19.52630655810835,28.010249403307867,39.3716386114684,18.24624313898047,36.53066067461928,9206.110090374903,7191.6730152651,2007.3060448274437,6.246613210601803,0.4517539514526256,12.941139447368423,15.760875653083799,22.777901237413225,31.607948864368144,44.81870660235624,17.45817881198876,36.916521846316705,4761.361439318407,3457.931236446129,3465.5382206933787,4.751841498225434,3.0,16.015892684210527,18.976731742329413,24.632613391831814,30.829346832089612,43.8740509198052,17.137824244166723,35.26981621602305,5888.9814596135775,3461.935977729991,4649.083690971249,4.071642548950184,0.4714045207910317,17.741080021052632,17.8094423708308,24.041564592357723,29.231674961080532,41.88531444173421,16.855299781308272,34.97518236914277,6488.121762154817,3428.9756573947366,4717.540464361965,3.754518033824836,0.4714045207910317,17.65879473473684,17.933969128711087,24.436230110665406,30.213101851980834,43.699921419669714,16.770193503523817,34.99658688783416,6603.419628821475,4149.955823887757,4514.869757965707,3.8289569193654835,0.4714045207910317,17.788526505263157,17.616861821705978,23.73418717897955,29.3818817453641,41.73456210342858,16.83684259814996,35.87527769103671,6001.583122351704,3993.9469292059935,4515.132462943998,4.087706878514043,0.816496580927726,17.64746882105264,17.16918128360927,23.053411004568844,28.615186110443744,39.30164705900964,17.68144044090319,36.36372012194649,6140.878608673661,4161.9800920830285,4529.929353167685,3.883335139790595,0.9428090415820634,17.42299945105263,17.496148386603476,23.394550574154334,28.83534226018505,39.76364313635528,17.18954653684158,36.123841866163325,6122.083214642256,4398.350571675257,4472.432965793726,3.9551690293524855,0.4714045207910317,17.432067368421055,20.646161977835327,25.004967284157882,29.84679976700112,42.359881816098635,16.966816332855277,35.897427804380726,6448.459015930131,3874.301142103474,4343.458889000375,5.456152078009174,0.5,17.728874915789476
69.50832007943883,88.43584538088878,89.8130120545984,150.20400681259943,10.572554378365366,25.1195797442337,735.0,1039.4469683442248,0.0,0.0,0.0,28.295273684210525,69.50832137235182,88.43584702586958,89.81301372519565,150.20400960651972,10.572554575023732,25.11958021147892,735.0,1039.4469683442248,0.0,0.0,0.0,28.29527421052632,69.5083226652648,88.43584867085038,89.8130153957929,150.20401240044006,10.572554771682096,25.119580678724144,735.0,1039.4469683442248,0.0,0.0,0.0,28.295274736842106,69.50832395817777,88.43585031583117,89.81301706639016,150.2040151943604,10.572554968340462,25.11958114596936,735.0,1039.4469683442248,0.0,0.0,0.0,28.295275263157894,69.50832525109075,88.43585196081197,89.81301873698739,150.20401798828073,10.572555164998828,25.119581613214585,735.0000000000001,1039.4469683442248,0.0,0.0,0.0,28.29527578947368,69.50832654400372,88.43585360579276,89.81302040758463,150.20402078220104,10.5725553616572,25.119582080459814,735.0,1039.4469683442248,0.0,0.0,0.0,28.295276315789472,69.5083278369167,88.43585525077357,89.81302207818187,150.20402357612136,10.572555558315564,25.119582547705033,734.9999999999999,1039.4469683442248,0.0,0.0,0.0,28.295276842105267,69.50832912982965,88.43585689575434,89.81302374877914,150.20402637004173,10.572555754973935,25.11958301495026,734.9999999999999,1039.4469683442248,0.0,0.0,0.0,28.295277368421054,69.50833042274262,88.43585854073515,89.8130254193764,150.20402916396205,10.572555951632296,25.119583482195477,735.0,1039.4469683442248,0.0,0.0,0.0,28.29527789473684,69.5083317156556,88.43586018571594,89.81302708997364,150.20403195788236,10.572556148290662,25.119583949440695,735.0,1039.4469683442248,0.0,0.0,0.0,28.29527842105263,69.50832137235182,88.43584702586958,89.81301372519565,150.20400960651972,10.572554575023732,25.11958021147892,735.0,1039.4469683442248,0.0,0.0,0.0,28.29527421052632,69.50832150164317,88.43584719036768,89.81301389225537,150.20400988591177,10.57255459468957,25.119580258203445,735.0000000000001,1039.446968344225,0.0,0.0,0.0,28.295274263157896
