mfcc_0_wavelet_mean_l0,mfcc_0_wavelet_std_l0,mfcc_0_wavelet_energy_l0,mfcc_0_wavelet_mean_l2,mfcc_0_wavelet_std_l2,mfcc_0_wavelet_energy_l2,mfcc_0_mod_mean_freq,mfcc_0_mod_std_freq,mfcc_0_mod_entropy,mfcc_0_temporal_peak_valley_ratio,mfcc_0_temporal_rhythm_strength,mfcc_1_wavelet_mean_l0,mfcc_1_wavelet_std_l0,mfcc_1_wavelet_energy_l0,mfcc_1_wavelet_mean_l2,mfcc_1_wavelet_std_l2,mfcc_1_wavelet_energy_l2,mfcc_1_mod_mean_freq,mfcc_1_mod_std_freq,mfcc_1_mod_entropy,mfcc_1_temporal_peak_valley_ratio,mfcc_1_temporal_rhythm_strength,mfcc_2_wavelet_mean_l0,mfcc_2_wavelet_std_l0,mfcc_2_wavelet_energy_l0,mfcc_2_wavelet_mean_l2,mfcc_2_wavelet_std_l2,mfcc_2_wavelet_energy_l2,mfcc_2_mod_mean_freq,mfcc_2_mod_std_freq,mfcc_2_mod_entropy,mfcc_2_temporal_peak_valley_ratio,mfcc_2_temporal_rhythm_strength,mfcc_3_wavelet_mean_l0,mfcc_3_wavelet_std_l0,mfcc_3_wavelet_energy_l0,mfcc_3_wavelet_mean_l2,mfcc_3_wavelet_std_l2,mfcc_3_wavelet_energy_l2,mfcc_3_mod_mean_freq,mfcc_3_mod_std_freq,mfcc_3_mod_entropy,mfcc_4_wavelet_mean_l0,mfcc_4_wavelet_std_l0,mfcc_4_wavelet_energy_l0,mfcc_4_wavelet_mean_l2,mfcc_4_wavelet_std_l2,mfcc_4_wavelet_energy_l2,mfcc_4_mod_mean_freq,mfcc_4_mod_std_freq,mfcc_4_mod_entropy,mfcc_5_wavelet_mean_l0,mfcc_5_wavelet_std_l0,mfcc_5_wavelet_energy_l0,mfcc_5_wavelet_mean_l2,mfcc_5_wavelet_std_l2,mfcc_5_wavelet_energy_l2,mfcc_6_wavelet_mean_l0,mfcc_6_wavelet_std_l0,mfcc_6_wavelet_energy_l0,mfcc_6_wavelet_mean_l2,mfcc_6_wavelet_std_l2,mfcc_6_wavelet_energy_l2,mfcc_7_wavelet_mean_l0,mfcc_7_wavelet_std_l0,mfcc_7_wavelet_energy_l0,mfcc_7_wavelet_mean_l2,mfcc_7_wavelet_std_l2,mfcc_7_wavelet_energy_l2,mfcc_8_wavelet_mean_l0,mfcc_8_wavelet_std_l0,mfcc_8_wavelet_energy_l0,mfcc_8_wavelet_mean_l2,mfcc_8_wavelet_std_l2,mfcc_8_wavelet_energy_l2,mfcc_9_wavelet_mean_l0,mfcc_9_wavelet_std_l0,mfcc_9_wavelet_energy_l0,mfcc_9_wavelet_mean_l2,mfcc_9_wavelet_std_l2,mfcc_9_wavelet_energy_l2
187.75272419754054,139.86766385505265,436602.0510951902,83.82329822418411,162.22792871809995,298246.13492691173,735.0000000000002,1039.446968344225,0.6365141682948128,0.0,0.0,187.7527612667052,139.86769146997798,436602.22349721525,83.82331477392879,162.22796074774868,298246.2526960278,735.0000000000001,1039.446968344225,0.6365141682948128,0.0,0.0,187.7527983358699,139.86771908490337,436602.3958992744,83.82333132367346,162.22799277739745,298246.3704651672,735.0,1039.4469683442248,0.6365141682948128,0.0,0.0,187.75283540503452,139.8677466998287,436602.5683013673,83.82334787341813,162.2280248070462,298246.48823432985,735.0,1039.446968344225,0.6365141682948128,187.7528724741992,139.86777431475403,436602.74070349435,83.82336442316279,162.2280568366949,298246.60600351554,735.0,1039.4469683442248,0.6365141682948128,187.75290954336387,139.8678019296794,436602.91310565535,83.82338097290744,162.22808886634363,298246.72377272445,187.75294661252852,139.86782954460477,436603.0855078508,83.82339752265212,162.22812089599236,298246.84154195676,186.74245456394314,138.15963234084066,431686.62676098116,83.2694923803718,159.4098565373264,287828.1104640221,186.66040573850483,138.28655752573954,431722.23250226345,83.15359291793658,158.87620967027024,285833.10176429705,187.7529836816932,139.8678571595301,436603.2579100799,83.82341407239676,162.22815292564107,298246.95931121224
218.43602093663753,162.72539363027298,590965.0414261998,97.52203492190793,188.73986188711947,403692.65109993465,735.0,1039.4469683442248,0.6365141682948128,0.0,0.0,218.436024643554,162.72539639176549,590965.0614838629,97.52203657688239,188.7398650900843,403692.6648014745,735.0,1039.446968344225,0.6365141682948128,0.0,0.0,218.43602835047042,162.72539915325802,590965.0815415261,97.52203823185687,188.73986829304923,403692.67850301514,734.9999999999999,1039.4469683442248,0.6365141682948128,0.0,0.0,218.4360320573869,162.7254019147506,590965.1015991902,97.52203988683132,188.73987149601408,403692.69220455573,735.0,1039.4469683442248,0.6365141682948128,218.43603576430337,162.7254046762431,590965.1216568543,97.52204154180579,188.73987469897892,403692.7059060963,735.0,1039.4469683442248,0.6365141682948128,218.43603947121983,162.72540743773564,590965.1417145188,97.52204319678027,188.73987790194383,403692.71960763744,218.4360431781363,162.72541019922818,590965.1617721837,97.52204485175471,188.73988110490862,403692.7333091785,218.18412270377866,162.44833163486695,590156.5051694466,97.45385547886141,188.17940822298175,401257.7991748145,218.11964952091026,162.37365265111666,589989.2904455634,97.45910944679665,188.058807732919,400734.6713571789,218.43604688505272,162.7254129607207,590965.1818298486,97.52204650672918,188.7398843078735,403692.74701071996
181.25088538783575,135.0240749859041,406886.7530689525,80.92051438506368,156.6100084058088,277947.39202752395,735.0,1039.4469683442248,0.6365141682948128,0.0,0.0,181.25088575852737,135.02407526205334,406886.75473327003,80.92051455056114,156.6100087261053,277947.3931644318,735.0,1039.4469683442248,0.6365141682948128,0.0,0.0,181.25088612921903,135.0240755382026,406886.75639758765,80.92051471605859,156.6100090464018,277947.3943013397,735.0000000000001,1039.4469683442248,0.6365141682948128,0.0,0.0,181.09190655356457,134.82680310471065,405995.47314900067,80.93651269898507,156.62251470678635,277992.19425216713,733.3066967485379,1038.8533766289734,0.635998377717317,181.25088649991068,135.02407581435187,406886.7580619054,80.92051488155603,156.6100093666983,277947.3954382476,734.9999999999999,1039.4469683442248,0.6365141682948128,181.0669550848269,135.01246662326793,405895.9356347321,80.92743033604584,156.6221328315228,277990.4437976202,180.18312757380227,134.98599862263447,401045.84005345893,80.96058894455098,156.6818502703551,278202.5215538419,180.56155042702792,134.99840204086576,403112.8122759897,80.9463916892872,156.6563429624948,278111.9260982962,180.99222200611695,135.0077610506911,405493.85652606224,80.93024823886493,156.62707529094496,278007.99512541405,181.25088687060236,135.02407609050113,406886.759726223,80.92051504705348,156.6100096869948,277947.3965751555
230.7452448251729,171.8952333570555,659445.330196341,103.01755968367577,199.37565907248253,450472.04985250824,735.0000000000001,1039.446968344225,0.6365141682948128,0.0,0.0,230.74524853208936,171.895236118548,659445.3513842858,103.01756133865021,199.37566227544735,450472.06432615226,734.9999999999995,1039.4469683442248,0.6365141682948128,0.0,0.0,230.74525223900577,171.89523888004058,659445.3725722311,103.0175629936247,199.37566547841223,450472.07879979647,735.0,1039.4469683442248,0.6365141682948128,0.0,0.0,230.74525594592228,171.8952416415331,659445.3937601768,103.01756464859918,199.37566868137714,450472.093273441,735.0,1039.4469683442248,0.6365141682948128,230.7452596528388,171.89524440302566,659445.4149481229,103.01756630357366,199.3756718843421,450472.10774708615,734.9999999999999,1039.4469683442248,0.6365141682948128,230.74526335975526,171.89524716451822,659445.4361360694,103.0175679585481,199.37567508730692,450472.12222073105,230.74526706667172,171.8952499260107,659445.4573240157,103.0175696135226,199.3756782902718,450472.13669437624,230.74527077358815,171.89525268750322,659445.4785119628,103.01757126849705,199.37568149323664,450472.15116802184,230.74527448050458,171.89525544899575,659445.4996999099,103.01757292347149,199.37568469620146,450472.16564166726,230.74527818742112,171.89525821048832,659445.520887858,103.01757457844599,199.3756878991664,450472.1801153134
102.35788899776298,80.6860316398751,134385.8586638567,74.84067949521935,147.25950231052497,254578.72541197215,2463.100428047243,3890.211873263624,1.3418115805558326,3.902684040394687,0.7071067811865476,91.68016947576277,71.40775653639169,108034.56934932139,72.65924397027841,141.75057968710578,236505.23507582236,3608.785077636507,5008.336857317842,1.4666966861175634,3.545989745967049,0.7071067811865476,87.2154959417548,66.14271557720987,95851.21245035144,74.19440567684009,143.86932813524936,242956.50289250677,4385.854243197386,5334.758149552686,1.4834691012138743,3.7226477269453455,0.4330127018922193,87.59884991828707,63.61513075041475,93763.54693919157,75.70905107095885,146.2402863819603,250295.81279197693,4539.020421789065,5119.409319038672,1.5551860579574122,93.52035388320171,65.32139051055422,104103.52518937284,72.74505042800526,145.90934212559873,249621.89180593216,3767.0549207120325,4923.434012631409,1.475793984217528,96.2613007802889,73.22360779111109,117023.47812687772,71.83309800675468,147.3451959501179,254233.5570870262,99.48499642297816,79.53111282353197,129779.69936183479,72.85212127859563,147.87929145428075,256262.51205703572,98.89069908745489,75.57524380907189,123927.90274244969,75.60108533870508,148.13769780280086,256854.7494338975,100.9304052438852,75.42772610662577,126826.18918390671,76.64750638875691,147.4492765921318,254037.97284496477,104.68048244671377,76.39452359605221,134353.0131259562,78.8997456202243,148.5204312436622,257757.50545505903
199.63948935094683,148.72279008507923,493635.2652285398,89.1302138209266,172.49870001176544,337205.95116016595,735.0,1039.4469683442248,0.6365141682948128,0.0,0.0,199.63948972163845,148.72279036122848,493635.2670617086,89.13021398642404,172.49870033206196,337205.9524124174,735.0,1039.4469683442248,0.6365141682948128,0.0,0.0,196.34081074173127,148.89101310757744,472770.71306621225,89.32025863497645,172.68593143022017,337941.81268719345,738.453454562504,1041.5580400831714,0.63856961867468,1.3590067640776244,0.0,195.68620305582257,149.27274013826312,467303.25983490853,89.55426962980926,172.61522011941574,337671.6023026823,751.1730130739932,1057.436956366764,0.6508118460908332,197.55540852954908,149.24622516585862,478627.473778311,89.38640094826141,172.5282558741001,337331.5663852001,747.4537383766357,1051.3484374280927,0.646548736991663,196.89930044607178,148.99214473074923,475713.782871153,89.31929946691271,172.63439484967768,337741.5772416749,196.51359905529307,148.66208527003332,474194.0858188559,89.26725262533874,172.68482829827028,337949.85883259744,196.09812417884257,148.57812507958795,471931.52734727005,89.28993052984139,172.71516403166677,338068.6712078192,196.31472163330486,148.52032062943871,474087.0896910445,89.25310149752235,172.71930878474348,338069.8755167658,196.10139450560146,148.28491187852046,473782.21959882067,89.2613300105653,172.72023990689115,338073.26351210254
235.80201638865856,175.66230959126904,688665.4678017858,105.27518482668923,203.74496758851637,470432.5449555338,735.0,1039.4469683442248,0.6365141682948128,0.0,0.0,235.80201675935018,175.66230986741826,688665.4699670133,105.27518499218665,203.74496790881287,470432.546434617,735.0,1039.4469683442248,0.6365141682948128,0.0,0.0,235.80201713004186,175.66231014356754,688665.4721322411,105.27518515768413,203.7449682291094,470432.5479137005,735.0,1039.4469683442248,0.6365141682948128,0.0,0.0,235.80201750073348,175.6623104197168,688665.4742974689,105.27518532318155,203.74496854940583,470432.54939278355,735.0,1039.4469683442248,0.6365141682948128,235.80201787142505,175.66231069586598,688665.4764626963,105.27518548867894,203.74496886970223,470432.5508718665,735.0,1039.4469683442248,0.6365141682948128,235.8020182421168,175.6623109720153,688665.4786279246,105.27518565417645,203.74496918999878,470432.55235095025,235.8020186128084,175.66231124816454,688665.4807931521,105.27518581967385,203.74496951029522,470432.5538300333,235.8020189835001,175.66231152431382,688665.4829583801,105.27518598517133,203.74496983059177,470432.55530911684,235.8020193541917,175.66231180046302,688665.4851236077,105.27518615066874,203.7449701508882,470432.5567882001,235.80201972488334,175.66231207661227,688665.4872888352,105.2751863161662,203.74497047118473,470432.5582672834
196.94680376410807,146.7168557150881,480409.0184058859,87.92804864364764,170.17208234318596,328171.002779711,735.0,1039.4469683442248,0.6365141682948128,0.0,0.0,191.37816238714882,146.29813223563366,448863.99921980896,88.13613736031547,170.53668483938444,329579.2490509954,736.4714164587361,1039.979319018215,0.6370061456871094,0.0,0.0,181.74568980948487,144.40700089987578,402042.42712515814,88.48375988612413,171.11490483290186,331819.4151587149,741.2017410829965,1041.8655304710326,0.6388818517461003,0.0,0.0,179.38437402149788,142.9191676373576,394330.45513680996,88.53725134527211,171.21494117869446,332208.21392093715,743.1157133076196,1042.8694060264736,0.6399914786801393,182.50004115139387,143.49181029604063,408918.27090932906,88.4217149133937,171.0284620417353,331484.75874534843,740.5234858047756,1041.8031310123763,0.6389460590289789,185.4780536826141,144.68536610403132,421207.5763599987,88.33004783295436,170.87358358636922,330883.69841206755,183.38476052889368,144.6898723278789,409727.8712391019,88.41169980089411,171.01743909208702,331441.1842945949,178.82406812507196,142.3845033652013,393026.9808257702,88.54009142986385,171.23237472676854,332276.0885915619,178.14448604446991,141.61923021602942,392155.5843141434,88.5622843304096,171.24340000357319,332319.33709560294,180.70438678609233,142.38159015919373,403123.9680744488,88.47097908291116,171.10239457127133,331771.760251804
43.214931505181646,31.791820764354313,23026.00138008297,53.09841124903714,103.46584361313242,123770.6961216201,8582.856034278591,6769.794896304079,1.9319952503059041,2.2491240445724214,0.4714045207910317,37.05328028995274,23.695292287417484,15475.299654655573,47.709394298160774,97.7737131900395,111537.63175020859,11045.00854045913,6625.848708388343,1.7290598850541394,2.0938689375392143,0.39999999999999997,42.54077511040954,26.384415943103654,20046.839613225136,47.38038028951413,97.81399016862419,111444.14348355313,11310.754074616363,6493.689930391916,1.6720726950794345,1.893211021494748,0.9797958971132712,43.605676010231406,31.927986096428693,23366.810211864118,47.652146107618364,97.19756062996443,110386.57497764692,10663.422485121404,6623.7210571149735,1.7975861422675126,43.89086293341896,30.515614660915336,22212.916793953274,48.54137865577005,99.52627668211521,116164.16976877843,11389.907782615273,6205.707168873943,1.792349375493964,42.73582246965569,28.17643460686315,20117.70829495384,48.95470192859638,99.99431650703974,117399.93303623886,47.651637105655226,28.60910647497377,24713.275937163555,48.85775270409407,99.20712945806847,115804.11700717981,48.73032244686789,27.926085297384446,25236.084526500064,47.545065874998244,95.08477612682765,106079.04613631708,47.33971359358547,24.527358705028146,22741.118465342566,43.795956893839325,85.87557664223573,87092.99277207344,44.65488707359228,21.401741107674727,19616.747695961705,43.31117147735186,83.8741488210368,82587.27897320267
191.3267477089229,142.53015688271245,453382.3985644233,85.41894185564294,165.3160672999472,309708.9161091701,734.9999999999999,1039.4469683442248,0.6365141682948128,0.0,0.0,191.32675141583934,142.53015964420496,453382.4161328052,85.41894351061742,165.31607050291214,309708.92811026383,735.0,1039.4469683442248,0.6365141682948128,0.0,0.0,191.3267551227558,142.5301624056975,453382.4337011875,85.41894516559188,165.316073705877,309708.94011135737,734.9999999999998,1039.4469683442248,0.6365141682948128,0.0,0.0,191.32675882967226,142.53016516719003,453382.45126957016,85.41894682056635,165.31607690884186,309708.9521124514,735.0000000000001,1039.446968344225,0.6365141682948128,191.32676253658877,142.5301679286826,453382.46883795335,85.41894847554082,165.3160801118067,309708.9641135456,734.9999999999999,1039.4469683442248,0.6365141682948128,191.32676624350523,142.53017069017514,453382.48640633683,85.4189501305153,165.31608331477165,309708.9761146401,189.467270020007,142.30830415203368,443307.3332383358,85.48822038917481,165.43407315387367,310151.43411863944,156.99732328795827,126.73530936614405,309990.0373094007,86.77004664576766,167.19802431267496,316933.0673062704,149.85217364781087,121.70694356514247,278708.16900531814,86.82835604849632,167.50375946245816,318233.55097847583,152.58063065751566,122.11858428570659,290770.31375526974,86.32251443851038,167.28389170535962,317459.5839090103
50.977559587377804,33.596497076891396,29819.48957857781,50.44186751000973,96.74048510331565,106872.19562768016,6964.720039028356,6407.3424753139625,2.113794602848668,1.9004376420698956,2.0548046676563256,56.05040891724353,32.08949026584612,33371.069802496364,52.23330733914846,95.77819329709617,104872.02866789325,6707.2627960977425,5466.773875537819,2.0937136366543507,1.6508032122282976,2.357022603955158,62.73972390442336,35.467276637789126,41553.60534163787,55.296559453059594,99.52945458446446,112780.6796506483,7820.753431638057,5879.6752442867955,2.103884192992995,1.3195370731258693,0.4714045207910317,56.42664747079263,36.4498353557031,36100.456338007774,55.74351397199716,99.40734939021542,112049.84942801537,9342.015301655254,5895.661864749794,2.010385513456369,55.601362644742565,36.08713598181616,35150.343290578116,54.515398382093565,98.3824171476859,109765.82183144416,8946.778360149847,6085.133444416158,1.9855106104931446,57.412218755209835,35.022060685457404,36181.66077641544,55.43498075098739,96.58774833234851,105998.35930835872,56.51076236537834,34.36095707957599,34993.133076325794,52.84094054798728,94.62266983052461,102085.03143322321,53.516424748056316,35.389233587248995,32931.24457365797,50.92194331340599,94.70540584259759,102723.39353686456,51.67767826158261,34.11244923829231,30673.932988341738,51.02970564399097,96.32785109442665,106002.63399008881,59.73528738915576,38.791333735775304,40584.577059722644,52.7938970494064,98.5840144685708,110244.44875482148
225.47760531847817,167.97106961998614,629680.2979832046,100.6657913181601,194.82414989967495,430139.33315712225,734.9999999999999,1039.4469683442248,0.6365141682948128,0.0,0.0,225.47760902539466,167.9710723814787,629680.3186874541,100.66579297313459,194.82415310263988,430139.3473003504,734.9999999999999,1039.4469683442248,0.6365141682948128,0.0,0.0,225.47761273231114,167.97107514297124,629680.339391704,100.66579462810905,194.82415630560467,430139.3614435785,734.9999999999998,1039.4469683442248,0.6365141682948127,0.0,0.0,225.47761643922763,167.97107790446378,629680.3600959539,100.66579628308352,194.8241595085696,430139.3755868071,735.0,1039.4469683442248,0.6365141682948128,225.4776201461441,167.9710806659563,629680.3808002044,100.66579793805798,194.82416271153446,430139.38973003573,735.0,1039.4469683442248,0.6365141682948128,225.47762385306052,167.97108342744883,629680.4015044549,100.66579959303243,194.8241659144993,430139.4038732645,225.477627559977,167.9710861889414,629680.4222087061,100.66580124800693,194.82416911746424,430139.4180164939,225.4776312668935,167.97108895043394,629680.4429129576,100.66580290298138,194.8241723204291,430139.43215972336,225.47763497380993,167.97109171192642,629680.4636172091,100.66580455795585,194.824175523394,430139.4463029529,225.4776386807264,167.971094473419,629680.4843214613,100.66580621293029,194.8241787263588,430139.46044618264
222.69897487335868,165.90111004557014,614256.4326145551,99.42525555788536,192.4232714905259,419603.17506923946,735.0000000000001,1039.446968344225,0.6365141682948128,0.0,0.0,222.69897858027514,165.90111280706265,614256.4530636594,99.4252572128598,192.42327469349075,419603.189038176,735.0,1039.4469683442248,0.6365141682948128,0.0,0.0,222.74773055893274,166.0017824547776,613836.8526456427,99.50276956425009,192.18189013777047,418533.2477567805,747.9506725688037,1144.1431260376846,0.6426953189678498,0.982595953962601,0.5,210.97199844880063,158.6994587641024,549075.8090888611,101.94540979266029,188.21771483931067,405034.1409156104,933.6409924438661,1718.2920668195966,0.8016911474007558,111.911091857003,82.11568885479224,154136.63069378893,79.27143955138197,145.88285939939504,249936.05491282413,3288.7602400548835,4713.487243053105,1.5602805091188348,89.1758488748806,64.83807134573638,97250.46014712275,69.82888367522244,128.89748969384308,195855.01056874802,93.74625502291039,68.1283877072992,107438.70033933304,72.00256966764121,134.25142106108214,212378.76139199713,107.57581187601494,75.1931521071644,137812.52339675932,73.29734521547957,143.0893239009138,242405.39098881255,121.4795539836768,78.06177875491592,166807.38670763592,76.61089990893045,147.05063031217773,255954.46727557504,129.49628377467107,86.43423344458093,193921.31378081962,82.72612114351426,152.89841035186356,275550.33952450304
184.14701396420068,137.1815655892033,419993.56785967835,82.21350787098936,159.11241119252233,286900.7554914179,735.0,1039.4469683442248,0.6365141682948128,0.0,0.0,186.49448674679914,139.60695906622453,411006.15624405775,80.79923108029195,155.85627177687556,277156.74832903786,1085.6756176341587,1403.057994126707,0.845601797722268,0.8386175234534964,1.5,171.10997249582087,130.2490267993318,324888.09012201335,78.35222900097949,151.64837580516536,265692.48532516795,1730.7862600554975,2361.3568103726557,1.1400639075331724,1.3690410926901988,1.247219128924647,176.95328106336137,138.1063538586262,340380.0146373959,78.92485321516276,152.4351610385771,266546.5829005181,1512.1588207261482,2335.4532609032026,1.064323400234302,182.44376731408113,140.95581934780247,362414.3953223373,80.26975198933728,153.84303503068838,269868.20422840206,1127.3174853246023,2250.9400028338637,0.8633055971308522,183.4865766059291,141.51418156295657,365641.0274553257,81.87375651273597,152.82957748616244,266871.2669536482,183.80970033196616,142.02292477057205,367117.1876974289,82.03533935235932,152.3581037947143,265175.8542388364,181.71742002612842,140.64516940927442,363960.6652593368,81.00968370992477,151.87429990993994,263386.0989631723,183.6237701248029,142.20533042333872,371750.1659530938,79.88746517549644,151.4227154540169,261204.29613604932,187.04511172471862,145.07224603895685,386962.8482874737,81.21632528162478,152.20938150402634,263596.5201069285
188.22075205679494,140.21632437954187,438781.47741039126,84.03225199032087,162.63232865697555,299734.9173850707,734.9999999999998,1039.4469683442248,0.6365141682948128,0.0,0.0,188.22075242748656,140.2163246556911,438781.4791387089,84.03225215581833,162.6323289772721,299734.91856569774,735.0,1039.4469683442248,0.6365141682948128,0.0,0.0,188.22075279817818,140.21632493184035,438781.4808670265,84.03225232131575,162.6323292975685,299734.9197463243,734.9999999999999,1039.4469683442248,0.6365141682948129,0.0,0.0,188.22075316886986,140.21632520798963,438781.4825953444,84.03225248681319,162.63232961786503,299734.92092695116,735.0,1039.4469683442248,0.6365141682948128,188.22075353956149,140.21632548413888,438781.484323662,84.03225265231065,162.63232993816152,299734.9221075779,734.9999999999999,1039.4469683442248,0.6365141682948128,188.22075391025317,140.2163257602881,438781.4860519797,84.0322528178081,162.632330258458,299734.92328820477,188.2207542809448,140.21632603643738,438781.4877802975,84.03225298330555,162.63233057875453,299734.92446883157,188.2207546516364,140.21632631258663,438781.48950861505,84.032253148803,162.63233089905103,299734.9256494584,188.22075502232806,140.21632658873588,438781.4912369329,84.03225331430045,162.63233121934746,299734.92683008505,188.22075539301972,140.21632686488513,438781.4929652505,84.03225347979787,162.63233153964393,299734.92801071185
213.93172820335087,159.36989024348193,566844.159831201,95.51106717331719,184.84792325568708,387215.4960139876,734.9999999999998,1039.4469683442246,0.6365141682948128,0.0,0.0,213.93172857404252,159.36989051963118,566844.161795607,95.51106733881463,184.84792357598354,387215.497355888,735.0,1039.4469683442248,0.6365141682948128,0.0,0.0,213.93172894473423,159.36989079578046,566844.1637600133,95.51106750431207,184.84792389628,387215.49869778845,734.9999999999998,1039.4469683442248,0.6365141682948128,0.0,0.0,213.93172931542583,159.3698910719297,566844.1657244192,95.51106766980948,184.84792421657642,387215.5000396887,735.0,1039.4469683442248,0.6365141682948128,174.0395266469607,130.49312932631597,376119.28897811426,97.06401455788507,186.01682836927375,393157.1079458957,662.9644029622864,1160.203899372864,0.65263035094625,145.12528061766244,111.59296204158339,261728.45138049088,93.68506099586914,180.78576347168925,374054.58121547126,134.93666600972014,104.90460429450623,221059.12255281245,91.98231030357277,177.2234073117592,360908.90908997116,126.04514007813222,94.76434119523218,183940.14370544988,92.83222673271192,172.97876135887773,344446.2840313613,122.17626155625476,95.28292535044145,173551.34703541006,94.7977962931092,171.1571634404923,336207.3075554581,124.0217799601568,99.73581536344423,174591.25407358597,97.28266878205746,169.29086887513745,328763.0161644815
201.20169145059768,149.88656312262898,501390.997832212,89.82766805518692,173.84852229502985,342503.9502574439,734.9999999999998,1039.4469683442248,0.6365141682948127,0.0,0.0,200.5451929457721,149.88367670981413,497305.1555272654,89.85222700545873,173.8936509626461,342681.82201755326,735.0852267491205,1039.477137640921,0.6365410932919676,0.0,0.0,191.52953238119355,147.34637359657398,451765.8372527864,90.13703006165807,174.42431572583948,344779.3595279908,732.0643467742824,1038.7190191787977,0.6361548286258175,0.0,0.0,186.65863744616456,143.36940644252374,433726.84142692253,90.41250847526238,174.66312218180792,345731.7116947767,714.0682364455549,1035.1969713908607,0.6342570234418191,187.66135876772185,143.49480801299757,437013.30889646505,90.45362154889082,174.63038812526557,345605.49095743627,702.680182735861,1032.210561432081,0.6318661844853372,193.723051276392,147.37741452447602,462866.54363949323,90.13074823561155,174.29968002632512,344289.13861624594,194.47099620934924,148.51671181509585,464997.00061615044,90.05722835353585,174.26596193742128,344152.3308709869,191.3315698614348,145.97454413722338,452975.1692838442,90.25389558337794,174.42245200919703,344774.82772702206,188.222447060104,144.60285013340606,439817.43386244075,90.33433406384026,174.5820017278535,345406.8752932891,187.274136925814,143.7484181087235,436721.3632804574,90.37727193692072,174.62360303561803,345573.0966416027
209.83000659834943,156.3142849459964,545316.2832215423,93.67982965174137,181.30382660941123,372509.6420769562,735.0,1039.4469683442248,0.6365141682948128,0.0,0.0,209.83037728999614,156.31456109524987,545318.2099656988,93.67999514918797,181.3041469058985,372510.95825033716,734.9999999999995,1039.4469683442246,0.6365141682948128,0.0,0.0,209.83074798164282,156.31483724450342,545320.1367132594,93.68016064663458,181.30446720238575,372512.2744260432,734.9999999999997,1039.4469683442248,0.6365141682948128,0.0,0.0,209.85303282495528,156.3568780337641,545178.5425683523,93.71646320373942,181.2208851612134,372163.1299708349,736.7774965579442,1054.455752117758,0.637558087452429,206.17415265582423,153.19022843745043,527274.4083007104,89.2394056049648,170.68612204338947,329409.9284028777,3860.6515529105536,6986.495907774324,1.2141236487734104,204.52184363970406,151.0048887603329,517053.2876424325,87.18599162741539,164.72208255887458,306346.86986511986,202.82198962534608,148.97154454854257,506634.2444860992,84.84221457277904,158.57055682971819,283433.8640547152,202.53827856659925,148.69757278104387,505061.77948556154,84.45473113029439,157.65840751380995,280112.51728064154,204.22003767598434,150.21868634630036,514171.8201279091,86.82556854520413,163.11645543503508,300272.96540577593,208.92469748936202,155.01119278600976,541423.9928797033,93.50407151759991,179.10054843392874,363339.9047971416
176.39138109104275,131.4039543384353,385361.2115251609,78.75096036323652,152.4111488684314,263243.1331914957,735.0,1039.4469683442248,0.6365141682948128,0.0,0.0,176.3913814617344,131.40395461458456,385361.2131448566,78.75096052873394,152.41114918872788,263243.134297922,735.0,1039.4469683442248,0.6365141682948128,0.0,0.0,176.39138183242602,131.40395489073381,385361.2147645522,78.75096069423138,152.41114950902434,263243.1354043482,734.9999999999999,1039.4469683442248,0.6365141682948128,0.0,0.0,176.39138220311764,131.40395516688307,385361.216384248,78.75096085972883,152.41114982932083,263243.1365107745,734.9999999999998,1039.4469683442248,0.6365141682948128,176.39138257380932,131.40395544303234,385361.2180039438,78.75096102522629,152.41115014961736,263243.1376172009,734.9999999999998,1039.4469683442248,0.6365141682948129,176.39138294450098,131.4039557191816,385361.21962363954,78.75096119072374,152.41115046991382,263243.1387236271,176.39138331519263,131.40395599533085,385361.22124333534,78.7509613562212,152.4111507902103,263243.1398300535,175.8780521352654,130.83063669318372,384141.2256244812,78.71200214884384,151.42244348412407,259778.8588248927,175.78653554953542,130.7520550567506,383774.47979044775,78.60806986255652,151.16633365120472,258884.8101106979,176.39138368588428,131.40395627148013,385361.2228630311,78.75096152171865,152.41115111050684,263243.1409364799
217.74525558764765,162.21080330383074,587233.3060431306,97.21363870502861,188.14300539794834,401143.4746776561,734.9999999999999,1039.4469683442248,0.6365141682948128,0.0,0.0,217.74525595833927,162.21080357997997,587233.3080425541,97.21363887052605,188.1430057182448,401143.47604347713,735.0,1039.4469683442248,0.6365141682948128,0.0,0.0,217.74525632903095,162.21080385612925,587233.3100419776,97.21363903602351,188.14300603854127,401143.47740929807,735.0,1039.4469683442248,0.6365141682948128,0.0,0.0,217.7452566997226,162.21080413227853,587233.312041401,97.21363920152092,188.14300635883774,401143.4787751193,734.9999999999999,1039.4469683442248,0.6365141682948128,217.74525707041423,162.21080440842775,587233.3140408243,97.21363936701839,188.1430066791343,401143.48014094064,734.9999999999999,1039.4469683442248,0.6365141682948128,217.74525744110585,162.210804684577,587233.3160402477,97.21363953251583,188.14300699943075,401143.48150676175,217.7452578117975,162.21080496072625,587233.3180396712,97.21363969801328,188.14300731972722,401143.4828725827,217.74525818248918,162.2108052368755,587233.3200390947,97.21363986351074,188.14300764002374,401143.4842384039,217.7452585531808,162.21080551302472,587233.3220385179,97.21364002900819,188.14300796032023,401143.4856042251,217.74525892387246,162.210805789174,587233.3240379414,97.21364019450563,188.1430082806167,401143.48697004607
202.32413092905279,150.7227320162693,507000.79994880385,90.32878770361422,174.81836724657165,346336.04814791726,735.0,1039.4469683442248,0.6365141682948128,0.0,0.0,202.32413463596927,150.72273477776181,507000.818527009,90.3287893585887,174.81837044953653,346336.0608388288,735.0,1039.4469683442248,0.6365141682948128,0.0,0.0,202.32413834288576,150.72273753925438,507000.837105215,90.32879101356315,174.81837365250135,346336.0735297403,734.9999999999997,1039.4469683442248,0.6365141682948128,0.0,0.0,202.32414204980222,150.72274030074692,507000.8556834211,90.32879266853764,174.81837685546628,346336.0862206524,734.9999999999999,1039.4469683442248,0.6365141682948128,202.32414575671865,150.72274306223943,507000.8742616273,90.32879432351211,174.81838005843113,346336.09891156445,735.0,1039.4469683442248,0.6365141682948128,202.32414946363517,150.722745823732,507000.89283983427,90.32879597848655,174.81838326139598,346336.1116024766,202.3241531705516,150.7227485852245,507000.9114180412,90.32879763346102,174.81838646436086,346336.12429338926,202.32415687746808,150.72275134671705,507000.9299962488,90.32879928843549,174.81838966732576,346336.1369843022,202.32416058438454,150.72275410820956,507000.9485744565,90.32880094340995,174.81839287029055,346336.1496752149,202.324164291301,150.72275686970212,507000.96715266467,90.3288025983844,174.8183960732554,346336.1623661281
224.09681600379187,166.94244126560875,621991.7861180948,100.04932987929467,193.6310775143072,424887.2530504056,735.0000000000001,1039.446968344225,0.6365141682948128,0.0,0.0,224.09685307295655,166.94246888053408,621991.9918927082,100.04934642903937,193.631109543956,424887.3936165874,734.9999999999999,1039.4469683442248,0.6365141682948128,0.0,0.0,218.22244375975703,165.03120509144875,582903.5246602308,100.46294868362992,194.04465500412007,426750.5577337077,711.0548344238483,1032.199227874109,0.6310201833998509,3.4770955114856297,0.0,216.3061169581378,163.24539936799118,570834.9180802802,100.81401835988225,194.11771071303295,427115.87168444967,689.00492939665,1026.689303951519,0.6266287389406366,218.18458797995197,163.48993413660097,579722.9591317619,100.87768622176586,193.93519515827793,426347.08143956884,681.7373812928564,1026.5736473334873,0.6255689445587629,219.49689562464866,164.209392694611,587723.3648021751,100.65362937061381,193.87361309067123,426083.1674534218,218.99153150893432,164.0747952702899,591554.7202687592,100.4411608240333,193.809769362056,425841.14730186615,218.38074228635458,164.37595471320006,588794.7723669295,100.65685276517615,193.61657401141935,425154.69997914234,214.96148429171657,162.20739860665233,573455.1840541477,100.76890933035187,193.81335866227758,426011.58064395393,218.6973553660598,164.53069820129957,590570.7325574418,100.52990719454745,193.74161723798625,425588.5062261078
67.24584952160573,43.34225679889219,51204.444018428476,64.88807020381827,125.15115570793917,183729.64999842076,5282.910658318002,5601.029489427755,1.8449659122235678,3.077046994176002,1.0,59.92231268612417,40.210464483389835,41660.520092988736,60.95332607226144,115.40642363835207,159216.101449182,6341.2164736388095,4742.253069166849,1.8589245497438518,2.7200040023435887,2.160246899469287,57.574177963630554,39.78690169074954,39182.268114697355,60.92406742135144,113.735353942602,155816.81931363,6330.3266173489765,4847.003269719577,1.812808836196636,2.5776211037087817,1.247219128924647,51.956271185054575,39.24161832061943,33914.86979100885,61.247020301762916,116.2827147922049,161282.28837940533,6632.99470953011,5111.336255471663,1.9038905051908204,56.273620496958344,39.370527620017775,37734.070471314175,62.90081765247568,117.75099213284366,163584.60189334984,6527.193983264529,5388.953378980539,1.9090225406542298,57.58669900756436,37.45182416169068,37750.9362850081,61.506115365248164,117.93924490151477,162985.41640839347,55.83907002293873,35.38834023959221,34962.69092751837,61.25487578595414,120.93323774256442,171661.5303188072,53.58349635200348,33.52517377435854,31961.026863248866,60.068329837094595,121.09987002702768,172882.32065555762,58.606871384203984,36.90426323651158,38373.520147794945,61.77198679252265,120.96481538996737,172241.45290019314,55.97247657974488,36.37679888753402,35649.517054193486,60.2339032894683,120.73286344475324,171607.87436580943
202.9031142119889,151.15404953531737,509906.68170920556,90.5872781654693,175.3186383300117,348321.0777679579,735.0000000000001,1039.446968344225,0.6365141682948128,0.0,0.0,202.90311791890537,151.1540522968099,509906.70034057536,90.58727982044374,175.31864153297656,348321.09049518633,735.0,1039.4469683442248,0.6365141682948128,0.0,0.0,202.90312162582185,151.15405505830245,509906.71897194564,90.58728147541822,175.3186447359414,348321.1032224151,734.9999999999998,1039.4469683442248,0.6365141682948128,0.0,0.0,202.9031253327383,151.15405781979499,509906.7376033163,90.58728313039269,175.3186479389063,348321.11594964407,735.0,1039.4469683442248,0.6365141682948128,202.90312903965477,151.15406058128752,509906.7562346874,90.58728478536716,175.3186511418712,348321.1286768733,735.0,1039.4469683442248,0.6365141682948128,202.90313274657123,151.15406334278,509906.7748660585,90.58728644034163,175.31865434483606,348321.1414041027,202.90313645348772,151.1540661042726,509906.7934974303,90.5872880953161,175.31865754780094,348321.1541313324,202.90314016040415,151.1540688657651,509906.8121288022,90.58728975029057,175.31866075076582,348321.1668585623,202.90314386732064,151.15407162725765,509906.8307601746,90.58729140526502,175.31866395373066,348321.17958579253,202.90314757423712,151.1540743887502,509906.84939154726,90.5872930602395,175.31866715669557,348321.192313023
205.26088360297655,152.91048581626006,521825.9418303133,91.63991805471355,177.3558713253232,356463.2137322567,734.9999999999999,1039.4469683442248,0.6365141682948128,0.0,0.0,205.26088397366817,152.91048609240934,521825.94371510023,91.639918220211,177.35587164561966,356463.21501976874,735.0000000000001,1039.4469683442248,0.6365141682948128,0.0,0.0,205.2608843443598,152.91048636855857,521825.94559988705,91.63991838570844,177.3558719659162,356463.216307281,735.0,1039.4469683442248,0.6365141682948128,0.0,0.0,205.26088471505145,152.91048664470782,521825.947484674,91.6399185512059,177.3558722862127,356463.2175947931,734.9999999999998,1039.4469683442248,0.6365141682948128,205.2608850857431,152.91048692085707,521825.9493694609,91.63991871670335,177.35587260650917,356463.21888230526,735.0,1039.4469683442248,0.6365141682948128,205.26088545643472,152.91048719700632,521825.9512542478,91.63991888220079,177.35587292680566,356463.2201698173,205.2608858271264,152.91048747315557,521825.9531390349,91.63991904769821,177.35587324710212,356463.22145732935,205.26088619781802,152.91048774930482,521825.9550238218,91.63991921319568,177.35587356739865,356463.2227448416,205.26088656850965,152.91048802545404,521825.9569086086,91.63991937869312,177.3558738876951,356463.22403235367,205.26088693920133,152.91048830160332,521825.9587933958,91.63991954419058,177.3558742079916,356463.2253198658
181.14220230394812,134.94311078626922,406398.93808545335,80.87199218869306,156.51610067871118,277614.1619544561,734.9999999999998,1039.4469683442248,0.6365141682948128,0.0,0.0,181.14220267463978,134.94311106241847,406398.939748773,80.87199235419051,156.51610099900768,277614.16309068224,735.0,1039.4469683442248,0.6365141682948128,0.0,0.0,181.14220304533143,134.94311133856775,406398.94141209265,80.87199251968796,156.51610131930417,277614.1642269084,734.9999999999999,1039.4469683442248,0.6365141682948129,0.0,0.0,181.14220341602305,134.94311161471697,406398.9430754122,80.8719926851854,156.5161016396007,277614.1653631345,734.9999999999999,1039.4469683442246,0.6365141682948129,181.14220378671473,134.94311189086625,406398.94473873207,80.87199285068286,156.51610195989718,277614.1664993607,734.9999999999999,1039.4469683442248,0.6365141682948128,181.14220415740635,134.94311216701547,406398.94640205154,80.87199301618031,156.51610228019365,277614.16763558675,181.14220452809803,134.94311244316475,406398.9480653713,80.87199318167774,156.51610260049011,277614.16877181287,181.14220489878966,134.943112719314,406398.949728691,80.87199334717519,156.51610292078664,277614.16990803904,181.14220526948128,134.94311299546325,406398.95139201055,80.87199351267263,156.5161032410831,277614.1710442651,181.14220564017293,134.9431132716125,406398.9530553302,80.87199367817007,156.5161035613796,277614.1721804913
200.252706007453,149.1796099876884,496672.44255050516,89.40398797197581,173.02855047580334,339280.66976281966,735.0,1039.4469683442248,0.6365141682948128,0.0,0.0,199.63405707881685,149.1836042999932,492810.53271984623,89.42710345351492,173.07139138525764,339448.7226129993,735.0676014387248,1039.470892301666,0.6365355049819288,0.0,0.0,191.7403421042015,148.04652485404822,450096.81112033327,89.71361620404272,173.56452764565515,341386.836089172,737.7042929941233,1040.4622059772344,0.6374885658119168,0.0,0.0,188.89600112739197,147.06793451979217,436738.6154885605,89.88364043755226,173.64120706190815,341706.57999133685,736.4185138873099,1041.3373028573471,0.6382803269366568,186.42087311124556,146.22530595696097,425943.0894579628,90.03917206584015,173.7047623838862,341957.1584791048,739.6577874013299,1046.4922032738618,0.642560780482208,181.38839378735202,144.09982584961503,405076.6903551457,90.10849543047937,174.07896339425213,343422.34327570547,180.75384069251425,144.28703606718895,402410.8846061514,90.07945191612397,174.15636566055863,343721.68913130433,161.46131262698822,130.3776572245987,334067.03122261487,90.61210427561478,175.10052870790693,347568.89634176006,135.8145123257246,113.39779067796724,237773.11448045645,91.5229528513166,176.5705569762304,353669.72053195396,138.8115084583855,116.44706421673807,235904.78135763886,92.30990864009048,176.3961766672158,352883.3275956927
244.65112289500075,182.2545114330085,741323.3920046781,109.22592001239157,211.39104689663523,506403.56782954885,734.9999999999998,1039.4469683442248,0.6365141682948128,0.0,0.0,244.65112326569238,182.25451170915773,741323.3942511618,109.22592017788898,211.3910472169317,506403.56936413865,735.0,1039.4469683442248,0.6365141682948128,0.0,0.0,244.65112363638406,182.25451198530703,741323.3964976458,109.2259203433864,211.3910475372281,506403.5708987283,735.0,1039.4469683442248,0.6365141682948128,0.0,0.0,244.6511240070757,182.25451226145626,741323.3987441293,109.22592050888389,211.39104785752465,506403.5724333184,735.0,1039.4469683442248,0.6365141682948128,244.6511243777673,182.2545125376055,741323.4009906132,109.22592067438131,211.39104817782115,506403.5739679082,734.9999999999999,1039.4469683442246,0.6365141682948128,244.65112474845898,182.25451281375476,741323.4032370971,109.2259208398788,211.39104849811767,506403.5755024984,244.65112511915063,182.254513089904,741323.4054835808,109.22592100537622,211.39104881841416,506403.57703708834,244.6511254898423,182.2545133660533,741323.4077300648,109.22592117087365,211.3910491387106,506403.57857167814,244.6511258605339,182.2545136422025,741323.4099765483,109.22592133637113,211.39104945900712,506403.58010626823,244.65112623122553,182.2545139183518,741323.4122230321,109.22592150186851,211.39104977930353,506403.58164085756
224.2223321953548,167.03594540284521,622688.7340266684,100.10536731471572,193.73952990489101,425363.3433927576,734.9999999999995,1039.4469683442248,0.6365141682948128,0.0,0.0,218.54973895638594,166.15672235057716,587920.4044163817,100.30781695582267,194.0921072425269,426913.76048252464,736.4058443316544,1039.9709920379496,0.6370165848710139,0.0,0.0,191.54002531931096,152.29316031187153,466460.54189721995,101.39001845861327,195.44668001718978,433027.0665396102,734.4190787895137,1041.3099229742418,0.6377207489996878,0.0,0.0,183.31649877331574,147.18736903862393,422211.9908111597,101.20669138046661,195.6265595262246,434059.7441988505,683.611992302976,1033.5623966221242,0.6314955555110477,183.00783943320025,147.05683122853551,424880.8398628335,101.04333610713759,194.88540741661402,431157.0762249503,724.654749942733,1067.4998351997376,0.646559728884725,183.59041834796696,147.384882621027,426808.33499880676,101.15707647916031,195.29104315622843,432478.52670725307,180.9218245261373,145.92457851165258,422768.48926857754,101.4144588501496,195.7481422787224,434525.94120720733,183.02386759989372,148.29834557176704,426493.17480267177,101.21480387736841,195.28027306625532,432647.0464831952,181.71305150067454,146.12210102863494,413478.9151371176,98.25768961273361,192.33547633370162,421217.32400947425,181.65356635946333,145.78962261883743,413046.6224405147,97.51194173006276,190.466469113675,413304.9071751215
200.4012569779401,149.29027403953762,497409.5965287062,89.47030941872896,173.1569060901049,339784.2251728156,734.9999999999998,1039.4469683442248,0.6365141682948128,0.0,0.0,200.4012573486318,149.2902743156869,497409.5983688703,89.47030958422643,173.1569064104015,339784.2264298455,735.0,1039.4469683442248,0.6365141682948128,0.0,0.0,200.4012577193234,149.29027459183615,497409.6002090342,89.4703097497239,173.15690673069798,339784.22768687556,735.0,1039.4469683442248,0.6365141682948128,0.0,0.0,200.40125809001506,149.2902748679854,497409.6020491983,89.47030991522134,173.15690705099445,339784.22894390515,734.9999999999998,1039.4469683442248,0.6365141682948128,200.40125846070674,149.29027514413468,497409.6038893622,89.47031008071879,173.15690737129094,339784.23020093504,735.0,1039.4469683442248,0.6365141682948128,200.40125883139834,149.2902754202839,497409.60572952614,89.47031024621624,173.15690769158743,339784.2314579648,200.40125920209002,149.29027569643316,497409.6075696901,89.47031041171367,173.15690801188393,339784.2327149946,200.40125957278164,149.2902759725824,497409.60940985393,89.47031057721112,173.15690833218042,339784.2339720245,200.40125994347332,149.2902762487317,497409.61125001806,89.47031074270856,173.15690865247694,339784.2352290542,200.40126031416494,149.29027652488094,497409.61309018196,89.470310908206,173.15690897277335,339784.236486084
30.65902394120417,14.203827774023491,9133.79577969161,24.31503340515628,55.09742435501639,36159.83319927214,3264.863729166234,4089.4498347532644,0.4834907892879374,3.8745589570761343,0.0,15.904218119242966,16.209783987045064,2585.5072192290286,34.84441859945537,76.53823421366285,68884.77254012947,1936.5529609918294,3802.564254069158,0.9808951601841162,3.7500548651032894,0.0,186.1466724911347,149.00017837885693,413618.3974472884,89.41800257196064,173.0441005424971,339341.7963736932,735.411286082276,1039.5931652817806,0.6366458086375518,0.0,0.0,186.14667619805113,149.0001811403477,413618.4141832837,89.41800422693507,173.04410374546185,339341.80893580423,735.4112860745923,1039.593165279035,0.6366458086350554,186.14667990496756,149.00018390183848,413618.43091927964,89.41800588190954,173.04410694842673,339341.821497916,735.4112860669085,1039.5931652762895,0.6366458086325588,186.1466829976745,149.00018765719898,413618.44183606154,89.41800828461227,173.04411049508298,339341.835206749,182.2244421397848,145.3900183790926,400102.6674125283,86.84777444574996,164.0787092387504,304466.62908003316,178.46789876954307,142.16079822480694,385347.3212051033,82.97696285232333,154.10505986605114,267883.6568711429,134.13328187138683,110.25861137200378,223244.0564181474,80.33220947097706,152.60853362195502,263924.86399148963,15.271780133505636,12.82056223278087,3133.8871086423887,30.31068206404034,66.0974778782689,51520.78302014128
212.06625585372524,157.98019397865536,557001.5643263903,94.67821616803899,183.23606001027153,380491.94522077614,734.9999999999999,1039.4469683442248,0.6365141682948128,0.0,0.0,212.05202569007614,157.95913214927992,556892.1646264879,94.70031987623005,183.23319124309992,380484.96131454763,736.4969692040626,1039.9953033990457,0.637023678861964,0.9069914607686297,0.0,197.30557995719232,152.30168996886712,485102.47944907594,94.50622388927916,183.47239400647067,381800.5170591668,867.6674886735344,1142.838346675362,0.7194042457084553,93.9377319665277,0.0,188.67854703916723,148.02730836097456,445009.0693909994,94.4102862629173,182.52305034138007,378773.7528161516,1011.3681335528827,1339.1066013910681,0.8239431599598679,193.1543717787037,151.1828655912935,460609.7550733887,95.34908288478097,181.90759073368545,376180.0029124869,1156.184735072111,1530.3752234766334,0.9181860432238736,197.01991262528185,152.5196570316457,473235.17511846486,96.68846984875626,182.77677642949754,378708.9482712461,194.01222996636056,150.18793315379492,465846.08937325125,97.26561837122223,183.12757403815277,380050.50116215734,191.53208803004424,149.1743012664141,455931.6719629822,97.02578823820565,182.9291221557827,379475.1002901713,188.6874409414411,148.09564857364228,440899.2007390251,96.70339395621774,182.95623539718383,379799.8048950995,187.36449231131002,147.82452553510933,434532.097785599,97.14758166545546,183.4369251987161,381587.25732387847
216.66641315375756,161.4071123238951,581428.699596016,96.7319832112967,187.2108305162723,397178.30448827834,734.9999999999998,1039.4469683442248,0.6365141682948128,0.0,0.0,216.66641686067396,161.4071150853876,581428.7194911866,96.73198486627118,187.21083371923726,397178.3180788188,735.0000000000001,1039.446968344225,0.6365141682948128,0.0,0.0,216.66642056759048,161.40711784688014,581428.7393863576,96.73198652124563,187.21083692220202,397178.33166935906,734.9999999999999,1039.4469683442248,0.6365141682948128,0.0,0.0,216.66642427450694,161.40712060837268,581428.7592815291,96.73198817622011,187.21084012516695,397178.34525990003,735.0000000000001,1039.446968344225,0.6365141682948128,216.6664279814234,161.40712336986522,581428.7791767007,96.73198983119457,187.21084332813183,397178.35885044094,735.0,1039.4469683442248,0.6365141682948128,216.66643168833988,161.40712613135776,581428.7990718728,96.73199148616902,187.21084653109668,397178.37244098185,216.66643539525634,161.40712889285032,581428.8189670453,96.73199314114352,187.2108497340616,397178.38603152364,216.66643910217277,161.40713165434283,581428.8388622181,96.73199479611797,187.21085293702646,397178.39962206536,216.66644280908926,161.40713441583534,581428.8587573911,96.73199645109244,187.21085613999134,397178.41321260727,216.66644651600575,161.40713717732788,581428.8786525645,96.73199810606691,187.21085934295618,397178.4268031494
196.113800323374,146.09630415858385,476353.75013244385,87.55614940153087,169.45232488889116,325400.8186140344,735.0,1039.4469683442248,0.6365141682948128,0.0,0.0,196.11380069406565,146.0963044347331,476353.7519332386,87.55614956702831,169.45232520918762,325400.81984417065,735.0,1039.4469683442248,0.6365141682948128,0.0,0.0,196.1138010647573,146.09630471088238,476353.7537340335,87.55614973252575,169.4523255294841,325400.82107430714,735.0,1039.4469683442248,0.6365141682948128,0.0,0.0,196.1138014354489,146.0963049870316,476353.7555348282,87.55614989802322,169.4523258497806,325400.8223044437,735.0,1039.4469683442248,0.6365141682948128,196.11380180614054,146.09630526318085,476353.757335623,87.55615006352065,169.45232617007707,325400.82353458,735.0,1039.4469683442248,0.6365141682948128,196.11380217683222,146.09630553933013,476353.759136418,87.55615022901809,169.45232649037357,325400.8247647165,196.11380254752385,146.09630581547935,476353.76093721256,87.55615039451554,169.45232681067006,325400.82599485293,194.861538764053,144.64225509632428,471139.2099907574,86.68647775837017,166.03117417956295,312160.69207707205,194.72742967401697,144.40897578544087,470181.79323879426,86.49848635324034,165.42601746378364,309846.17189288326,196.10495189766715,146.0869261341851,476323.51314973895,87.55079597379904,169.43029613631148,325314.7966836504
105.73135109930205,63.298794376506144,121486.84779842467,65.67011893922484,126.12335007906569,191753.21136382275,3074.2163961762467,2915.7984936851904,1.4747874095005986,1.3847026115525776,1.632993161855452,96.75770074180679,57.35521190875413,101213.38388751305,63.654454648224416,124.22764804540046,186114.51350243072,3534.6712771502753,3404.773631709899,1.5545672314160492,1.5429511994998435,1.4142135623730951,98.98278862864856,62.89592255459648,108807.12681273007,63.88746841469926,127.02960418868877,194053.2157147882,3498.3320261572767,3326.246845731231,1.5131667876918182,1.233321848101425,1.299038105676658,95.4343521093318,62.7565985849089,102940.07265013838,68.07613360580737,129.52492679923066,203288.32593180807,3785.6175321170053,3049.6474844243767,1.5500580328831444,93.43616867470118,62.47729384843003,100021.4980727098,69.6955290496274,132.72281981272386,213182.40646970362,3657.3011858489735,3277.911450569383,1.5935499225042649,91.81773494711551,59.86012394100514,95072.49696340263,69.42023631129987,134.93554763933432,219788.80120788494,90.56950188472626,52.49936162484905,87672.14114131284,68.506101480572,135.73727300709822,222739.85389976538,82.88341052048742,46.91564314020177,72565.89848613126,66.77334585929583,134.6729046348268,219444.83896479345,84.19962578561855,49.698526640329824,76476.16426126218,65.48492174861819,132.4943391787911,211502.68718977665,89.8806222954243,57.01049235565125,88752.47701454586,65.69160660898517,132.1029840395754,209622.93525209688
238.7475507476919,177.85660536707528,705977.9345410779,106.59023581229863,206.29005949105098,482258.8208012212,735.0,1039.4469683442248,0.6365141682948128,0.0,0.0,238.74755445460832,177.85660812856779,705977.9564638261,106.5902374672731,206.29006269401577,482258.8357768148,735.0,1039.446968344225,0.6365141682948128,0.0,0.0,238.7475581615248,177.85661089006035,705977.9783865751,106.59023912224757,206.29006589698068,482258.8507524089,734.9999999999999,1039.4469683442248,0.6365141682948128,0.0,0.0,238.74756186844127,177.85661365155286,705978.0003093242,106.59024077722202,206.29006909994553,482258.8657280032,735.0,1039.4469683442248,0.6365141682948128,238.74756557535778,177.85661641304543,705978.022232074,106.5902424321965,206.2900723029105,482258.88070359797,734.9999999999999,1039.4469683442248,0.6365141682948128,238.74756928227424,177.856619174538,705978.0441548239,106.59024408717096,206.2900755058753,482258.89567919273,238.74757298919064,177.85662193603048,705978.0660775737,106.59024574214546,206.2900787088402,482258.9106547879,238.74757669610716,177.85662469752302,705978.0880003243,106.59024739711988,206.29008191180506,482258.92563038296,238.7475804030236,177.85662745901553,705978.1099230752,106.59024905209438,206.29008511477,482258.94060597854,238.74758410994005,177.8566302205081,705978.1318458263,106.59025070706882,206.29008831773484,482258.95558157424
191.79330021542356,142.87771833317274,455596.25106696907,85.6272369419422,165.71919245880358,311221.21535404626,735.0,1039.4469683442248,0.6365141682948128,0.0,0.0,191.79330392233996,142.87772109466525,455596.26867819147,85.62723859691664,165.7191956617684,311221.2273844043,735.0,1039.446968344225,0.6365141682948128,0.0,0.0,182.70955135760212,139.9787790048535,402477.01498753694,86.27582220800464,166.3943319999471,313829.7939761665,681.3068052174507,1026.9177194967658,0.6273731944794583,5.49603767563593,0.0,165.48530715712369,130.64317856232682,326132.2860047364,87.21109623880325,167.47345841480572,318018.2408713186,609.7259265556629,1052.9608463775296,0.6303970768669662,163.4693331363473,129.50474892722448,319154.60641597956,87.119492346133,167.58035119699355,318411.31519910356,603.7854577661393,1054.7438032793061,0.6291778359286819,166.38338311738886,132.44165404977514,336283.63046078477,86.67355748036694,167.3015197518644,317270.86942714854,170.64526638245857,135.74059740680877,353660.0810459602,86.43991191487795,167.04196588132038,316251.7736221012,175.42312370319638,138.33051949163772,371282.7978913218,86.27775458671734,166.79899373421506,315326.45468233025,174.661044006118,138.9974947030504,372471.4146379981,86.22967792506553,166.7605829291727,315152.95571766136,172.76947538934127,138.8648741388803,364884.95179530745,86.29607566230236,166.85782366123544,315516.4792738476
222.19094197159546,165.52264749364275,611457.0795309137,99.19844130731083,191.98430515474598,417690.9159870902,735.0000000000001,1039.4469683442248,0.6365141682948128,0.0,0.0,222.19094567851198,165.52265025513532,611457.0999333689,99.19844296228533,191.98430835771094,417690.92992416036,735.0000000000001,1039.446968344225,0.6365141682948128,0.0,0.0,222.19094938542844,165.52265301662783,611457.120335824,99.19844461725981,191.98431156067585,417690.9438612307,735.0,1039.4469683442248,0.6365141682948128,0.0,0.0,222.1909530923449,165.52265577812037,611457.1407382794,99.19844627223424,191.98431476364064,417690.95779830083,735.0,1039.4469683442248,0.6365141682948128,222.19095679926136,165.5226585396129,611457.1611407355,99.19844792720869,191.9843179666055,417690.9717353713,735.0,1039.4469683442248,0.6365141682948128,222.19096050617784,165.52266130110544,611457.1815431918,99.19844958218317,191.98432116957045,417690.9856724425,222.19096421309433,165.52266406259798,611457.2019456483,99.19845123715763,191.98432437253524,417690.9996095134,222.1909679200108,165.5226668240905,611457.222348105,99.19845289213211,191.98432757550015,417691.0135465848,222.19097162692725,165.52266958558303,611457.2427505625,99.19845454710655,191.984330778465,417691.0274836563,222.19097533384368,165.52267234707554,611457.26315302,99.19845620208099,191.98433398142976,417691.04142072756
221.1286323851469,164.73127277041337,605624.2231171629,98.72416699969759,191.06641549640153,413706.44803367375,734.9999999999999,1039.4469683442248,0.6365141682948128,0.0,0.0,221.12863275583857,164.73127304656265,605624.2251476541,98.72416716519504,191.06641581669803,413706.44942071737,735.0,1039.4469683442248,0.6365141682948128,0.0,0.0,221.1286331265302,164.73127332271187,605624.2271781449,98.7241673306925,191.06641613699452,413706.45080776094,735.0,1039.4469683442248,0.6365141682948128,0.0,0.0,221.1286334972219,164.73127359886115,605624.2292086362,98.72416749618992,191.06641645729098,413706.45219480444,735.0,1039.4469683442248,0.6365141682948128,221.1286338679135,164.7312738750104,605624.2312391269,98.72416766168736,191.0664167775874,413706.4535818478,734.9999999999999,1039.4469683442248,0.6365141682948128,221.12863423860517,164.73127415115965,605624.2332696179,98.72416782718483,191.06641709788397,413706.45496889175,221.12863460929682,164.7312744273089,605624.2353001088,98.72416799268225,191.0664174181804,413706.456355935,221.12863497998845,164.73127470345813,605624.2373305997,98.72416815817971,191.06641773847684,413706.4577429785,221.1286353506801,164.7312749796074,605624.2393610906,98.72416832367716,191.0664180587734,413706.45913002215,221.12863572137172,164.73127525575663,605624.2413915815,98.72416848917462,191.06641837906986,413706.46051706595
191.34168658228378,142.54128569762867,453453.2019072651,85.42561140274123,165.32897524838356,309757.2824035786,735.0,1039.4469683442248,0.6365141682948128,0.0,0.0,191.34169028920024,142.5412884591212,453453.2194770189,85.42561305771567,165.32897845134843,309757.29440560896,735.0,1039.4469683442248,0.6365141682948128,0.0,0.0,187.09995097996608,142.2530509069975,429863.2444631437,85.58448208240716,165.60807167656233,310804.33526507684,736.1074397183149,1039.8451535254076,0.6368792392321913,0.0,0.0,183.225687371542,140.78372847192833,411942.8427385306,85.78759934624955,165.83161643986784,311657.2731316867,731.5396168304462,1038.2941807002792,0.6355427062393105,183.8282739512457,140.13718238971555,418001.01588212454,85.74134510929255,165.75711197115484,311376.31935540354,733.9148601537295,1039.141323964233,0.6362745200609902,183.8222810460793,139.11875807613995,421518.0042048959,85.69687582006034,165.71262743222982,311216.5007451165,186.52960221604962,140.76572679774927,430233.361846225,85.62472288577439,165.60473674693534,310811.4447955299,184.03074441945628,140.85085224950143,415597.2725986274,85.74737076019096,165.78821108569787,311495.5054158724,183.0488146793762,140.36248343636908,413083.88287937024,85.73534951271641,165.81773928098886,311598.35490755975,182.86459496476178,139.69655519900027,415100.2774480218,85.70998522543093,165.79298763603666,311501.5987367288
212.09841706099047,158.0041526878894,557170.5228536183,94.69257472650658,183.26384893350559,380607.3620576468,734.9999999999999,1039.4469683442248,0.6365141682948128,0.0,0.0,212.09842076790687,158.0041554493819,557170.5423293373,94.69257638148106,183.26385213647043,380607.3753616566,735.0,1039.4469683442248,0.6365141682948128,0.0,0.0,212.09842447482336,158.00415821087444,557170.5618050569,94.69257803645552,183.2638553394353,380607.3886656667,735.0,1039.4469683442248,0.6365141682948128,0.0,0.0,212.09842818173985,158.00416097236698,557170.5812807768,94.69257969142998,183.2638585424002,380607.40196967695,734.9999999999998,1039.4469683442248,0.6365141682948128,212.0984318886563,158.00416373385954,557170.6007564971,94.69258134640447,183.26386174536512,380607.4152736877,734.9999999999999,1039.4469683442248,0.6365141682948128,212.09843559557277,158.00416649535205,557170.6202322176,94.69258300137889,183.2638649483299,380607.42857769807,212.09843930248923,158.0041692568446,557170.6397079383,94.69258465635338,183.2638681512948,380607.44188170915,212.09844300940577,158.00417201833716,557170.6591836599,94.69258631132787,183.26387135425975,380607.45518572064,212.09844671632217,158.0041747798297,557170.6786593813,94.69258796630233,183.26387455722457,380607.46848973195,212.09845042323866,158.0041775413222,557170.6981351032,94.6925896212768,183.26387776018944,380607.48179374356
219.69155354391353,163.66071115189135,597778.0958924755,98.08257477356493,189.82470608944445,408346.69969296386,735.0,1039.4469683442248,0.6365141682948128,0.0,0.0,219.69155725083004,163.66071391338392,597778.1160654266,98.0825764285394,189.8247092924093,408346.7134732579,735.0,1039.4469683442248,0.6365141682948128,0.0,0.0,219.6915609577465,163.66071667487643,597778.136238378,98.08257808351385,189.8247124953742,408346.7272535524,735.0,1039.4469683442248,0.6365141682948128,0.0,0.0,219.691564664663,163.660719436369,597778.15641133,98.08257973848835,189.8247156983391,408346.74103384727,735.0000000000001,1039.4469683442248,0.6365141682948128,219.69156837157948,163.6607221978615,597778.1765842821,98.08258139346279,189.82471890130395,408346.754814142,735.0,1039.4469683442248,0.6365141682948128,219.69157207849588,163.66072495935404,597778.1967572344,98.08258304843727,189.82472210426886,408346.7685944372,219.69157578541234,163.66072772084658,597778.2169301872,98.08258470341175,189.82472530723376,408346.7823747326,219.6915794923288,163.6607304823391,597778.2371031402,98.0825863583862,189.82472851019855,408346.79615502805,219.69158319924526,163.66073324383163,597778.2572760938,98.08258801336066,189.82473171316343,408346.8099353237,219.69158690616177,163.6607360053242,597778.2774490479,98.08258966833513,189.8247349161283,408346.8237156199
78.19169660352166,58.353096588178154,72944.99630398967,52.61965050708913,113.16716650423191,152804.01669448434,2925.690126851419,4481.789820778806,1.3290441286769668,3.7703104361254143,0.82915619758885,63.86489564237314,48.65472346152638,50858.072769236125,54.44152932552585,116.95927152508719,163034.94423392872,4052.4763745149357,4848.170424553859,1.6457068299078896,3.527063316840014,0.816496580927726,61.014696070232105,46.99718579380422,46435.422054903625,57.583205310967685,121.45441644269323,175957.27048776008,4746.824428770717,5380.227053333065,1.7370171104458183,3.7129575402860655,0.7071067811865476,54.11504543655025,45.32708959003506,38427.29202576897,60.92455181040602,125.73229013595942,189210.001602736,4657.007663289043,5215.677281530284,1.778738312576577,52.20206552982377,44.294179062687085,33437.03007589477,67.13895221988109,130.381414486159,204526.55923735548,5078.989336065765,3995.7044622802964,1.7896441446361593,49.80354789037361,42.18403699518171,30091.40622262172,66.07996654299048,132.0896772565314,210229.3323263095,52.75131358939376,43.60214874458377,33340.756987329056,67.70638954591988,136.29468021751148,222331.89447110952,53.088199017465726,44.43530814290185,34489.056922345044,68.4335867736595,138.3131091629507,227602.0810202131,60.1187018137887,47.926191422811605,44489.38031756201,66.28840962221597,138.5894536102091,228198.0466561328,66.4738987997444,50.39478746902768,53400.99554791226,64.24314403780241,136.5824741754548,222183.2479763737
194.9774673220016,145.24978519092227,470849.51451738627,87.04882690880473,168.47047522500714,321640.83399234037,735.0,1039.4469683442248,0.6365141682948128,0.0,0.0,194.977471028918,145.24978795241472,470849.53242099157,87.04882856377918,168.47047842797198,321640.8462224275,735.0,1039.4469683442248,0.6365141682948128,0.0,0.0,194.97747473583448,145.2497907139073,470849.5503245976,87.04883021875364,168.47048163093683,321640.85845251486,735.0,1039.446968344225,0.6365141682948128,0.0,0.0,194.97747844275096,145.24979347539983,470849.56822820386,87.0488318737281,168.4704848339017,321640.8706826027,734.9999999999998,1039.4469683442248,0.6365141682948128,194.97748214966742,145.24979623689237,470849.58613181044,87.04883352870259,168.4704880368666,321640.8829126906,734.9999999999998,1039.4469683442248,0.6365141682948128,194.92753452361927,145.2082991617609,470584.63816186856,86.95676535227327,168.28015284138675,320902.2664650879,194.59180794349547,144.96299792198056,468602.2627681485,86.35970032115038,166.9043443268775,315586.8205338781,194.96871575574596,145.2854657565558,470403.01490929065,87.03234215148782,168.1685794470064,320469.58540133026,194.97748585658388,145.2497989983849,470849.60403541755,87.04883518367704,168.4704912398315,321640.89514277875,194.9774895635004,145.24980175987747,470849.6219390249,87.04883683865152,168.47049444279637,321640.9073728671
77.01972826602545,59.28115822361456,75570.35410004499,71.43214431789521,143.53492376405822,241934.7404287454,3278.864037725913,4230.605751098031,1.5537494803194816,5.261270337523524,0.4714045207910317,83.38398084330618,56.94231667218074,81562.52551417412,67.6607660769278,138.05491092568346,225137.93595727513,3082.092083812696,4448.300461820712,1.4046849313897072,2.65487117172454,0.5,97.37568384699817,64.28214812341727,108913.74697625198,66.99918307847307,139.2135078879573,229468.67176978898,2201.564329043136,3855.511097133745,1.1710793719672135,2.491284684535654,1.247219128924647,106.43179575846582,74.00953598496872,134441.1085206573,68.746910424845,141.26548111392233,235350.63523967125,1857.0888816499887,3464.246066056664,1.135823528911154,106.67437758309384,71.73309872886105,132200.48228788,70.02646878761246,141.01962848182418,234186.73141228285,1905.029295923641,3555.922019021417,1.0995235001490011,103.87389341084048,71.77812090037449,127535.07497852344,69.75784225932209,139.57991748267,229215.238196021,105.1856706162553,71.61264098552664,129539.16521530625,66.33271423761141,135.1831786001364,214051.90528684904,102.89408947473846,70.40797386722504,124355.81146338664,66.02070636682848,133.32889360989924,207707.15503869732,99.22234682151452,69.15789366574887,116783.80767165637,62.963102190347854,129.33331380948752,196091.60714508916,95.03593099375702,63.12340309481835,104131.13758496854,61.48726601608307,128.5876912085852,193985.69025010636
104.5980577248979,82.20777489975934,136602.2796718314,65.53993815386413,138.90494161286497,228818.9312113984,1981.7472602681132,3076.928256845422,1.2814492103078363,3.374483831103104,2.0,98.84536670239208,74.60649028784833,120188.482852225,66.3443523097928,136.63149841844475,221626.09832682845,2662.341249022419,3822.732499157853,1.453570124511174,3.0560221987745027,1.8856180831641267,109.04929169156563,79.4890898098776,145682.10733787963,70.07389675922482,141.22779504123375,235506.14114541857,2610.0262580278577,4000.589337410553,1.3863231474673365,2.4968475397081344,0.4330127018922193,114.77998373389073,84.63392556553922,158144.91787839128,69.54088808852437,143.01504276355487,241555.5190915597,2119.726979070341,3595.891658846898,1.2220977821576995,109.7767598156929,83.31111305238379,146547.5165250218,70.96322108707209,143.45060322094432,242779.63978900248,2062.380718846613,3298.1954107594415,1.2737937578991783,110.9519170852579,85.24307454361822,154939.17499859986,69.83363323636881,142.8850160979706,240744.18433196796,118.30218981888095,88.12413045500956,173147.32270556432,69.87573741222387,143.64699522342187,242317.75234390944,126.93267533190941,89.39752548218131,192830.57303402544,70.76009448728944,141.53068546676386,234852.1185365657,118.94431024251372,83.17107786373678,168521.41705666497,74.38051325298918,143.72750101106323,241792.31814184363,120.05877012314696,86.43686836176579,172048.3147294793,73.5338844371246,142.45888035017947,238070.29512647673
202.50142162290638,150.85480591974272,507889.72907114506,90.40794016740284,174.97155544753,346943.2822969488,735.0,1039.4469683442248,0.6365141682948128,0.0,0.0,202.50142199359803,150.854806195892,507889.73093059356,90.40794033290031,174.97155576782654,346943.2835671522,734.9999999999998,1039.4469683442248,0.6365141682948128,0.0,0.0,202.50142236428968,150.85480647204122,507889.73279004195,90.40794049839775,174.971556088123,346943.2848373553,735.0,1039.4469683442248,0.6365141682948128,0.0,0.0,202.50142273498133,150.8548067481905,507889.73464949045,90.40794066389516,174.97155640841942,346943.2861075583,734.9999999999994,1039.4469683442246,0.6365141682948128,202.50142310567298,150.85480702433975,507889.736508939,90.40794082939263,174.97155672871597,346943.2873777616,735.0,1039.4469683442248,0.6365141682948128,202.5014234763646,150.85480730048897,507889.7383683874,90.40794099489005,174.9715570490124,346943.2886479648,202.5014238470563,150.85480757663828,507889.74022783595,90.40794116038752,174.97155736930898,346943.28991816816,202.5014242177479,150.8548078527875,507889.74208728445,90.40794132588495,174.97155768960536,346943.29118837113,202.50142458843953,150.85480812893672,507889.7439467327,90.4079414913824,174.97155800990186,346943.2924585744,202.5014249591312,150.85480840508603,507889.74580618157,90.40794165687984,174.97155833019838,346943.2937287777
227.29414266382673,169.32431142185766,639867.0780097741,101.47679500551173,196.39373080580827,437097.99897798576,735.0000000000001,1039.446968344225,0.6365141682948128,0.0,0.0,227.29414637074328,169.32431418335025,639867.0988808254,101.47679666048623,196.39373400877312,437098.0132351573,734.9999999999997,1039.4469683442248,0.6365141682948127,0.0,0.0,227.2941500776597,169.32431694484274,639867.1197518767,101.47679831546068,196.39373721173808,437098.0274923292,735.0,1039.4469683442248,0.6365141682948128,0.0,0.0,227.29415378457617,169.32431970633527,639867.1406229283,101.47679997043517,196.39374041470288,437098.0417495011,734.9999999999998,1039.4469683442248,0.6365141682948129,227.29415749149263,169.32432246782778,639867.1614939802,101.4768016254096,196.39374361766772,437098.056006673,734.9999999999997,1039.4469683442248,0.6365141682948127,227.29416119840903,169.32432522932032,639867.1823650326,101.47680328038406,196.39374682063263,437098.07026384526,227.2941649053256,169.32432799081292,639867.2032360858,101.47680493535856,196.3937500235975,437098.08452101826,226.66031735264698,168.04764701445384,636919.2890359769,101.57533116714055,194.36940068231667,427975.0766469271,226.63195524872626,168.0055437096076,636703.2468561721,101.52449006286855,194.2333432158957,427365.7109247576,227.28846925329069,169.31712518917954,639857.7122446964,101.48078343286865,196.3868421616752,437066.80596842075
207.34928249507738,154.4662527191589,532498.4539259287,92.57229591443209,179.1603544722428,363753.6867717068,735.0,1039.4469683442248,0.6365141682948128,0.0,0.0,207.34928286576906,154.46625299530817,532498.4558298923,92.57229607992956,179.16035479253932,363753.68807231874,735.0000000000001,1039.446968344225,0.6365141682948128,0.0,0.0,207.34928323646068,154.46625327145742,532498.4577338557,92.57229624542698,179.16035511283576,363753.6893729302,734.9999999999999,1039.4469683442248,0.6365141682948128,0.0,0.0,207.34928360715236,154.46625354760667,532498.4596378192,92.57229641092444,179.16035543313228,363753.6906735421,734.9999999999999,1039.4469683442248,0.6365141682948128,207.34928397784395,154.46625382375592,532498.4615417826,92.57229657642186,179.1603557534287,363753.6919741535,735.0,1039.4469683442248,0.6365141682948128,207.34928434853563,154.4662540999052,532498.4634457461,92.5722967419193,179.1603560737252,363753.69327476533,207.34928471922728,154.46625437605445,532498.4653497097,92.57229690741677,179.16035639402173,363753.6945753773,207.3492850899189,154.46625465220365,532498.4672536729,92.57229707291421,179.16035671431817,363753.69587598875,207.34928546061062,154.46625492835298,532498.4691576366,92.57229723841168,179.16035703461472,363753.6971766008,207.3492858313022,154.4662552045022,532498.4710616,92.57229740390912,179.16035735491118,363753.69847721234
209.64721854737581,156.17811574909354,544366.620334692,93.59822286081956,181.14588841154685,371860.92023798125,735.0,1039.4469683442248,0.6365141682948128,0.0,0.0,209.64722225429227,156.17811851058607,544366.6395853324,93.59822451579404,181.14589161451175,371860.9333882382,735.0,1039.4469683442248,0.6365141682948128,0.0,0.0,209.64722596120868,156.17812127207858,544366.658835973,93.59822617076851,181.14589481747663,371860.94653849525,735.0,1039.4469683442248,0.6365141682948128,0.0,0.0,209.64722966812516,156.1781240335711,544366.678086614,93.59822782574294,181.14589802044142,371860.95968875213,735.0,1039.4469683442248,0.6365141682948128,209.64723337504165,156.17812679506366,544366.6973372556,93.59822948071741,181.14590122340633,371860.9728390097,734.9999999999999,1039.4469683442248,0.6365141682948127,209.6472370819581,156.1781295565562,544366.7165878973,93.59823113569189,181.14590442637123,371860.9859892676,209.6472407888746,156.17813231804874,544366.7358385395,93.59823279066639,181.14590762933614,371860.9991395259,209.64724449579109,156.17813507954128,544366.7550891819,93.59823444564083,181.14591083230096,371861.0122897838,209.64724820270754,156.17813784103382,544366.7743398246,93.59823610061528,181.1459140352658,371861.02544004214,209.64725190962398,156.17814060252633,544366.7935904677,93.59823775558976,181.14591723823068,371861.03859030077
215.27961863439515,160.3740103516109,574009.5371097637,96.11284071379626,186.01256932781112,392110.21896195295,734.9999999999997,1039.446968344225,0.6365141682948128,0.0,0.0,215.2796223413116,160.37401311310342,574009.5568775933,96.11284236877071,186.012572530776,392110.2324655056,734.9999999999999,1039.4469683442248,0.6365141682948128,0.0,0.0,215.27962604822807,160.37401587459595,574009.5766454234,96.11284402374518,186.01257573374085,392110.24596905854,734.9999999999997,1039.4469683442248,0.6365141682948127,0.0,0.0,215.27962975514455,160.3740186360885,574009.5964132538,96.11284567871965,186.01257893670572,392110.25947261177,734.9999999999998,1039.4469683442248,0.6365141682948128,215.279633462061,160.37402139758103,574009.6161810845,96.11284733369413,186.0125821396706,392110.2729761653,735.0,1039.4469683442248,0.6365141682948128,215.2796371689775,160.3740241590736,574009.6359489157,96.11284898866857,186.01258534263545,392110.28647971875,215.27964087589396,160.3740269205661,574009.6557167473,96.11285064364306,186.01258854560035,392110.29998327285,215.27964458281042,160.37402968205862,574009.6754845788,96.11285229861751,186.0125917485652,392110.31348682684,215.27964828972685,160.37403244355113,574009.695252411,96.11285395359197,186.01259495153008,392110.3269903812,215.27965199664334,160.3740352050437,574009.7150202435,96.11285560856646,186.01259815449498,392110.3404939359
209.21084034091422,155.85303284786852,542102.793486838,93.40339926667413,180.76883538675295,370314.4831430969,735.0,1039.4469683442248,0.6365141682948128,0.0,0.0,209.2108440478307,155.85303560936106,542102.8126974085,93.40340092164861,180.76883858971786,370314.4962659817,734.9999999999998,1039.4469683442248,0.6365141682948128,0.0,0.0,209.2108477547472,155.85303837085357,542102.8319079792,93.40340257662305,180.7688417926827,370314.5093888665,734.9999999999997,1039.4469683442248,0.6365141682948128,0.0,0.0,209.21085146166365,155.8530411323461,542102.8511185504,93.40340423159753,180.76884499564758,370314.5225117518,735.0,1039.4469683442248,0.6365141682948128,209.2108551685801,155.85304389383865,542102.8703291218,93.40340588657202,180.7688481986125,370314.53563463734,735.0,1039.4469683442248,0.6365141682948128,209.21085887549657,155.85304665533118,542102.8895396935,93.40340754154644,180.7688514015773,370314.54875752266,209.21086258241303,155.85304941682372,542102.9087502656,93.40340919652091,180.76885460454216,370314.56188040844,209.21086628932952,155.85305217831626,542102.9279608382,93.40341085149538,180.76885780750703,370314.5750032947,209.21086999624592,155.85305493980877,542102.9471714108,93.40341250646985,180.76886101047194,370314.5881261811,209.2108737031624,155.8530577013013,542102.966381984,93.40341416144432,180.76886421343679,370314.6012490675
211.98303928596397,157.9182012327362,556564.5059756781,94.64106364625023,183.16415665184815,380193.3873841592,735.0,1039.4469683442248,0.6365141682948128,0.0,0.0,211.98303965665565,157.91820150888552,556564.5079221907,94.6410638117477,183.16415697214467,380193.38871383667,734.9999999999997,1039.4469683442248,0.6365141682948128,0.0,0.0,211.9830400273473,157.91820178503474,556564.5098687031,94.64106397724514,183.16415729244113,380193.3900435138,735.0,1039.4469683442248,0.6365141682948128,0.0,0.0,211.98304039803895,157.91820206118402,556564.5118152158,94.64106414274261,183.16415761273768,380193.3913731913,735.0,1039.4469683442248,0.6365141682948128,211.9830407687306,157.91820233733327,556564.5137617281,94.64106430824003,183.16415793303406,380193.3927028682,734.9999999999999,1039.4469683442248,0.6365141682948128,211.98304113942223,157.91820261348255,556564.5157082407,94.6410644737375,183.16415825333067,380193.39403254585,211.98304151011388,157.91820288963177,556564.517654753,94.64106463923494,183.16415857362716,380193.3953622232,211.98304188080556,157.91820316578102,556564.5196012656,94.64106480473238,183.1641588939236,380193.39669190027,211.98304225149718,157.9182034419303,556564.5215477783,94.64106497022982,183.1641592142201,380193.39802157757,211.9830426221888,157.9182037180795,556564.5234942903,94.64106513572725,183.16415953451653,380193.3993512546
203.1176186402518,151.31384606235008,510985.37443586485,90.68304491792273,175.50398109532532,349057.9408580254,735.0000000000001,1039.446968344225,0.6365141682948128,0.0,0.0,203.11761901094346,151.3138463384993,510985.3763009714,90.68304508342021,175.5039814156219,349057.942132094,735.0000000000001,1039.446968344225,0.6365141682948128,0.0,0.0,203.11761938163508,151.31384661464855,510985.37816607807,90.68304524891764,175.50398173591836,349057.94340616226,735.0,1039.4469683442248,0.6365141682948128,0.0,0.0,203.1176197523267,151.3138468907978,510985.3800311846,90.68304541441509,175.50398205621485,349057.9446802307,735.0000000000001,1039.4469683442248,0.6365141682948128,203.11762012301838,151.31384716694708,510985.3818962914,90.68304557991254,175.50398237651132,349057.945954299,735.0,1039.4469683442248,0.6365141682948128,203.11762049371,151.3138474430963,510985.38376139797,90.68304574540997,175.50398269680775,349057.9472283671,203.11762086440166,151.3138477192456,510985.38562650466,90.68304591090742,175.50398301710425,349057.94850243535,203.11762123509328,151.3138479953948,510985.3874916113,90.68304607640488,175.50398333740077,349057.9497765039,203.11762160578496,151.3138482715441,510985.38935671793,90.68304624190232,175.5039836576973,349057.9510505723,203.1176219764766,151.31384854769334,510985.39122182474,90.68304640739979,175.50398397799378,349057.95232464065
204.47153651747084,152.32245635734094,517820.2123553497,91.28750944688362,176.67383518833208,353726.8698912832,734.9999999999999,1039.4469683442248,0.6365141682948128,0.0,0.0,204.47153688816252,152.3224566334902,517820.21423288854,91.28750961238107,176.67383550862854,353726.87117384415,735.0000000000002,1039.446968344225,0.6365141682948128,0.0,0.0,204.47153725885417,152.32245690963944,517820.2161104274,91.28750977787853,176.67383582892506,353726.87245640514,735.0,1039.4469683442248,0.6365141682948128,0.0,0.0,204.47153762954582,152.3224571857887,517820.2179879662,91.28750994337597,176.67383614922153,353726.8737389659,735.0,1039.4469683442248,0.6365141682948128,203.48395418402555,152.3385926416454,511493.1825582914,91.32436112377142,176.74266031583412,354002.5511773411,735.0870865909138,1039.4777963982538,0.636541682073473,200.93113279316577,152.1570507580816,496361.75099783484,91.41944829424601,176.91034444203538,354674.812494064,201.8989586537219,152.09336796582647,502504.5675341926,91.37517217785329,176.84245519014956,354402.5819400309,202.07844771241835,152.10785829366975,503568.0727889286,91.36902930470633,176.83064029269627,354355.21587122453,200.9922212723695,151.247083183661,500156.11549575464,91.39244793704992,176.87100847313656,354517.45547237626,200.84617198177475,151.24179696974605,499294.4518938168,91.3956406155095,176.88050311045185,354555.5285580573
207.26427919357923,154.40292893383793,532061.9455568916,92.53434569495073,179.0869072847509,363455.5046316963,734.9999999999998,1039.4469683442248,0.6365141682948128,0.0,0.0,207.26427956427085,154.40292920998715,532061.9474600744,92.53434586044818,179.0869076050474,363455.5059317748,735.0,1039.446968344225,0.6365141682948128,0.0,0.0,207.2642799349625,154.40292948613643,532061.9493632575,92.5343460259456,179.08690792534384,363455.50723185315,734.9999999999998,1039.4469683442248,0.6365141682948128,0.0,0.0,207.26428030565415,154.40292976228568,532061.9512664403,92.53434619144302,179.0869082456403,363455.50853193155,735.0,1039.4469683442248,0.6365141682948128,207.26428067634578,154.40293003843493,532061.9531696233,92.53434635694052,179.08690856593685,363455.50983201043,734.9999999999999,1039.4469683442248,0.6365141682948128,207.26428104703743,154.40293031458418,532061.9550728062,92.53434652243796,179.08690888623332,363455.5111320889,207.2642814177291,154.40293059073346,532061.9569759893,92.53434668793538,179.0869092065298,363455.5124321673,207.26428178842076,154.40293086688268,532061.9588791721,92.53434685343284,179.08690952682628,363455.5137322459,207.26428215911238,154.40293114303194,532061.9607823552,92.53434701893029,179.08690984712277,363455.51503232453,207.26428252980403,154.4029314191812,532061.962685538,92.53434718442773,179.08691016741926,363455.5163324029
216.0321968154674,160.93464856607488,578029.816688242,96.44883362989725,186.66283525623163,394856.5020877402,734.9999999999998,1039.4469683442248,0.6365141682948128,0.0,0.0,215.78788697866855,160.91923068664167,576461.352387527,96.45802087243422,186.67894242120497,394924.67184379714,735.0553664826681,1039.4665592082204,0.6365316327841468,0.0,0.0,209.765426179239,160.07411680269925,540736.0534934109,96.67723990597138,187.05620525612434,396523.29183978634,736.8457626358488,1040.1282407337592,0.6371587046112244,0.0,0.0,207.8526737239084,159.21375006970413,531889.4229157311,96.73446363270989,187.1540628482582,396939.3262469996,736.7836770122315,1040.1714148090236,0.6372607156886483,212.18687377477838,160.76590044526273,553371.1462124675,96.592417238031,186.9201849877019,395946.3100407473,735.7053658501479,1039.6992201831538,0.636743684016514,212.16016288911632,160.68431797708132,553561.2508117949,96.59343028676565,186.91828531933396,395938.3196180249,215.17133703314585,160.97470828663165,572076.5901707435,96.48086344943194,186.72406054246565,395115.5798669262,216.0322005223839,160.93465132756745,578029.8365251768,96.44883528487173,186.66283845919654,394856.5156384992,216.0322042293004,160.93465408906,578029.8563621115,96.44883693984619,186.6628416621614,394856.52918925794,216.0322079362168,160.93465685055247,578029.8761990465,96.44883859482063,186.6628448651262,394856.5427400168
201.96721789088824,150.45684723051795,505213.6123640713,90.16944179709789,174.5099761797501,345115.2069077106,735.0,1039.4469683442248,0.6365141682948128,0.0,0.0,201.96721826157986,150.4568475066672,505213.61421861453,90.16944196259531,174.50997650004658,345115.20817456295,734.9999999999995,1039.4469683442246,0.6365141682948128,0.0,0.0,201.9672186322715,150.45684778281648,505213.6160731577,90.16944212809277,174.50997682034304,345115.2094414153,735.0,1039.4469683442248,0.6365141682948128,0.0,0.0,201.9672190029631,150.45684805896568,505213.6179277007,90.16944229359021,174.50997714063956,345115.21070826764,735.0,1039.4469683442248,0.6365141682948128,201.9672193736548,150.45684833511498,505213.6197822442,90.16944245908768,174.50997746093603,345115.2119751201,735.0,1039.4469683442248,0.6365141682948128,201.96721974434644,150.4568486112642,505213.6216367872,90.16944262458512,174.50997778123252,345115.21324197244,201.9672201150381,150.45684888741349,505213.62349133065,90.16944279008257,174.50997810152904,345115.214508825,201.96722048572974,150.45684916356274,505213.6253458739,90.16944295558001,174.50997842182548,345115.2157756771,201.96722085642142,150.456849439712,505213.6272004171,90.16944312107745,174.509978742122,345115.2170425296,201.96722122711304,150.45684971586127,505213.6290549604,90.16944328657489,174.50997906241847,345115.21830938203
205.05130937361432,152.75436207429894,520760.90266639955,91.54635241829995,177.17478850329,355735.6774932807,735.0,1039.446968344225,0.6365141682948128,0.0,0.0,205.05131308053083,152.7543648357915,520760.9214950255,91.54635407327444,177.17479170625487,355735.69035525626,734.9999999999997,1039.4469683442248,0.6365141682948128,0.0,0.0,205.05131678744732,152.75436759728404,520760.94032365165,91.54635572824891,177.17479490921977,355735.703217232,734.9999999999999,1039.4469683442248,0.6365141682948128,0.0,0.0,205.05132049436378,152.7543703587766,520760.95915227826,91.54635738322338,177.17479811218467,355735.7160792081,735.0,1039.4469683442248,0.6365141682948128,205.0513242012802,152.75437312026912,520760.97798090486,91.54635903819782,177.1748013151495,355735.72894118394,735.0000000000003,1039.446968344225,0.6365141682948129,205.05132790819673,152.75437588176166,520760.99680953205,91.5463606931723,177.17480451811434,355735.7418031604,205.05133161511316,152.75437864325417,520761.01563815936,91.54636234814674,177.1748077210792,355735.75466513686,205.05133532202964,152.75438140474674,520761.0344667873,91.54636400312123,177.17481092404412,355735.7675271139,205.0513390289461,152.75438416623925,520761.05329541536,91.54636565809571,177.17481412700906,355735.7803890912,205.0513427358626,152.7543869277318,520761.0721240439,91.54636731307015,177.17481732997385,355735.79325106816
208.06896179250765,155.00238268737448,536201.3187074638,92.89360093214677,179.7821940874197,366283.14146959403,734.9999999999998,1039.4469683442248,0.6365141682948128,0.0,0.0,208.0689654994241,155.00238544886702,536201.3378131824,92.89360258712121,179.78219729038452,366283.15452085336,735.0000000000002,1039.446968344225,0.6365141682948129,0.0,0.0,208.06896920634054,155.00238821035953,536201.3569189012,92.89360424209566,179.78220049334936,366283.1675721131,734.9999999999999,1039.4469683442248,0.6365141682948128,0.0,0.0,208.068972913257,155.00239097185207,536201.3760246205,92.89360589707013,179.78220369631424,366283.1806233732,734.9999999999999,1039.4469683442248,0.6365141682948128,208.0689766201735,155.0023937333446,536201.3951303401,92.89360755204461,179.78220689927912,366283.1936746336,735.0,1039.4469683442248,0.6365141682948128,208.06898032708997,155.00239649483717,536201.4142360603,92.8936092070191,179.78221010224405,366283.20672589436,204.8462846782156,151.49909234953512,519311.80263361207,89.42333925479684,169.98708422366096,326757.61857705395,202.14114686986795,148.251557956402,502716.5415549276,85.57780897355971,160.0212799688283,288852.2321365664,201.56144327537237,147.7462764204742,499647.8208909307,84.76537096929889,158.21041811401878,282215.83056681487,202.60066862500975,149.21478014518425,506496.65232861345,86.25161438038683,162.40234217974606,297700.57757196523
195.70087207048084,145.78869045913552,474349.8846186907,87.37179517585776,169.09553381988084,324031.96305577236,734.9999999999998,1039.4469683442248,0.6365141682948128,0.0,0.0,195.7008757773973,145.78869322062803,474349.90258872206,87.37179683083221,169.0955370228457,324031.97533123556,735.0,1039.4469683442248,0.6365141682948128,0.0,0.0,195.52350621160204,145.54181679233483,473088.9955675779,87.43527858547468,169.11026147759134,324103.3982080494,732.3897146532771,1038.6640375804313,0.635975179784436,0.9457143254713435,0.0,189.37791901565626,140.77672550652136,441737.48733191227,88.1655133476178,169.4904522008152,325713.42859190004,711.7887956679378,1047.2322679877288,0.6451066555133251,188.40230541066194,140.12844970264015,439146.2746918837,88.0273950219723,169.524439284085,325812.01769505005,707.2144189308598,1038.4764839427546,0.6374687713922769,185.2631459127265,137.60278196607132,424595.0984516787,88.21381242129728,169.71118868711025,326563.0081750428,185.78834640655373,139.05085033876009,428263.1492574789,88.14306434215784,169.66219024762955,326341.72230252315,188.97218857168815,141.20115832165533,439559.1968841774,88.04772414878302,169.52009996678512,325792.0293288506,182.4727641511481,135.98529262894908,410095.4582871876,88.27824994536296,169.9146135011159,327377.17979050137,177.84318150651836,131.79475178911613,390162.417806591,88.6035503358955,170.18685091081278,328495.57568192674
179.90811050151558,134.0237657374735,400880.3437544707,80.3210247093478,155.4497824252089,273844.3687862461,734.9999999999999,1039.4469683442248,0.6365141682948129,0.0,0.0,179.90811420843204,134.02376849896604,400880.36027434794,80.32102636432225,155.44978562817377,273844.38007109816,734.9999999999999,1039.4469683442248,0.6365141682948128,0.0,0.0,179.90811791534847,134.02377126045857,400880.3767942257,80.32102801929672,155.44978883113862,273844.39135595056,735.0,1039.446968344225,0.6365141682948128,0.0,0.0,179.90812162226496,134.02377402195108,400880.39331410377,80.32102967427119,155.4497920341035,273844.4026408031,734.9999999999999,1039.4469683442248,0.6365141682948128,179.90812532918142,134.02377678344365,400880.40983398224,80.32103132924564,155.44979523706837,273844.4139256558,734.9999999999997,1039.4469683442248,0.6365141682948128,179.90812903609788,134.02377954493616,400880.426353861,80.32103298422011,155.44979844003325,273844.42521050887,179.9081327430143,134.0237823064287,400880.4428737399,80.32103463919458,155.44980164299812,273844.43649536214,179.90813644993082,134.02378506792124,400880.45939361956,80.32103629416903,155.44980484596294,273844.44778021553,179.9081401568473,134.0237878294138,400880.47591349937,80.32103794914353,155.44980804892788,273844.45906506956,179.90814386376377,134.02379059090632,400880.4924333793,80.32103960411798,155.4498112518927,273844.47034992336
95.39626065617799,69.14455941451865,109338.17855780767,77.17064646728824,153.70112896992245,276511.546079176,3136.3221870154507,4501.587203587843,1.5399605936789373,3.939415137117361,1.019803902718557,86.26579336332847,60.89832433340408,88531.30576949034,75.85267698112871,155.9114603337838,285097.7257732605,3048.504520482251,4447.303592645026,1.2497839846902232,2.8724994966828072,1.019803902718557,87.59004406065517,64.7831557921575,93982.7067141714,77.9786446465396,160.73806603918322,302611.53207320656,2106.804585907376,4073.1035287978807,1.0689579910821103,4.692275519293398,0.82915619758885,86.74322358278152,61.671483835201116,90622.07004774318,76.63927726605286,159.84635881423205,299478.7107759932,2248.6068005884777,4338.076903836872,1.1093292376448478,80.75475573830467,54.283219356366956,75743.98782435761,76.57505248580759,159.41287159644065,298767.5629971101,2665.8621998409667,4017.716351366559,1.3961176798804604,85.15622398661587,54.99391718442368,82207.30728756754,77.56676000529781,159.90624738475972,300021.69648642646,84.78751050262761,58.15262899726245,84565.20157221149,78.79186005418276,159.00265743290976,296122.5548973104,90.15273528927332,55.64059610948682,89787.1329244546,77.00625935428616,158.35964903527864,293685.07723274996,91.05917389558704,55.040629314022596,90569.95220664323,78.41144509995354,160.93961953650003,302872.2871324395,92.9883564663624,56.276622228189424,94511.141181837,77.725371147784,160.24207607373907,300057.9196651754
187.91815275870061,139.990900982414,437371.7684850516,83.89715476968132,162.37086743146628,298771.93464758724,734.9999999999999,1039.4469683442248,0.6365141682948128,0.0,0.0,187.91815312939218,139.99090125856316,437371.77021059033,83.89715493517876,162.37086775176275,298771.9358263159,735.0000000000001,1039.446968344225,0.6365141682948128,0.0,0.0,187.91815350008383,139.99090153471244,437371.7719361295,83.89715510067623,162.37086807205927,298771.9370050447,735.0000000000001,1039.446968344225,0.6365141682948128,0.0,0.0,187.9181538707755,139.9909018108617,437371.77366166865,83.89715526617367,162.37086839235576,298771.9381837734,735.0,1039.4469683442248,0.6365141682948128,169.52946641416523,131.47757501817532,348484.96132853394,84.62214123879819,162.81615303004523,300550.75811296754,727.9843217766507,1558.2343774654246,0.6546216674751677,145.67677991383903,116.07478664688882,257878.07634963683,83.13227980884952,157.61790323717335,281777.69598632614,142.24349498944716,114.46732240428122,251045.95164036163,81.77679557443044,153.92611968788387,268197.4471569386,145.4858948319739,116.16298198217102,261848.17429581872,82.03243539146445,152.53107126259204,263835.0846365778,146.35527263962732,116.39242247336185,264272.1907218372,81.00630345747099,152.20577000847598,262662.82698620233,144.24408227421793,117.50568432457499,268677.32761491265,79.6814071640916,151.1995102480156,258517.5031318514
217.90173194554058,162.32737142671988,588077.6059117449,97.28349848719023,188.27820895114743,401720.2222488182,734.9999999999999,1039.4469683442248,0.6365141682948128,0.0,0.0,217.90173231623223,162.32737170286913,588077.6079126053,97.28349865268771,188.27820927144398,401720.2236156209,734.9999999999999,1039.4469683442248,0.6365141682948128,0.0,0.0,217.90173268692388,162.3273719790184,588077.6099134657,97.28349881818512,188.27820959174042,401720.22498242324,734.9999999999998,1039.4469683442248,0.6365141682948127,0.0,0.0,217.90173305761556,162.3273722551677,588077.611914326,97.28349898368259,188.2782099120369,401720.22634922614,735.0,1039.4469683442248,0.6365141682948128,217.90173342830718,162.3273725313169,588077.6139151859,97.28349914918002,188.27821023233338,401720.22771602863,735.0,1039.4469683442248,0.6365141682948128,217.90173379899886,162.3273728074662,588077.6159160464,97.2834993146775,188.27821055262993,401720.2290828315,217.90173416969049,162.32737308361544,588077.6179169066,97.28349948017492,188.27821087292637,401720.2304496339,217.90173454038217,162.3273733597647,588077.619917767,97.28349964567238,188.2782111932229,401720.2318164367,217.9017349110738,162.32737363591394,588077.6219186272,97.28349981116982,188.27821151351935,401720.2331832393,217.90173528176544,162.32737391206317,588077.6239194873,97.28349997666727,188.27821183381582,401720.23455004196
221.50416155780738,165.0110257716757,607682.9585764616,98.89182418798254,191.39089185281293,415112.7856631754,735.0000000000001,1039.446968344225,0.6365141682948128,0.0,0.0,221.50416526472384,165.01102853316823,607682.9789158535,98.891825842957,191.39089505577778,415112.7995571666,735.0,1039.446968344225,0.6365141682948128,0.0,0.0,221.50416897164033,165.01103129466077,607682.999255246,98.89182749793147,191.39089825874262,415112.8134511578,734.9999999999999,1039.4469683442248,0.6365141682948128,0.0,0.0,221.5041726785568,165.0110340561533,607683.0195946386,98.89182915290594,191.3909014617075,415112.82734514953,734.9999999999998,1039.4469683442248,0.6365141682948128,221.50417638547327,165.01103681764585,607683.0399340317,98.8918308078804,191.39090466467238,415112.8412391414,735.0000000000001,1039.446968344225,0.6365141682948128,221.50418009238973,165.0110395791384,607683.0602734251,98.89183246285486,191.39090786763722,415112.85513313353,221.5041837993062,165.0110423406309,607683.0806128186,98.89183411782935,191.39091107060213,415112.8690271258,221.50418750622265,165.01104510212346,607683.1009522127,98.89183577280379,191.39091427356692,415112.88292111835,221.50419121313917,165.01104786361603,607683.1212916073,98.89183742777827,191.39091747653185,415112.8968151113,221.50419492005557,165.0110506251085,607683.1416310017,98.89183908275272,191.3909206794967,415112.91070910415
58.003580132757875,41.55540583433549,38795.49821145678,66.83359824548674,129.9593530284716,198283.723056831,8684.63118806271,4666.084190890809,1.8853441529464248,2.5769222611357,0.4898979485566356,56.116948131454684,39.79334152572453,35038.44068012431,65.24600227954221,127.73323118994723,191472.8322340687,8665.948800477156,4384.941662949562,1.889365624755267,2.4967353804890564,0.4898979485566356,55.50683103335318,39.788266600976726,34950.333216920015,67.96294134192046,128.5300142921776,192901.40890946504,7994.462153772979,4095.5849455805155,1.8527377678388153,2.660796841648999,0.4898979485566356,60.65856868058997,41.55812694566145,42068.254897156905,65.95797329412622,126.28385429581297,186996.00440166477,8051.388397309658,4285.066241655305,1.8415923608664444,71.15401348061961,43.58075388772616,55697.40595058204,63.46335064924724,125.22163623648022,183970.1472213612,8527.180853922988,4777.143718089723,1.8784297825459346,63.554055649060345,41.56156761849789,45354.778293977724,64.56650722282231,127.18443909555549,189567.97766807722,61.64839609889982,40.28859453672962,42979.93402890809,66.06338173731714,128.00523059356715,191526.97396762125,59.70523885842921,39.98315771965502,41278.766956780884,65.70718895359703,126.05036802288036,186517.7926574683,61.80714083228244,43.15254508813014,44267.94468353043,65.62187546905953,128.84323438510893,195818.50002669988,60.45075863566509,43.79549579022072,43654.99486100264,66.97058796549044,131.33835049194448,203334.59018756155
25.91765286040068,17.437563770915744,7041.032887705074,43.07623127978296,80.31817692279355,77105.69321806166,10350.06104813344,5810.263162353667,2.005581409805987,1.8129078914702168,1.1055415967851334,20.816504318357673,12.734308977668864,4371.917250499179,40.56939172172862,75.9746444634789,68891.36478538396,12085.213259044902,6660.621086737614,2.070221950147705,1.5901879308469609,1.1055415967851334,24.02068272722507,13.094181968617034,5866.513505431376,40.51716897298622,77.86260898564264,72494.5397581097,13823.079841337616,7152.778971370755,2.0139175045614897,1.4410716637540275,0.45175395145262565,25.285357883354813,14.321558698088277,6755.650934656971,40.60186333894285,79.50338998084993,74926.07807570047,14506.5891762849,6521.461233141894,2.02884855742106,29.083479066901397,15.656661622721773,8727.838462426404,39.67371429010031,82.25226632199849,79549.96426128403,13660.582739040898,6673.534455292161,2.075188474725634,30.083348396652855,18.226676684944636,9897.756749855202,41.55867183739268,86.09521597586227,86627.07223849373,30.914430557433654,19.031141702509053,10543.090969530935,43.12740634712632,88.74175746463798,91698.4269985105,33.14986312392582,20.322357611224316,12095.293152108028,42.36388952292452,86.63419534679919,87332.03953517562,33.42821109027407,22.177791519538953,11989.45822000474,42.81663352277944,88.9690110592013,91631.89473254487,29.175578551493423,20.73222162358158,9656.62703805252,43.270486466252144,87.9515298247957,89717.49215972701
243.20593332053818,181.17790766881978,732591.0509739616,108.5807067021271,210.14232940253703,500438.4401927408,735.0,1039.4469683442248,0.6365141682948128,0.0,0.0,243.2059370274547,181.17791043031235,732591.0733060967,108.5807083571016,210.14233260550193,500438.4554479898,734.9999999999999,1039.4469683442248,0.6365141682948129,0.0,0.0,243.20594073437115,181.17791319180486,732591.0956382316,108.58071001207607,210.14233580846684,500438.4707032388,735.0,1039.4469683442248,0.6365141682948128,0.0,0.0,243.2059444412876,181.17791595329743,732591.1179703674,108.58071166705054,210.14233901143172,500438.4859584882,734.9999999999999,1039.4469683442248,0.6365141682948128,243.20594814820407,181.17791871478994,732591.1403025032,108.580713322025,210.14234221439656,500438.5012137374,734.9999999999997,1039.4469683442248,0.6365141682948127,243.2059518551205,181.17792147628245,732591.1626346393,108.58071497699946,210.1423454173614,500438.51646898704,243.205955562037,181.17792423777502,732591.184966776,108.58071663197396,210.14234862032632,500438.53172423714,243.20595926895345,181.17792699926753,732591.2072989128,108.58071828694835,210.1423518232911,500438.54697948694,243.20596297586994,181.1779297607601,732591.22963105,108.5807199419229,210.1423550262561,500438.56223473797,243.20596668278642,181.1779325222526,732591.2519631876,108.58072159689732,210.14235822922092,500438.57748998824
184.63647892138212,137.5461958250227,422229.2309406914,82.43203235446336,159.53533387725577,288427.95370598964,735.0,1039.4469683442248,0.6365141682948128,0.0,0.0,184.63647929207374,137.54619610117194,422229.23263609677,82.43203251996081,159.53533419755223,288427.95486413385,734.9999999999999,1039.4469683442248,0.6365141682948129,0.0,0.0,184.63647966276542,137.54619637732122,422229.23433150235,82.43203268545828,159.53533451784878,288427.95602227823,735.0,1039.4469683442248,0.6365141682948128,0.0,0.0,184.63648003345702,137.54619665347045,422229.23602690775,82.43203285095572,159.53533483814525,288427.9571804223,735.0,1039.4469683442248,0.6365141682948128,184.63648040414864,137.54619692961967,422229.23772231315,82.43203301645316,159.53533515844168,288427.9583385665,734.9999999999999,1039.4469683442248,0.6365141682948128,184.63648077484032,137.54619720576892,422229.2394177186,82.43203318195062,159.53533547873818,288427.9594967107,184.63648114553195,137.54619748191823,422229.2411131242,82.43203334744804,159.53533579903467,288427.96065485483,184.63648151622363,137.54619775806748,422229.24280852976,82.4320335129455,159.53533611933116,288427.9618129991,184.63648188691522,137.54619803421667,422229.24450393516,82.43203367844295,159.53533643962768,288427.96297114337,184.63648225760687,137.54619831036595,422229.2461993408,82.43203384394039,159.53533675992415,288427.9641292875
212.19027445103563,158.0725824729077,557653.2356765983,94.73358499377574,183.34321840304682,380937.10680660605,735.0000000000001,1039.4469683442248,0.6365141682948128,0.0,0.0,212.1902781579521,158.07258523440024,557653.255160752,94.73358664875022,183.3432216060117,380937.1201163778,734.9999999999999,1039.4469683442248,0.6365141682948128,0.0,0.0,212.19028186486864,158.07258799589283,557653.2746449066,94.73358830372469,183.3432248089766,380937.1334261497,735.0,1039.4469683442248,0.6365141682948128,0.0,0.0,212.190285571785,158.0725907573853,557653.2941290609,94.73358995869914,183.34322801194145,380937.1467359217,735.0000000000001,1039.446968344225,0.6365141682948128,212.19028927870153,158.07259351887785,557653.3136132159,94.73359161367361,183.34323121490633,380937.160045694,735.0,1039.4469683442248,0.6365141682948128,212.19029298561793,158.07259628037036,557653.333097371,94.73359326864806,183.34323441787114,380937.17335546645,212.19029669253447,158.07259904186293,557653.3525815269,94.73359492362255,183.34323762083608,380937.18666523934,212.19030039945093,158.07260180335547,557653.3720656827,94.73359657859699,183.34324082380093,380937.1999750123,212.19030410636736,158.072604564848,557653.3915498389,94.73359823357148,183.3432440267658,380937.2132847855,212.19030781328385,158.07260732634052,557653.4110339956,94.73359988854594,183.34324722973065,380937.226594559
206.81472660599496,154.06803168814335,529756.3825718738,92.33364032155285,178.69847092279997,361880.5572685601,735.0000000000001,1039.4469683442248,0.6365141682948128,0.0,0.0,206.8147303129114,154.0680344496359,529756.4015624234,92.3336419765273,178.6984741257648,361880.57024114695,735.0,1039.4469683442248,0.6365141682948128,0.0,0.0,206.81473401982788,154.06803721112843,529756.4205529736,92.33364363150181,178.69847732872978,361880.5832137343,735.0,1039.4469683442248,0.6365141682948128,0.0,0.0,206.81473772674434,154.06803997262097,529756.4395435241,92.33364528647628,178.69848053169463,361880.59618632175,735.0,1039.4469683442248,0.6365141682948128,206.8147414336608,154.0680427341135,529756.4585340748,92.33364694145072,178.69848373465948,361880.6091589092,734.9999999999997,1039.4469683442248,0.6365141682948128,206.8147451405772,154.068045495606,529756.4775246255,92.33364859642518,178.6984869376243,361880.62213149696,206.81474884749372,154.06804825709855,529756.4965151771,92.33365025139963,178.6984901405892,361880.635104085,206.8147525544102,154.0680510185911,529756.5155057291,92.33365190637414,178.69849334355413,361880.6480766736,206.81475626132666,154.06805378008363,529756.5344962812,92.3336535613486,178.69849654651895,361880.6610492621,206.8147599682431,154.06805654157614,529756.5534868335,92.33365521632307,178.69849974948386,361880.67402185086
196.105722952393,146.09028686635,476314.5116218033,87.5525432121693,169.4453456284339,325374.0144931891,734.9999999999999,1039.4469683442248,0.6365141682948128,0.0,0.0,196.10572332308467,146.09028714249928,476314.5134225241,87.55254337766675,169.44534594873042,325374.015723275,734.9999999999999,1039.4469683442248,0.6365141682948128,0.0,0.0,196.1057236937763,146.0902874186485,476314.51522324467,87.5525435431642,169.44534626902689,325374.0169533607,735.0,1039.4469683442248,0.6365141682948128,0.0,0.0,196.1057240644679,146.09028769479772,476314.51702396513,87.55254370866166,169.44534658932338,325374.0181834465,734.9999999999999,1039.4469683442248,0.6365141682948128,196.1057244351596,146.09028797094703,476314.51882468606,87.55254387415908,169.44534690961987,325374.01941353234,735.0,1039.4469683442248,0.6365141682948128,196.10572480585122,146.09028824709625,476314.5206254065,87.5525440396565,169.44534722991628,325374.0206436177,196.1057251765429,146.09028852324553,476314.52242612734,87.55254420515396,169.44534755021283,325374.0218737038,196.10572554723456,146.09028879939478,476314.5242268479,87.55254437065142,169.4453478705093,325374.02310378954,196.10572591792618,146.090289075544,476314.5260275684,87.55254453614887,169.44534819080582,325374.0243338753,196.10572628861786,146.0902893516933,476314.52782828925,87.55254470164633,169.4453485111023,325374.0255639612
195.13272410437693,145.36544478276736,471599.6697706701,87.11814220436699,168.60462500276316,322153.2706708346,735.0000000000001,1039.446968344225,0.6365141682948128,0.0,0.0,195.1327244750686,145.36544505891663,471599.67156245647,87.11814236986447,168.60462532305968,322153.27189481736,735.0,1039.4469683442248,0.6365141682948128,0.0,0.0,195.13272484576024,145.36544533506586,471599.67335424246,87.1181425353619,168.60462564335614,322153.2731187999,735.0,1039.4469683442248,0.6365141682948128,0.0,0.0,195.13272521645192,145.3654456112151,471599.67514602863,87.11814270085935,168.6046259636526,322153.2743427823,734.9999999999999,1039.4469683442248,0.6365141682948128,193.09499170802133,143.85446463004894,460300.0424875454,84.00240855683495,161.46411954246653,294972.86436214467,2813.957037367358,5827.089856645757,1.0646807025647058,190.40890762670426,141.11143072241885,449343.90387298237,81.30850591652809,154.47324647475716,269512.6643517724,188.7545643686227,139.00433443821294,439603.9245007927,78.96951068325944,148.2038664629618,247651.47481899225,188.5790782427182,138.8874888551255,438814.4264908468,78.72232660281182,147.70242712331864,245944.0234399315,190.21482044764315,140.74372189912566,447923.78537558037,81.03038975996387,153.58421593644144,266356.1944717209,195.13272558714354,145.36544588736436,471599.67693781486,87.1181428663568,168.60462628394916,322153.27556676505
211.12269362937138,157.27728090729346,552055.9739618612,94.25695731247176,182.4207741286536,377113.5753586729,735.0,1039.4469683442248,0.6365141682948128,0.0,0.0,211.12269400006303,157.27728118344274,552055.9759004739,94.2569574779692,182.42077444895006,377113.5766829534,735.0,1039.4469683442248,0.6365141682948128,0.0,0.0,211.1226943707547,157.27728145959202,552055.9778390863,94.25695764346662,182.42077476924646,377113.5780072339,735.0000000000001,1039.446968344225,0.6365141682948129,0.0,0.0,211.12269474144637,157.27728173574127,552055.9797776989,94.25695780896409,182.42077508954299,377113.5793315147,735.0,1039.4469683442248,0.6365141682948128,211.122695112138,157.2772820118905,552055.981716311,94.25695797446156,182.4207754098395,377113.5806557956,734.9999999999998,1039.4469683442248,0.6365141682948128,211.12269548282964,157.27728228803977,552055.9836549236,94.25695813995898,182.420775730136,377113.58198007627,211.1226958535213,157.27728256418905,552055.9855935362,94.25695830545644,182.4207760504325,377113.5833043569,211.12269622421292,157.27728284033827,552055.9875321484,94.25695847095388,182.42077637072896,377113.58462863753,211.1226965949046,157.27728311648755,552055.9894707609,94.25695863645133,182.4207766910255,377113.5859529184,211.1226969655962,157.27728339263678,552055.9914093732,94.25695880194874,182.42077701132192,377113.58727719885
68.02826004362437,52.77690248424843,59305.964803158786,68.1563110433465,136.442858524229,215983.96576734094,3784.988082895814,6089.567970742339,1.5695033367354356,14.157903582951889,1.0954451150103321,66.3052100300125,54.26606809026577,58729.496184811454,66.21811226890598,135.5971761040252,214480.14650753333,2879.360640496139,5008.837751816349,1.391644722525184,8.141911840277773,1.019803902718557,76.61316190016979,54.38923009053062,70622.11940945846,63.23156664444741,130.47682073983088,199204.6381230707,3545.50539391797,5626.535271065836,1.3783979838685008,3.4968422045140017,2.165063509461097,66.7179196567447,48.26020883528267,51189.622472411975,54.899519245791204,113.29895973910594,150962.98125710618,6163.3953797417025,6644.335671036367,1.8237250864568468,51.38070197822577,35.37614443512593,30670.157196169657,51.724332094436704,106.59315767214689,133394.681384117,7264.241030133378,6910.67789637572,1.8896790807738737,43.15514467702815,27.375826427674117,20894.419077546972,51.51274097869454,109.29937918622674,139884.65730459892,40.504822836578725,27.155655575030618,19024.562421858565,50.45630812961898,108.76510104701553,137935.45637145796,46.013581957422964,31.044538696246903,24648.10485932201,53.037323307820074,109.3069031894066,139229.73824847987,45.80199306868478,30.789287148666514,24366.422177495115,50.37261694569326,105.27143768070546,129226.70880970066,45.826430944325594,31.233823603103257,24604.9080797185,50.50619745082081,104.73318714007252,127674.72973798921
197.9462625818635,147.46140933238587,485297.3165880014,88.37426285918872,171.0356657321168,331510.2359224072,735.0,1039.4469683442248,0.6365141682948128,0.0,0.0,197.94626628878,147.46141209387844,485297.33476421365,88.37426451416317,171.03566893508167,331510.24833871395,735.0,1039.446968344225,0.6365141682948128,0.0,0.0,186.16635162314583,142.514440047139,435010.5511808848,88.75397805966567,171.6291440964796,333817.90209083864,744.2613459309616,1043.4784595218991,0.6406481764135896,0.0,0.0,185.0619939372175,142.68277771796815,428159.6072134706,88.80551114356066,171.71098533547863,334136.3627092106,744.6884824586685,1043.580746667225,0.6407136482636361,186.1271525212122,143.46262241157103,431290.24956106703,88.77973594334982,171.67145865535835,333982.1427720107,743.2036552699178,1042.8487204182525,0.6399420334459747,185.4490916341815,143.11415485633222,428747.6629043668,88.79936061620089,171.70292379322476,334104.7764729381,186.4291911676233,143.6076249150822,432456.5937777233,88.77009853057329,171.65711517565296,333926.24612250493,186.5716549730148,143.81075931296786,432537.569232965,88.77036282263401,171.65567459182574,333920.55556452216,186.00081517850785,143.49843156159588,430481.273287957,88.78787978300264,171.6810465869615,334019.4549118502,185.52086045446111,143.53799587143988,427586.26047463075,88.80458811800085,171.71624484206214,334156.41684609256
171.83296367042567,128.00813039914019,365701.0763798798,76.7158283324667,148.4724437468953,249813.14745388308,734.9999999999998,1039.4469683442248,0.6365141682948128,0.0,0.0,171.83296737734213,128.00813316063272,365701.0921582652,76.71582998744118,148.47244694986017,249813.15823221643,735.0,1039.4469683442248,0.6365141682948128,0.0,0.0,171.8329710842586,128.00813592212526,365701.10793665075,76.71583164241565,148.47245015282502,249813.16901054993,735.0,1039.4469683442248,0.6365141682948128,0.0,0.0,171.8329747911751,128.00813868361783,365701.123715037,76.7158332973901,148.4724533557899,249813.17978888378,735.0,1039.4469683442248,0.6365141682948128,171.8329784980915,128.0081414451103,365701.13949342305,76.71583495236457,148.47245655875477,249813.1905672178,735.0,1039.4469683442248,0.6365141682948128,171.832982205008,128.00814420660285,365701.1552718098,76.71583660733903,148.47245976171965,249813.20134555205,171.83298591192448,128.00814696809542,365701.171050197,76.71583826231351,148.47246296468452,249813.2121238866,171.57042900870135,127.72058257123767,365056.6312269254,76.67475910797073,147.9513588078066,248031.94757191505,171.3104486238575,127.43070736281918,364474.2202242353,76.6858988282303,147.5165064247634,246549.05729146214,171.8329896188409,128.0081497295879,365701.1868285842,76.71583991728798,148.4724661676494,249813.22290222134
207.34062684512764,154.45980463408964,532453.9973070462,92.56843154905384,179.15287554926547,363723.31812199386,735.0,1039.4469683442248,0.6365141682948128,0.0,0.0,207.34063055204416,154.45980739558217,532454.0163458863,92.56843320402831,179.15287875223035,363723.3311275683,734.9999999999999,1039.4469683442248,0.6365141682948128,0.0,0.0,207.34063425896056,154.45981015707468,532454.0353847265,92.56843485900276,179.1528819551952,363723.34413314273,735.0,1039.4469683442248,0.6365141682948128,0.0,0.0,207.34063796587702,154.45981291856722,532454.0544235671,92.56843651397722,179.15288515816,363723.3571387174,735.0000000000001,1039.446968344225,0.6365141682948128,207.34064167279348,154.4598156800597,532454.073462408,92.5684381689517,179.15288836112495,363723.3701442927,735.0000000000001,1039.4469683442248,0.6365141682948128,207.34064537971,154.45981844155227,532454.0925012496,92.56843982392618,179.15289156408983,363723.38314986805,207.3406490866264,154.4598212030448,532454.1115400911,92.56844147890062,179.15289476705468,363723.39615544357,207.3406527935429,154.45982396453735,532454.1305789332,92.56844313387509,179.15289797001952,363723.40916101914,207.34065650045935,154.45982672602986,532454.1496177753,92.56844478884956,179.15290117298443,363723.42216659524,207.34066020737583,154.45982948752243,532454.1686566182,92.568446443824,179.1529043759493,363723.4351721713
76.47634457727526,47.83849595384097,65097.223800222375,50.68175720655325,101.50638985827052,123864.6446811054,5945.523382494621,5278.389421931716,1.7965119759852446,1.7829802030040793,0.7071067811865476,77.80200042857386,47.08240968073471,66159.23657625879,49.15215156243927,100.84902410025738,121785.95751028584,7118.596037145057,5727.38325534452,1.9072724061964148,1.7371347554112548,1.224744871391589,88.25938697184733,52.52778163683694,84391.09785866814,50.50243174543219,104.56848474381945,129930.54214612726,6706.44914584374,6054.991113672923,1.8920061697026076,1.520956193653044,0.39999999999999997,82.28306872727674,50.08662826696023,74233.38984264326,48.84836433849477,101.79514270901011,123261.15946551027,7311.529965428652,6333.809571680613,1.8477448552684497,86.18725099374836,54.273810892823896,82991.11026151509,51.09123344435021,101.45774982268365,122287.95132042408,6210.607196234526,6050.523526432675,1.769263383041803,91.31493032571308,55.09559363872101,90991.5275103433,53.801383010579535,104.93274043394082,129998.62892940866,88.5417914042067,51.66076237534127,84067.86555414023,53.17881869697303,105.72803121839998,132042.4074727353,90.08758701193369,50.557121088841576,85374.36661139611,49.151558560846766,102.65096320367924,124603.8874203458,91.04502918666066,52.29484780940155,88191.58757606687,50.46594638142055,101.74378327621089,121912.7935451066,89.06705544489616,55.50485316611149,88109.83272492641,53.37538184581177,103.75283778150158,125614.5516635329
225.01535283507894,167.62671150086655,627101.124606609,100.45941600224151,194.42474018007078,428377.48048385495,734.9999999999997,1039.4469683442248,0.6365141682948128,0.0,0.0,225.0153565419954,167.6267142623591,627101.1452684125,100.459417657216,194.42474338303572,428377.4945980881,734.9999999999998,1039.4469683442248,0.6365141682948128,0.0,0.0,225.01536024891183,167.6267170238516,627101.1659302162,100.45941931219042,194.4247465860005,428377.5087123209,734.9999999999995,1039.4469683442248,0.6365141682948128,0.0,0.0,225.01536395582832,167.62671978534414,627101.1865920206,100.4594209671649,194.42474978896536,428377.5228265543,735.0,1039.4469683442248,0.6365141682948128,225.01536766274486,167.6267225468367,627101.2072538254,100.45942262213939,194.4247529919303,428377.53694078804,735.0,1039.446968344225,0.6365141682948128,225.0153713696613,167.6267253083292,627101.22791563,100.45942427711384,194.42475619489517,428377.55105502193,225.01537507657775,167.62672806982172,627101.2485774352,100.45942593208831,194.42475939786002,428377.56516925595,225.01537878349416,167.62673083131426,627101.2692392406,100.45942758706276,194.42476260082486,428377.57928349014,225.0153824904107,167.62673359280683,627101.2899010465,100.45942924203726,194.4247658037898,428377.593397725,225.01538619732713,167.62673635429934,627101.3105628529,100.45943089701173,194.4247690067547,428377.60751195974
217.95057798382248,162.3637596138541,588341.2888168789,97.30530608572961,188.32041441927274,401900.346018519,734.9999999999999,1039.4469683442248,0.6365141682948128,0.0,0.0,217.95057835451414,162.36375989000337,588341.2908181876,97.30530625122705,188.32041473956923,401900.3473856281,735.0,1039.4469683442248,0.6365141682948128,0.0,0.0,217.9505787252058,162.36376016615264,588341.2928194965,97.30530641672452,188.3204150598658,401900.34875273745,735.0,1039.446968344225,0.6365141682948128,0.0,0.0,217.9505790958974,162.36376044230187,588341.2948208051,97.30530658222196,188.32041538016225,401900.35011984623,734.9999999999999,1039.4469683442248,0.6365141682948128,217.9505794665891,162.36376071845115,588341.2968221139,97.30530674771941,188.32041570045877,401900.3514869554,734.9999999999998,1039.4469683442248,0.6365141682948128,217.9505798372807,162.3637609946004,588341.2988234228,97.30530691321685,188.32041602075518,401900.35285406426,217.95058020797234,162.36376127074962,588341.3008247314,97.30530707871429,188.32041634105164,401900.3542211732,217.95058057866405,162.3637615468989,588341.3028260403,97.30530724421176,188.3204166613482,401900.35558828246,217.95058094935567,162.36376182304818,588341.3048273493,97.30530740970919,188.32041698164466,401900.3569553914,217.9505813200473,162.3637620991974,588341.3068286579,97.30530757520665,188.32041730194118,401900.3583225006
212.10660934638193,158.01025558639185,557213.5650238515,94.69623222007661,183.2709274858739,380636.7644868813,734.9999999999999,1039.4469683442248,0.6365141682948128,0.0,0.0,211.33242616592509,158.01843118847884,552082.9866186667,94.7251593973606,183.32471139183951,380860.23479201755,735.0740902063961,1039.4731910307232,0.6365375607810259,0.0,0.0,206.96169051093568,157.8760182585751,524627.7136458156,94.88864850210338,183.6194680410228,382086.2373942521,735.8279811772695,1039.7433380793298,0.6367841577674085,0.0,0.0,208.21858328052053,158.0971099786716,531624.4534419046,94.84127403298893,183.54307212033365,381768.15521679184,735.2889616937061,1039.549546387661,0.63660629679234,209.2888084169365,158.1414160824685,538268.3582233309,94.80109327549022,183.4713708027182,381469.8566765237,735.0831306970797,1039.4763921402007,0.6365404195868145,209.1566972633225,158.14755613990778,537393.2596166618,94.80600342024242,183.48075752431745,381508.89257317525,209.2124960224674,158.1449519250498,537762.7456704425,94.80392271900833,183.47678048561306,381492.35344168154,209.11013053664365,158.14972700321047,537085.0711065305,94.8077382830111,183.48407358045287,381522.6831652646,209.13389173011163,158.14862792844514,537242.2936223041,94.80685838482944,183.4823918438172,381515.6893234673,209.20542963126334,158.14527718998698,537715.9498035966,94.8041832120347,183.4772784488345,381494.42428453633
220.51747677419627,164.27598825765372,602281.1991558044,98.45131301445156,190.53834588083282,411422.8032982853,735.0,1039.4469683442248,0.6365141682948128,0.0,0.0,220.51747714488786,164.27598853380294,602281.2011806831,98.45131317994898,190.5383462011293,411422.8046814952,735.0000000000001,1039.446968344225,0.6365141682948128,0.0,0.0,220.51747751557951,164.2759888099522,602281.2032055622,98.45131334544644,190.53834652142578,411422.80606470536,734.9999999999998,1039.4469683442248,0.6365141682948128,0.0,0.0,220.51747788627122,164.27598908610148,602281.2052304415,98.45131351094389,190.53834684172233,411422.8074479156,734.9999999999999,1039.4469683442248,0.6365141682948128,220.51747825696287,164.27598936225073,602281.2072553206,98.45131367644132,190.53834716201874,411422.8088311255,734.9999999999999,1039.4469683442248,0.6365141682948128,220.51747862765444,164.27598963839998,602281.2092801995,98.45131384193877,190.53834748231526,411422.8102143356,220.51747899834612,164.2759899145492,602281.2113050786,98.4513140074362,190.53834780261172,411422.8115975456,220.51747936903774,164.27599019069848,602281.2133299577,98.45131417293365,190.53834812290813,411422.8129807556,220.51747973972942,164.2759904668477,602281.2153548365,98.4513143384311,190.53834844320468,411422.81436396565,220.51748011042105,164.275990742997,602281.2173797159,98.45131450392856,190.53834876350118,411422.81574717595
221.41938437821364,164.94787043739933,607217.8857022116,98.85397492194356,191.31764004617818,414795.0908954652,735.0,1039.4469683442248,0.6365141682948128,0.0,0.0,221.4193880851301,164.94787319889187,607217.9060338191,98.85397657691803,191.31764324914306,414795.1047841387,735.0,1039.4469683442248,0.6365141682948128,0.0,0.0,221.41939179204658,164.94787596038438,607217.9263654267,98.8539782318925,191.31764645210788,414795.1186728124,735.0000000000001,1039.4469683442248,0.6365141682948128,0.0,0.0,221.419395498963,164.94787872187692,607217.946697035,98.85397988686698,191.3176496550728,414795.1325614865,735.0,1039.446968344225,0.6365141682948128,221.41939920587953,164.94788148336949,607217.9670286435,98.85398154184145,191.31765285803766,414795.14645016054,735.0,1039.4469683442248,0.6365141682948128,221.419402912796,164.947884244862,607217.9873602522,98.85398319681592,191.31765606100257,414795.16033883515,221.41940661971245,164.94788700635453,607218.0076918614,98.85398485179039,191.31765926396747,414795.1742275098,221.4194103266289,164.94788976784707,607218.0280234707,98.85398650676484,191.31766246693223,414795.18811618444,221.4194140335454,164.9478925293396,607218.0483550807,98.85398816173932,191.31766566989717,414795.2020048597,221.41941774046188,164.94789529083215,607218.0686866908,98.85398981671379,191.3176688728621,414795.21589353506
195.0299387245879,145.2888741177557,471102.97415219946,87.07225307237188,168.51581319277767,321813.9741694269,735.0,1039.4469683442248,0.6365141682948128,0.0,0.0,195.02993909527956,145.28887439390502,471102.9759430421,87.07225323786933,168.5158135130742,321813.97539276484,735.0,1039.4469683442248,0.6365141682948128,0.0,0.0,195.0299394659712,145.28887467005424,471102.97773388424,87.07225340336677,168.51581383337066,321813.97661610256,734.9999999999999,1039.4469683442248,0.6365141682948128,0.0,0.0,195.02993983666283,145.28887494620352,471102.9795247268,87.07225356886424,168.51581415366724,321813.97783944063,735.0,1039.4469683442248,0.6365141682948128,195.02994020735446,145.28887522235274,471102.9813155689,87.07225373436165,168.51581447396362,321813.9790627783,735.0,1039.4469683442248,0.6365141682948128,195.02994057804614,145.288875498502,471102.98310641135,87.0722538998591,168.5158147942601,321813.98028611613,195.02994094873782,145.28887577465127,471102.9848972538,87.07225406535659,168.5158151145567,321813.98150945426,195.02994131942944,145.2888760508005,471102.9866880961,87.072254230854,168.51581543485312,321813.98273279186,195.0299416901211,145.28887632694978,471102.9884789386,87.07225439635147,168.51581575514962,321813.98395612993,195.02994206081274,145.28887660309903,471102.99026978086,87.07225456184891,168.5158160754461,321813.9851794676
225.7658922120945,168.1858308944363,631291.4967939107,100.79449868238618,195.07324447781141,431239.95514615456,734.9999999999999,1039.4469683442248,0.6365141682948128,0.0,0.0,225.76589591901103,168.18583365592883,631291.5175246319,100.79450033736063,195.07324768077626,431239.96930746554,735.0,1039.4469683442248,0.6365141682948128,0.0,0.0,225.7658996259275,168.18583641742137,631291.5382553532,100.79450199233511,195.07325088374117,431239.98346877686,735.0,1039.4469683442248,0.6365141682948128,0.0,0.0,225.765903332844,168.18583917891394,631291.5589860752,100.79450364730957,195.07325408670604,431239.9976300883,734.9999999999999,1039.4469683442248,0.6365141682948128,225.76590703976038,168.18584194040642,631291.5797167968,100.79450530228407,195.07325728967095,431240.0117914001,735.0000000000001,1039.4469683442248,0.6365141682948128,225.76591074667687,168.185844701899,631291.6004475194,100.79450695725852,195.07326049263582,431240.0259527121,225.76591445359335,168.18584746339153,631291.6211782421,100.79450861223296,195.07326369560064,431240.04011402396,225.76591816050984,168.18585022488404,631291.6419089651,100.79451026720743,195.07326689856552,431240.05427533627,225.76592186742627,168.18585298637657,631291.6626396885,100.79451192218185,195.07327010153034,431240.0684366486,225.7659255743427,168.18585574786908,631291.6833704121,100.79451357715637,195.07327330449525,431240.0825979617
208.01128217228552,154.95941386352922,535904.0749346486,92.86784952945472,179.73235595400305,366080.0920195262,734.9999999999999,1039.4469683442248,0.6365141682948128,0.0,0.0,208.01128587920203,154.95941662502176,535904.0940350711,92.8678511844292,179.73235915696793,366080.10506716784,735.0,1039.446968344225,0.6365141682948128,0.0,0.0,208.0112895861185,154.9594193865143,535904.1131354936,92.86785283940367,179.73236235993284,366080.1181148098,735.0000000000001,1039.446968344225,0.6365141682948128,0.0,0.0,208.01129329303492,154.9594221480068,535904.1322359163,92.86785449437814,179.73236556289777,366080.13116245205,735.0,1039.4469683442248,0.6365141682948128,208.0112969999514,154.95942490949938,535904.1513363397,92.8678561493526,179.7323687658626,366080.14421009424,735.0000000000001,1039.446968344225,0.6365141682948128,206.3568742898653,153.21045542022134,522271.8425100494,93.28218498809876,179.87269583010868,366773.5197226074,198.500818049317,148.4276242539634,471591.80456131033,92.50788737656544,179.66125896997022,366536.93734365527,186.01713418641248,139.77895816378324,418994.9451206602,91.40364357113279,177.2480075659644,358367.3912641439,184.00216831749592,138.6971832911999,417082.81930216774,87.78088197473006,172.76651661916594,342524.9386526807,182.89225693347578,138.87685191046035,411918.38984344125,86.41617525437916,170.1256879651691,332292.49776986527
197.0581224656035,146.7997833359154,480952.24754911324,87.97774752686365,170.26826737830802,328542.0866808077,735.0,1039.4469683442248,0.6365141682948128,0.0,0.0,197.05812617251993,146.79978609740792,480952.2656437729,87.97774918183809,170.26827058127282,328542.0990414052,735.0,1039.4469683442248,0.6365141682948128,0.0,0.0,197.05812987943642,146.79978885890046,480952.2837384328,87.97775083681255,170.26827378423766,328542.111402003,735.0,1039.4469683442248,0.6365141682948128,0.0,0.0,197.05813358635294,146.799791620393,480952.30183309317,87.97775249178704,170.2682769872026,328542.12376260123,735.0,1039.4469683442248,0.6365141682948128,197.05813729326937,146.79979438188556,480952.3199277537,87.97775414676153,170.26828019016753,328542.1361231999,735.0,1039.4469683442248,0.6365141682948128,197.05814100018586,146.7997971433781,480952.3380224147,87.97775580173598,170.26828339313232,328542.1484837982,197.05814470710231,146.7997999048706,480952.356117076,87.97775745671044,170.26828659609723,328542.160844397,197.05814841401872,146.7998026663631,480952.3742117374,87.97775911168489,170.2682897990621,328542.17320499604,197.0581521209352,146.79980542785566,480952.3923063994,87.97776076665937,170.26829300202695,328542.18556559534,197.05815582785172,146.79980818934823,480952.4104010619,87.97776242163386,170.2682962049919,328542.19792619505
235.34410470444183,175.32118517990793,685993.3806266137,105.07074748587036,203.34930854077794,468607.2221697527,734.9999999999997,1039.4469683442248,0.6365141682948128,0.0,0.0,235.34410507513343,175.32118545605718,685993.3827876367,105.07074765136781,203.34930886107438,468607.22364596365,735.0,1039.4469683442248,0.6365141682948128,0.0,0.0,235.3441054458251,175.32118573220643,685993.3849486598,105.07074781686526,203.3493091813709,468607.22512217466,734.9999999999999,1039.4469683442248,0.6365141682948128,0.0,0.0,235.3441058165168,175.32118600835568,685993.387109683,105.07074798236269,203.34930950166742,468607.2265983858,735.0,1039.4469683442248,0.6365141682948128,235.3441061872084,175.32118628450493,685993.389270706,105.07074814786017,203.34930982196389,468607.2280745969,735.0000000000001,1039.446968344225,0.6365141682948128,235.3441065579001,175.3211865606542,685993.3914317291,105.07074831335758,203.34931014226035,468607.22955080774,235.34410692859166,175.32118683680343,685993.3935927518,105.07074847885504,203.34931046255682,468607.2310270188,235.34410729928334,175.32118711295269,685993.395753775,105.07074864435249,203.34931078285334,468607.2325032299,235.34410766997496,175.32118738910194,685993.397914798,105.07074880984996,203.34931110314986,468607.23397944117,235.3441080406666,175.3211876652512,685993.4000758211,105.0707489753474,203.34931142344632,468607.2354556523
231.64313413174034,172.56412207889312,664587.4594306817,103.41842759884659,200.1514812239061,453984.67689031037,735.0,1039.4469683442248,0.6365141682948128,0.0,0.0,231.6431378386568,172.56412484038563,664587.4807010742,103.41842925382107,200.15148442687095,453984.6914202751,735.0,1039.4469683442248,0.6365141682948128,0.0,0.0,231.64314154557326,172.56412760187814,664587.5019714672,103.41843090879551,200.15148762983577,453984.70595023996,735.0,1039.4469683442248,0.6365141682948128,0.0,0.0,231.6431452524898,172.56413036337077,664587.523241861,103.41843256377001,200.15149083280073,453984.7204802055,735.0,1039.4469683442248,0.6365141682948128,231.64314895940623,172.56413312486328,664587.5445122548,103.41843421874447,200.15149403576558,453984.73501017067,735.0000000000001,1039.446968344225,0.6365141682948128,231.6431526663227,172.56413588635579,664587.5657826485,103.41843587371893,200.15149723873043,453984.74954013637,231.64315637323915,172.5641386478483,664587.5870530428,103.4184375286934,200.15150044169533,453984.7640701024,231.64316008015552,172.56414140934083,664587.6083234375,103.41843918366786,200.15150364466015,453984.7786000685,231.64316378707207,172.5641441708334,664587.629593833,103.41844083864233,200.15150684762506,453984.7931300348,219.68802062835124,167.48271172036195,604699.6253638337,103.300374707318,200.30481119749274,454859.73116867605
243.76019147064125,181.5908060326591,735933.9566021258,108.82815848429352,210.62123671027734,502722.0040938369,735.0,1039.4469683442248,0.6365141682948128,0.0,0.0,243.76019517755773,181.59080879415163,735933.9789851548,108.828160139268,210.62123991324225,502722.01938385185,735.0,1039.4469683442248,0.6365141682948128,0.0,0.0,243.76019888447422,181.5908115556442,735934.0013681842,108.82816179424246,210.6212431162071,502722.0346738671,735.0,1039.4469683442248,0.6365141682948128,0.0,0.0,243.76020259139068,181.59081431713673,735934.023751214,108.82816344921692,210.62124631917195,502722.04996388237,735.0,1039.4469683442248,0.6365141682948128,243.76020629830714,181.59081707862924,735934.046134244,108.82816510419141,210.62124952213688,502722.0652538983,735.0,1039.4469683442248,0.6365141682948128,243.76021000522354,181.59081984012178,735934.0685172742,108.82816675916584,210.6212527251017,502722.08054391394,243.07954853688418,181.52433734828753,731081.7577883275,108.82829956603908,210.5664640514895,502452.79366578266,241.02976536757035,179.7837241705014,721441.5996346651,107.59360928565164,206.221431385329,481555.1169541701,242.02209847776243,179.73639832313836,727038.9522700286,107.49229847352665,205.9375634616077,480213.04230869026,243.6650550944924,181.4865527358732,735593.0065092492,108.79766023089675,210.40262834892445,501661.4416930744
214.28253224317842,159.63122408953555,568704.6997375309,95.66768568191348,185.15103583639873,388486.44477510377,735.0,1039.446968344225,0.6365141682948128,0.0,0.0,214.28253595009488,159.63122685102812,568704.7194138042,95.66768733688795,185.15103903936364,388486.45821611356,735.0000000000001,1039.446968344225,0.6365141682948128,0.0,0.0,214.2825396570113,159.63122961252063,568704.7390900777,95.6676889918624,185.15104224232846,388486.47165712353,734.9999999999999,1039.4469683442248,0.6365141682948128,0.0,0.0,214.28254336392777,159.63123237401314,568704.7587663515,95.66769064683686,185.1510454452933,388486.4850981337,735.0,1039.4469683442248,0.6365141682948128,214.28254707084426,159.63123513550568,568704.778442626,95.66769230181133,185.15104864825815,388486.49853914423,735.0,1039.4469683442248,0.6365141682948128,214.28255077776075,159.63123789699824,568704.798118901,95.66769395678577,185.15105185122303,388486.5119801549,214.2825544846772,159.63124065849075,568704.8177951758,95.66769561176025,185.15105505418796,388486.525421166,214.28255819159364,159.6312434199833,568704.837471451,95.66769726673472,185.1510582571528,388486.5388621772,214.2825618985101,159.63124618147583,568704.8571477267,95.66769892170916,185.15106146011766,388486.5523031886,214.2825656054266,159.6312489429684,568704.876824003,95.66770057668367,185.15106466308256,388486.5657442006
205.41025009508627,153.021757396467,522585.6742096746,91.70660359584926,177.4849315918968,356982.192617388,735.0,1039.4469683442248,0.6365141682948128,0.0,0.0,205.41028716425095,153.02178501139235,522585.8628255412,91.70662014559393,177.48496362154557,356982.3214623007,735.0,1039.4469683442248,0.6365141682948128,0.0,0.0,205.41032423341565,153.0218126263177,522586.051441442,91.7066366953386,177.4849956511943,356982.45030723687,735.0,1039.4469683442248,0.6365141682948128,0.0,0.0,205.41036130258033,153.02184024124304,522586.24005737645,91.70665324508323,177.48502768084296,356982.57915219583,734.9999999999998,1039.4469683442248,0.6365141682948127,205.41039837174495,153.02186785616837,522586.428673345,91.70666979482792,177.48505971049173,356982.7079971786,734.9999999999999,1039.4469683442248,0.6365141682948128,205.1871037935567,152.82198699059236,521492.54828163737,91.39191132039272,176.73723345295892,353929.7727647414,204.5640517079921,152.32334056891787,518123.5594626599,90.41827632700435,174.6667443203034,345539.0751007268,205.28290716793367,152.99315664828382,521209.93195816095,91.4816771790876,176.59129829820287,353335.1580943779,205.41043544090968,153.02189547109379,522586.617289348,91.70668634457259,177.48509174014046,356982.83684218436,205.41047251007433,153.02192308601911,522586.80590538465,91.70670289431725,177.4851237697892,356982.9656872133
205.6179856938809,153.1765114381307,523643.2119148517,91.79934836492768,177.66442574335326,357704.60455365205,734.9999999999999,1039.4469683442248,0.6365141682948128,0.0,0.0,205.6179894007974,153.17651419962323,523643.23079551186,91.79935001990214,177.66442894631808,357704.61745117255,735.0,1039.4469683442248,0.6365141682948128,0.0,0.0,203.3071613480761,153.1264567939683,509232.1635387541,91.88576652665073,177.82142384686497,358337.209157366,735.3622322633405,1039.5757416996382,0.6366301532906828,0.0,0.0,199.211109058314,151.99215396150652,488544.1432257309,92.02328274114055,178.0545475719382,359278.1597284894,736.857136826606,1040.1582580897662,0.6372131927200069,200.5816693916931,152.191398779499,496204.44560793694,91.9787720936545,177.96765558121928,358927.43251416576,736.8598097856342,1040.1399396742488,0.6371766722332883,200.01030350321162,152.71039364773966,490621.9191102291,92.00794662923298,178.02969615021397,359177.50307548355,200.0709251867053,152.12631660356809,492672.04994069214,91.99099717822962,178.0097641946627,359097.40840233554,200.22488976086677,151.6561640505286,495495.1686694496,91.97576414481482,177.9790366742354,358973.5590871178,198.8802332448663,151.65248763326582,487448.66810882464,92.0105168129614,178.06907839946356,359336.9568426506,198.30453221768005,152.1040881851477,482545.45049516857,92.05638086927081,178.12297379957988,359554.36941935064
221.0694514637558,164.6871855420914,605300.0986198883,98.69774533234681,191.01528016221158,413485.03615916485,735.0000000000001,1039.446968344225,0.6365141682948128,0.0,0.0,221.0694551706723,164.68718830358398,605300.1189193636,98.69774698732128,191.01528336517643,413485.05002588866,735.0,1039.4469683442248,0.6365141682948128,0.0,0.0,221.06945887758877,164.6871910650765,605300.1392188391,98.69774864229575,191.01528656814136,413485.0638926127,735.0,1039.4469683442248,0.6365141682948128,0.0,0.0,221.06946258450523,164.68719382656903,605300.159518315,98.69775029727023,191.0152897711062,413485.07775933685,735.0000000000001,1039.446968344225,0.6365141682948128,221.06946629142172,164.6871965880616,605300.1798177912,98.6977519522447,191.0152929740711,413485.09162606124,734.9999999999999,1039.4469683442248,0.6365141682948128,221.0694699983382,164.68719934955413,605300.2001172679,98.69775360721914,191.01529617703594,413485.1054927858,221.06947370525464,164.68720211104667,605300.2204167447,98.69775526219362,191.01529938000084,413485.1193595108,221.06947741217107,164.68720487253918,605300.2407162219,98.69775691716809,191.01530258296572,413485.1332262359,221.06948111908756,164.6872076340317,605300.2610156992,98.69775857214253,191.01530578593056,413485.1470929611,221.06948482600404,164.68721039552426,605300.2813151772,98.69776022711702,191.01530898889547,413485.1609596868
197.99964217898423,147.5011748248905,485559.08933142433,88.3980944915001,171.08178842628126,331689.0548463202,735.0,1039.4469683442248,0.6365141682948128,0.0,0.0,197.9996458859007,147.50117758638302,485559.10751253786,88.39809614647456,171.08179162924608,331689.0672659753,735.0000000000001,1039.446968344225,0.6365141682948128,0.0,0.0,196.04653344363584,147.06787487456813,475447.5487308123,88.47056393738798,171.19651385624866,332134.40490912745,735.9911038736554,1039.8038784228672,0.6368422592732685,0.0,0.0,187.93409282588357,145.0606952167803,435709.2323022003,88.76269529969693,171.66457168487074,333954.5067267044,740.6632489868113,1041.6496685448442,0.6386696092868531,187.19744453212078,144.64394306730767,433077.893782933,88.78523589927072,171.69694749601345,334080.7387769021,741.4198138122739,1041.9845848746343,0.6390183895983423,187.44109644563792,144.6447380175193,434477.91556051344,88.77699965268947,171.67995243663626,334014.5961452187,188.086555735194,145.0678169209975,436604.4291177826,88.76101686834366,171.65357751597324,333911.75595846615,187.45711594206801,144.9666253371408,433383.0531348872,88.782243412529,171.69271430157673,334064.1068461667,186.9261168703035,144.50832723626962,432058.58393677196,88.79431604594953,171.7094421315895,334129.443105124,187.2296842435903,144.65133927040986,433233.10878195334,88.7839845966358,171.69505699113492,334073.37296475144
186.34563060360637,138.81943994964655,430082.43442551285,83.19509308650751,161.01212809399684,293792.53589305765,735.0,1039.4469683442248,0.6365141682948128,0.0,0.0,186.34563097429805,138.81944022579583,430082.43613661255,83.19509325200497,161.0121284142933,293792.5370619227,735.0,1039.4469683442248,0.6365141682948128,0.0,0.0,186.34563134498973,138.8194405019451,430082.4378477122,83.19509341750242,161.01212873458982,293792.5382307877,735.0,1039.446968344225,0.6365141682948128,0.0,0.0,186.34563171568135,138.81944077809433,430082.43955881166,83.19509358299983,161.0121290548863,293792.53939965245,735.0,1039.4469683442248,0.6365141682948128,186.34563208637297,138.8194410542436,430082.44126991136,83.19509374849729,161.01212937518278,293792.5405685175,735.0000000000001,1039.4469683442248,0.6365141682948128,186.34563245706465,138.81944133039283,430082.4429810109,83.19509391399474,161.01212969547927,293792.5417373826,186.31847915267969,138.78276401039946,429933.6771130462,83.20255178706411,161.00846349581994,293779.63061044354,185.43824229598783,137.55872005159543,426477.9453444696,82.77257265442276,158.46153247439122,284392.10230898624,185.3214015912504,137.5468721286375,426105.3113609381,82.61960280118983,158.2628528626542,283665.7128306873,186.34563282775628,138.81944160654209,430082.4446921104,83.19509407949216,161.0121300157757,293792.54290624737
209.82248155792206,156.30867911615027,545277.1710510572,93.67647005357524,181.29732459072002,372482.92426001857,735.0,1039.446968344225,0.6365141682948128,0.0,0.0,209.82248526483852,156.30868187764278,545277.1903177907,93.67647170854968,181.29732779368481,372482.9374212686,734.9999999999999,1039.4469683442248,0.6365141682948128,0.0,0.0,209.82248897175492,156.30868463913532,545277.2095845249,93.67647336352414,181.2973309966497,372482.9505825191,735.0,1039.446968344225,0.6365141682948128,0.0,0.0,209.8224926786714,156.30868740062786,545277.2288512592,93.67647501849862,181.29733419961454,372482.96374376974,734.9999999999999,1039.4469683442248,0.6365141682948128,209.82249638558784,156.30869016212037,545277.2481179938,93.67647667347306,181.29733740257942,372482.97690502065,734.9999999999999,1039.4469683442248,0.6365141682948128,179.01567858807135,140.37349626146093,410885.1155703097,95.14858745086083,181.19542421181924,372930.5529618951,146.82846503879003,119.54623601824028,284668.5983390631,91.15457167555437,169.5766267275579,329462.4007749392,143.99841965348386,118.71592816140685,270903.634471233,89.73023702744963,168.05561814463346,323408.800344503,152.38738535601613,123.2654034682097,297703.19411708094,91.39711708320591,169.61049900972773,327905.2877523034,154.48538239547048,125.89946994230458,303025.54759467294,89.98540581897356,168.35908502100318,322557.4091833121
118.73474607753978,89.44578883284369,169048.74148005148,77.70588078389802,154.97815277533624,279899.5533189099,1586.4036975969946,3379.273376861956,0.9612530301835178,3.006414925051106,1.6393596310755,125.02927556349542,92.17350529233948,183260.87321323156,75.26610830073679,149.89289037786983,262058.20509581358,2031.758577820615,3672.9259489468454,1.1760865805896639,2.1490434305868464,1.6393596310755,135.60296328240264,97.6239518603726,219588.2996154366,74.52199729924605,148.1079628954187,255152.43902163033,2005.2581939902989,3767.498791992806,1.0832749895806744,1.643263400495098,1.6393596310755,135.51493373197482,99.3607771373929,222524.54131879512,74.41877074175393,147.1330006741204,251537.7980804842,1916.9671889762405,3744.283297043846,1.0836644881706798,137.90950359089211,98.58271783146273,229900.6674857927,76.34331667986206,148.99599269651114,258935.75403793983,1456.7481299415304,3179.5052281492885,0.957256610218016,143.03618293364732,101.377509118892,241510.32359450078,78.98805731606389,150.87150391020057,265804.2384177224,144.2402958894752,104.40869330474463,246757.89371850836,81.61075543177199,152.83799653473133,272258.28834277554,145.96567195101233,105.19295188381945,253330.96447133194,80.55089732057688,152.84540801616745,272921.37731087016,149.81227230221594,107.24906217802508,265024.20161923836,79.9612881207127,151.90983512370207,270529.93145101296,143.02290351847518,104.65466599441632,245697.66807256022,80.06997276300942,151.02987106991608,266801.13141325983
57.24013801595528,38.12392959523973,37838.93926294724,66.9654681607872,138.21424751498375,223357.3928167244,7616.867479921628,5444.244976974578,2.0108774183326097,4.577854955109531,1.0897247358851685,62.987235191124185,39.7994370028467,44411.09586212445,66.33301432205835,132.98926487329322,206380.5341994842,8608.12857889686,5648.020265685149,1.9684395537505393,2.6574663378390437,1.0897247358851685,77.63140291315072,45.30961171082322,64636.765053196126,67.10473792341884,131.53379247303843,202489.12467754146,7478.371548887521,6154.484670654324,1.9632327061028405,1.404593402584975,0.4898979485566356,79.27139584287201,45.57767108044356,66890.22639995525,65.42537777016494,133.71940541901117,209993.93988618325,5975.63485764112,6923.751621342781,1.6673060670966056,79.95279860998353,44.87410516102049,67249.08255656727,65.23852205104694,137.25178258658428,221289.79825771917,5538.650112168588,6939.49815899405,1.5276440499322121,80.3544348876944,44.770949448899515,67690.18496541306,66.90396686960597,135.41587395556456,215710.47639530286,81.02020223543627,42.93725890914272,67263.05098321398,63.74474880011635,132.2452306479926,205368.6339831528,78.57617229277923,42.09333743979421,63568.51127203925,64.24825297613381,131.509311781427,203145.16635910294,79.315064303467,42.79392891855474,64977.59822199536,67.12126679629134,135.13494422714,214521.2391507342,83.39186585590643,44.85942306471713,71732.56902903013,65.8324663010182,135.72121382256265,217125.01477100299
209.63665383544566,156.17024549536865,544311.7573924442,93.59350618359127,181.13675996166018,371823.44295074686,735.0,1039.4469683442248,0.6365141682948128,0.0,0.0,209.63665754236214,156.1702482568612,544311.7766421147,93.59350783856577,181.13676316462508,371823.45610034105,734.9999999999998,1039.4469683442248,0.6365141682948128,0.0,0.0,209.6366612492786,156.17025101835372,544311.7958917853,93.59350949354021,181.13676636758993,371823.46924993536,735.0,1039.4469683442248,0.6365141682948128,0.0,0.0,209.63666495619506,156.17025377984626,544311.8151414562,93.59351114851468,181.13676957055478,371823.4823995299,735.0,1039.4469683442248,0.6365141682948128,209.63666866311152,156.1702565413388,544311.8343911276,93.59351280348913,181.13677277351965,371823.4955491246,735.0,1039.4469683442248,0.6365141682948128,209.636672370028,156.17025930283137,544311.8536407994,93.59351445846362,181.13677597648456,371823.5086987198,209.63667607694452,156.17026206432388,544311.8728904714,93.59351611343807,181.13677917944943,371823.5218483151,209.63667978386093,156.17026482581642,544311.8921401436,93.59351776841251,181.13678238241422,371823.5349979103,209.63668349077733,156.17026758730893,544311.9113898161,93.593519423387,181.13678558537913,371823.5481475062,209.6366871976939,156.17027034880152,544311.9306394894,93.59352107836149,181.1367887883441,371823.5612971025
179.95592972393615,134.05938899117552,401093.4784921361,80.34237387996005,155.49110067206448,273989.96272371826,734.9999999999999,1039.4469683442248,0.6365141682948128,0.0,0.0,179.9559334308526,134.05939175266803,401093.4950164044,80.34237553493449,155.4911038750293,273989.9740115697,734.9999999999999,1039.4469683442248,0.6365141682948128,0.0,0.0,179.95593713776913,134.05939451416063,401093.5115406733,80.34237718990899,155.49110707799423,273989.98529942177,735.0,1039.4469683442248,0.6365141682948128,0.0,0.0,179.95594084468559,134.05939727565314,401093.5280649422,80.34237884488346,155.49111028095913,273989.9965872739,735.0,1039.4469683442248,0.6365141682948128,179.95594455160207,134.0594000371457,401093.5445892117,80.34238049985792,155.49111348392398,273990.00787512615,735.0,1039.4469683442248,0.6365141682948128,179.9559482585185,134.05940279863822,401093.56111348124,80.34238215483239,155.49111668688886,273990.0191629787,179.955951965435,134.05940556013076,401093.57763775147,80.34238380980686,155.49111988985374,273990.03045083146,179.95595567235142,134.0594083216233,401093.59416202165,80.34238546478132,155.49112309281855,273990.0417386843,179.95595937926788,134.0594110831158,401093.6106862923,80.34238711975578,155.49112629578343,273990.0530265375,179.9559630861844,134.05941384460837,401093.62721056363,80.34238877473027,155.49112949874836,273990.0643143912
220.07257636677767,163.9445566850906,599853.4111078443,98.2526846340086,190.15392923979695,409764.3630781593,734.9999999999997,1039.4469683442248,0.6365141682948127,0.0,0.0,220.07257673746932,163.94455696123984,599853.4131286382,98.25268479950604,190.15392956009345,409764.3644585786,735.0,1039.4469683442248,0.6365141682948128,0.0,0.0,220.07257710816097,163.94455723738912,599853.4151494321,98.2526849650035,190.15392988038988,409764.36583899806,735.0,1039.4469683442248,0.6365141682948128,0.0,0.0,220.07257747885262,163.94455751353837,599853.4171702259,98.25268513050096,190.15393020068643,409764.36721941765,735.0,1039.4469683442248,0.6365141682948128,220.0681950396512,163.939243521355,599843.4941180592,98.25411818991769,190.14716703747288,409734.7236863996,735.0094026768799,1039.521510172802,0.6365225744854832,217.6614437009647,161.2532179818581,587032.835067943,95.84946355279222,182.8567122668107,378365.60646894574,217.4101089585719,160.71020800655324,584759.4114791017,95.49013399803117,181.54873219851282,372867.1995622414,218.83322635967315,162.54677167385876,594475.4715246201,97.52229756091722,187.01989326588145,396128.27939781954,220.07257784954425,163.94455778968762,599853.4191910196,98.25268529599838,190.15393052098287,409764.36859983683,220.07257822023593,163.9445580658369,599853.4212118136,98.25268546149583,190.15393084127936,409764.3699802563
202.45183420133114,150.81786543410146,507641.0211032392,90.38580157397027,174.9287093864302,346773.3880191566,735.0,1039.4469683442248,0.6365141682948128,0.0,0.0,202.45183790824763,150.81786819559403,507641.03969317104,90.38580322894472,174.92871258939508,346773.4007180783,735.0000000000001,1039.4469683442248,0.6365141682948128,0.0,0.0,202.45184161516406,150.81787095708654,507641.0582831028,90.38580488391918,174.92871579235992,346773.4134170002,735.0,1039.4469683442248,0.6365141682948128,0.0,0.0,202.4518453220805,150.81787371857905,507641.07687303505,90.38580653889366,174.92871899532477,346773.42611592234,734.9999999999999,1039.4469683442248,0.6365141682948128,202.45184902899703,150.81787648007165,507641.0954629679,90.38580819386813,174.92872219828968,346773.43881484476,735.0000000000001,1039.446968344225,0.6365141682948128,202.4518527359135,150.81787924156416,507641.1140529009,90.38580984884258,174.92872540125455,346773.45151376736,202.45185644282992,150.81788200305667,507641.132642834,90.38581150381704,174.9287286042194,346773.4642126901,202.45186014974632,150.81788476454918,507641.1512327676,90.38581315879152,174.92873180718428,346773.4769116133,202.4518638566629,150.81788752604177,507641.16982270195,90.38581481376598,174.92873501014915,346773.4896105366,202.4518675635793,150.81789028753425,507641.188412636,90.38581646874043,174.92873821311397,346773.50230945996
193.71550321465577,144.30967647975552,464774.2251701467,86.48541567644907,167.38007387862825,317490.75828419434,735.0,1039.4469683442248,0.6365141682948128,0.0,0.0,193.7155035853474,144.30967675590477,464774.22694891924,86.4854158419465,167.3800741989247,317490.7594992872,734.9999999999999,1039.4469683442248,0.6365141682948128,0.0,0.0,193.71550395603902,144.30967703205403,464774.2287276919,86.48541600744394,167.3800745192212,317490.7607143802,735.0,1039.4469683442248,0.6365141682948128,0.0,0.0,193.71550432673072,144.3096773082033,464774.2305064649,86.48541617294143,167.3800748395177,317490.7619294732,735.0000000000001,1039.446968344225,0.6365141682948128,193.71550469742238,144.30967758435256,464774.2322852375,86.48541633843885,167.3800751598142,317490.7631445662,735.0,1039.4469683442248,0.6365141682948128,193.715505068114,144.3096778605018,464774.2340640101,86.4854165039363,167.3800754801107,317490.7643596592,193.71550543880568,144.3096781366511,464774.235842783,86.48541666943376,167.38007580040718,317490.7655747522,193.7155058094973,144.3096784128003,464774.23762155557,86.4854168349312,167.38007612070365,317490.7667898451,193.71550618018898,144.30967868894962,464774.2394003285,86.48541700042867,167.3800764410002,317490.7680049384,193.71550655088058,144.3096789650988,464774.24117910094,86.48541716592611,167.38007676129664,317490.7692200311
209.66638330550873,156.1923926654997,544466.1506936795,93.60677907880915,181.16244773993785,371928.9101725257,734.9999999999999,1039.4469683442248,0.6365141682948128,0.0,0.0,209.66638701242516,156.19239542699225,544466.1699460796,93.60678073378362,181.16245094290275,371928.9233239848,735.0,1039.4469683442248,0.6365141682948128,0.0,0.0,209.66639071934162,156.19239818848476,544466.18919848,93.60678238875808,181.16245414586757,371928.93647544377,735.0,1039.4469683442248,0.6365141682948128,0.0,0.0,209.6663944262581,156.19240094997727,544466.2084508808,93.60678404373252,181.16245734883245,371928.949626903,734.9999999999999,1039.4469683442248,0.6365141682948128,209.6663981331746,156.19240371146986,544466.2277032824,93.606785698707,181.16246055179738,371928.9627783629,734.9999999999998,1039.4469683442248,0.6365141682948128,209.08593439278167,155.72830571672873,541255.7484124706,92.819377451281,179.40707027767812,364624.96146241535,208.81415057172322,155.49574067755734,539951.8755338863,92.49578510311295,178.7638979483994,361963.83200981386,209.66927065769238,156.22447851186857,544180.7626232598,93.61108757612456,180.9817700076578,371174.9884231847,209.66640184009105,156.19240647296238,544466.2469556837,93.60678735368147,181.16246375476217,371928.9759298225,209.6664055470075,156.19240923445489,544466.2662080856,93.60678900865592,181.16246695772705,371928.9890812826
195.62743805527523,145.73398529201637,473993.9650880806,87.33901013168494,169.03208308575603,323788.8317555798,735.0000000000001,1039.4469683442248,0.6365141682948128,0.0,0.0,195.6274417621917,145.73398805350885,473993.98305136897,87.33901178665943,169.0320862887209,323788.8440264368,735.0,1039.446968344225,0.6365141682948128,0.0,0.0,195.62744546910812,145.7339908150014,473994.00101465767,87.33901344163388,169.03208949168578,323788.8562972941,735.0,1039.4469683442248,0.6365141682948128,0.0,0.0,195.62744917602458,145.7339935764939,473994.0189779466,87.33901509660834,169.03209269465063,323788.86856815155,735.0,1039.4469683442248,0.6365141682948128,195.6274528829411,145.73399633798647,473994.03694123635,87.33901675158282,169.0320958976155,323788.8808390094,734.9999999999998,1039.4469683442248,0.6365141682948128,195.62745658985756,145.733999099479,473994.0549045262,87.33901840655727,169.0320991005804,323788.8931098674,195.62746029677402,145.73400186097152,473994.0728678163,87.33902006153176,169.03210230354532,323788.9053807257,195.62746400369045,145.73400462246403,473994.09083110665,87.3390217165062,169.0321055065101,323788.91765158385,195.627467710607,145.7340073839566,473994.1087943978,87.33902337148069,169.03210870947507,323788.9299224428,195.62747141752342,145.73401014544913,473994.12675768894,87.33902502645513,169.03211191243986,323788.94219330145
207.8559734930796,154.8437156107886,535104.1232999794,92.7985110642499,179.59816133473876,365533.6390595135,734.9999999999999,1039.4469683442248,0.6365141682948128,0.0,0.0,207.8559738637713,154.84371588693787,535104.1252085957,92.79851122974738,179.5981616550353,365533.64036330365,735.0,1039.446968344225,0.6365141682948128,0.0,0.0,207.85597423446293,154.84371616308712,535104.1271172117,92.79851139524479,179.59816197533178,365533.64166709356,735.0,1039.4469683442248,0.6365141682948128,0.0,0.0,207.85597460515459,154.8437164392364,535104.1290258279,92.79851156074224,179.5981622956283,365533.6429708836,735.0,1039.4469683442248,0.6365141682948128,207.85597497584624,154.84371671538563,535104.1309344439,92.7985117262397,179.59816261592474,365533.6442746734,734.9999999999999,1039.4469683442248,0.6365141682948128,207.85597534653783,154.84371699153488,535104.1328430601,92.79851189173715,179.59816293622126,365533.64557846356,207.8559757172295,154.84371726768416,535104.1347516762,92.7985120572346,179.59816325651778,365533.64688225364,207.85597608792114,154.84371754383338,535104.136660292,92.79851222273206,179.59816357681422,365533.64818604355,207.85597645861282,154.84371781998266,535104.1385689084,92.79851238822947,179.59816389711074,365533.6494898335,207.85597682930447,154.8437180961319,535104.1404775245,92.79851255372692,179.59816421740723,365533.65079362335
112.82958812281643,74.43209258036721,146165.218894854,81.05004433793283,157.00517014480286,287414.9126255206,3487.675160756464,4625.155748665494,1.4701435862862517,1.846493492985261,0.5,102.98520192995957,68.77730515417316,122690.1561665984,77.17825773638225,152.82612676820654,271414.0960077067,4106.099893996286,5452.868207982875,1.471604345771718,2.2482720092592974,0.5,107.99261031570592,69.09769479651105,131495.1624719336,77.94385716792448,153.77127390683194,274817.4225726492,3421.265076278919,5263.312502047324,1.304455096378031,2.128391836866509,0.5,113.5798739621396,68.36248457328394,140590.536530304,80.61686032440755,154.56406468506248,279072.11603321845,3645.1062325608027,5018.819548058263,1.4208120649850093,112.79136465674242,65.44961184381938,136044.3490530949,82.36020737583245,154.47473173889267,278783.40043970477,4238.0154657379035,5112.57877772571,1.542555617510629,107.97117237771513,72.52308305963491,135338.97312874388,79.67062522993085,154.3031897903632,277455.8215795888,109.5117568357721,70.89301004105567,136149.15006350802,79.12949606187645,155.80317014023848,283369.72674943326,113.30198529796914,71.9235197792868,144082.6605592214,79.50572757163984,157.1756941744622,288339.22702977597,117.77085903888505,76.27085959584046,157497.75409796272,78.8708363462524,156.49143774494232,285464.6064497589,119.50796556574448,79.98571666007584,165438.94962631282,79.43547578169328,156.07419238746348,285556.5184812713
200.87896730300554,149.64614758252839,499783.84224454756,89.68358597817107,173.5696721732276,341406.09022438887,734.9999999999995,1039.4469683442246,0.6365141682948128,0.0,0.0,200.87896767369716,149.64614785867758,499783.8440890977,89.68358614366852,173.56967249352408,341406.09148441517,735.0,1039.4469683442248,0.6365141682948128,0.0,0.0,200.87896804438887,149.6461481348269,499783.8459336485,89.68358630916597,173.56967281382057,341406.09274444147,735.0,1039.4469683442248,0.6365141682948128,0.0,0.0,200.8789684150805,149.6461484109761,499783.8477781989,89.68358647466343,173.56967313411704,341406.09400446765,735.0,1039.4469683442248,0.6365141682948128,200.87896878577214,149.6461486871254,499783.84962274955,89.6835866401609,173.56967345441362,341406.0952644942,734.9999999999998,1039.4469683442246,0.6365141682948128,200.8789691564638,149.64614896327464,499783.85146729986,89.68358680565832,173.56967377471003,341406.0965245203,200.8789695271554,149.64614923942383,499783.8533118501,89.68358697115576,173.5696740950065,341406.0977845464,200.8789698978471,149.64614951557311,499783.8551564008,89.68358713665323,173.56967441530304,341406.0990445729,200.8789702685387,149.64614979172237,499783.8570009512,89.68358730215066,173.56967473559948,341406.1003045989,200.87897063923037,149.64615006787164,499783.8588455018,89.68358746764811,173.56967505589594,341406.10156462516
191.00865720691417,142.29319320828054,451876.1089031843,85.2769284967097,165.04122088423563,308679.95834679133,735.0,1039.4469683442248,0.6365141682948128,0.0,0.0,191.00866091383062,142.2931959697731,451876.12644235813,85.27693015168418,165.04122408720053,308679.9703279325,734.9999999999998,1039.4469683442246,0.6365141682948127,0.0,0.0,191.00866462074708,142.29319873126565,451876.1439815321,85.27693180665865,165.04122729016538,308679.9823090738,734.9999999999998,1039.4469683442248,0.6365141682948127,0.0,0.0,191.00866832766357,142.2932014927582,451876.1615207065,85.27693346163315,165.04123049313037,308679.9942902157,735.0,1039.4469683442248,0.6365141682948128,191.00867203458003,142.29320425425072,451876.17905988113,85.27693511660758,165.0412336960952,308680.00627135724,734.9999999999998,1039.4469683442248,0.6365141682948128,191.0086757414965,142.29320701574323,451876.19659905613,85.27693677158206,165.04123689906004,308680.0182524991,191.00867944841298,142.2932097772358,451876.2141382316,85.27693842655653,165.04124010202494,308680.03023364145,189.91231002827837,141.1738106537361,447973.84251819097,84.60305957271088,162.4093037753375,298738.9414920944,189.76632929903622,140.88449089605214,446877.5960853604,84.40898793480525,161.71745105808483,296150.7797978354,191.00868315532944,142.2932125387283,451876.23167740717,85.27694008153098,165.0412433049898,308680.0422147838
74.31650296806197,55.61779572842323,68930.25452072461,67.42251529776183,127.52531430008207,185046.45746088677,3490.730906663171,5230.974184434301,1.5049565815173993,3.223492952070486,1.0,79.15703614859922,52.01219510514479,71768.83849189032,60.2748139819714,117.55514568850036,157487.07348818798,4102.631773998863,6110.085109193453,1.477829882207659,1.8435065424875627,0.9797958971132712,87.91166487155398,53.01264782907823,84310.41320270633,58.95481050632956,117.5885101235481,157962.42865750226,4678.526999146535,6555.811150564229,1.4857828657200476,1.2972195623231533,0.9797958971132712,93.53956390127752,53.800652989738914,93153.28221570786,61.40799393497552,119.27771759727786,162167.95461056283,4636.944706418843,6269.966245164225,1.5380857683434983,95.59520327361722,52.42098622537669,95091.22148612261,64.71858714067665,121.87646359134818,168196.39498067042,5358.452171614125,6069.070287542363,1.6672029579224394,94.49580065925775,53.514513936926924,94346.0763531178,63.136811160659576,120.9949268421331,166152.56603049734,92.63801785117505,52.84491587135899,90995.09987876509,62.55552985068307,121.07477943652306,166774.68524235717,97.31861266864112,53.0662213476422,98295.48975892764,63.80415522964152,121.76514102501874,168149.37720554083,101.45896660186307,58.40926696147612,109644.51496715963,63.31583258237746,121.23061637279777,166192.0611673905,97.05557798132956,57.9712532616453,102243.61137612611,63.1874181296576,118.09266991755142,158689.9628494477
92.74881021636895,62.27372717897826,99842.8711465107,73.69210906680483,143.06497840524443,233467.37819247978,3836.6665127281935,5193.467085760652,1.5047852693464405,2.486226436765324,0.7483314773547882,95.29459809963254,63.19721357273995,104599.58584263196,75.3368059600001,148.36917069856645,252412.45446594688,3912.6397995904867,5087.059432784232,1.4735955623104888,3.0994127329600984,0.7071067811865476,102.91172539340792,66.54585076890764,120153.3878240474,77.49398887244544,152.82179172458288,268918.5625421036,4790.333687479054,5497.412209371417,1.544430771048827,2.278679468720297,1.0897247358851685,107.48558944867943,68.64892308373658,130126.61263749478,79.32048840140911,154.17625794445934,273698.977110429,5298.873748768936,5233.311037703535,1.7215892336102043,109.49378282506513,71.93195127779482,137304.75273578858,78.21228240829379,156.5914534641419,281717.54388134857,4758.074525887826,5084.649343489971,1.6581024287327961,107.90330850631213,71.42325184835516,133955.23912961554,77.50924888646952,156.24765157363132,281080.9365050283,106.78101360427723,69.44840421236898,129802.12571201145,79.22040616981289,156.95296435650226,284380.0554839674,107.39836198836782,68.27214158219134,129563.94779202617,80.56577155458328,158.4187980825947,289349.97760603443,100.67558805140419,65.39587432009736,115297.55526068807,80.30609410200466,158.06925461521098,288371.6288415219,101.26655554593145,67.7668914511206,118778.13479268146,78.64823893904895,155.66629626080328,280727.1840089839
193.30632636122698,144.0048574107527,462812.8539550458,86.30273628493565,167.02652421006897,316150.93089998164,735.0,1039.4469683442248,0.6365141682948128,0.0,0.0,152.38906236582523,104.40254602726827,272978.5435656899,86.90602749263459,164.5086848318631,309706.104961094,898.4354827229901,1639.4349324137659,0.8377044768742412,2.095788946437943,0.0,34.49294678297028,22.684078177817177,13634.64624440113,59.474963802230626,118.66964914503704,165039.38201313448,7774.000261751553,6682.7228366940635,1.7213244679057622,8.987200172721405,1.1055415967851334,16.552730803196532,19.179617550588574,3150.802942560143,53.571054386287855,110.77644108174015,144650.57933554752,9206.110090374903,7191.6730152651,1.692891350437671,21.758670502869506,22.65942084316056,5007.571265254023,65.14666375700476,138.3145564482596,226044.69440054466,4761.361439318407,3457.931236446129,1.3571869719139662,25.451427236233076,25.09684727644339,6621.7382988306645,71.41945205088373,153.46460727160772,279962.27732984227,28.547440893021655,25.092635267733712,7717.027952989045,70.48170377053012,154.15304402554318,282171.7770299002,31.089701348664118,25.446553262708647,9277.156393670251,69.90800756860709,153.58943935228513,280016.6020843294,29.012100404039526,25.189671414456118,8203.73596641357,72.1158861244595,151.61835360783715,273454.782968712,29.68965182897711,25.534300893240122,8679.940967582708,70.88241585892413,150.2735908883095,269385.75260222226
199.287610305344,148.46065540619045,491896.6630387401,88.97311536973515,172.19465857124078,336018.29896755127,735.0,1039.4469683442248,0.6365141682948128,0.0,0.0,199.28761401226046,148.460658167683,491896.68133812025,88.97311702470964,172.19466177420568,336018.31146799505,735.0,1039.4469683442248,0.6365141682948128,0.0,0.0,199.28761771917698,148.46066092917556,491896.6996375006,88.97311867968412,172.19466497717062,336018.32396843925,735.0,1039.4469683442248,0.6365141682948128,0.0,0.0,199.2876214260934,148.46066369066807,491896.71793688124,88.97312033465859,172.19466818013552,336018.3364688835,735.0,1039.4469683442248,0.6365141682948128,199.28762513300987,148.4606664521606,491896.7362362623,88.97312198963303,172.19467138310023,336018.3489693275,735.0000000000001,1039.4469683442248,0.6365141682948128,199.28762883992633,148.46066921365312,491896.7545356435,88.97312364460751,172.1946745860652,336018.3614697724,199.28763254684281,148.4606719751457,491896.77283502545,88.97312529958198,172.19467778903007,336018.3739702174,199.2876362537593,148.46067473663823,491896.7911344075,88.97312695455645,172.194680991995,336018.38647066255,199.28763996067573,148.46067749813074,491896.80943379,88.97312860953092,172.19468419495985,336018.39897110785,199.28764366759222,148.4606802596233,491896.82773317257,88.97313026450539,172.19468739792472,336018.4114715533
